solid OpenSCAD_Model
  facet normal 1 0 0
    outer loop
      vertex 6.4 -10 15.4
      vertex 6.4 -12 4
      vertex 6.4 -10 4
    endloop
  endfacet
  facet normal 1 -0 0
    outer loop
      vertex 6.4 -13 15.4
      vertex 6.4 -12 4
      vertex 6.4 -10 15.4
    endloop
  endfacet
  facet normal 1 0 0
    outer loop
      vertex 6.4 -13 3
      vertex 6.4 -12 4
      vertex 6.4 -13 15.4
    endloop
  endfacet
  facet normal 1 0 0
    outer loop
      vertex 6.4 -12 4
      vertex 6.4 -13 3
      vertex 6.4 -12 3
    endloop
  endfacet
  facet normal -0 0 1
    outer loop
      vertex -11 -10 15.4
      vertex 6.4 -13 15.4
      vertex 6.4 -10 15.4
    endloop
  endfacet
  facet normal 0 0 1
    outer loop
      vertex 6.4 -13 15.4
      vertex -11 -10 15.4
      vertex -11 -13 15.4
    endloop
  endfacet
  facet normal 0 0 -1
    outer loop
      vertex -8.77782 10.2222 0
      vertex -17 12 0
      vertex -8.85031 10.3022 0
    endloop
  endfacet
  facet normal 0 0 -1
    outer loop
      vertex -8.85031 10.3022 0
      vertex -17 12 0
      vertex -8.91461 10.3889 0
    endloop
  endfacet
  facet normal 0 0 -1
    outer loop
      vertex -17 -12 0
      vertex -14.1611 -15.8278 0
      vertex -14.5307 -15.6955 0
    endloop
  endfacet
  facet normal 0 0 -1
    outer loop
      vertex -8.91461 10.3889 0
      vertex -17 12 0
      vertex -14 15.8681 0
    endloop
  endfacet
  facet normal 0 0 -1
    outer loop
      vertex -17 -12 0
      vertex -14.5307 -15.6955 0
      vertex -14.8856 -15.5277 0
    endloop
  endfacet
  facet normal 0 -0 -1
    outer loop
      vertex -14.5307 15.6955 0
      vertex -14 15.8681 0
      vertex -17 12 0
    endloop
  endfacet
  facet normal 0 0 -1
    outer loop
      vertex -17 -12 0
      vertex -14.8856 -15.5277 0
      vertex -15.2223 -15.3259 0
    endloop
  endfacet
  facet normal 0 0 -1
    outer loop
      vertex -14 15.8681 0
      vertex -14.5307 15.6955 0
      vertex -14.1611 15.8278 0
    endloop
  endfacet
  facet normal 0 0 -1
    outer loop
      vertex -17 -12 0
      vertex -15.2223 -15.3259 0
      vertex -15.5376 -15.092 0
    endloop
  endfacet
  facet normal 0 0 -1
    outer loop
      vertex -14.5307 15.6955 0
      vertex -17 12 0
      vertex -14.8856 15.5277 0
    endloop
  endfacet
  facet normal 0 0 -1
    outer loop
      vertex -17 -12 0
      vertex -15.5376 -15.092 0
      vertex -15.8284 -14.8284 0
    endloop
  endfacet
  facet normal 0 0 -1
    outer loop
      vertex -14.8856 15.5277 0
      vertex -17 12 0
      vertex -15.2223 15.3259 0
    endloop
  endfacet
  facet normal 0 0 -1
    outer loop
      vertex -17 -12 0
      vertex -15.8284 -14.8284 0
      vertex -16.092 -14.5376 0
    endloop
  endfacet
  facet normal 0 0 -1
    outer loop
      vertex -15.2223 15.3259 0
      vertex -17 12 0
      vertex -15.5376 15.092 0
    endloop
  endfacet
  facet normal 0 0 -1
    outer loop
      vertex -17 -12 0
      vertex -16.092 -14.5376 0
      vertex -16.3259 -14.2223 0
    endloop
  endfacet
  facet normal 0 0 -1
    outer loop
      vertex -15.5376 15.092 0
      vertex -17 12 0
      vertex -15.8284 14.8284 0
    endloop
  endfacet
  facet normal 0 0 -1
    outer loop
      vertex -17 -12 0
      vertex -16.3259 -14.2223 0
      vertex -16.5277 -13.8856 0
    endloop
  endfacet
  facet normal 0 0 -1
    outer loop
      vertex -15.8284 14.8284 0
      vertex -17 12 0
      vertex -16.092 14.5376 0
    endloop
  endfacet
  facet normal 0 0 -1
    outer loop
      vertex -17 -12 0
      vertex -16.5277 -13.8856 0
      vertex -16.6955 -13.5307 0
    endloop
  endfacet
  facet normal 0 0 -1
    outer loop
      vertex -16.092 14.5376 0
      vertex -17 12 0
      vertex -16.3259 14.2223 0
    endloop
  endfacet
  facet normal 0 0 -1
    outer loop
      vertex -17 -12 0
      vertex -16.6955 -13.5307 0
      vertex -16.8278 -13.1611 0
    endloop
  endfacet
  facet normal 0 0 -1
    outer loop
      vertex -16.3259 14.2223 0
      vertex -17 12 0
      vertex -16.5277 13.8856 0
    endloop
  endfacet
  facet normal 0 0 -1
    outer loop
      vertex -17 -12 0
      vertex -16.8278 -13.1611 0
      vertex -16.9231 -12.7803 0
    endloop
  endfacet
  facet normal 0 0 -1
    outer loop
      vertex -16.5277 13.8856 0
      vertex -17 12 0
      vertex -16.6955 13.5307 0
    endloop
  endfacet
  facet normal 0 0 -1
    outer loop
      vertex -17 -12 0
      vertex -16.9231 -12.7803 0
      vertex -16.9807 -12.3921 0
    endloop
  endfacet
  facet normal 0 0 -1
    outer loop
      vertex -16.6955 13.5307 0
      vertex -17 12 0
      vertex -16.8278 13.1611 0
    endloop
  endfacet
  facet normal 0 0 -1
    outer loop
      vertex -16.8278 13.1611 0
      vertex -17 12 0
      vertex -16.9231 12.7803 0
    endloop
  endfacet
  facet normal 0 0 -1
    outer loop
      vertex -16.9231 12.7803 0
      vertex -17 12 0
      vertex -16.9807 12.3921 0
    endloop
  endfacet
  facet normal 0 0 -1
    outer loop
      vertex -6.98372 -10.579 0
      vertex -5.5 -12 0
      vertex -6.94736 -10.6807 0
    endloop
  endfacet
  facet normal 0 0 -1
    outer loop
      vertex -5.5 6 0
      vertex -6.90529 10.8922 0
      vertex -6.89999 11 0
    endloop
  endfacet
  facet normal 0 0 -1
    outer loop
      vertex -7.02988 -10.4815 0
      vertex -5.5 -12 0
      vertex -6.98372 -10.579 0
    endloop
  endfacet
  facet normal 0 0 -1
    outer loop
      vertex -5.5 6 0
      vertex -6.92113 10.7854 0
      vertex -6.90529 10.8922 0
    endloop
  endfacet
  facet normal 0 0 -1
    outer loop
      vertex -5.5 -12 0
      vertex -7.02988 -10.4815 0
      vertex -5.5 -6 0
    endloop
  endfacet
  facet normal 0 0 -1
    outer loop
      vertex -5.5 6 0
      vertex -6.94736 10.6807 0
      vertex -6.92113 10.7854 0
    endloop
  endfacet
  facet normal 0 0 -1
    outer loop
      vertex -7.08537 -10.3889 0
      vertex -5.5 -6 0
      vertex -7.02988 -10.4815 0
    endloop
  endfacet
  facet normal 0 0 -1
    outer loop
      vertex -5.5 6 0
      vertex -6.98372 10.579 0
      vertex -6.94736 10.6807 0
    endloop
  endfacet
  facet normal 0 0 -1
    outer loop
      vertex -7.14967 -10.3022 0
      vertex -5.5 -6 0
      vertex -7.08537 -10.3889 0
    endloop
  endfacet
  facet normal 0 0 -1
    outer loop
      vertex -5.5 6 0
      vertex -7.02988 10.4815 0
      vertex -6.98372 10.579 0
    endloop
  endfacet
  facet normal 0 0 -1
    outer loop
      vertex -7.22217 -10.2222 0
      vertex -5.5 -6 0
      vertex -7.14967 -10.3022 0
    endloop
  endfacet
  facet normal 0 0 -1
    outer loop
      vertex -5.5 6 0
      vertex -7.08537 10.3889 0
      vertex -7.02988 10.4815 0
    endloop
  endfacet
  facet normal 0 0 -1
    outer loop
      vertex -7.30215 -10.1497 0
      vertex -5.5 -6 0
      vertex -7.22217 -10.2222 0
    endloop
  endfacet
  facet normal 0 0 -1
    outer loop
      vertex -5.5 6 0
      vertex -7.14967 10.3022 0
      vertex -7.08537 10.3889 0
    endloop
  endfacet
  facet normal 0 0 -1
    outer loop
      vertex -7.38887 -10.0854 0
      vertex -5.5 -6 0
      vertex -7.30215 -10.1497 0
    endloop
  endfacet
  facet normal 0 0 -1
    outer loop
      vertex -5.5 6 0
      vertex -7.22217 10.2222 0
      vertex -7.14967 10.3022 0
    endloop
  endfacet
  facet normal 0 0 -1
    outer loop
      vertex -7.48146 -10.0299 0
      vertex -5.5 -6 0
      vertex -7.38887 -10.0854 0
    endloop
  endfacet
  facet normal 0 0 -1
    outer loop
      vertex -5.5 6 0
      vertex -7.30215 10.1497 0
      vertex -7.22217 10.2222 0
    endloop
  endfacet
  facet normal 0 0 -1
    outer loop
      vertex -7.57904 -9.98372 0
      vertex -5.5 -6 0
      vertex -7.48146 -10.0299 0
    endloop
  endfacet
  facet normal 0 0 -1
    outer loop
      vertex -5.5 6 0
      vertex -7.38887 10.0854 0
      vertex -7.30215 10.1497 0
    endloop
  endfacet
  facet normal 0 0 -1
    outer loop
      vertex -7.68068 -9.94736 0
      vertex -5.5 -6 0
      vertex -7.57904 -9.98372 0
    endloop
  endfacet
  facet normal 0 0 -1
    outer loop
      vertex -5.5 6 0
      vertex -7.48146 10.0299 0
      vertex -7.38887 10.0854 0
    endloop
  endfacet
  facet normal 0 0 -1
    outer loop
      vertex -7.7854 -9.92113 0
      vertex -5.5 -6 0
      vertex -7.68068 -9.94736 0
    endloop
  endfacet
  facet normal 0 0 -1
    outer loop
      vertex -5.5 6 0
      vertex -7.57904 9.98372 0
      vertex -7.48146 10.0299 0
    endloop
  endfacet
  facet normal 0 0 -1
    outer loop
      vertex -7.89217 -9.90529 0
      vertex -5.5 -6 0
      vertex -7.7854 -9.92113 0
    endloop
  endfacet
  facet normal 0 0 -1
    outer loop
      vertex -5.5 6 0
      vertex -7.68068 9.94736 0
      vertex -7.57904 9.98372 0
    endloop
  endfacet
  facet normal 0 0 -1
    outer loop
      vertex -8 -9.89999 0
      vertex -5.5 -6 0
      vertex -7.89217 -9.90529 0
    endloop
  endfacet
  facet normal 0 0 -1
    outer loop
      vertex -5.5 6 0
      vertex -7.7854 9.92113 0
      vertex -7.68068 9.94736 0
    endloop
  endfacet
  facet normal 0 0 -1
    outer loop
      vertex -8.10782 -9.90529 0
      vertex -5.5 -6 0
      vertex -8 -9.89999 0
    endloop
  endfacet
  facet normal 0 0 -1
    outer loop
      vertex -5.5 6 0
      vertex -7.89217 9.90529 0
      vertex -7.7854 9.92113 0
    endloop
  endfacet
  facet normal 0 0 -1
    outer loop
      vertex -8.21458 -9.92113 0
      vertex -5.5 -6 0
      vertex -8.10782 -9.90529 0
    endloop
  endfacet
  facet normal 0 0 -1
    outer loop
      vertex -5.5 6 0
      vertex -8 9.89999 0
      vertex -7.89217 9.90529 0
    endloop
  endfacet
  facet normal 0 0 -1
    outer loop
      vertex -8.31931 -9.94736 0
      vertex -5.5 -6 0
      vertex -8.21458 -9.92113 0
    endloop
  endfacet
  facet normal 0 0 -1
    outer loop
      vertex -5.5 6 0
      vertex -8.10782 9.90529 0
      vertex -8 9.89999 0
    endloop
  endfacet
  facet normal 0 0 -1
    outer loop
      vertex -8.42094 -9.98372 0
      vertex -5.5 -6 0
      vertex -8.31931 -9.94736 0
    endloop
  endfacet
  facet normal 0 0 -1
    outer loop
      vertex -5.5 6 0
      vertex -8.21458 9.92113 0
      vertex -8.10782 9.90529 0
    endloop
  endfacet
  facet normal 0 0 -1
    outer loop
      vertex -8.51852 -10.0299 0
      vertex -5.5 -6 0
      vertex -8.42094 -9.98372 0
    endloop
  endfacet
  facet normal 0 0 -1
    outer loop
      vertex -5.5 6 0
      vertex -8.31931 9.94736 0
      vertex -8.21458 9.92113 0
    endloop
  endfacet
  facet normal 0 0 -1
    outer loop
      vertex -8.61111 -10.0854 0
      vertex -5.5 -6 0
      vertex -8.51852 -10.0299 0
    endloop
  endfacet
  facet normal 0 0 -1
    outer loop
      vertex -5.5 6 0
      vertex -8.42094 9.98372 0
      vertex -8.31931 9.94736 0
    endloop
  endfacet
  facet normal 0 0 -1
    outer loop
      vertex -8.69783 -10.1497 0
      vertex -5.5 -6 0
      vertex -8.61111 -10.0854 0
    endloop
  endfacet
  facet normal 0 0 -1
    outer loop
      vertex -5.5 6 0
      vertex -8.51852 10.0299 0
      vertex -8.42094 9.98372 0
    endloop
  endfacet
  facet normal 0 0 -1
    outer loop
      vertex -17 -12 0
      vertex -5.5 -6 0
      vertex -8.69783 -10.1497 0
    endloop
  endfacet
  facet normal 0 0 -1
    outer loop
      vertex -5.5 6 0
      vertex -8.61111 10.0854 0
      vertex -8.51852 10.0299 0
    endloop
  endfacet
  facet normal -0 0 -1
    outer loop
      vertex -5.5 -6 0
      vertex -17 -12 0
      vertex -5.5 6 0
    endloop
  endfacet
  facet normal 0 0 -1
    outer loop
      vertex -5.5 6 0
      vertex -8.69783 10.1497 0
      vertex -8.61111 10.0854 0
    endloop
  endfacet
  facet normal 0 0 -1
    outer loop
      vertex -17 -12 0
      vertex -8.69783 -10.1497 0
      vertex -8.77782 -10.2222 0
    endloop
  endfacet
  facet normal 0 0 -1
    outer loop
      vertex -17 12 0
      vertex -5.5 6 0
      vertex -17 -12 0
    endloop
  endfacet
  facet normal 0 0 -1
    outer loop
      vertex -17 -12 0
      vertex -8.77782 -10.2222 0
      vertex -8.85031 -10.3022 0
    endloop
  endfacet
  facet normal 0 0 -1
    outer loop
      vertex -5.5 6 0
      vertex -17 12 0
      vertex -8.69783 10.1497 0
    endloop
  endfacet
  facet normal 0 0 -1
    outer loop
      vertex -17 -12 0
      vertex -8.85031 -10.3022 0
      vertex -8.91461 -10.3889 0
    endloop
  endfacet
  facet normal 0 0 -1
    outer loop
      vertex -8.69783 10.1497 0
      vertex -17 12 0
      vertex -8.77782 10.2222 0
    endloop
  endfacet
  facet normal -0 0 -1
    outer loop
      vertex -9.05263 -10.6807 0
      vertex -17 -12 0
      vertex -9.01627 -10.579 0
    endloop
  endfacet
  facet normal -0 0 -1
    outer loop
      vertex -9.01627 -10.579 0
      vertex -17 -12 0
      vertex -8.97011 -10.4815 0
    endloop
  endfacet
  facet normal -0 0 -1
    outer loop
      vertex -9.07886 -10.7854 0
      vertex -17 -12 0
      vertex -9.05263 -10.6807 0
    endloop
  endfacet
  facet normal -0 0 -1
    outer loop
      vertex -8.97011 -10.4815 0
      vertex -17 -12 0
      vertex -8.91461 -10.3889 0
    endloop
  endfacet
  facet normal -0 0 -1
    outer loop
      vertex -9.0947 -10.8922 0
      vertex -17 -12 0
      vertex -9.07886 -10.7854 0
    endloop
  endfacet
  facet normal 0 0 -1
    outer loop
      vertex -8.91461 10.3889 0
      vertex -14 15.8681 0
      vertex -8.97011 10.4815 0
    endloop
  endfacet
  facet normal -0 0 -1
    outer loop
      vertex -9.09999 -11 0
      vertex -17 -12 0
      vertex -9.0947 -10.8922 0
    endloop
  endfacet
  facet normal 0 0 -1
    outer loop
      vertex -8.97011 10.4815 0
      vertex -14 15.8681 0
      vertex -9.01627 10.579 0
    endloop
  endfacet
  facet normal -0 0 -1
    outer loop
      vertex -9.0947 -11.1078 0
      vertex -17 -12 0
      vertex -9.09999 -11 0
    endloop
  endfacet
  facet normal 0 0 -1
    outer loop
      vertex -9.01627 10.579 0
      vertex -14 15.8681 0
      vertex -9.05263 10.6807 0
    endloop
  endfacet
  facet normal -0 0 -1
    outer loop
      vertex -9.07886 -11.2146 0
      vertex -17 -12 0
      vertex -9.0947 -11.1078 0
    endloop
  endfacet
  facet normal 0 0 -1
    outer loop
      vertex -9.05263 10.6807 0
      vertex -14 15.8681 0
      vertex -9.07886 10.7854 0
    endloop
  endfacet
  facet normal 0 0 -1
    outer loop
      vertex -5.5 -6 0
      vertex -2.5 6 0
      vertex -2.5 -6 0
    endloop
  endfacet
  facet normal -0 0 -1
    outer loop
      vertex -2.5 6 0
      vertex -5.5 -6 0
      vertex -5.5 6 0
    endloop
  endfacet
  facet normal 0 0 -1
    outer loop
      vertex 4.5 11.9789 0
      vertex 4.42094 12.0163 0
      vertex 4.5 12 0
    endloop
  endfacet
  facet normal 0 0 -1
    outer loop
      vertex 4.42094 -9.98372 0
      vertex 4.5 -6 0
      vertex 4.5 -10.0211 0
    endloop
  endfacet
  facet normal 0 0 -1
    outer loop
      vertex 4.31931 -9.94736 0
      vertex 4.5 -6 0
      vertex 4.42094 -9.98372 0
    endloop
  endfacet
  facet normal 0 0 -1
    outer loop
      vertex 4.21458 -9.92113 0
      vertex 4.5 -6 0
      vertex 4.31931 -9.94736 0
    endloop
  endfacet
  facet normal 0 0 -1
    outer loop
      vertex 4.5 6 0
      vertex 4.42094 9.98372 0
      vertex 4.5 10.0211 0
    endloop
  endfacet
  facet normal 0 0 -1
    outer loop
      vertex 4.10782 -9.90529 0
      vertex 4.5 -6 0
      vertex 4.21458 -9.92113 0
    endloop
  endfacet
  facet normal 0 0 -1
    outer loop
      vertex 4.5 6 0
      vertex 4.31931 9.94736 0
      vertex 4.42094 9.98372 0
    endloop
  endfacet
  facet normal 0 0 -1
    outer loop
      vertex 4 -9.89999 0
      vertex 4.5 -6 0
      vertex 4.10782 -9.90529 0
    endloop
  endfacet
  facet normal 0 0 -1
    outer loop
      vertex 4.5 6 0
      vertex 4.21458 9.92113 0
      vertex 4.31931 9.94736 0
    endloop
  endfacet
  facet normal 0 0 -1
    outer loop
      vertex 3.89217 -9.90529 0
      vertex 4.5 -6 0
      vertex 4 -9.89999 0
    endloop
  endfacet
  facet normal 0 0 -1
    outer loop
      vertex 4.5 6 0
      vertex 4.10782 9.90529 0
      vertex 4.21458 9.92113 0
    endloop
  endfacet
  facet normal 0 0 -1
    outer loop
      vertex 4.5 -6 0
      vertex -2.5 -6 0
      vertex 4.5 6 0
    endloop
  endfacet
  facet normal 0 0 -1
    outer loop
      vertex -2.5 6 0
      vertex 4.5 6 0
      vertex -2.5 -6 0
    endloop
  endfacet
  facet normal 0 0 -1
    outer loop
      vertex 3.7854 -9.92113 0
      vertex 4.5 -6 0
      vertex 3.89217 -9.90529 0
    endloop
  endfacet
  facet normal 0 -0 -1
    outer loop
      vertex 3.30215 10.1497 0
      vertex 4.5 6 0
      vertex -2.5 6 0
    endloop
  endfacet
  facet normal 0 0 -1
    outer loop
      vertex 3.68068 -9.94736 0
      vertex 4.5 -6 0
      vertex 3.7854 -9.92113 0
    endloop
  endfacet
  facet normal 0 0 -1
    outer loop
      vertex 4.5 6 0
      vertex 4 9.89999 0
      vertex 4.10782 9.90529 0
    endloop
  endfacet
  facet normal 0 0 -1
    outer loop
      vertex 3.57904 -9.98372 0
      vertex 4.5 -6 0
      vertex 3.68068 -9.94736 0
    endloop
  endfacet
  facet normal 0 0 -1
    outer loop
      vertex 4.5 6 0
      vertex 3.89217 9.90529 0
      vertex 4 9.89999 0
    endloop
  endfacet
  facet normal 0 0 -1
    outer loop
      vertex 3.48146 -10.0299 0
      vertex 4.5 -6 0
      vertex 3.57904 -9.98372 0
    endloop
  endfacet
  facet normal 0 0 -1
    outer loop
      vertex 4.5 6 0
      vertex 3.7854 9.92113 0
      vertex 3.89217 9.90529 0
    endloop
  endfacet
  facet normal 0 0 -1
    outer loop
      vertex 3.38887 -10.0854 0
      vertex 4.5 -6 0
      vertex 3.48146 -10.0299 0
    endloop
  endfacet
  facet normal 0 0 -1
    outer loop
      vertex 4.5 6 0
      vertex 3.68068 9.94736 0
      vertex 3.7854 9.92113 0
    endloop
  endfacet
  facet normal 0 0 -1
    outer loop
      vertex 3.30215 -10.1497 0
      vertex 4.5 -6 0
      vertex 3.38887 -10.0854 0
    endloop
  endfacet
  facet normal 0 0 -1
    outer loop
      vertex 4.5 6 0
      vertex 3.57904 9.98372 0
      vertex 3.68068 9.94736 0
    endloop
  endfacet
  facet normal -0 0 -1
    outer loop
      vertex 4.5 -6 0
      vertex 3.30215 -10.1497 0
      vertex -2.5 -6 0
    endloop
  endfacet
  facet normal 0 0 -1
    outer loop
      vertex 4.5 6 0
      vertex 3.48146 10.0299 0
      vertex 3.57904 9.98372 0
    endloop
  endfacet
  facet normal 0 0 -1
    outer loop
      vertex -2.5 -6 0
      vertex 3.30215 -10.1497 0
      vertex 3.22217 -10.2222 0
    endloop
  endfacet
  facet normal 0 0 -1
    outer loop
      vertex 4.5 6 0
      vertex 3.38887 10.0854 0
      vertex 3.48146 10.0299 0
    endloop
  endfacet
  facet normal 0 0 -1
    outer loop
      vertex -2.5 -6 0
      vertex 3.22217 -10.2222 0
      vertex 3.14967 -10.3022 0
    endloop
  endfacet
  facet normal 0 0 -1
    outer loop
      vertex 4.5 6 0
      vertex 3.30215 10.1497 0
      vertex 3.38887 10.0854 0
    endloop
  endfacet
  facet normal 0 0 -1
    outer loop
      vertex -2.5 -6 0
      vertex 3.14967 -10.3022 0
      vertex 3.08537 -10.3889 0
    endloop
  endfacet
  facet normal -0 0 -1
    outer loop
      vertex 3.30215 10.1497 0
      vertex -2.5 6 0
      vertex 3.22217 10.2222 0
    endloop
  endfacet
  facet normal 0 0 -1
    outer loop
      vertex -2.5 -6 0
      vertex 3.08537 -10.3889 0
      vertex 3.02988 -10.4815 0
    endloop
  endfacet
  facet normal -0 0 -1
    outer loop
      vertex 3.22217 10.2222 0
      vertex -2.5 6 0
      vertex 3.14967 10.3022 0
    endloop
  endfacet
  facet normal 0 0 -1
    outer loop
      vertex -2.5 -6 0
      vertex 3.02988 -10.4815 0
      vertex 2.98372 -10.579 0
    endloop
  endfacet
  facet normal -0 0 -1
    outer loop
      vertex 3.14967 10.3022 0
      vertex -2.5 6 0
      vertex 3.08537 10.3889 0
    endloop
  endfacet
  facet normal 0 0 -1
    outer loop
      vertex -2.5 -12 0
      vertex 2.98372 -10.579 0
      vertex 2.94736 -10.6807 0
    endloop
  endfacet
  facet normal -0 0 -1
    outer loop
      vertex 3.08537 10.3889 0
      vertex -2.5 6 0
      vertex 3.02988 10.4815 0
    endloop
  endfacet
  facet normal 0 0 -1
    outer loop
      vertex -2.5 -12 0
      vertex 2.94736 -10.6807 0
      vertex 2.92113 -10.7854 0
    endloop
  endfacet
  facet normal -0 0 -1
    outer loop
      vertex 3.02988 10.4815 0
      vertex -2.5 6 0
      vertex 2.98372 10.579 0
    endloop
  endfacet
  facet normal 0 0 -1
    outer loop
      vertex -2.5 -12 0
      vertex 2.92113 -10.7854 0
      vertex 2.90529 -10.8922 0
    endloop
  endfacet
  facet normal 0 0 -1
    outer loop
      vertex -2.5 12 0
      vertex 2.98372 10.579 0
      vertex -2.5 6 0
    endloop
  endfacet
  facet normal 0 0 -1
    outer loop
      vertex -2.5 -12 0
      vertex 2.90529 -10.8922 0
      vertex 2.89999 -11 0
    endloop
  endfacet
  facet normal 0 0 -1
    outer loop
      vertex 2.98372 10.579 0
      vertex -2.5 12 0
      vertex 2.94736 10.6807 0
    endloop
  endfacet
  facet normal 0 0 -1
    outer loop
      vertex 4.5 -6 0
      vertex 7.5 6 0
      vertex 7.5 -6 0
    endloop
  endfacet
  facet normal -0 0 -1
    outer loop
      vertex 7.5 6 0
      vertex 4.5 -6 0
      vertex 4.5 6 0
    endloop
  endfacet
  facet normal 0 0 -1
    outer loop
      vertex 13.0526 -10.6807 0
      vertex 17 -12 0
      vertex 13.0789 -10.7854 0
    endloop
  endfacet
  facet normal 0 0 -1
    outer loop
      vertex 17 12 0
      vertex 13.0947 10.8922 0
      vertex 13.1 11 0
    endloop
  endfacet
  facet normal 0 0 -1
    outer loop
      vertex 13.0163 -10.579 0
      vertex 17 -12 0
      vertex 13.0526 -10.6807 0
    endloop
  endfacet
  facet normal 0 0 -1
    outer loop
      vertex 17 12 0
      vertex 13.0789 10.7854 0
      vertex 13.0947 10.8922 0
    endloop
  endfacet
  facet normal 0 0 -1
    outer loop
      vertex 12.9701 -10.4815 0
      vertex 17 -12 0
      vertex 13.0163 -10.579 0
    endloop
  endfacet
  facet normal 0 0 -1
    outer loop
      vertex 17 12 0
      vertex 13.0526 10.6807 0
      vertex 13.0789 10.7854 0
    endloop
  endfacet
  facet normal 0 0 -1
    outer loop
      vertex 12.9146 -10.3889 0
      vertex 17 -12 0
      vertex 12.9701 -10.4815 0
    endloop
  endfacet
  facet normal 0 0 -1
    outer loop
      vertex 17 12 0
      vertex 13.0163 10.579 0
      vertex 13.0526 10.6807 0
    endloop
  endfacet
  facet normal 0 0 -1
    outer loop
      vertex 12.8503 -10.3022 0
      vertex 17 -12 0
      vertex 12.9146 -10.3889 0
    endloop
  endfacet
  facet normal 0 0 -1
    outer loop
      vertex 17 12 0
      vertex 12.9701 10.4815 0
      vertex 13.0163 10.579 0
    endloop
  endfacet
  facet normal 0 0 -1
    outer loop
      vertex 12.7778 -10.2222 0
      vertex 17 -12 0
      vertex 12.8503 -10.3022 0
    endloop
  endfacet
  facet normal 0 0 -1
    outer loop
      vertex 17 12 0
      vertex 12.9146 10.3889 0
      vertex 12.9701 10.4815 0
    endloop
  endfacet
  facet normal 0 0 -1
    outer loop
      vertex 12.6978 -10.1497 0
      vertex 17 -12 0
      vertex 12.7778 -10.2222 0
    endloop
  endfacet
  facet normal 0 0 -1
    outer loop
      vertex 17 12 0
      vertex 12.8503 10.3022 0
      vertex 12.9146 10.3889 0
    endloop
  endfacet
  facet normal 0 0 -1
    outer loop
      vertex 12.6111 -10.0854 0
      vertex 17 -12 0
      vertex 12.6978 -10.1497 0
    endloop
  endfacet
  facet normal 0 0 -1
    outer loop
      vertex 17 12 0
      vertex 12.7778 10.2222 0
      vertex 12.8503 10.3022 0
    endloop
  endfacet
  facet normal 0 0 -1
    outer loop
      vertex 17 -12 0
      vertex 12.6111 -10.0854 0
      vertex 17 12 0
    endloop
  endfacet
  facet normal 0 0 -1
    outer loop
      vertex 17 12 0
      vertex 12.6978 10.1497 0
      vertex 12.7778 10.2222 0
    endloop
  endfacet
  facet normal 0 0 -1
    outer loop
      vertex 12.6111 10.0854 0
      vertex 17 12 0
      vertex 12.6111 -10.0854 0
    endloop
  endfacet
  facet normal 0 0 -1
    outer loop
      vertex 17 12 0
      vertex 12.6111 10.0854 0
      vertex 12.6978 10.1497 0
    endloop
  endfacet
  facet normal 0 0 -1
    outer loop
      vertex 12.5185 -10.0299 0
      vertex 12.6111 10.0854 0
      vertex 12.6111 -10.0854 0
    endloop
  endfacet
  facet normal 0 0 -1
    outer loop
      vertex 12.5185 -10.0299 0
      vertex 12.5185 10.0299 0
      vertex 12.6111 10.0854 0
    endloop
  endfacet
  facet normal 0 0 -1
    outer loop
      vertex 12.4209 -9.98372 0
      vertex 12.5185 10.0299 0
      vertex 12.5185 -10.0299 0
    endloop
  endfacet
  facet normal 0 0 -1
    outer loop
      vertex 12.4209 -9.98372 0
      vertex 12.4209 9.98372 0
      vertex 12.5185 10.0299 0
    endloop
  endfacet
  facet normal 0 0 -1
    outer loop
      vertex 7.5 -6 0
      vertex 12.4209 -9.98372 0
      vertex 12.3193 -9.94736 0
    endloop
  endfacet
  facet normal 0 0 -1
    outer loop
      vertex 12.4209 -9.98372 0
      vertex 7.5 -6 0
      vertex 12.4209 9.98372 0
    endloop
  endfacet
  facet normal 0 0 -1
    outer loop
      vertex 7.5 -6 0
      vertex 12.3193 -9.94736 0
      vertex 12.2146 -9.92113 0
    endloop
  endfacet
  facet normal 0 0 -1
    outer loop
      vertex 7.5 6 0
      vertex 12.4209 9.98372 0
      vertex 7.5 -6 0
    endloop
  endfacet
  facet normal 0 0 -1
    outer loop
      vertex 7.5 -6 0
      vertex 12.2146 -9.92113 0
      vertex 12.1078 -9.90529 0
    endloop
  endfacet
  facet normal 0 0 -1
    outer loop
      vertex 12.4209 9.98372 0
      vertex 7.5 6 0
      vertex 12.3193 9.94736 0
    endloop
  endfacet
  facet normal 0 0 -1
    outer loop
      vertex 7.5 -6 0
      vertex 12.1078 -9.90529 0
      vertex 12 -9.89999 0
    endloop
  endfacet
  facet normal 0 0 -1
    outer loop
      vertex 12.3193 9.94736 0
      vertex 7.5 6 0
      vertex 12.2146 9.92113 0
    endloop
  endfacet
  facet normal 0 0 -1
    outer loop
      vertex 7.5 -6 0
      vertex 12 -9.89999 0
      vertex 11.8922 -9.90529 0
    endloop
  endfacet
  facet normal 0 0 -1
    outer loop
      vertex 12.2146 9.92113 0
      vertex 7.5 6 0
      vertex 12.1078 9.90529 0
    endloop
  endfacet
  facet normal 0 0 -1
    outer loop
      vertex 7.5 -6 0
      vertex 11.8922 -9.90529 0
      vertex 11.7854 -9.92113 0
    endloop
  endfacet
  facet normal 0 0 -1
    outer loop
      vertex 12.1078 9.90529 0
      vertex 7.5 6 0
      vertex 12 9.89999 0
    endloop
  endfacet
  facet normal 0 0 -1
    outer loop
      vertex 7.5 -6 0
      vertex 11.7854 -9.92113 0
      vertex 11.6807 -9.94736 0
    endloop
  endfacet
  facet normal -0 0 -1
    outer loop
      vertex 12 9.89999 0
      vertex 7.5 6 0
      vertex 11.8922 9.90529 0
    endloop
  endfacet
  facet normal 0 0 -1
    outer loop
      vertex 7.5 -6 0
      vertex 11.6807 -9.94736 0
      vertex 11.579 -9.98372 0
    endloop
  endfacet
  facet normal -0 0 -1
    outer loop
      vertex 11.8922 9.90529 0
      vertex 7.5 6 0
      vertex 11.7854 9.92113 0
    endloop
  endfacet
  facet normal 0 0 -1
    outer loop
      vertex 7.5 -6 0
      vertex 11.579 -9.98372 0
      vertex 11.4815 -10.0299 0
    endloop
  endfacet
  facet normal -0 0 -1
    outer loop
      vertex 11.7854 9.92113 0
      vertex 7.5 6 0
      vertex 11.6807 9.94736 0
    endloop
  endfacet
  facet normal 0 0 -1
    outer loop
      vertex 7.5 -6 0
      vertex 11.4815 -10.0299 0
      vertex 11.3889 -10.0854 0
    endloop
  endfacet
  facet normal -0 0 -1
    outer loop
      vertex 11.6807 9.94736 0
      vertex 7.5 6 0
      vertex 11.579 9.98372 0
    endloop
  endfacet
  facet normal 0 0 -1
    outer loop
      vertex 7.5 -6 0
      vertex 11.3889 -10.0854 0
      vertex 11.3022 -10.1497 0
    endloop
  endfacet
  facet normal -0 0 -1
    outer loop
      vertex 11.579 9.98372 0
      vertex 7.5 6 0
      vertex 11.4815 10.0299 0
    endloop
  endfacet
  facet normal 0 0 -1
    outer loop
      vertex 7.5 -6 0
      vertex 11.3022 -10.1497 0
      vertex 11.2222 -10.2222 0
    endloop
  endfacet
  facet normal -0 0 -1
    outer loop
      vertex 11.4815 10.0299 0
      vertex 7.5 6 0
      vertex 11.3889 10.0854 0
    endloop
  endfacet
  facet normal 0 0 -1
    outer loop
      vertex 7.5 -6 0
      vertex 11.2222 -10.2222 0
      vertex 11.1497 -10.3022 0
    endloop
  endfacet
  facet normal -0 0 -1
    outer loop
      vertex 11.3889 10.0854 0
      vertex 7.5 6 0
      vertex 11.3022 10.1497 0
    endloop
  endfacet
  facet normal 0 0 -1
    outer loop
      vertex 7.5 -6 0
      vertex 11.1497 -10.3022 0
      vertex 11.0854 -10.3889 0
    endloop
  endfacet
  facet normal -0 0 -1
    outer loop
      vertex 11.3022 10.1497 0
      vertex 7.5 6 0
      vertex 11.2222 10.2222 0
    endloop
  endfacet
  facet normal 0 0 -1
    outer loop
      vertex 7.5 -6 0
      vertex 11.0854 -10.3889 0
      vertex 11.0299 -10.4815 0
    endloop
  endfacet
  facet normal -0 0 -1
    outer loop
      vertex 11.2222 10.2222 0
      vertex 7.5 6 0
      vertex 11.1497 10.3022 0
    endloop
  endfacet
  facet normal 0 0 -1
    outer loop
      vertex 7.5 -12 0
      vertex 11.0299 -10.4815 0
      vertex 10.9837 -10.579 0
    endloop
  endfacet
  facet normal -0 0 -1
    outer loop
      vertex 11.1497 10.3022 0
      vertex 7.5 6 0
      vertex 11.0854 10.3889 0
    endloop
  endfacet
  facet normal 0 0 -1
    outer loop
      vertex 7.5 -12 0
      vertex 10.9837 -10.579 0
      vertex 10.9474 -10.6807 0
    endloop
  endfacet
  facet normal -0 0 -1
    outer loop
      vertex 11.0854 10.3889 0
      vertex 7.5 6 0
      vertex 11.0299 10.4815 0
    endloop
  endfacet
  facet normal 0 0 -1
    outer loop
      vertex 7.5 -12 0
      vertex 10.9474 -10.6807 0
      vertex 10.9211 -10.7854 0
    endloop
  endfacet
  facet normal 0 0 -1
    outer loop
      vertex 7.5 12 0
      vertex 11.0299 10.4815 0
      vertex 7.5 6 0
    endloop
  endfacet
  facet normal 0 0 -1
    outer loop
      vertex 7.5 -12 0
      vertex 10.9211 -10.7854 0
      vertex 10.9053 -10.8922 0
    endloop
  endfacet
  facet normal 0 0 -1
    outer loop
      vertex 11.0299 10.4815 0
      vertex 7.5 12 0
      vertex 10.9837 10.579 0
    endloop
  endfacet
  facet normal 0 0 -1
    outer loop
      vertex 7.5 -12 0
      vertex 10.9053 -10.8922 0
      vertex 10.9 -11 0
    endloop
  endfacet
  facet normal 0 0 -1
    outer loop
      vertex 10.9837 10.579 0
      vertex 7.5 12 0
      vertex 10.9474 10.6807 0
    endloop
  endfacet
  facet normal 0 0 -1
    outer loop
      vertex 13.0163 -11.4209 0
      vertex 17 -12 0
      vertex 16.9807 -12.3921 0
    endloop
  endfacet
  facet normal 0 0 -1
    outer loop
      vertex 13.0947 -10.8922 0
      vertex 17 -12 0
      vertex 13.1 -11 0
    endloop
  endfacet
  facet normal 0 0 -1
    outer loop
      vertex 13.0163 -11.4209 0
      vertex 16.9807 -12.3921 0
      vertex 16.9231 -12.7803 0
    endloop
  endfacet
  facet normal 0 0 -1
    outer loop
      vertex 13.0789 -10.7854 0
      vertex 17 -12 0
      vertex 13.0947 -10.8922 0
    endloop
  endfacet
  facet normal 0 0 -1
    outer loop
      vertex 12.9701 -11.5185 0
      vertex 16.9231 -12.7803 0
      vertex 16.8278 -13.1611 0
    endloop
  endfacet
  facet normal 0 0 -1
    outer loop
      vertex 13.0947 11.1078 0
      vertex 17 12 0
      vertex 13.1 11 0
    endloop
  endfacet
  facet normal 0 0 -1
    outer loop
      vertex 12.9701 -11.5185 0
      vertex 16.8278 -13.1611 0
      vertex 16.6955 -13.5307 0
    endloop
  endfacet
  facet normal 0 0 -1
    outer loop
      vertex 13.0789 11.2146 0
      vertex 17 12 0
      vertex 13.0947 11.1078 0
    endloop
  endfacet
  facet normal 0 0 -1
    outer loop
      vertex 12.9146 -11.6111 0
      vertex 16.6955 -13.5307 0
      vertex 16.5277 -13.8856 0
    endloop
  endfacet
  facet normal 0 0 -1
    outer loop
      vertex 13.0526 11.3193 0
      vertex 17 12 0
      vertex 13.0789 11.2146 0
    endloop
  endfacet
  facet normal 0 0 -1
    outer loop
      vertex 12.8503 -11.6978 0
      vertex 16.5277 -13.8856 0
      vertex 16.3259 -14.2223 0
    endloop
  endfacet
  facet normal 0 0 -1
    outer loop
      vertex 13.0163 11.4209 0
      vertex 17 12 0
      vertex 13.0526 11.3193 0
    endloop
  endfacet
  facet normal 0 0 -1
    outer loop
      vertex 12.8503 -11.6978 0
      vertex 16.3259 -14.2223 0
      vertex 16.092 -14.5376 0
    endloop
  endfacet
  facet normal -0 0 -1
    outer loop
      vertex 17 12 0
      vertex 13.0163 11.4209 0
      vertex 16.9807 12.3921 0
    endloop
  endfacet
  facet normal 0 0 -1
    outer loop
      vertex 12.7778 -11.7778 0
      vertex 16.092 -14.5376 0
      vertex 15.8284 -14.8284 0
    endloop
  endfacet
  facet normal -0 0 -1
    outer loop
      vertex 16.9807 12.3921 0
      vertex 13.0163 11.4209 0
      vertex 16.9231 12.7803 0
    endloop
  endfacet
  facet normal 0 0 -1
    outer loop
      vertex 12.7778 -11.7778 0
      vertex 15.8284 -14.8284 0
      vertex 15.5376 -15.092 0
    endloop
  endfacet
  facet normal 0 0 -1
    outer loop
      vertex 12.9701 11.5185 0
      vertex 16.9231 12.7803 0
      vertex 13.0163 11.4209 0
    endloop
  endfacet
  facet normal 0 0 -1
    outer loop
      vertex 12.6978 -11.8503 0
      vertex 15.5376 -15.092 0
      vertex 15.2223 -15.3259 0
    endloop
  endfacet
  facet normal -0 0 -1
    outer loop
      vertex 16.9231 12.7803 0
      vertex 12.9701 11.5185 0
      vertex 16.8278 13.1611 0
    endloop
  endfacet
  facet normal 0 0 -1
    outer loop
      vertex 12.6978 -11.8503 0
      vertex 15.2223 -15.3259 0
      vertex 14.8856 -15.5277 0
    endloop
  endfacet
  facet normal -0 0 -1
    outer loop
      vertex 16.8278 13.1611 0
      vertex 12.9701 11.5185 0
      vertex 16.6955 13.5307 0
    endloop
  endfacet
  facet normal 0 0 -1
    outer loop
      vertex 12.6111 -11.9146 0
      vertex 14.8856 -15.5277 0
      vertex 14.5307 -15.6955 0
    endloop
  endfacet
  facet normal 0 0 -1
    outer loop
      vertex 12.9146 11.6111 0
      vertex 16.6955 13.5307 0
      vertex 12.9701 11.5185 0
    endloop
  endfacet
  facet normal 0 0 -1
    outer loop
      vertex 12.5185 -11.9701 0
      vertex 14.5307 -15.6955 0
      vertex 14.1611 -15.8278 0
    endloop
  endfacet
  facet normal -0 0 -1
    outer loop
      vertex 16.6955 13.5307 0
      vertex 12.9146 11.6111 0
      vertex 16.5277 13.8856 0
    endloop
  endfacet
  facet normal 0 0 -1
    outer loop
      vertex 12.5185 -11.9701 0
      vertex 14.1611 -15.8278 0
      vertex 13.7803 -15.9231 0
    endloop
  endfacet
  facet normal 0 0 -1
    outer loop
      vertex 12.8503 11.6978 0
      vertex 16.5277 13.8856 0
      vertex 12.9146 11.6111 0
    endloop
  endfacet
  facet normal 0 0 -1
    outer loop
      vertex 12.4209 -12.0163 0
      vertex 13.7803 -15.9231 0
      vertex 13.3921 -15.9807 0
    endloop
  endfacet
  facet normal -0 0 -1
    outer loop
      vertex 16.5277 13.8856 0
      vertex 12.8503 11.6978 0
      vertex 16.3259 14.2223 0
    endloop
  endfacet
  facet normal -0 0 -1
    outer loop
      vertex 16.3259 14.2223 0
      vertex 12.8503 11.6978 0
      vertex 16.092 14.5376 0
    endloop
  endfacet
  facet normal 0 0 -1
    outer loop
      vertex 17 -12 0
      vertex 13.0947 -11.1078 0
      vertex 13.1 -11 0
    endloop
  endfacet
  facet normal 0 0 -1
    outer loop
      vertex 17 -12 0
      vertex 13.0789 -11.2146 0
      vertex 13.0947 -11.1078 0
    endloop
  endfacet
  facet normal 0 0 -1
    outer loop
      vertex 17 -12 0
      vertex 13.0526 -11.3193 0
      vertex 13.0789 -11.2146 0
    endloop
  endfacet
  facet normal 0 0 -1
    outer loop
      vertex 17 -12 0
      vertex 13.0163 -11.4209 0
      vertex 13.0526 -11.3193 0
    endloop
  endfacet
  facet normal 0 0 -1
    outer loop
      vertex 12.4209 -12.0163 0
      vertex 13.3921 -15.9807 0
      vertex 13 -16 0
    endloop
  endfacet
  facet normal 0 0 -1
    outer loop
      vertex 16.9231 -12.7803 0
      vertex 12.9701 -11.5185 0
      vertex 13.0163 -11.4209 0
    endloop
  endfacet
  facet normal 0 0 -1
    outer loop
      vertex 16.6955 -13.5307 0
      vertex 12.9146 -11.6111 0
      vertex 12.9701 -11.5185 0
    endloop
  endfacet
  facet normal 0 0 -1
    outer loop
      vertex 16.5277 -13.8856 0
      vertex 12.8503 -11.6978 0
      vertex 12.9146 -11.6111 0
    endloop
  endfacet
  facet normal 0 0 -1
    outer loop
      vertex 16.092 -14.5376 0
      vertex 12.7778 -11.7778 0
      vertex 12.8503 -11.6978 0
    endloop
  endfacet
  facet normal 0 0 -1
    outer loop
      vertex 15.5376 -15.092 0
      vertex 12.6978 -11.8503 0
      vertex 12.7778 -11.7778 0
    endloop
  endfacet
  facet normal 0 0 -1
    outer loop
      vertex 14.8856 -15.5277 0
      vertex 12.6111 -11.9146 0
      vertex 12.6978 -11.8503 0
    endloop
  endfacet
  facet normal 0 0 -1
    outer loop
      vertex 14.5307 -15.6955 0
      vertex 12.5185 -11.9701 0
      vertex 12.6111 -11.9146 0
    endloop
  endfacet
  facet normal 0 0 -1
    outer loop
      vertex 13.7803 -15.9231 0
      vertex 12.4209 -12.0163 0
      vertex 12.5185 -11.9701 0
    endloop
  endfacet
  facet normal 0 0 -1
    outer loop
      vertex 13 -16 0
      vertex 12.3193 -12.0526 0
      vertex 12.4209 -12.0163 0
    endloop
  endfacet
  facet normal 0 0 -1
    outer loop
      vertex 13 -16 0
      vertex 12.2146 -12.0789 0
      vertex 12.3193 -12.0526 0
    endloop
  endfacet
  facet normal 0 0 -1
    outer loop
      vertex 13 -16 0
      vertex 12.1078 -12.0947 0
      vertex 12.2146 -12.0789 0
    endloop
  endfacet
  facet normal 0 0 -1
    outer loop
      vertex 13 -16 0
      vertex 12 -12.1 0
      vertex 12.1078 -12.0947 0
    endloop
  endfacet
  facet normal 0 0 -1
    outer loop
      vertex 13 -16 0
      vertex 11.8922 -12.0947 0
      vertex 12 -12.1 0
    endloop
  endfacet
  facet normal 0 0 -1
    outer loop
      vertex 13 -16 0
      vertex 11.7854 -12.0789 0
      vertex 11.8922 -12.0947 0
    endloop
  endfacet
  facet normal 0 0 -1
    outer loop
      vertex 13 -16 0
      vertex 11.6807 -12.0526 0
      vertex 11.7854 -12.0789 0
    endloop
  endfacet
  facet normal 0 0 -1
    outer loop
      vertex 13 -16 0
      vertex 11.579 -12.0163 0
      vertex 11.6807 -12.0526 0
    endloop
  endfacet
  facet normal 0 0 -1
    outer loop
      vertex 13 -16 0
      vertex 11.4815 -11.9701 0
      vertex 11.579 -12.0163 0
    endloop
  endfacet
  facet normal 0 0 -1
    outer loop
      vertex 13 -16 0
      vertex 11.3889 -11.9146 0
      vertex 11.4815 -11.9701 0
    endloop
  endfacet
  facet normal 0 0 -1
    outer loop
      vertex 7.5 -12 0
      vertex 11.3889 -11.9146 0
      vertex 13 -16 0
    endloop
  endfacet
  facet normal -0 0 -1
    outer loop
      vertex 11.3889 -11.9146 0
      vertex 7.5 -12 0
      vertex 11.3022 -11.8503 0
    endloop
  endfacet
  facet normal -0 0 -1
    outer loop
      vertex 11.3022 -11.8503 0
      vertex 7.5 -12 0
      vertex 11.2222 -11.7778 0
    endloop
  endfacet
  facet normal -0 0 -1
    outer loop
      vertex 11.2222 -11.7778 0
      vertex 7.5 -12 0
      vertex 11.1497 -11.6978 0
    endloop
  endfacet
  facet normal -0 0 -1
    outer loop
      vertex 11.1497 -11.6978 0
      vertex 7.5 -12 0
      vertex 11.0854 -11.6111 0
    endloop
  endfacet
  facet normal -0 0 -1
    outer loop
      vertex 11.0854 -11.6111 0
      vertex 7.5 -12 0
      vertex 11.0299 -11.5185 0
    endloop
  endfacet
  facet normal -0 0 -1
    outer loop
      vertex 11.0299 -10.4815 0
      vertex 7.5 -12 0
      vertex 7.5 -6 0
    endloop
  endfacet
  facet normal -0 0 -1
    outer loop
      vertex 10.9053 -11.1078 0
      vertex 7.5 -12 0
      vertex 10.9 -11 0
    endloop
  endfacet
  facet normal -0 0 -1
    outer loop
      vertex 10.9211 -11.2146 0
      vertex 7.5 -12 0
      vertex 10.9053 -11.1078 0
    endloop
  endfacet
  facet normal -0 0 -1
    outer loop
      vertex 10.9474 -11.3193 0
      vertex 7.5 -12 0
      vertex 10.9211 -11.2146 0
    endloop
  endfacet
  facet normal -0 0 -1
    outer loop
      vertex 10.9837 -11.4209 0
      vertex 7.5 -12 0
      vertex 10.9474 -11.3193 0
    endloop
  endfacet
  facet normal -0 0 -1
    outer loop
      vertex 11.0299 -11.5185 0
      vertex 7.5 -12 0
      vertex 10.9837 -11.4209 0
    endloop
  endfacet
  facet normal 0 0 -1
    outer loop
      vertex 4.21458 -12.0789 0
      vertex 7.5 -12 0
      vertex 13 -16 0
    endloop
  endfacet
  facet normal -0 0 -1
    outer loop
      vertex 4.5 -12 0
      vertex 4.42094 -12.0163 0
      vertex 4.5 -11.9789 0
    endloop
  endfacet
  facet normal -0 0 -1
    outer loop
      vertex 7.5 -12 0
      vertex 4.31931 -12.0526 0
      vertex 4.5 -12 0
    endloop
  endfacet
  facet normal 0 0 -1
    outer loop
      vertex 4.5 -12 0
      vertex 4.31931 -12.0526 0
      vertex 4.42094 -12.0163 0
    endloop
  endfacet
  facet normal 0 0 -1
    outer loop
      vertex 7.5 -12 0
      vertex 4.21458 -12.0789 0
      vertex 4.31931 -12.0526 0
    endloop
  endfacet
  facet normal 0 0 -1
    outer loop
      vertex 13 -16 0
      vertex 4.10782 -12.0947 0
      vertex 4.21458 -12.0789 0
    endloop
  endfacet
  facet normal 0 0 -1
    outer loop
      vertex 13 -16 0
      vertex 4 -12.1 0
      vertex 4.10782 -12.0947 0
    endloop
  endfacet
  facet normal 0 0 -1
    outer loop
      vertex 13 -16 0
      vertex 3.89217 -12.0947 0
      vertex 4 -12.1 0
    endloop
  endfacet
  facet normal 0 0 -1
    outer loop
      vertex 13 -16 0
      vertex 3.7854 -12.0789 0
      vertex 3.89217 -12.0947 0
    endloop
  endfacet
  facet normal 0 0 -1
    outer loop
      vertex -2.5 -12 0
      vertex 3.7854 -12.0789 0
      vertex 13 -16 0
    endloop
  endfacet
  facet normal 0 0 -1
    outer loop
      vertex 3.7854 -12.0789 0
      vertex -2.5 -12 0
      vertex 3.68068 -12.0526 0
    endloop
  endfacet
  facet normal -0 0 -1
    outer loop
      vertex 2.98372 -10.579 0
      vertex -2.5 -12 0
      vertex -2.5 -6 0
    endloop
  endfacet
  facet normal -0 0 -1
    outer loop
      vertex 2.90529 -11.1078 0
      vertex -2.5 -12 0
      vertex 2.89999 -11 0
    endloop
  endfacet
  facet normal -0 0 -1
    outer loop
      vertex 2.92113 -11.2146 0
      vertex -2.5 -12 0
      vertex 2.90529 -11.1078 0
    endloop
  endfacet
  facet normal -0 0 -1
    outer loop
      vertex 2.94736 -11.3193 0
      vertex -2.5 -12 0
      vertex 2.92113 -11.2146 0
    endloop
  endfacet
  facet normal -0 0 -1
    outer loop
      vertex 2.98372 -11.4209 0
      vertex -2.5 -12 0
      vertex 2.94736 -11.3193 0
    endloop
  endfacet
  facet normal -0 0 -1
    outer loop
      vertex 3.02988 -11.5185 0
      vertex -2.5 -12 0
      vertex 2.98372 -11.4209 0
    endloop
  endfacet
  facet normal -0 0 -1
    outer loop
      vertex 3.08537 -11.6111 0
      vertex -2.5 -12 0
      vertex 3.02988 -11.5185 0
    endloop
  endfacet
  facet normal -0 0 -1
    outer loop
      vertex 3.14967 -11.6978 0
      vertex -2.5 -12 0
      vertex 3.08537 -11.6111 0
    endloop
  endfacet
  facet normal -0 0 -1
    outer loop
      vertex 3.22217 -11.7778 0
      vertex -2.5 -12 0
      vertex 3.14967 -11.6978 0
    endloop
  endfacet
  facet normal -0 0 -1
    outer loop
      vertex 3.30215 -11.8503 0
      vertex -2.5 -12 0
      vertex 3.22217 -11.7778 0
    endloop
  endfacet
  facet normal -0 0 -1
    outer loop
      vertex 3.38887 -11.9146 0
      vertex -2.5 -12 0
      vertex 3.30215 -11.8503 0
    endloop
  endfacet
  facet normal -0 0 -1
    outer loop
      vertex 3.48146 -11.9701 0
      vertex -2.5 -12 0
      vertex 3.38887 -11.9146 0
    endloop
  endfacet
  facet normal 0 0 -1
    outer loop
      vertex 3.57904 -12.0163 0
      vertex -2.5 -12 0
      vertex 3.48146 -11.9701 0
    endloop
  endfacet
  facet normal 0 0 -1
    outer loop
      vertex 3.68068 -12.0526 0
      vertex -2.5 -12 0
      vertex 3.57904 -12.0163 0
    endloop
  endfacet
  facet normal 0 0 -1
    outer loop
      vertex -14 -16 0
      vertex -2.5 -12 0
      vertex 13 -16 0
    endloop
  endfacet
  facet normal 0 0 -1
    outer loop
      vertex -6.90529 -10.8922 0
      vertex -5.5 -12 0
      vertex -6.89999 -11 0
    endloop
  endfacet
  facet normal 0 0 -1
    outer loop
      vertex -6.92113 -10.7854 0
      vertex -5.5 -12 0
      vertex -6.90529 -10.8922 0
    endloop
  endfacet
  facet normal 0 0 -1
    outer loop
      vertex -6.94736 -10.6807 0
      vertex -5.5 -12 0
      vertex -6.92113 -10.7854 0
    endloop
  endfacet
  facet normal 0 0 -1
    outer loop
      vertex -5.5 -12 0
      vertex -6.90529 -11.1078 0
      vertex -6.89999 -11 0
    endloop
  endfacet
  facet normal 0 0 -1
    outer loop
      vertex -5.5 -12 0
      vertex -6.92113 -11.2146 0
      vertex -6.90529 -11.1078 0
    endloop
  endfacet
  facet normal 0 0 -1
    outer loop
      vertex -5.5 -12 0
      vertex -6.94736 -11.3193 0
      vertex -6.92113 -11.2146 0
    endloop
  endfacet
  facet normal 0 0 -1
    outer loop
      vertex -5.5 -12 0
      vertex -6.98372 -11.4209 0
      vertex -6.94736 -11.3193 0
    endloop
  endfacet
  facet normal 0 0 -1
    outer loop
      vertex -5.5 -12 0
      vertex -7.02988 -11.5185 0
      vertex -6.98372 -11.4209 0
    endloop
  endfacet
  facet normal 0 0 -1
    outer loop
      vertex -5.5 -12 0
      vertex -7.08537 -11.6111 0
      vertex -7.02988 -11.5185 0
    endloop
  endfacet
  facet normal 0 0 -1
    outer loop
      vertex -5.5 -12 0
      vertex -7.14967 -11.6978 0
      vertex -7.08537 -11.6111 0
    endloop
  endfacet
  facet normal -0 0 -1
    outer loop
      vertex -2.5 -12 0
      vertex -14 -16 0
      vertex -5.5 -12 0
    endloop
  endfacet
  facet normal 0 0 -1
    outer loop
      vertex -5.5 -12 0
      vertex -7.22217 -11.7778 0
      vertex -7.14967 -11.6978 0
    endloop
  endfacet
  facet normal 0 0 -1
    outer loop
      vertex -5.5 -12 0
      vertex -7.30215 -11.8503 0
      vertex -7.22217 -11.7778 0
    endloop
  endfacet
  facet normal 0 0 -1
    outer loop
      vertex -5.5 -12 0
      vertex -7.38887 -11.9146 0
      vertex -7.30215 -11.8503 0
    endloop
  endfacet
  facet normal 0 0 -1
    outer loop
      vertex -5.5 -12 0
      vertex -7.48146 -11.9701 0
      vertex -7.38887 -11.9146 0
    endloop
  endfacet
  facet normal -0 0 -1
    outer loop
      vertex -5.5 -12 0
      vertex -7.57904 -12.0163 0
      vertex -7.48146 -11.9701 0
    endloop
  endfacet
  facet normal 0 -0 -1
    outer loop
      vertex -7.7854 -12.0789 0
      vertex -5.5 -12 0
      vertex -14 -16 0
    endloop
  endfacet
  facet normal 0 0 -1
    outer loop
      vertex -5.5 -12 0
      vertex -7.68068 -12.0526 0
      vertex -7.57904 -12.0163 0
    endloop
  endfacet
  facet normal 0 0 -1
    outer loop
      vertex -5.5 -12 0
      vertex -7.7854 -12.0789 0
      vertex -7.68068 -12.0526 0
    endloop
  endfacet
  facet normal 0 0 -1
    outer loop
      vertex -7.7854 -12.0789 0
      vertex -14 -16 0
      vertex -7.89217 -12.0947 0
    endloop
  endfacet
  facet normal 0 0 -1
    outer loop
      vertex -7.89217 -12.0947 0
      vertex -14 -16 0
      vertex -8 -12.1 0
    endloop
  endfacet
  facet normal -0 0 -1
    outer loop
      vertex -8 -12.1 0
      vertex -14 -16 0
      vertex -8.10782 -12.0947 0
    endloop
  endfacet
  facet normal 0 0 -1
    outer loop
      vertex -14 -15.8681 0
      vertex -17 -12 0
      vertex -9.07886 -11.2146 0
    endloop
  endfacet
  facet normal 0 0 -1
    outer loop
      vertex -17 -12 0
      vertex -14 -15.8681 0
      vertex -14.1611 -15.8278 0
    endloop
  endfacet
  facet normal -0 0 -1
    outer loop
      vertex -9.05263 -11.3193 0
      vertex -14 -15.8681 0
      vertex -9.07886 -11.2146 0
    endloop
  endfacet
  facet normal -0 0 -1
    outer loop
      vertex -9.01627 -11.4209 0
      vertex -14 -15.8681 0
      vertex -9.05263 -11.3193 0
    endloop
  endfacet
  facet normal -0 0 -1
    outer loop
      vertex -8.97011 -11.5185 0
      vertex -14 -15.8681 0
      vertex -9.01627 -11.4209 0
    endloop
  endfacet
  facet normal -0 0 -1
    outer loop
      vertex -8.91461 -11.6111 0
      vertex -14 -15.8681 0
      vertex -8.97011 -11.5185 0
    endloop
  endfacet
  facet normal -0 0 -1
    outer loop
      vertex -8.85031 -11.6978 0
      vertex -14 -15.8681 0
      vertex -8.91461 -11.6111 0
    endloop
  endfacet
  facet normal -0 0 -1
    outer loop
      vertex -8.77782 -11.7778 0
      vertex -14 -15.8681 0
      vertex -8.85031 -11.6978 0
    endloop
  endfacet
  facet normal -0 0 -1
    outer loop
      vertex -8.69783 -11.8503 0
      vertex -14 -15.8681 0
      vertex -8.77782 -11.7778 0
    endloop
  endfacet
  facet normal -0 0 -1
    outer loop
      vertex -8.61111 -11.9146 0
      vertex -14 -15.8681 0
      vertex -8.69783 -11.8503 0
    endloop
  endfacet
  facet normal -0 0 -1
    outer loop
      vertex -8.51852 -11.9701 0
      vertex -14 -15.8681 0
      vertex -8.61111 -11.9146 0
    endloop
  endfacet
  facet normal -0 0 -1
    outer loop
      vertex -8.42094 -12.0163 0
      vertex -14 -15.8681 0
      vertex -8.51852 -11.9701 0
    endloop
  endfacet
  facet normal 0 0 -1
    outer loop
      vertex -14 -15.8681 0
      vertex -8.42094 -12.0163 0
      vertex -14 -16 0
    endloop
  endfacet
  facet normal -0 0 -1
    outer loop
      vertex -8.31931 -12.0526 0
      vertex -14 -16 0
      vertex -8.42094 -12.0163 0
    endloop
  endfacet
  facet normal -0 0 -1
    outer loop
      vertex -8.21458 -12.0789 0
      vertex -14 -16 0
      vertex -8.31931 -12.0526 0
    endloop
  endfacet
  facet normal -0 0 -1
    outer loop
      vertex -8.10782 -12.0947 0
      vertex -14 -16 0
      vertex -8.21458 -12.0789 0
    endloop
  endfacet
  facet normal 0 0 -1
    outer loop
      vertex 12.7778 11.7778 0
      vertex 16.092 14.5376 0
      vertex 12.8503 11.6978 0
    endloop
  endfacet
  facet normal -0 0 -1
    outer loop
      vertex 16.092 14.5376 0
      vertex 12.7778 11.7778 0
      vertex 15.8284 14.8284 0
    endloop
  endfacet
  facet normal -0 0 -1
    outer loop
      vertex 15.8284 14.8284 0
      vertex 12.7778 11.7778 0
      vertex 15.5376 15.092 0
    endloop
  endfacet
  facet normal 0 0 -1
    outer loop
      vertex 12.6978 11.8503 0
      vertex 15.5376 15.092 0
      vertex 12.7778 11.7778 0
    endloop
  endfacet
  facet normal -0 0 -1
    outer loop
      vertex 15.5376 15.092 0
      vertex 12.6978 11.8503 0
      vertex 15.2223 15.3259 0
    endloop
  endfacet
  facet normal -0 0 -1
    outer loop
      vertex 15.2223 15.3259 0
      vertex 12.6978 11.8503 0
      vertex 14.8856 15.5277 0
    endloop
  endfacet
  facet normal 0 0 -1
    outer loop
      vertex 12.6111 11.9146 0
      vertex 14.8856 15.5277 0
      vertex 12.6978 11.8503 0
    endloop
  endfacet
  facet normal -0 0 -1
    outer loop
      vertex 14.8856 15.5277 0
      vertex 12.6111 11.9146 0
      vertex 14.5307 15.6955 0
    endloop
  endfacet
  facet normal 0 0 -1
    outer loop
      vertex 12.5185 11.9701 0
      vertex 14.5307 15.6955 0
      vertex 12.6111 11.9146 0
    endloop
  endfacet
  facet normal -0 0 -1
    outer loop
      vertex 14.5307 15.6955 0
      vertex 12.5185 11.9701 0
      vertex 14.1611 15.8278 0
    endloop
  endfacet
  facet normal -0 0 -1
    outer loop
      vertex 14.1611 15.8278 0
      vertex 12.5185 11.9701 0
      vertex 13.7803 15.9231 0
    endloop
  endfacet
  facet normal 0 0 -1
    outer loop
      vertex 12.4209 12.0163 0
      vertex 13.7803 15.9231 0
      vertex 12.5185 11.9701 0
    endloop
  endfacet
  facet normal -0 0 -1
    outer loop
      vertex 13.7803 15.9231 0
      vertex 12.4209 12.0163 0
      vertex 13.3921 15.9807 0
    endloop
  endfacet
  facet normal -0 0 -1
    outer loop
      vertex 13.3921 15.9807 0
      vertex 12.4209 12.0163 0
      vertex 13 16 0
    endloop
  endfacet
  facet normal 0 0 -1
    outer loop
      vertex 12.3193 12.0526 0
      vertex 13 16 0
      vertex 12.4209 12.0163 0
    endloop
  endfacet
  facet normal 0 0 -1
    outer loop
      vertex 12.2146 12.0789 0
      vertex 13 16 0
      vertex 12.3193 12.0526 0
    endloop
  endfacet
  facet normal 0 0 -1
    outer loop
      vertex 12.1078 12.0947 0
      vertex 13 16 0
      vertex 12.2146 12.0789 0
    endloop
  endfacet
  facet normal 0 0 -1
    outer loop
      vertex 12 12.1 0
      vertex 13 16 0
      vertex 12.1078 12.0947 0
    endloop
  endfacet
  facet normal 0 0 -1
    outer loop
      vertex 11.8922 12.0947 0
      vertex 13 16 0
      vertex 12 12.1 0
    endloop
  endfacet
  facet normal 0 0 -1
    outer loop
      vertex 11.7854 12.0789 0
      vertex 13 16 0
      vertex 11.8922 12.0947 0
    endloop
  endfacet
  facet normal 0 0 -1
    outer loop
      vertex 11.6807 12.0526 0
      vertex 13 16 0
      vertex 11.7854 12.0789 0
    endloop
  endfacet
  facet normal 0 0 -1
    outer loop
      vertex 11.579 12.0163 0
      vertex 13 16 0
      vertex 11.6807 12.0526 0
    endloop
  endfacet
  facet normal 0 0 -1
    outer loop
      vertex 11.4815 11.9701 0
      vertex 13 16 0
      vertex 11.579 12.0163 0
    endloop
  endfacet
  facet normal 0 0 -1
    outer loop
      vertex 11.3889 11.9146 0
      vertex 13 16 0
      vertex 11.4815 11.9701 0
    endloop
  endfacet
  facet normal 0 0 -1
    outer loop
      vertex 7.5 12 0
      vertex 11.3889 11.9146 0
      vertex 11.3022 11.8503 0
    endloop
  endfacet
  facet normal 0 0 -1
    outer loop
      vertex 7.5 12 0
      vertex 11.3022 11.8503 0
      vertex 11.2222 11.7778 0
    endloop
  endfacet
  facet normal 0 0 -1
    outer loop
      vertex 7.5 12 0
      vertex 11.2222 11.7778 0
      vertex 11.1497 11.6978 0
    endloop
  endfacet
  facet normal 0 0 -1
    outer loop
      vertex 7.5 12 0
      vertex 11.1497 11.6978 0
      vertex 11.0854 11.6111 0
    endloop
  endfacet
  facet normal 0 0 -1
    outer loop
      vertex 7.5 12 0
      vertex 11.0854 11.6111 0
      vertex 11.0299 11.5185 0
    endloop
  endfacet
  facet normal 0 0 -1
    outer loop
      vertex 7.5 12 0
      vertex 11.0299 11.5185 0
      vertex 10.9837 11.4209 0
    endloop
  endfacet
  facet normal 0 0 -1
    outer loop
      vertex 10.9474 10.6807 0
      vertex 7.5 12 0
      vertex 10.9211 10.7854 0
    endloop
  endfacet
  facet normal 0 0 -1
    outer loop
      vertex 10.9211 10.7854 0
      vertex 7.5 12 0
      vertex 10.9053 10.8922 0
    endloop
  endfacet
  facet normal 0 0 -1
    outer loop
      vertex 10.9053 10.8922 0
      vertex 7.5 12 0
      vertex 10.9 11 0
    endloop
  endfacet
  facet normal 0 0 -1
    outer loop
      vertex 10.9 11 0
      vertex 7.5 12 0
      vertex 10.9053 11.1078 0
    endloop
  endfacet
  facet normal 0 0 -1
    outer loop
      vertex 10.9053 11.1078 0
      vertex 7.5 12 0
      vertex 10.9211 11.2146 0
    endloop
  endfacet
  facet normal 0 0 -1
    outer loop
      vertex 10.9211 11.2146 0
      vertex 7.5 12 0
      vertex 10.9474 11.3193 0
    endloop
  endfacet
  facet normal 0 0 -1
    outer loop
      vertex 10.9474 11.3193 0
      vertex 7.5 12 0
      vertex 10.9837 11.4209 0
    endloop
  endfacet
  facet normal 0 0 -1
    outer loop
      vertex 11.3889 11.9146 0
      vertex 7.5 12 0
      vertex 13 16 0
    endloop
  endfacet
  facet normal 0 0 -1
    outer loop
      vertex 4.31931 12.0526 0
      vertex 7.5 12 0
      vertex 4.5 12 0
    endloop
  endfacet
  facet normal 0 0 -1
    outer loop
      vertex 4.31931 12.0526 0
      vertex 4.5 12 0
      vertex 4.42094 12.0163 0
    endloop
  endfacet
  facet normal 0 0 -1
    outer loop
      vertex 4.21458 12.0789 0
      vertex 7.5 12 0
      vertex 4.31931 12.0526 0
    endloop
  endfacet
  facet normal 0 0 -1
    outer loop
      vertex 7.5 12 0
      vertex 4.21458 12.0789 0
      vertex 13 16 0
    endloop
  endfacet
  facet normal 0 0 -1
    outer loop
      vertex 4.10782 12.0947 0
      vertex 13 16 0
      vertex 4.21458 12.0789 0
    endloop
  endfacet
  facet normal 0 0 -1
    outer loop
      vertex 4 12.1 0
      vertex 13 16 0
      vertex 4.10782 12.0947 0
    endloop
  endfacet
  facet normal 0 0 -1
    outer loop
      vertex 3.89217 12.0947 0
      vertex 13 16 0
      vertex 4 12.1 0
    endloop
  endfacet
  facet normal 0 0 -1
    outer loop
      vertex 3.7854 12.0789 0
      vertex 13 16 0
      vertex 3.89217 12.0947 0
    endloop
  endfacet
  facet normal 0 0 -1
    outer loop
      vertex -2.5 12 0
      vertex 3.7854 12.0789 0
      vertex 3.68068 12.0526 0
    endloop
  endfacet
  facet normal 0 0 -1
    outer loop
      vertex -2.5 12 0
      vertex 3.68068 12.0526 0
      vertex 3.57904 12.0163 0
    endloop
  endfacet
  facet normal 0 0 -1
    outer loop
      vertex 2.94736 10.6807 0
      vertex -2.5 12 0
      vertex 2.92113 10.7854 0
    endloop
  endfacet
  facet normal 0 0 -1
    outer loop
      vertex 2.92113 10.7854 0
      vertex -2.5 12 0
      vertex 2.90529 10.8922 0
    endloop
  endfacet
  facet normal 0 0 -1
    outer loop
      vertex 2.90529 10.8922 0
      vertex -2.5 12 0
      vertex 2.89999 11 0
    endloop
  endfacet
  facet normal 0 0 -1
    outer loop
      vertex 2.89999 11 0
      vertex -2.5 12 0
      vertex 2.90529 11.1078 0
    endloop
  endfacet
  facet normal 0 0 -1
    outer loop
      vertex 2.90529 11.1078 0
      vertex -2.5 12 0
      vertex 2.92113 11.2146 0
    endloop
  endfacet
  facet normal 0 0 -1
    outer loop
      vertex 2.92113 11.2146 0
      vertex -2.5 12 0
      vertex 2.94736 11.3193 0
    endloop
  endfacet
  facet normal 0 0 -1
    outer loop
      vertex 2.94736 11.3193 0
      vertex -2.5 12 0
      vertex 2.98372 11.4209 0
    endloop
  endfacet
  facet normal 0 0 -1
    outer loop
      vertex 2.98372 11.4209 0
      vertex -2.5 12 0
      vertex 3.02988 11.5185 0
    endloop
  endfacet
  facet normal 0 0 -1
    outer loop
      vertex 3.02988 11.5185 0
      vertex -2.5 12 0
      vertex 3.08537 11.6111 0
    endloop
  endfacet
  facet normal 0 0 -1
    outer loop
      vertex 3.08537 11.6111 0
      vertex -2.5 12 0
      vertex 3.14967 11.6978 0
    endloop
  endfacet
  facet normal 0 0 -1
    outer loop
      vertex 3.14967 11.6978 0
      vertex -2.5 12 0
      vertex 3.22217 11.7778 0
    endloop
  endfacet
  facet normal 0 0 -1
    outer loop
      vertex -2.5 12 0
      vertex 3.30215 11.8503 0
      vertex 3.22217 11.7778 0
    endloop
  endfacet
  facet normal 0 0 -1
    outer loop
      vertex -2.5 12 0
      vertex 3.38887 11.9146 0
      vertex 3.30215 11.8503 0
    endloop
  endfacet
  facet normal 0 0 -1
    outer loop
      vertex -2.5 12 0
      vertex 3.48146 11.9701 0
      vertex 3.38887 11.9146 0
    endloop
  endfacet
  facet normal 0 0 -1
    outer loop
      vertex -2.5 12 0
      vertex 3.57904 12.0163 0
      vertex 3.48146 11.9701 0
    endloop
  endfacet
  facet normal -0 0 -1
    outer loop
      vertex 3.7854 12.0789 0
      vertex -2.5 12 0
      vertex 13 16 0
    endloop
  endfacet
  facet normal 0 0 -1
    outer loop
      vertex -14 16 0
      vertex -2.5 12 0
      vertex -5.5 12 0
    endloop
  endfacet
  facet normal 0 0 -1
    outer loop
      vertex -5.5 6 0
      vertex -6.89999 11 0
      vertex -5.5 12 0
    endloop
  endfacet
  facet normal 0 0 -1
    outer loop
      vertex -6.90529 11.1078 0
      vertex -5.5 12 0
      vertex -6.89999 11 0
    endloop
  endfacet
  facet normal 0 0 -1
    outer loop
      vertex -6.92113 11.2146 0
      vertex -5.5 12 0
      vertex -6.90529 11.1078 0
    endloop
  endfacet
  facet normal 0 0 -1
    outer loop
      vertex -6.94736 11.3193 0
      vertex -5.5 12 0
      vertex -6.92113 11.2146 0
    endloop
  endfacet
  facet normal 0 0 -1
    outer loop
      vertex -6.98372 11.4209 0
      vertex -5.5 12 0
      vertex -6.94736 11.3193 0
    endloop
  endfacet
  facet normal 0 0 -1
    outer loop
      vertex -7.02988 11.5185 0
      vertex -5.5 12 0
      vertex -6.98372 11.4209 0
    endloop
  endfacet
  facet normal 0 0 -1
    outer loop
      vertex -7.08537 11.6111 0
      vertex -5.5 12 0
      vertex -7.02988 11.5185 0
    endloop
  endfacet
  facet normal 0 0 -1
    outer loop
      vertex -7.14967 11.6978 0
      vertex -5.5 12 0
      vertex -7.08537 11.6111 0
    endloop
  endfacet
  facet normal 0 0 -1
    outer loop
      vertex -7.22217 11.7778 0
      vertex -5.5 12 0
      vertex -7.14967 11.6978 0
    endloop
  endfacet
  facet normal 0 0 -1
    outer loop
      vertex -7.30215 11.8503 0
      vertex -5.5 12 0
      vertex -7.22217 11.7778 0
    endloop
  endfacet
  facet normal 0 0 -1
    outer loop
      vertex -7.38887 11.9146 0
      vertex -5.5 12 0
      vertex -7.30215 11.8503 0
    endloop
  endfacet
  facet normal 0 0 -1
    outer loop
      vertex -7.48146 11.9701 0
      vertex -5.5 12 0
      vertex -7.38887 11.9146 0
    endloop
  endfacet
  facet normal 0 0 -1
    outer loop
      vertex -7.57904 12.0163 0
      vertex -5.5 12 0
      vertex -7.48146 11.9701 0
    endloop
  endfacet
  facet normal 0 0 -1
    outer loop
      vertex -7.68068 12.0526 0
      vertex -5.5 12 0
      vertex -7.57904 12.0163 0
    endloop
  endfacet
  facet normal 0 0 -1
    outer loop
      vertex -7.7854 12.0789 0
      vertex -5.5 12 0
      vertex -7.68068 12.0526 0
    endloop
  endfacet
  facet normal 0 0 -1
    outer loop
      vertex -5.5 12 0
      vertex -7.7854 12.0789 0
      vertex -14 16 0
    endloop
  endfacet
  facet normal 0 0 -1
    outer loop
      vertex -14 16 0
      vertex -7.7854 12.0789 0
      vertex -7.89217 12.0947 0
    endloop
  endfacet
  facet normal 0 0 -1
    outer loop
      vertex -14 16 0
      vertex -7.89217 12.0947 0
      vertex -8 12.1 0
    endloop
  endfacet
  facet normal 0 0 -1
    outer loop
      vertex -14 16 0
      vertex -8 12.1 0
      vertex -8.10782 12.0947 0
    endloop
  endfacet
  facet normal 0 0 -1
    outer loop
      vertex -14 16 0
      vertex -8.10782 12.0947 0
      vertex -8.21458 12.0789 0
    endloop
  endfacet
  facet normal 0 0 -1
    outer loop
      vertex -9.07886 10.7854 0
      vertex -14 15.8681 0
      vertex -9.0947 10.8922 0
    endloop
  endfacet
  facet normal 0 0 -1
    outer loop
      vertex -9.0947 10.8922 0
      vertex -14 15.8681 0
      vertex -9.09999 11 0
    endloop
  endfacet
  facet normal 0 0 -1
    outer loop
      vertex -9.09999 11 0
      vertex -14 15.8681 0
      vertex -9.0947 11.1078 0
    endloop
  endfacet
  facet normal 0 0 -1
    outer loop
      vertex -9.0947 11.1078 0
      vertex -14 15.8681 0
      vertex -9.07886 11.2146 0
    endloop
  endfacet
  facet normal 0 0 -1
    outer loop
      vertex -14 15.8681 0
      vertex -9.05263 11.3193 0
      vertex -9.07886 11.2146 0
    endloop
  endfacet
  facet normal 0 0 -1
    outer loop
      vertex -14 15.8681 0
      vertex -9.01627 11.4209 0
      vertex -9.05263 11.3193 0
    endloop
  endfacet
  facet normal 0 0 -1
    outer loop
      vertex -14 15.8681 0
      vertex -8.97011 11.5185 0
      vertex -9.01627 11.4209 0
    endloop
  endfacet
  facet normal 0 0 -1
    outer loop
      vertex -14 15.8681 0
      vertex -8.91461 11.6111 0
      vertex -8.97011 11.5185 0
    endloop
  endfacet
  facet normal 0 0 -1
    outer loop
      vertex -14 15.8681 0
      vertex -8.85031 11.6978 0
      vertex -8.91461 11.6111 0
    endloop
  endfacet
  facet normal 0 0 -1
    outer loop
      vertex -14 15.8681 0
      vertex -8.77782 11.7778 0
      vertex -8.85031 11.6978 0
    endloop
  endfacet
  facet normal 0 0 -1
    outer loop
      vertex -14 15.8681 0
      vertex -8.69783 11.8503 0
      vertex -8.77782 11.7778 0
    endloop
  endfacet
  facet normal 0 0 -1
    outer loop
      vertex -14 15.8681 0
      vertex -8.61111 11.9146 0
      vertex -8.69783 11.8503 0
    endloop
  endfacet
  facet normal 0 0 -1
    outer loop
      vertex -14 15.8681 0
      vertex -8.51852 11.9701 0
      vertex -8.61111 11.9146 0
    endloop
  endfacet
  facet normal 0 0 -1
    outer loop
      vertex -14 15.8681 0
      vertex -8.42094 12.0163 0
      vertex -8.51852 11.9701 0
    endloop
  endfacet
  facet normal 0 0 -1
    outer loop
      vertex -14 16 0
      vertex -8.42094 12.0163 0
      vertex -14 15.8681 0
    endloop
  endfacet
  facet normal 0 0 -1
    outer loop
      vertex -8.42094 12.0163 0
      vertex -14 16 0
      vertex -8.31931 12.0526 0
    endloop
  endfacet
  facet normal 0 0 -1
    outer loop
      vertex -8.31931 12.0526 0
      vertex -14 16 0
      vertex -8.21458 12.0789 0
    endloop
  endfacet
  facet normal 0 0 -1
    outer loop
      vertex -2.5 12 0
      vertex -14 16 0
      vertex 13 16 0
    endloop
  endfacet
  facet normal -1 0 0
    outer loop
      vertex -14 -15.8681 0
      vertex -14 -16 0
      vertex -14 -15.8681 3
    endloop
  endfacet
  facet normal -1 0 0
    outer loop
      vertex -14 15.8681 3
      vertex -14 9.24398 4.87748
      vertex -14 9.25 5
    endloop
  endfacet
  facet normal -1 0 0
    outer loop
      vertex -14 15.8681 3
      vertex -14 9.22598 4.75614
      vertex -14 9.24398 4.87748
    endloop
  endfacet
  facet normal -1 0 0
    outer loop
      vertex -14 15.8681 3
      vertex -14 9.19617 4.63715
      vertex -14 9.22598 4.75614
    endloop
  endfacet
  facet normal -1 0 0
    outer loop
      vertex -14 15.8681 3
      vertex -14 9.15485 4.52165
      vertex -14 9.19617 4.63715
    endloop
  endfacet
  facet normal -1 0 0
    outer loop
      vertex -14 15.8681 3
      vertex -14 9.1024 4.41075
      vertex -14 9.15485 4.52165
    endloop
  endfacet
  facet normal -1 0 0
    outer loop
      vertex -14 15.8681 3
      vertex -14 9.03934 4.30554
      vertex -14 9.1024 4.41075
    endloop
  endfacet
  facet normal -1 0 0
    outer loop
      vertex -14 15.8681 3
      vertex -14 8.96626 4.20701
      vertex -14 9.03934 4.30554
    endloop
  endfacet
  facet normal -1 0 0
    outer loop
      vertex -14 15.8681 3
      vertex -14 8.88388 4.11612
      vertex -14 8.96626 4.20701
    endloop
  endfacet
  facet normal -1 0 0
    outer loop
      vertex -14 15.8681 3
      vertex -14 8.79299 4.03374
      vertex -14 8.88388 4.11612
    endloop
  endfacet
  facet normal -1 0 0
    outer loop
      vertex -14 15.8681 3
      vertex -14 8.69446 3.96066
      vertex -14 8.79299 4.03374
    endloop
  endfacet
  facet normal -1 0 0
    outer loop
      vertex -14 15.8681 3
      vertex -14 8.58925 3.8976
      vertex -14 8.69446 3.96066
    endloop
  endfacet
  facet normal -1 0 0
    outer loop
      vertex -14 15.8681 3
      vertex -14 8.47835 3.84515
      vertex -14 8.58925 3.8976
    endloop
  endfacet
  facet normal -1 0 0
    outer loop
      vertex -14 15.8681 3
      vertex -14 8.36285 3.80383
      vertex -14 8.47835 3.84515
    endloop
  endfacet
  facet normal -1 0 0
    outer loop
      vertex -14 15.8681 3
      vertex -14 8.24386 3.77402
      vertex -14 8.36285 3.80383
    endloop
  endfacet
  facet normal -1 0 0
    outer loop
      vertex -14 15.8681 3
      vertex -14 8.12252 3.75602
      vertex -14 8.24386 3.77402
    endloop
  endfacet
  facet normal -1 0 0
    outer loop
      vertex -14 15.8681 3
      vertex -14 8 3.75
      vertex -14 8.12252 3.75602
    endloop
  endfacet
  facet normal -1 0 0
    outer loop
      vertex -14 15.8681 3
      vertex -14 7.87748 3.75602
      vertex -14 8 3.75
    endloop
  endfacet
  facet normal -1 0 0
    outer loop
      vertex -14 6.75 5
      vertex -14 -6.75 5
      vertex -14 6.75 19
    endloop
  endfacet
  facet normal -1 0 0
    outer loop
      vertex -14 6.75602 4.87748
      vertex -14 -6.75 5
      vertex -14 6.75 5
    endloop
  endfacet
  facet normal -1 0 0
    outer loop
      vertex -14 -6.75602 4.87748
      vertex -14 6.75602 4.87748
      vertex -14 6.77402 4.75614
    endloop
  endfacet
  facet normal -1 0 0
    outer loop
      vertex -14 -6.77402 4.75614
      vertex -14 6.77402 4.75614
      vertex -14 6.80383 4.63715
    endloop
  endfacet
  facet normal -1 0 0
    outer loop
      vertex -14 -6.80383 4.63715
      vertex -14 6.80383 4.63715
      vertex -14 6.84515 4.52165
    endloop
  endfacet
  facet normal -1 0 0
    outer loop
      vertex -14 -6.84515 4.52165
      vertex -14 6.84515 4.52165
      vertex -14 6.8976 4.41075
    endloop
  endfacet
  facet normal -1 0 0
    outer loop
      vertex -14 -6.8976 4.41075
      vertex -14 6.8976 4.41075
      vertex -14 6.96066 4.30554
    endloop
  endfacet
  facet normal -1 0 0
    outer loop
      vertex -14 -6.96066 4.30554
      vertex -14 6.96066 4.30554
      vertex -14 7.03374 4.20701
    endloop
  endfacet
  facet normal -1 0 0
    outer loop
      vertex -14 -7.03374 4.20701
      vertex -14 7.03374 4.20701
      vertex -14 7.11612 4.11612
    endloop
  endfacet
  facet normal -1 0 0
    outer loop
      vertex -14 -7.11612 4.11612
      vertex -14 7.11612 4.11612
      vertex -14 7.20701 4.03374
    endloop
  endfacet
  facet normal -1 0 0
    outer loop
      vertex -14 -7.20701 4.03374
      vertex -14 7.20701 4.03374
      vertex -14 7.30554 3.96066
    endloop
  endfacet
  facet normal -1 0 0
    outer loop
      vertex -14 -7.30554 3.96066
      vertex -14 7.30554 3.96066
      vertex -14 7.41075 3.8976
    endloop
  endfacet
  facet normal -1 0 0
    outer loop
      vertex -14 -7.41075 3.8976
      vertex -14 7.41075 3.8976
      vertex -14 7.52165 3.84515
    endloop
  endfacet
  facet normal -1 0 0
    outer loop
      vertex -14 -7.52165 3.84515
      vertex -14 7.52165 3.84515
      vertex -14 7.63715 3.80383
    endloop
  endfacet
  facet normal -1 0 0
    outer loop
      vertex -14 -7.63715 3.80383
      vertex -14 7.63715 3.80383
      vertex -14 7.75614 3.77402
    endloop
  endfacet
  facet normal -1 0 0
    outer loop
      vertex -14 -7.75614 3.77402
      vertex -14 7.75614 3.77402
      vertex -14 7.87748 3.75602
    endloop
  endfacet
  facet normal -1 0 0
    outer loop
      vertex -14 -7.87748 3.75602
      vertex -14 7.87748 3.75602
      vertex -14 15.8681 3
    endloop
  endfacet
  facet normal -1 0 0
    outer loop
      vertex -14 6.75602 4.87748
      vertex -14 -6.75602 4.87748
      vertex -14 -6.75 5
    endloop
  endfacet
  facet normal -1 0 0
    outer loop
      vertex -14 6.77402 4.75614
      vertex -14 -6.77402 4.75614
      vertex -14 -6.75602 4.87748
    endloop
  endfacet
  facet normal -1 0 0
    outer loop
      vertex -14 6.80383 4.63715
      vertex -14 -6.80383 4.63715
      vertex -14 -6.77402 4.75614
    endloop
  endfacet
  facet normal -1 0 0
    outer loop
      vertex -14 6.84515 4.52165
      vertex -14 -6.84515 4.52165
      vertex -14 -6.80383 4.63715
    endloop
  endfacet
  facet normal -1 0 0
    outer loop
      vertex -14 6.8976 4.41075
      vertex -14 -6.8976 4.41075
      vertex -14 -6.84515 4.52165
    endloop
  endfacet
  facet normal -1 0 0
    outer loop
      vertex -14 6.96066 4.30554
      vertex -14 -6.96066 4.30554
      vertex -14 -6.8976 4.41075
    endloop
  endfacet
  facet normal -1 0 0
    outer loop
      vertex -14 7.03374 4.20701
      vertex -14 -7.03374 4.20701
      vertex -14 -6.96066 4.30554
    endloop
  endfacet
  facet normal -1 0 0
    outer loop
      vertex -14 7.11612 4.11612
      vertex -14 -7.11612 4.11612
      vertex -14 -7.03374 4.20701
    endloop
  endfacet
  facet normal -1 0 0
    outer loop
      vertex -14 7.20701 4.03374
      vertex -14 -7.20701 4.03374
      vertex -14 -7.11612 4.11612
    endloop
  endfacet
  facet normal -1 0 0
    outer loop
      vertex -14 7.30554 3.96066
      vertex -14 -7.30554 3.96066
      vertex -14 -7.20701 4.03374
    endloop
  endfacet
  facet normal -1 0 0
    outer loop
      vertex -14 7.41075 3.8976
      vertex -14 -7.41075 3.8976
      vertex -14 -7.30554 3.96066
    endloop
  endfacet
  facet normal -1 0 0
    outer loop
      vertex -14 7.52165 3.84515
      vertex -14 -7.52165 3.84515
      vertex -14 -7.41075 3.8976
    endloop
  endfacet
  facet normal -1 0 0
    outer loop
      vertex -14 7.63715 3.80383
      vertex -14 -7.63715 3.80383
      vertex -14 -7.52165 3.84515
    endloop
  endfacet
  facet normal -1 0 0
    outer loop
      vertex -14 7.75614 3.77402
      vertex -14 -7.75614 3.77402
      vertex -14 -7.63715 3.80383
    endloop
  endfacet
  facet normal -1 0 0
    outer loop
      vertex -14 7.87748 3.75602
      vertex -14 -7.87748 3.75602
      vertex -14 -7.75614 3.77402
    endloop
  endfacet
  facet normal -1 0 0
    outer loop
      vertex -14 -15.8681 3
      vertex -14 -7.87748 3.75602
      vertex -14 15.8681 3
    endloop
  endfacet
  facet normal -1 -0 0
    outer loop
      vertex -14 -9.25 5
      vertex -14 -15.8681 3
      vertex -14 -9.25 19
    endloop
  endfacet
  facet normal -1 -0 0
    outer loop
      vertex -14 -9.24398 4.87748
      vertex -14 -15.8681 3
      vertex -14 -9.25 5
    endloop
  endfacet
  facet normal -1 -0 0
    outer loop
      vertex -14 -9.22598 4.75614
      vertex -14 -15.8681 3
      vertex -14 -9.24398 4.87748
    endloop
  endfacet
  facet normal -1 -0 0
    outer loop
      vertex -14 -9.19617 4.63715
      vertex -14 -15.8681 3
      vertex -14 -9.22598 4.75614
    endloop
  endfacet
  facet normal -1 -0 0
    outer loop
      vertex -14 -9.15485 4.52165
      vertex -14 -15.8681 3
      vertex -14 -9.19617 4.63715
    endloop
  endfacet
  facet normal -1 -0 0
    outer loop
      vertex -14 -9.1024 4.41075
      vertex -14 -15.8681 3
      vertex -14 -9.15485 4.52165
    endloop
  endfacet
  facet normal -1 -0 0
    outer loop
      vertex -14 -9.03934 4.30554
      vertex -14 -15.8681 3
      vertex -14 -9.1024 4.41075
    endloop
  endfacet
  facet normal -1 -0 0
    outer loop
      vertex -14 -8.96626 4.20701
      vertex -14 -15.8681 3
      vertex -14 -9.03934 4.30554
    endloop
  endfacet
  facet normal -1 -0 0
    outer loop
      vertex -14 -8.88388 4.11612
      vertex -14 -15.8681 3
      vertex -14 -8.96626 4.20701
    endloop
  endfacet
  facet normal -1 -0 0
    outer loop
      vertex -14 -8.79299 4.03374
      vertex -14 -15.8681 3
      vertex -14 -8.88388 4.11612
    endloop
  endfacet
  facet normal -1 -0 0
    outer loop
      vertex -14 -8.69446 3.96066
      vertex -14 -15.8681 3
      vertex -14 -8.79299 4.03374
    endloop
  endfacet
  facet normal -1 -0 0
    outer loop
      vertex -14 -8.58925 3.8976
      vertex -14 -15.8681 3
      vertex -14 -8.69446 3.96066
    endloop
  endfacet
  facet normal -1 -0 0
    outer loop
      vertex -14 -8.47835 3.84515
      vertex -14 -15.8681 3
      vertex -14 -8.58925 3.8976
    endloop
  endfacet
  facet normal -1 -0 0
    outer loop
      vertex -14 -8.36285 3.80383
      vertex -14 -15.8681 3
      vertex -14 -8.47835 3.84515
    endloop
  endfacet
  facet normal -1 -0 0
    outer loop
      vertex -14 -8.24386 3.77402
      vertex -14 -15.8681 3
      vertex -14 -8.36285 3.80383
    endloop
  endfacet
  facet normal -1 -0 0
    outer loop
      vertex -14 -8.12252 3.75602
      vertex -14 -15.8681 3
      vertex -14 -8.24386 3.77402
    endloop
  endfacet
  facet normal -1 -0 0
    outer loop
      vertex -14 -8 3.75
      vertex -14 -15.8681 3
      vertex -14 -8.12252 3.75602
    endloop
  endfacet
  facet normal -1 0 0
    outer loop
      vertex -14 -7.87748 3.75602
      vertex -14 -15.8681 3
      vertex -14 -8 3.75
    endloop
  endfacet
  facet normal -1 0 0
    outer loop
      vertex -14 15.8681 3
      vertex -14 16 0
      vertex -14 15.8681 0
    endloop
  endfacet
  facet normal -1 0 0
    outer loop
      vertex -14 16 0
      vertex -14 15.8681 3
      vertex -14 16 25
    endloop
  endfacet
  facet normal -1 0 0
    outer loop
      vertex -14 9.25 19
      vertex -14 15.8681 3
      vertex -14 9.25 5
    endloop
  endfacet
  facet normal -1 0 0
    outer loop
      vertex -14 15.8681 3
      vertex -14 9.25 19
      vertex -14 16 25
    endloop
  endfacet
  facet normal -1 0 0
    outer loop
      vertex -14 9.24398 19.1225
      vertex -14 16 25
      vertex -14 9.25 19
    endloop
  endfacet
  facet normal -1 0 0
    outer loop
      vertex -14 9.22598 19.2439
      vertex -14 16 25
      vertex -14 9.24398 19.1225
    endloop
  endfacet
  facet normal -1 0 0
    outer loop
      vertex -14 9.19617 19.3629
      vertex -14 16 25
      vertex -14 9.22598 19.2439
    endloop
  endfacet
  facet normal -1 0 0
    outer loop
      vertex -14 9.15485 19.4784
      vertex -14 16 25
      vertex -14 9.19617 19.3629
    endloop
  endfacet
  facet normal -1 0 0
    outer loop
      vertex -14 9.1024 19.5892
      vertex -14 16 25
      vertex -14 9.15485 19.4784
    endloop
  endfacet
  facet normal -1 0 0
    outer loop
      vertex -14 9.03934 19.6945
      vertex -14 16 25
      vertex -14 9.1024 19.5892
    endloop
  endfacet
  facet normal -1 0 0
    outer loop
      vertex -14 8.96626 19.793
      vertex -14 16 25
      vertex -14 9.03934 19.6945
    endloop
  endfacet
  facet normal -1 0 0
    outer loop
      vertex -14 8.88388 19.8839
      vertex -14 16 25
      vertex -14 8.96626 19.793
    endloop
  endfacet
  facet normal -1 0 0
    outer loop
      vertex -14 8.79299 19.9663
      vertex -14 16 25
      vertex -14 8.88388 19.8839
    endloop
  endfacet
  facet normal -1 0 0
    outer loop
      vertex -14 8.69446 20.0393
      vertex -14 16 25
      vertex -14 8.79299 19.9663
    endloop
  endfacet
  facet normal -1 0 0
    outer loop
      vertex -14 8.58925 20.1024
      vertex -14 16 25
      vertex -14 8.69446 20.0393
    endloop
  endfacet
  facet normal -1 0 0
    outer loop
      vertex -14 8.47835 20.1549
      vertex -14 16 25
      vertex -14 8.58925 20.1024
    endloop
  endfacet
  facet normal -1 0 0
    outer loop
      vertex -14 8.36285 20.1962
      vertex -14 16 25
      vertex -14 8.47835 20.1549
    endloop
  endfacet
  facet normal -1 0 0
    outer loop
      vertex -14 8.24386 20.226
      vertex -14 16 25
      vertex -14 8.36285 20.1962
    endloop
  endfacet
  facet normal -1 0 0
    outer loop
      vertex -14 8.12252 20.244
      vertex -14 16 25
      vertex -14 8.24386 20.226
    endloop
  endfacet
  facet normal -1 0 0
    outer loop
      vertex -14 8 20.25
      vertex -14 16 25
      vertex -14 8.12252 20.244
    endloop
  endfacet
  facet normal -1 0 0
    outer loop
      vertex -14 7.87748 20.244
      vertex -14 16 25
      vertex -14 8 20.25
    endloop
  endfacet
  facet normal -1 0 0
    outer loop
      vertex -14 7.75614 20.226
      vertex -14 16 25
      vertex -14 7.87748 20.244
    endloop
  endfacet
  facet normal -1 0 0
    outer loop
      vertex -14 7.63715 20.1962
      vertex -14 16 25
      vertex -14 7.75614 20.226
    endloop
  endfacet
  facet normal -1 0 0
    outer loop
      vertex -14 -7.63715 20.1962
      vertex -14 7.63715 20.1962
      vertex -14 7.52165 20.1549
    endloop
  endfacet
  facet normal -1 0 0
    outer loop
      vertex -14 -7.52165 20.1549
      vertex -14 7.52165 20.1549
      vertex -14 7.41075 20.1024
    endloop
  endfacet
  facet normal -1 0 0
    outer loop
      vertex -14 -6.75 19
      vertex -14 6.75 19
      vertex -14 -6.75 5
    endloop
  endfacet
  facet normal -1 0 0
    outer loop
      vertex -14 6.75 19
      vertex -14 -6.75 19
      vertex -14 6.75602 19.1225
    endloop
  endfacet
  facet normal -1 0 0
    outer loop
      vertex -14 -6.75602 19.1225
      vertex -14 6.75602 19.1225
      vertex -14 -6.75 19
    endloop
  endfacet
  facet normal -1 0 0
    outer loop
      vertex -14 6.75602 19.1225
      vertex -14 -6.75602 19.1225
      vertex -14 6.77402 19.2439
    endloop
  endfacet
  facet normal -1 0 0
    outer loop
      vertex -14 -6.77402 19.2439
      vertex -14 6.77402 19.2439
      vertex -14 -6.75602 19.1225
    endloop
  endfacet
  facet normal -1 0 0
    outer loop
      vertex -14 6.77402 19.2439
      vertex -14 -6.77402 19.2439
      vertex -14 6.80383 19.3629
    endloop
  endfacet
  facet normal -1 0 0
    outer loop
      vertex -14 -6.80383 19.3629
      vertex -14 6.80383 19.3629
      vertex -14 -6.77402 19.2439
    endloop
  endfacet
  facet normal -1 0 0
    outer loop
      vertex -14 6.80383 19.3629
      vertex -14 -6.80383 19.3629
      vertex -14 6.84515 19.4784
    endloop
  endfacet
  facet normal -1 0 0
    outer loop
      vertex -14 -6.84515 19.4784
      vertex -14 6.84515 19.4784
      vertex -14 -6.80383 19.3629
    endloop
  endfacet
  facet normal -1 0 0
    outer loop
      vertex -14 6.84515 19.4784
      vertex -14 -6.84515 19.4784
      vertex -14 6.8976 19.5892
    endloop
  endfacet
  facet normal -1 0 0
    outer loop
      vertex -14 -6.8976 19.5892
      vertex -14 6.8976 19.5892
      vertex -14 -6.84515 19.4784
    endloop
  endfacet
  facet normal -1 0 0
    outer loop
      vertex -14 6.8976 19.5892
      vertex -14 -6.8976 19.5892
      vertex -14 6.96066 19.6945
    endloop
  endfacet
  facet normal -1 0 0
    outer loop
      vertex -14 -6.96066 19.6945
      vertex -14 6.96066 19.6945
      vertex -14 -6.8976 19.5892
    endloop
  endfacet
  facet normal -1 0 0
    outer loop
      vertex -14 6.96066 19.6945
      vertex -14 -6.96066 19.6945
      vertex -14 7.03374 19.793
    endloop
  endfacet
  facet normal -1 0 0
    outer loop
      vertex -14 -7.03374 19.793
      vertex -14 7.03374 19.793
      vertex -14 -6.96066 19.6945
    endloop
  endfacet
  facet normal -1 0 0
    outer loop
      vertex -14 7.03374 19.793
      vertex -14 -7.03374 19.793
      vertex -14 7.11612 19.8839
    endloop
  endfacet
  facet normal -1 0 0
    outer loop
      vertex -14 -7.11612 19.8839
      vertex -14 7.11612 19.8839
      vertex -14 -7.03374 19.793
    endloop
  endfacet
  facet normal -1 0 0
    outer loop
      vertex -14 7.11612 19.8839
      vertex -14 -7.11612 19.8839
      vertex -14 7.20701 19.9663
    endloop
  endfacet
  facet normal -1 0 0
    outer loop
      vertex -14 -7.20701 19.9663
      vertex -14 7.20701 19.9663
      vertex -14 -7.11612 19.8839
    endloop
  endfacet
  facet normal -1 0 0
    outer loop
      vertex -14 7.20701 19.9663
      vertex -14 -7.20701 19.9663
      vertex -14 7.30554 20.0393
    endloop
  endfacet
  facet normal -1 0 0
    outer loop
      vertex -14 -7.30554 20.0393
      vertex -14 7.30554 20.0393
      vertex -14 -7.20701 19.9663
    endloop
  endfacet
  facet normal -1 0 0
    outer loop
      vertex -14 7.30554 20.0393
      vertex -14 -7.30554 20.0393
      vertex -14 7.41075 20.1024
    endloop
  endfacet
  facet normal -1 0 0
    outer loop
      vertex -14 -7.41075 20.1024
      vertex -14 7.41075 20.1024
      vertex -14 -7.30554 20.0393
    endloop
  endfacet
  facet normal -1 0 0
    outer loop
      vertex -14 -7.52165 20.1549
      vertex -14 7.41075 20.1024
      vertex -14 -7.41075 20.1024
    endloop
  endfacet
  facet normal -1 0 0
    outer loop
      vertex -14 7.52165 20.1549
      vertex -14 -7.52165 20.1549
      vertex -14 -7.63715 20.1962
    endloop
  endfacet
  facet normal -1 0 0
    outer loop
      vertex -14 7.63715 20.1962
      vertex -14 -7.63715 20.1962
      vertex -14 16 25
    endloop
  endfacet
  facet normal -1 0 0
    outer loop
      vertex -14 -16 25
      vertex -14 -7.63715 20.1962
      vertex -14 -7.75614 20.226
    endloop
  endfacet
  facet normal -1 0 0
    outer loop
      vertex -14 -16 25
      vertex -14 -7.75614 20.226
      vertex -14 -7.87748 20.244
    endloop
  endfacet
  facet normal -1 0 0
    outer loop
      vertex -14 -16 25
      vertex -14 -7.87748 20.244
      vertex -14 -8 20.25
    endloop
  endfacet
  facet normal -1 0 0
    outer loop
      vertex -14 -16 25
      vertex -14 -8 20.25
      vertex -14 -8.12252 20.244
    endloop
  endfacet
  facet normal -1 0 0
    outer loop
      vertex -14 -16 25
      vertex -14 -8.12252 20.244
      vertex -14 -8.24386 20.226
    endloop
  endfacet
  facet normal -1 0 0
    outer loop
      vertex -14 -16 25
      vertex -14 -9.25 19
      vertex -14 -15.8681 3
    endloop
  endfacet
  facet normal -1 0 0
    outer loop
      vertex -14 -9.25 19
      vertex -14 -16 25
      vertex -14 -9.24398 19.1225
    endloop
  endfacet
  facet normal -1 0 0
    outer loop
      vertex -14 -9.24398 19.1225
      vertex -14 -16 25
      vertex -14 -9.22598 19.2439
    endloop
  endfacet
  facet normal -1 0 0
    outer loop
      vertex -14 -9.22598 19.2439
      vertex -14 -16 25
      vertex -14 -9.19617 19.3629
    endloop
  endfacet
  facet normal -1 0 0
    outer loop
      vertex -14 -7.63715 20.1962
      vertex -14 -16 25
      vertex -14 16 25
    endloop
  endfacet
  facet normal -1 0 0
    outer loop
      vertex -14 -8.36285 20.1962
      vertex -14 -16 25
      vertex -14 -8.24386 20.226
    endloop
  endfacet
  facet normal -1 0 0
    outer loop
      vertex -14 -8.47835 20.1549
      vertex -14 -16 25
      vertex -14 -8.36285 20.1962
    endloop
  endfacet
  facet normal -1 0 0
    outer loop
      vertex -14 -8.58925 20.1024
      vertex -14 -16 25
      vertex -14 -8.47835 20.1549
    endloop
  endfacet
  facet normal -1 0 0
    outer loop
      vertex -14 -8.69446 20.0393
      vertex -14 -16 25
      vertex -14 -8.58925 20.1024
    endloop
  endfacet
  facet normal -1 0 0
    outer loop
      vertex -14 -8.79299 19.9663
      vertex -14 -16 25
      vertex -14 -8.69446 20.0393
    endloop
  endfacet
  facet normal -1 0 0
    outer loop
      vertex -14 -8.88388 19.8839
      vertex -14 -16 25
      vertex -14 -8.79299 19.9663
    endloop
  endfacet
  facet normal -1 0 0
    outer loop
      vertex -14 -8.96626 19.793
      vertex -14 -16 25
      vertex -14 -8.88388 19.8839
    endloop
  endfacet
  facet normal -1 0 0
    outer loop
      vertex -14 -9.03934 19.6945
      vertex -14 -16 25
      vertex -14 -8.96626 19.793
    endloop
  endfacet
  facet normal -1 0 0
    outer loop
      vertex -14 -9.1024 19.5892
      vertex -14 -16 25
      vertex -14 -9.03934 19.6945
    endloop
  endfacet
  facet normal -1 0 0
    outer loop
      vertex -14 -9.15485 19.4784
      vertex -14 -16 25
      vertex -14 -9.1024 19.5892
    endloop
  endfacet
  facet normal -1 0 0
    outer loop
      vertex -14 -9.19617 19.3629
      vertex -14 -16 25
      vertex -14 -9.15485 19.4784
    endloop
  endfacet
  facet normal -1 0 0
    outer loop
      vertex -14 -16 25
      vertex -14 -15.8681 3
      vertex -14 -16 0
    endloop
  endfacet
  facet normal 0 1 -0
    outer loop
      vertex -5.5 -10 3
      vertex -7.54462 -10 4
      vertex -5.5 -10 4
    endloop
  endfacet
  facet normal 0 1 0
    outer loop
      vertex -7.54462 -10 4
      vertex -5.5 -10 3
      vertex -7.54462 -10 3
    endloop
  endfacet
  facet normal 0 1 -0
    outer loop
      vertex 3.54462 -10 3
      vertex -2.5 -10 4
      vertex 3.54462 -10 4
    endloop
  endfacet
  facet normal 0 1 0
    outer loop
      vertex -2.5 -10 4
      vertex 3.54462 -10 3
      vertex -2.5 -10 3
    endloop
  endfacet
  facet normal 0 1 -0
    outer loop
      vertex 4.5 -10 3
      vertex 4.45536 -10 4
      vertex 4.5 -10 4
    endloop
  endfacet
  facet normal 0 1 0
    outer loop
      vertex 4.45536 -10 4
      vertex 4.5 -10 3
      vertex 4.45536 -10 3
    endloop
  endfacet
  facet normal 0 1 0
    outer loop
      vertex 4.5 -10 4
      vertex 6.4 -10 15.4
      vertex 6.4 -10 4
    endloop
  endfacet
  facet normal 0 1 0
    outer loop
      vertex 4.45536 -10 4
      vertex 6.4 -10 15.4
      vertex 4.5 -10 4
    endloop
  endfacet
  facet normal 0 1 0
    outer loop
      vertex 3.54462 -10 4
      vertex 6.4 -10 15.4
      vertex 4.45536 -10 4
    endloop
  endfacet
  facet normal 0 1 0
    outer loop
      vertex -2.5 -10 4
      vertex 6.4 -10 15.4
      vertex 3.54462 -10 4
    endloop
  endfacet
  facet normal 0 1 0
    outer loop
      vertex 6.4 -10 15.4
      vertex -2.5 -10 4
      vertex -11 -10 15.4
    endloop
  endfacet
  facet normal 0 1 -0
    outer loop
      vertex -5.5 -10 4
      vertex -11 -10 15.4
      vertex -2.5 -10 4
    endloop
  endfacet
  facet normal 0 1 -0
    outer loop
      vertex -7.54462 -10 4
      vertex -11 -10 15.4
      vertex -5.5 -10 4
    endloop
  endfacet
  facet normal 0 1 -0
    outer loop
      vertex -8.45536 -10 4
      vertex -11 -10 15.4
      vertex -7.54462 -10 4
    endloop
  endfacet
  facet normal 0 1 0
    outer loop
      vertex -11 -10 3
      vertex -8.45536 -10 4
      vertex -8.45536 -10 3
    endloop
  endfacet
  facet normal 0 1 0
    outer loop
      vertex -8.45536 -10 4
      vertex -11 -10 3
      vertex -11 -10 15.4
    endloop
  endfacet
  facet normal 0 -1 0
    outer loop
      vertex -11 -13 3
      vertex 6.4 -13 15.4
      vertex -11 -13 15.4
    endloop
  endfacet
  facet normal 0 -1 -0
    outer loop
      vertex 6.4 -13 15.4
      vertex -11 -13 3
      vertex 6.4 -13 3
    endloop
  endfacet
  facet normal 1 -0 0
    outer loop
      vertex 6.4 13 15.4
      vertex 6.4 16 3
      vertex 6.4 16 15.4
    endloop
  endfacet
  facet normal 1 0 0
    outer loop
      vertex 6.4 16 3
      vertex 6.4 13 15.4
      vertex 6.4 13 3
    endloop
  endfacet
  facet normal -0 0 1
    outer loop
      vertex -11 16 15.4
      vertex 6.4 13 15.4
      vertex 6.4 16 15.4
    endloop
  endfacet
  facet normal 0 0 1
    outer loop
      vertex 6.4 13 15.4
      vertex -11 16 15.4
      vertex -11 13 15.4
    endloop
  endfacet
  facet normal 0 1 0
    outer loop
      vertex 13 16 3
      vertex 13 16 0
      vertex 6.4 16 3
    endloop
  endfacet
  facet normal 0 1 0
    outer loop
      vertex 6.4 16 15.4
      vertex 6.4 16 3
      vertex -11 16 15.4
    endloop
  endfacet
  facet normal 0 1 -0
    outer loop
      vertex -11 16 15.4
      vertex -14 16 25
      vertex -11 16 25
    endloop
  endfacet
  facet normal 0 1 0
    outer loop
      vertex -11 16 15.4
      vertex -14 16 0
      vertex -14 16 25
    endloop
  endfacet
  facet normal 0 1 0
    outer loop
      vertex 6.4 16 3
      vertex -14 16 0
      vertex -11 16 15.4
    endloop
  endfacet
  facet normal 0 1 0
    outer loop
      vertex -14 16 0
      vertex 6.4 16 3
      vertex 13 16 0
    endloop
  endfacet
  facet normal 0 -1 0
    outer loop
      vertex -11 13 3
      vertex 6.4 13 15.4
      vertex -11 13 15.4
    endloop
  endfacet
  facet normal 0 -1 -0
    outer loop
      vertex 6.4 13 15.4
      vertex -11 13 3
      vertex 6.4 13 3
    endloop
  endfacet
  facet normal -0.970083 -0.242775 0
    outer loop
      vertex -16.8278 -13.1611 0
      vertex -16.9231 -12.7803 3
      vertex -16.9231 -12.7803 0
    endloop
  endfacet
  facet normal -0.970083 -0.242775 0
    outer loop
      vertex -16.9231 -12.7803 3
      vertex -16.8278 -13.1611 0
      vertex -16.8278 -13.1611 3
    endloop
  endfacet
  facet normal 0.904044 -0.42744 0
    outer loop
      vertex 16.5277 -13.8856 3
      vertex 16.6955 -13.5307 0
      vertex 16.6955 -13.5307 3
    endloop
  endfacet
  facet normal 0.904044 -0.42744 0
    outer loop
      vertex 16.6955 -13.5307 0
      vertex 16.5277 -13.8856 3
      vertex 16.5277 -13.8856 0
    endloop
  endfacet
  facet normal 1 -0 0
    outer loop
      vertex 17 -12 3
      vertex 17 12 0
      vertex 17 12 3
    endloop
  endfacet
  facet normal 1 0 0
    outer loop
      vertex 17 12 0
      vertex 17 -12 3
      vertex 17 -12 0
    endloop
  endfacet
  facet normal -0.904044 -0.42744 0
    outer loop
      vertex -16.5277 -13.8856 0
      vertex -16.6955 -13.5307 3
      vertex -16.6955 -13.5307 0
    endloop
  endfacet
  facet normal -0.904044 -0.42744 0
    outer loop
      vertex -16.6955 -13.5307 3
      vertex -16.5277 -13.8856 0
      vertex -16.5277 -13.8856 3
    endloop
  endfacet
  facet normal 0.9415 -0.337014 0
    outer loop
      vertex 16.6955 -13.5307 3
      vertex 16.8278 -13.1611 0
      vertex 16.8278 -13.1611 3
    endloop
  endfacet
  facet normal 0.9415 -0.337014 0
    outer loop
      vertex 16.8278 -13.1611 0
      vertex 16.6955 -13.5307 3
      vertex 16.6955 -13.5307 0
    endloop
  endfacet
  facet normal 0.989171 0.14677 0
    outer loop
      vertex 16.9807 12.3921 3
      vertex 16.9231 12.7803 0
      vertex 16.9231 12.7803 3
    endloop
  endfacet
  facet normal 0.989171 0.14677 0
    outer loop
      vertex 16.9231 12.7803 0
      vertex 16.9807 12.3921 3
      vertex 16.9807 12.3921 0
    endloop
  endfacet
  facet normal 0 -1 0
    outer loop
      vertex -14 -16 25
      vertex -11 -16 3
      vertex -11 -16 25
    endloop
  endfacet
  facet normal 0 -1 0
    outer loop
      vertex -14 -16 0
      vertex -11 -16 3
      vertex -14 -16 25
    endloop
  endfacet
  facet normal 0 -1 0
    outer loop
      vertex 13 -16 0
      vertex -11 -16 3
      vertex -14 -16 0
    endloop
  endfacet
  facet normal 0 -1 0
    outer loop
      vertex -11 -16 3
      vertex 13 -16 0
      vertex 13 -16 3
    endloop
  endfacet
  facet normal -0.9415 -0.337014 0
    outer loop
      vertex -16.6955 -13.5307 0
      vertex -16.8278 -13.1611 3
      vertex -16.8278 -13.1611 0
    endloop
  endfacet
  facet normal -0.9415 -0.337014 0
    outer loop
      vertex -16.8278 -13.1611 3
      vertex -16.6955 -13.5307 0
      vertex -16.6955 -13.5307 3
    endloop
  endfacet
  facet normal -0.970083 0.242775 0
    outer loop
      vertex -16.9231 12.7803 0
      vertex -16.8278 13.1611 3
      vertex -16.8278 13.1611 0
    endloop
  endfacet
  facet normal -0.970083 0.242775 0
    outer loop
      vertex -16.8278 13.1611 3
      vertex -16.9231 12.7803 0
      vertex -16.9231 12.7803 3
    endloop
  endfacet
  facet normal -0.998791 -0.0491626 0
    outer loop
      vertex -16.9807 -12.3921 0
      vertex -17 -12 3
      vertex -17 -12 0
    endloop
  endfacet
  facet normal -0.998791 -0.0491626 0
    outer loop
      vertex -17 -12 3
      vertex -16.9807 -12.3921 0
      vertex -16.9807 -12.3921 3
    endloop
  endfacet
  facet normal -0.514084 -0.85774 0
    outer loop
      vertex -15.2223 -15.3259 0
      vertex -14.8856 -15.5277 3
      vertex -15.2223 -15.3259 3
    endloop
  endfacet
  facet normal -0.514084 -0.85774 -0
    outer loop
      vertex -14.8856 -15.5277 3
      vertex -15.2223 -15.3259 0
      vertex -14.8856 -15.5277 0
    endloop
  endfacet
  facet normal 0.803137 0.595794 0
    outer loop
      vertex 16.3259 14.2223 3
      vertex 16.092 14.5376 0
      vertex 16.092 14.5376 3
    endloop
  endfacet
  facet normal 0.803137 0.595794 0
    outer loop
      vertex 16.092 14.5376 0
      vertex 16.3259 14.2223 3
      vertex 16.3259 14.2223 0
    endloop
  endfacet
  facet normal 0.803137 -0.595794 0
    outer loop
      vertex 16.092 -14.5376 3
      vertex 16.3259 -14.2223 0
      vertex 16.3259 -14.2223 3
    endloop
  endfacet
  facet normal 0.803137 -0.595794 0
    outer loop
      vertex 16.3259 -14.2223 0
      vertex 16.092 -14.5376 3
      vertex 16.092 -14.5376 0
    endloop
  endfacet
  facet normal 0.989171 -0.14677 0
    outer loop
      vertex 16.9231 -12.7803 3
      vertex 16.9807 -12.3921 0
      vertex 16.9807 -12.3921 3
    endloop
  endfacet
  facet normal 0.989171 -0.14677 0
    outer loop
      vertex 16.9807 -12.3921 0
      vertex 16.9231 -12.7803 3
      vertex 16.9231 -12.7803 0
    endloop
  endfacet
  facet normal 0.242775 0.970083 -0
    outer loop
      vertex 14.1611 15.8278 0
      vertex 13.7803 15.9231 3
      vertex 14.1611 15.8278 3
    endloop
  endfacet
  facet normal 0.242775 0.970083 0
    outer loop
      vertex 13.7803 15.9231 3
      vertex 14.1611 15.8278 0
      vertex 13.7803 15.9231 0
    endloop
  endfacet
  facet normal 0.0491626 0.998791 -0
    outer loop
      vertex 13.3921 15.9807 0
      vertex 13 16 3
      vertex 13.3921 15.9807 3
    endloop
  endfacet
  facet normal 0.0491626 0.998791 0
    outer loop
      vertex 13 16 3
      vertex 13.3921 15.9807 0
      vertex 13 16 0
    endloop
  endfacet
  facet normal 0.14677 0.989171 -0
    outer loop
      vertex 13.7803 15.9231 0
      vertex 13.3921 15.9807 3
      vertex 13.7803 15.9231 3
    endloop
  endfacet
  facet normal 0.14677 0.989171 0
    outer loop
      vertex 13.3921 15.9807 3
      vertex 13.7803 15.9231 0
      vertex 13.3921 15.9807 0
    endloop
  endfacet
  facet normal 0.671607 0.740908 -0
    outer loop
      vertex 15.8284 14.8284 0
      vertex 15.5376 15.092 3
      vertex 15.8284 14.8284 3
    endloop
  endfacet
  facet normal 0.671607 0.740908 0
    outer loop
      vertex 15.5376 15.092 3
      vertex 15.8284 14.8284 0
      vertex 15.5376 15.092 0
    endloop
  endfacet
  facet normal -0.904044 0.42744 0
    outer loop
      vertex -16.6955 13.5307 0
      vertex -16.5277 13.8856 3
      vertex -16.5277 13.8856 0
    endloop
  endfacet
  facet normal -0.904044 0.42744 0
    outer loop
      vertex -16.5277 13.8856 3
      vertex -16.6955 13.5307 0
      vertex -16.6955 13.5307 3
    endloop
  endfacet
  facet normal 0.242775 -0.970083 0
    outer loop
      vertex 13.7803 -15.9231 0
      vertex 14.1611 -15.8278 3
      vertex 13.7803 -15.9231 3
    endloop
  endfacet
  facet normal 0.242775 -0.970083 0
    outer loop
      vertex 14.1611 -15.8278 3
      vertex 13.7803 -15.9231 0
      vertex 14.1611 -15.8278 0
    endloop
  endfacet
  facet normal -0.740908 0.671607 0
    outer loop
      vertex -16.092 14.5376 0
      vertex -15.8284 14.8284 3
      vertex -15.8284 14.8284 0
    endloop
  endfacet
  facet normal -0.740908 0.671607 0
    outer loop
      vertex -15.8284 14.8284 3
      vertex -16.092 14.5376 0
      vertex -16.092 14.5376 3
    endloop
  endfacet
  facet normal 0.9415 0.337014 0
    outer loop
      vertex 16.8278 13.1611 3
      vertex 16.6955 13.5307 0
      vertex 16.6955 13.5307 3
    endloop
  endfacet
  facet normal 0.9415 0.337014 0
    outer loop
      vertex 16.6955 13.5307 0
      vertex 16.8278 13.1611 3
      vertex 16.8278 13.1611 0
    endloop
  endfacet
  facet normal 0.337014 0.9415 -0
    outer loop
      vertex 14.5307 15.6955 0
      vertex 14.1611 15.8278 3
      vertex 14.5307 15.6955 3
    endloop
  endfacet
  facet normal 0.337014 0.9415 0
    outer loop
      vertex 14.1611 15.8278 3
      vertex 14.5307 15.6955 0
      vertex 14.1611 15.8278 0
    endloop
  endfacet
  facet normal 0.14677 -0.989171 0
    outer loop
      vertex 13.3921 -15.9807 0
      vertex 13.7803 -15.9231 3
      vertex 13.3921 -15.9807 3
    endloop
  endfacet
  facet normal 0.14677 -0.989171 0
    outer loop
      vertex 13.7803 -15.9231 3
      vertex 13.3921 -15.9807 0
      vertex 13.7803 -15.9231 0
    endloop
  endfacet
  facet normal -0.989171 -0.14677 0
    outer loop
      vertex -16.9231 -12.7803 0
      vertex -16.9807 -12.3921 3
      vertex -16.9807 -12.3921 0
    endloop
  endfacet
  facet normal -0.989171 -0.14677 0
    outer loop
      vertex -16.9807 -12.3921 3
      vertex -16.9231 -12.7803 0
      vertex -16.9231 -12.7803 3
    endloop
  endfacet
  facet normal -0.998791 0.0491626 0
    outer loop
      vertex -17 12 0
      vertex -16.9807 12.3921 3
      vertex -16.9807 12.3921 0
    endloop
  endfacet
  facet normal -0.998791 0.0491626 0
    outer loop
      vertex -16.9807 12.3921 3
      vertex -17 12 0
      vertex -17 12 3
    endloop
  endfacet
  facet normal -0.242677 0.970107 0
    outer loop
      vertex -14 15.8681 0
      vertex -14.1611 15.8278 3
      vertex -14 15.8681 3
    endloop
  endfacet
  facet normal -0.242677 0.970107 0
    outer loop
      vertex -14.1611 15.8278 3
      vertex -14 15.8681 0
      vertex -14.1611 15.8278 0
    endloop
  endfacet
  facet normal -0.514084 0.85774 0
    outer loop
      vertex -14.8856 15.5277 0
      vertex -15.2223 15.3259 3
      vertex -14.8856 15.5277 3
    endloop
  endfacet
  facet normal -0.514084 0.85774 0
    outer loop
      vertex -15.2223 15.3259 3
      vertex -14.8856 15.5277 0
      vertex -15.2223 15.3259 0
    endloop
  endfacet
  facet normal 0.85774 -0.514084 0
    outer loop
      vertex 16.3259 -14.2223 3
      vertex 16.5277 -13.8856 0
      vertex 16.5277 -13.8856 3
    endloop
  endfacet
  facet normal 0.85774 -0.514084 0
    outer loop
      vertex 16.5277 -13.8856 0
      vertex 16.3259 -14.2223 3
      vertex 16.3259 -14.2223 0
    endloop
  endfacet
  facet normal -0.989171 0.14677 0
    outer loop
      vertex -16.9807 12.3921 0
      vertex -16.9231 12.7803 3
      vertex -16.9231 12.7803 0
    endloop
  endfacet
  facet normal -0.989171 0.14677 0
    outer loop
      vertex -16.9231 12.7803 3
      vertex -16.9807 12.3921 0
      vertex -16.9807 12.3921 3
    endloop
  endfacet
  facet normal -1 0 0
    outer loop
      vertex -17 -12 0
      vertex -17 12 3
      vertex -17 12 0
    endloop
  endfacet
  facet normal -1 -0 0
    outer loop
      vertex -17 12 3
      vertex -17 -12 0
      vertex -17 -12 3
    endloop
  endfacet
  facet normal 0.740908 -0.671607 0
    outer loop
      vertex 15.8284 -14.8284 3
      vertex 16.092 -14.5376 0
      vertex 16.092 -14.5376 3
    endloop
  endfacet
  facet normal 0.740908 -0.671607 0
    outer loop
      vertex 16.092 -14.5376 0
      vertex 15.8284 -14.8284 3
      vertex 15.8284 -14.8284 0
    endloop
  endfacet
  facet normal -0.85774 0.514084 0
    outer loop
      vertex -16.5277 13.8856 0
      vertex -16.3259 14.2223 3
      vertex -16.3259 14.2223 0
    endloop
  endfacet
  facet normal -0.85774 0.514084 0
    outer loop
      vertex -16.3259 14.2223 3
      vertex -16.5277 13.8856 0
      vertex -16.5277 13.8856 3
    endloop
  endfacet
  facet normal -0.803137 0.595794 0
    outer loop
      vertex -16.3259 14.2223 0
      vertex -16.092 14.5376 3
      vertex -16.092 14.5376 0
    endloop
  endfacet
  facet normal -0.803137 0.595794 0
    outer loop
      vertex -16.092 14.5376 3
      vertex -16.3259 14.2223 0
      vertex -16.3259 14.2223 3
    endloop
  endfacet
  facet normal -0.42744 0.904044 0
    outer loop
      vertex -14.5307 15.6955 0
      vertex -14.8856 15.5277 3
      vertex -14.5307 15.6955 3
    endloop
  endfacet
  facet normal -0.42744 0.904044 0
    outer loop
      vertex -14.8856 15.5277 3
      vertex -14.5307 15.6955 0
      vertex -14.8856 15.5277 0
    endloop
  endfacet
  facet normal 0.904044 0.42744 0
    outer loop
      vertex 16.6955 13.5307 3
      vertex 16.5277 13.8856 0
      vertex 16.5277 13.8856 3
    endloop
  endfacet
  facet normal 0.904044 0.42744 0
    outer loop
      vertex 16.5277 13.8856 0
      vertex 16.6955 13.5307 3
      vertex 16.6955 13.5307 0
    endloop
  endfacet
  facet normal -0.595794 -0.803137 0
    outer loop
      vertex -15.5376 -15.092 0
      vertex -15.2223 -15.3259 3
      vertex -15.5376 -15.092 3
    endloop
  endfacet
  facet normal -0.595794 -0.803137 -0
    outer loop
      vertex -15.2223 -15.3259 3
      vertex -15.5376 -15.092 0
      vertex -15.2223 -15.3259 0
    endloop
  endfacet
  facet normal 0.337014 -0.9415 0
    outer loop
      vertex 14.1611 -15.8278 0
      vertex 14.5307 -15.6955 3
      vertex 14.1611 -15.8278 3
    endloop
  endfacet
  facet normal 0.337014 -0.9415 0
    outer loop
      vertex 14.5307 -15.6955 3
      vertex 14.1611 -15.8278 0
      vertex 14.5307 -15.6955 0
    endloop
  endfacet
  facet normal 0.42744 0.904044 -0
    outer loop
      vertex 14.8856 15.5277 0
      vertex 14.5307 15.6955 3
      vertex 14.8856 15.5277 3
    endloop
  endfacet
  facet normal 0.42744 0.904044 0
    outer loop
      vertex 14.5307 15.6955 3
      vertex 14.8856 15.5277 0
      vertex 14.5307 15.6955 0
    endloop
  endfacet
  facet normal -0.9415 0.337014 0
    outer loop
      vertex -16.8278 13.1611 0
      vertex -16.6955 13.5307 3
      vertex -16.6955 13.5307 0
    endloop
  endfacet
  facet normal -0.9415 0.337014 0
    outer loop
      vertex -16.6955 13.5307 3
      vertex -16.8278 13.1611 0
      vertex -16.8278 13.1611 3
    endloop
  endfacet
  facet normal 0.514084 -0.85774 0
    outer loop
      vertex 14.8856 -15.5277 0
      vertex 15.2223 -15.3259 3
      vertex 14.8856 -15.5277 3
    endloop
  endfacet
  facet normal 0.514084 -0.85774 0
    outer loop
      vertex 15.2223 -15.3259 3
      vertex 14.8856 -15.5277 0
      vertex 15.2223 -15.3259 0
    endloop
  endfacet
  facet normal 0.671607 -0.740908 0
    outer loop
      vertex 15.5376 -15.092 0
      vertex 15.8284 -14.8284 3
      vertex 15.5376 -15.092 3
    endloop
  endfacet
  facet normal 0.671607 -0.740908 0
    outer loop
      vertex 15.8284 -14.8284 3
      vertex 15.5376 -15.092 0
      vertex 15.8284 -14.8284 0
    endloop
  endfacet
  facet normal 0.998791 0.0491626 0
    outer loop
      vertex 17 12 3
      vertex 16.9807 12.3921 0
      vertex 16.9807 12.3921 3
    endloop
  endfacet
  facet normal 0.998791 0.0491626 0
    outer loop
      vertex 16.9807 12.3921 0
      vertex 17 12 3
      vertex 17 12 0
    endloop
  endfacet
  facet normal 0.595794 -0.803137 0
    outer loop
      vertex 15.2223 -15.3259 0
      vertex 15.5376 -15.092 3
      vertex 15.2223 -15.3259 3
    endloop
  endfacet
  facet normal 0.595794 -0.803137 0
    outer loop
      vertex 15.5376 -15.092 3
      vertex 15.2223 -15.3259 0
      vertex 15.5376 -15.092 0
    endloop
  endfacet
  facet normal -0.242677 -0.970107 0
    outer loop
      vertex -14.1611 -15.8278 0
      vertex -14 -15.8681 3
      vertex -14.1611 -15.8278 3
    endloop
  endfacet
  facet normal -0.242677 -0.970107 -0
    outer loop
      vertex -14 -15.8681 3
      vertex -14.1611 -15.8278 0
      vertex -14 -15.8681 0
    endloop
  endfacet
  facet normal 0.970083 0.242775 0
    outer loop
      vertex 16.9231 12.7803 3
      vertex 16.8278 13.1611 0
      vertex 16.8278 13.1611 3
    endloop
  endfacet
  facet normal 0.970083 0.242775 0
    outer loop
      vertex 16.8278 13.1611 0
      vertex 16.9231 12.7803 3
      vertex 16.9231 12.7803 0
    endloop
  endfacet
  facet normal 0.998791 -0.0491626 0
    outer loop
      vertex 16.9807 -12.3921 3
      vertex 17 -12 0
      vertex 17 -12 3
    endloop
  endfacet
  facet normal 0.998791 -0.0491626 0
    outer loop
      vertex 17 -12 0
      vertex 16.9807 -12.3921 3
      vertex 16.9807 -12.3921 0
    endloop
  endfacet
  facet normal -0.803137 -0.595794 0
    outer loop
      vertex -16.092 -14.5376 0
      vertex -16.3259 -14.2223 3
      vertex -16.3259 -14.2223 0
    endloop
  endfacet
  facet normal -0.803137 -0.595794 0
    outer loop
      vertex -16.3259 -14.2223 3
      vertex -16.092 -14.5376 0
      vertex -16.092 -14.5376 3
    endloop
  endfacet
  facet normal 0.85774 0.514084 0
    outer loop
      vertex 16.5277 13.8856 3
      vertex 16.3259 14.2223 0
      vertex 16.3259 14.2223 3
    endloop
  endfacet
  facet normal 0.85774 0.514084 0
    outer loop
      vertex 16.3259 14.2223 0
      vertex 16.5277 13.8856 3
      vertex 16.5277 13.8856 0
    endloop
  endfacet
  facet normal -0.671607 -0.740908 0
    outer loop
      vertex -15.8284 -14.8284 0
      vertex -15.5376 -15.092 3
      vertex -15.8284 -14.8284 3
    endloop
  endfacet
  facet normal -0.671607 -0.740908 -0
    outer loop
      vertex -15.5376 -15.092 3
      vertex -15.8284 -14.8284 0
      vertex -15.5376 -15.092 0
    endloop
  endfacet
  facet normal -0.671607 0.740908 0
    outer loop
      vertex -15.5376 15.092 0
      vertex -15.8284 14.8284 3
      vertex -15.5376 15.092 3
    endloop
  endfacet
  facet normal -0.671607 0.740908 0
    outer loop
      vertex -15.8284 14.8284 3
      vertex -15.5376 15.092 0
      vertex -15.8284 14.8284 0
    endloop
  endfacet
  facet normal 0.740908 0.671607 0
    outer loop
      vertex 16.092 14.5376 3
      vertex 15.8284 14.8284 0
      vertex 15.8284 14.8284 3
    endloop
  endfacet
  facet normal 0.740908 0.671607 0
    outer loop
      vertex 15.8284 14.8284 0
      vertex 16.092 14.5376 3
      vertex 16.092 14.5376 0
    endloop
  endfacet
  facet normal 0.595794 0.803137 -0
    outer loop
      vertex 15.5376 15.092 0
      vertex 15.2223 15.3259 3
      vertex 15.5376 15.092 3
    endloop
  endfacet
  facet normal 0.595794 0.803137 0
    outer loop
      vertex 15.2223 15.3259 3
      vertex 15.5376 15.092 0
      vertex 15.2223 15.3259 0
    endloop
  endfacet
  facet normal -0.595794 0.803137 0
    outer loop
      vertex -15.2223 15.3259 0
      vertex -15.5376 15.092 3
      vertex -15.2223 15.3259 3
    endloop
  endfacet
  facet normal -0.595794 0.803137 0
    outer loop
      vertex -15.5376 15.092 3
      vertex -15.2223 15.3259 0
      vertex -15.5376 15.092 0
    endloop
  endfacet
  facet normal 0.0491626 -0.998791 0
    outer loop
      vertex 13 -16 0
      vertex 13.3921 -15.9807 3
      vertex 13 -16 3
    endloop
  endfacet
  facet normal 0.0491626 -0.998791 0
    outer loop
      vertex 13.3921 -15.9807 3
      vertex 13 -16 0
      vertex 13.3921 -15.9807 0
    endloop
  endfacet
  facet normal -0.337014 0.9415 0
    outer loop
      vertex -14.1611 15.8278 0
      vertex -14.5307 15.6955 3
      vertex -14.1611 15.8278 3
    endloop
  endfacet
  facet normal -0.337014 0.9415 0
    outer loop
      vertex -14.5307 15.6955 3
      vertex -14.1611 15.8278 0
      vertex -14.5307 15.6955 0
    endloop
  endfacet
  facet normal -0.85774 -0.514084 0
    outer loop
      vertex -16.3259 -14.2223 0
      vertex -16.5277 -13.8856 3
      vertex -16.5277 -13.8856 0
    endloop
  endfacet
  facet normal -0.85774 -0.514084 0
    outer loop
      vertex -16.5277 -13.8856 3
      vertex -16.3259 -14.2223 0
      vertex -16.3259 -14.2223 3
    endloop
  endfacet
  facet normal 0.970083 -0.242775 0
    outer loop
      vertex 16.8278 -13.1611 3
      vertex 16.9231 -12.7803 0
      vertex 16.9231 -12.7803 3
    endloop
  endfacet
  facet normal 0.970083 -0.242775 0
    outer loop
      vertex 16.9231 -12.7803 0
      vertex 16.8278 -13.1611 3
      vertex 16.8278 -13.1611 0
    endloop
  endfacet
  facet normal 0.42744 -0.904044 0
    outer loop
      vertex 14.5307 -15.6955 0
      vertex 14.8856 -15.5277 3
      vertex 14.5307 -15.6955 3
    endloop
  endfacet
  facet normal 0.42744 -0.904044 0
    outer loop
      vertex 14.8856 -15.5277 3
      vertex 14.5307 -15.6955 0
      vertex 14.8856 -15.5277 0
    endloop
  endfacet
  facet normal -0.42744 -0.904044 0
    outer loop
      vertex -14.8856 -15.5277 0
      vertex -14.5307 -15.6955 3
      vertex -14.8856 -15.5277 3
    endloop
  endfacet
  facet normal -0.42744 -0.904044 -0
    outer loop
      vertex -14.5307 -15.6955 3
      vertex -14.8856 -15.5277 0
      vertex -14.5307 -15.6955 0
    endloop
  endfacet
  facet normal -0.337014 -0.9415 0
    outer loop
      vertex -14.5307 -15.6955 0
      vertex -14.1611 -15.8278 3
      vertex -14.5307 -15.6955 3
    endloop
  endfacet
  facet normal -0.337014 -0.9415 -0
    outer loop
      vertex -14.1611 -15.8278 3
      vertex -14.5307 -15.6955 0
      vertex -14.1611 -15.8278 0
    endloop
  endfacet
  facet normal -0.740908 -0.671607 0
    outer loop
      vertex -15.8284 -14.8284 0
      vertex -16.092 -14.5376 3
      vertex -16.092 -14.5376 0
    endloop
  endfacet
  facet normal -0.740908 -0.671607 0
    outer loop
      vertex -16.092 -14.5376 3
      vertex -15.8284 -14.8284 0
      vertex -15.8284 -14.8284 3
    endloop
  endfacet
  facet normal 0.514084 0.85774 -0
    outer loop
      vertex 15.2223 15.3259 0
      vertex 14.8856 15.5277 3
      vertex 15.2223 15.3259 3
    endloop
  endfacet
  facet normal 0.514084 0.85774 0
    outer loop
      vertex 14.8856 15.5277 3
      vertex 15.2223 15.3259 0
      vertex 14.8856 15.5277 0
    endloop
  endfacet
  facet normal 0 0 1
    outer loop
      vertex -14.5307 15.6955 3
      vertex -14 15.8681 3
      vertex -14.1611 15.8278 3
    endloop
  endfacet
  facet normal 0 0 1
    outer loop
      vertex -14 15.8681 3
      vertex -17 12 3
      vertex -14 -15.8681 3
    endloop
  endfacet
  facet normal 0 0 1
    outer loop
      vertex -14 15.8681 3
      vertex -14.5307 15.6955 3
      vertex -17 12 3
    endloop
  endfacet
  facet normal -0 0 1
    outer loop
      vertex -17 -12 3
      vertex -14 -15.8681 3
      vertex -17 12 3
    endloop
  endfacet
  facet normal 0 0 1
    outer loop
      vertex -17 12 3
      vertex -14.5307 15.6955 3
      vertex -14.8856 15.5277 3
    endloop
  endfacet
  facet normal -0 -0 1
    outer loop
      vertex -14.5307 -15.6955 3
      vertex -14 -15.8681 3
      vertex -17 -12 3
    endloop
  endfacet
  facet normal 0 0 1
    outer loop
      vertex -17 12 3
      vertex -14.8856 15.5277 3
      vertex -15.2223 15.3259 3
    endloop
  endfacet
  facet normal 0 0 1
    outer loop
      vertex -14 -15.8681 3
      vertex -14.5307 -15.6955 3
      vertex -14.1611 -15.8278 3
    endloop
  endfacet
  facet normal 0 0 1
    outer loop
      vertex -17 12 3
      vertex -15.2223 15.3259 3
      vertex -15.5376 15.092 3
    endloop
  endfacet
  facet normal 0 0 1
    outer loop
      vertex -14.5307 -15.6955 3
      vertex -17 -12 3
      vertex -14.8856 -15.5277 3
    endloop
  endfacet
  facet normal 0 0 1
    outer loop
      vertex -17 12 3
      vertex -15.5376 15.092 3
      vertex -15.8284 14.8284 3
    endloop
  endfacet
  facet normal 0 0 1
    outer loop
      vertex -14.8856 -15.5277 3
      vertex -17 -12 3
      vertex -15.2223 -15.3259 3
    endloop
  endfacet
  facet normal 0 0 1
    outer loop
      vertex -17 12 3
      vertex -15.8284 14.8284 3
      vertex -16.092 14.5376 3
    endloop
  endfacet
  facet normal 0 0 1
    outer loop
      vertex -15.2223 -15.3259 3
      vertex -17 -12 3
      vertex -15.5376 -15.092 3
    endloop
  endfacet
  facet normal 0 0 1
    outer loop
      vertex -17 12 3
      vertex -16.092 14.5376 3
      vertex -16.3259 14.2223 3
    endloop
  endfacet
  facet normal 0 0 1
    outer loop
      vertex -15.5376 -15.092 3
      vertex -17 -12 3
      vertex -15.8284 -14.8284 3
    endloop
  endfacet
  facet normal 0 0 1
    outer loop
      vertex -17 12 3
      vertex -16.3259 14.2223 3
      vertex -16.5277 13.8856 3
    endloop
  endfacet
  facet normal 0 0 1
    outer loop
      vertex -15.8284 -14.8284 3
      vertex -17 -12 3
      vertex -16.092 -14.5376 3
    endloop
  endfacet
  facet normal 0 0 1
    outer loop
      vertex -17 12 3
      vertex -16.5277 13.8856 3
      vertex -16.6955 13.5307 3
    endloop
  endfacet
  facet normal 0 0 1
    outer loop
      vertex -16.092 -14.5376 3
      vertex -17 -12 3
      vertex -16.3259 -14.2223 3
    endloop
  endfacet
  facet normal 0 0 1
    outer loop
      vertex -17 12 3
      vertex -16.6955 13.5307 3
      vertex -16.8278 13.1611 3
    endloop
  endfacet
  facet normal 0 0 1
    outer loop
      vertex -16.3259 -14.2223 3
      vertex -17 -12 3
      vertex -16.5277 -13.8856 3
    endloop
  endfacet
  facet normal 0 0 1
    outer loop
      vertex -17 12 3
      vertex -16.8278 13.1611 3
      vertex -16.9231 12.7803 3
    endloop
  endfacet
  facet normal 0 0 1
    outer loop
      vertex -16.5277 -13.8856 3
      vertex -17 -12 3
      vertex -16.6955 -13.5307 3
    endloop
  endfacet
  facet normal 0 0 1
    outer loop
      vertex -17 12 3
      vertex -16.9231 12.7803 3
      vertex -16.9807 12.3921 3
    endloop
  endfacet
  facet normal 0 0 1
    outer loop
      vertex -16.6955 -13.5307 3
      vertex -17 -12 3
      vertex -16.8278 -13.1611 3
    endloop
  endfacet
  facet normal 0 0 1
    outer loop
      vertex -16.8278 -13.1611 3
      vertex -17 -12 3
      vertex -16.9231 -12.7803 3
    endloop
  endfacet
  facet normal 0 0 1
    outer loop
      vertex -16.9231 -12.7803 3
      vertex -17 -12 3
      vertex -16.9807 -12.3921 3
    endloop
  endfacet
  facet normal -0 0 1
    outer loop
      vertex -5.5 6 3
      vertex -2.5 -6 3
      vertex -2.5 6 3
    endloop
  endfacet
  facet normal 0 0 1
    outer loop
      vertex -2.5 -6 3
      vertex -5.5 6 3
      vertex -5.5 -6 3
    endloop
  endfacet
  facet normal -0 0 1
    outer loop
      vertex 4.42094 9.98372 3
      vertex 4.5 6 3
      vertex 4.5 10.0211 3
    endloop
  endfacet
  facet normal -0 0 1
    outer loop
      vertex 4.31931 9.94736 3
      vertex 4.5 6 3
      vertex 4.42094 9.98372 3
    endloop
  endfacet
  facet normal -0 0 1
    outer loop
      vertex 4.21458 9.92113 3
      vertex 4.5 6 3
      vertex 4.31931 9.94736 3
    endloop
  endfacet
  facet normal -0 0 1
    outer loop
      vertex 4.10782 9.90529 3
      vertex 4.5 6 3
      vertex 4.21458 9.92113 3
    endloop
  endfacet
  facet normal 0 0 1
    outer loop
      vertex 4.5 -10 3
      vertex 4.42094 -9.98372 3
      vertex 4.45536 -10 3
    endloop
  endfacet
  facet normal 0 0 1
    outer loop
      vertex 4.5 -6 3
      vertex 4.31931 -9.94736 3
      vertex 4.5 -10 3
    endloop
  endfacet
  facet normal 0 0 1
    outer loop
      vertex 4.5 -10 3
      vertex 4.31931 -9.94736 3
      vertex 4.42094 -9.98372 3
    endloop
  endfacet
  facet normal -0 0 1
    outer loop
      vertex 4 9.89999 3
      vertex 4.5 6 3
      vertex 4.10782 9.90529 3
    endloop
  endfacet
  facet normal 0 0 1
    outer loop
      vertex 4.5 -6 3
      vertex 4.21458 -9.92113 3
      vertex 4.31931 -9.94736 3
    endloop
  endfacet
  facet normal 0 0 1
    outer loop
      vertex 3.89217 9.90529 3
      vertex 4.5 6 3
      vertex 4 9.89999 3
    endloop
  endfacet
  facet normal 0 0 1
    outer loop
      vertex 4.5 -6 3
      vertex 4.10782 -9.90529 3
      vertex 4.21458 -9.92113 3
    endloop
  endfacet
  facet normal 0 0 1
    outer loop
      vertex 4.5 6 3
      vertex -2.5 6 3
      vertex 4.5 -6 3
    endloop
  endfacet
  facet normal 0 0 1
    outer loop
      vertex -2.5 -6 3
      vertex 4.5 -6 3
      vertex -2.5 6 3
    endloop
  endfacet
  facet normal 0 0 1
    outer loop
      vertex 3.7854 9.92113 3
      vertex 4.5 6 3
      vertex 3.89217 9.90529 3
    endloop
  endfacet
  facet normal 0 -0 1
    outer loop
      vertex 3.54462 -10 3
      vertex 4.5 -6 3
      vertex -2.5 -6 3
    endloop
  endfacet
  facet normal 0 0 1
    outer loop
      vertex 3.68068 9.94736 3
      vertex 4.5 6 3
      vertex 3.7854 9.92113 3
    endloop
  endfacet
  facet normal 0 0 1
    outer loop
      vertex 4.5 -6 3
      vertex 4 -9.89999 3
      vertex 4.10782 -9.90529 3
    endloop
  endfacet
  facet normal 0 0 1
    outer loop
      vertex 3.57904 9.98372 3
      vertex 4.5 6 3
      vertex 3.68068 9.94736 3
    endloop
  endfacet
  facet normal 0 0 1
    outer loop
      vertex 4.5 -6 3
      vertex 3.89217 -9.90529 3
      vertex 4 -9.89999 3
    endloop
  endfacet
  facet normal 0 0 1
    outer loop
      vertex 3.48146 10.0299 3
      vertex 4.5 6 3
      vertex 3.57904 9.98372 3
    endloop
  endfacet
  facet normal 0 0 1
    outer loop
      vertex 4.5 -6 3
      vertex 3.7854 -9.92113 3
      vertex 3.89217 -9.90529 3
    endloop
  endfacet
  facet normal 0 0 1
    outer loop
      vertex 4.5 -6 3
      vertex 3.68068 -9.94736 3
      vertex 3.7854 -9.92113 3
    endloop
  endfacet
  facet normal 0 0 1
    outer loop
      vertex 3.38887 10.0854 3
      vertex 4.5 6 3
      vertex 3.48146 10.0299 3
    endloop
  endfacet
  facet normal 0 0 1
    outer loop
      vertex 3.30215 10.1497 3
      vertex 4.5 6 3
      vertex 3.38887 10.0854 3
    endloop
  endfacet
  facet normal 0 0 1
    outer loop
      vertex 4.5 6 3
      vertex 3.30215 10.1497 3
      vertex -2.5 6 3
    endloop
  endfacet
  facet normal 0 0 1
    outer loop
      vertex -2.5 6 3
      vertex 3.30215 10.1497 3
      vertex 3.22217 10.2222 3
    endloop
  endfacet
  facet normal 0 0 1
    outer loop
      vertex -2.5 6 3
      vertex 3.22217 10.2222 3
      vertex 3.14967 10.3022 3
    endloop
  endfacet
  facet normal 0 0 1
    outer loop
      vertex -2.5 6 3
      vertex 3.14967 10.3022 3
      vertex 3.08537 10.3889 3
    endloop
  endfacet
  facet normal 0 0 1
    outer loop
      vertex -2.5 6 3
      vertex 3.08537 10.3889 3
      vertex 3.02988 10.4815 3
    endloop
  endfacet
  facet normal 0 0 1
    outer loop
      vertex -2.5 6 3
      vertex 3.02988 10.4815 3
      vertex 2.98372 10.579 3
    endloop
  endfacet
  facet normal 0 0 1
    outer loop
      vertex -2.5 12 3
      vertex 2.98372 10.579 3
      vertex 2.94736 10.6807 3
    endloop
  endfacet
  facet normal 0 0 1
    outer loop
      vertex -2.5 12 3
      vertex 2.94736 10.6807 3
      vertex 2.92113 10.7854 3
    endloop
  endfacet
  facet normal 0 0 1
    outer loop
      vertex -2.5 12 3
      vertex 2.92113 10.7854 3
      vertex 2.90529 10.8922 3
    endloop
  endfacet
  facet normal 0 0 1
    outer loop
      vertex -2.5 12 3
      vertex 2.90529 10.8922 3
      vertex 2.89999 11 3
    endloop
  endfacet
  facet normal 0 0 1
    outer loop
      vertex 2.98372 10.579 3
      vertex -2.5 12 3
      vertex -2.5 6 3
    endloop
  endfacet
  facet normal 0 0 1
    outer loop
      vertex 4.5 -6 3
      vertex 3.57904 -9.98372 3
      vertex 3.68068 -9.94736 3
    endloop
  endfacet
  facet normal 0 0 1
    outer loop
      vertex 4.5 -6 3
      vertex 3.54462 -10 3
      vertex 3.57904 -9.98372 3
    endloop
  endfacet
  facet normal 0 0 1
    outer loop
      vertex 3.54462 -10 3
      vertex -2.5 -6 3
      vertex -2.5 -10 3
    endloop
  endfacet
  facet normal -0 0 1
    outer loop
      vertex 4.5 6 3
      vertex 7.5 -6 3
      vertex 7.5 6 3
    endloop
  endfacet
  facet normal 0 0 1
    outer loop
      vertex 7.5 -6 3
      vertex 4.5 6 3
      vertex 4.5 -6 3
    endloop
  endfacet
  facet normal 0 0 1
    outer loop
      vertex 13.0526 10.6807 3
      vertex 17 12 3
      vertex 13.0789 10.7854 3
    endloop
  endfacet
  facet normal 0 0 1
    outer loop
      vertex 17 -12 3
      vertex 13.0947 -10.8922 3
      vertex 13.1 -11 3
    endloop
  endfacet
  facet normal 0 0 1
    outer loop
      vertex 13.0163 10.579 3
      vertex 17 12 3
      vertex 13.0526 10.6807 3
    endloop
  endfacet
  facet normal 0 0 1
    outer loop
      vertex 17 -12 3
      vertex 13.0789 -10.7854 3
      vertex 13.0947 -10.8922 3
    endloop
  endfacet
  facet normal 0 0 1
    outer loop
      vertex 12.9701 10.4815 3
      vertex 17 12 3
      vertex 13.0163 10.579 3
    endloop
  endfacet
  facet normal 0 0 1
    outer loop
      vertex 17 -12 3
      vertex 13.0526 -10.6807 3
      vertex 13.0789 -10.7854 3
    endloop
  endfacet
  facet normal 0 0 1
    outer loop
      vertex 12.9146 10.3889 3
      vertex 17 12 3
      vertex 12.9701 10.4815 3
    endloop
  endfacet
  facet normal 0 0 1
    outer loop
      vertex 17 -12 3
      vertex 13.0163 -10.579 3
      vertex 13.0526 -10.6807 3
    endloop
  endfacet
  facet normal 0 0 1
    outer loop
      vertex 12.8503 10.3022 3
      vertex 17 12 3
      vertex 12.9146 10.3889 3
    endloop
  endfacet
  facet normal 0 0 1
    outer loop
      vertex 17 -12 3
      vertex 12.9701 -10.4815 3
      vertex 13.0163 -10.579 3
    endloop
  endfacet
  facet normal 0 0 1
    outer loop
      vertex 12.7778 10.2222 3
      vertex 17 12 3
      vertex 12.8503 10.3022 3
    endloop
  endfacet
  facet normal 0 0 1
    outer loop
      vertex 17 -12 3
      vertex 12.9146 -10.3889 3
      vertex 12.9701 -10.4815 3
    endloop
  endfacet
  facet normal 0 0 1
    outer loop
      vertex 12.6978 10.1497 3
      vertex 17 12 3
      vertex 12.7778 10.2222 3
    endloop
  endfacet
  facet normal 0 0 1
    outer loop
      vertex 17 -12 3
      vertex 12.8503 -10.3022 3
      vertex 12.9146 -10.3889 3
    endloop
  endfacet
  facet normal 0 0 1
    outer loop
      vertex 12.6111 10.0854 3
      vertex 17 12 3
      vertex 12.6978 10.1497 3
    endloop
  endfacet
  facet normal 0 0 1
    outer loop
      vertex 17 -12 3
      vertex 12.7778 -10.2222 3
      vertex 12.8503 -10.3022 3
    endloop
  endfacet
  facet normal 0 0 1
    outer loop
      vertex 17 12 3
      vertex 12.6111 10.0854 3
      vertex 17 -12 3
    endloop
  endfacet
  facet normal 0 0 1
    outer loop
      vertex 17 -12 3
      vertex 12.6978 -10.1497 3
      vertex 12.7778 -10.2222 3
    endloop
  endfacet
  facet normal -0 0 1
    outer loop
      vertex 12.6111 -10.0854 3
      vertex 17 -12 3
      vertex 12.6111 10.0854 3
    endloop
  endfacet
  facet normal 0 0 1
    outer loop
      vertex 17 -12 3
      vertex 12.6111 -10.0854 3
      vertex 12.6978 -10.1497 3
    endloop
  endfacet
  facet normal -0 0 1
    outer loop
      vertex 12.5185 10.0299 3
      vertex 12.6111 -10.0854 3
      vertex 12.6111 10.0854 3
    endloop
  endfacet
  facet normal 0 0 1
    outer loop
      vertex 12.5185 10.0299 3
      vertex 12.5185 -10.0299 3
      vertex 12.6111 -10.0854 3
    endloop
  endfacet
  facet normal -0 0 1
    outer loop
      vertex 12.4209 9.98372 3
      vertex 12.5185 -10.0299 3
      vertex 12.5185 10.0299 3
    endloop
  endfacet
  facet normal 0 0 1
    outer loop
      vertex 12.4209 9.98372 3
      vertex 12.4209 -9.98372 3
      vertex 12.5185 -10.0299 3
    endloop
  endfacet
  facet normal 0 0 1
    outer loop
      vertex 7.5 6 3
      vertex 12.4209 9.98372 3
      vertex 12.3193 9.94736 3
    endloop
  endfacet
  facet normal 0 0 1
    outer loop
      vertex 12.4209 9.98372 3
      vertex 7.5 6 3
      vertex 12.4209 -9.98372 3
    endloop
  endfacet
  facet normal 0 0 1
    outer loop
      vertex 7.5 6 3
      vertex 12.3193 9.94736 3
      vertex 12.2146 9.92113 3
    endloop
  endfacet
  facet normal -0 0 1
    outer loop
      vertex 7.5 -6 3
      vertex 12.4209 -9.98372 3
      vertex 7.5 6 3
    endloop
  endfacet
  facet normal 0 0 1
    outer loop
      vertex 7.5 6 3
      vertex 12.2146 9.92113 3
      vertex 12.1078 9.90529 3
    endloop
  endfacet
  facet normal 0 0 1
    outer loop
      vertex 12.4209 -9.98372 3
      vertex 7.5 -6 3
      vertex 12.3193 -9.94736 3
    endloop
  endfacet
  facet normal 0 0 1
    outer loop
      vertex 7.5 6 3
      vertex 12.1078 9.90529 3
      vertex 12 9.89999 3
    endloop
  endfacet
  facet normal 0 0 1
    outer loop
      vertex 12.3193 -9.94736 3
      vertex 7.5 -6 3
      vertex 12.2146 -9.92113 3
    endloop
  endfacet
  facet normal 0 0 1
    outer loop
      vertex 7.5 6 3
      vertex 12 9.89999 3
      vertex 11.8922 9.90529 3
    endloop
  endfacet
  facet normal 0 0 1
    outer loop
      vertex 12.2146 -9.92113 3
      vertex 7.5 -6 3
      vertex 12.1078 -9.90529 3
    endloop
  endfacet
  facet normal 0 0 1
    outer loop
      vertex 7.5 6 3
      vertex 11.8922 9.90529 3
      vertex 11.7854 9.92113 3
    endloop
  endfacet
  facet normal 0 0 1
    outer loop
      vertex 12.1078 -9.90529 3
      vertex 7.5 -6 3
      vertex 12 -9.89999 3
    endloop
  endfacet
  facet normal 0 0 1
    outer loop
      vertex 7.5 6 3
      vertex 11.7854 9.92113 3
      vertex 11.6807 9.94736 3
    endloop
  endfacet
  facet normal 0 0 1
    outer loop
      vertex 12 -9.89999 3
      vertex 7.5 -6 3
      vertex 11.8922 -9.90529 3
    endloop
  endfacet
  facet normal 0 0 1
    outer loop
      vertex 7.5 6 3
      vertex 11.6807 9.94736 3
      vertex 11.579 9.98372 3
    endloop
  endfacet
  facet normal 0 0 1
    outer loop
      vertex 11.8922 -9.90529 3
      vertex 7.5 -6 3
      vertex 11.7854 -9.92113 3
    endloop
  endfacet
  facet normal 0 0 1
    outer loop
      vertex 7.5 6 3
      vertex 11.579 9.98372 3
      vertex 11.4815 10.0299 3
    endloop
  endfacet
  facet normal 0 0 1
    outer loop
      vertex 11.7854 -9.92113 3
      vertex 7.5 -6 3
      vertex 11.6807 -9.94736 3
    endloop
  endfacet
  facet normal 0 0 1
    outer loop
      vertex 7.5 6 3
      vertex 11.4815 10.0299 3
      vertex 11.3889 10.0854 3
    endloop
  endfacet
  facet normal 0 0 1
    outer loop
      vertex 11.6807 -9.94736 3
      vertex 7.5 -6 3
      vertex 11.579 -9.98372 3
    endloop
  endfacet
  facet normal 0 0 1
    outer loop
      vertex 7.5 6 3
      vertex 11.3889 10.0854 3
      vertex 11.3022 10.1497 3
    endloop
  endfacet
  facet normal 0 0 1
    outer loop
      vertex 11.579 -9.98372 3
      vertex 7.5 -6 3
      vertex 11.4815 -10.0299 3
    endloop
  endfacet
  facet normal 0 0 1
    outer loop
      vertex 7.5 6 3
      vertex 11.3022 10.1497 3
      vertex 11.2222 10.2222 3
    endloop
  endfacet
  facet normal 0 0 1
    outer loop
      vertex 11.4815 -10.0299 3
      vertex 7.5 -6 3
      vertex 11.3889 -10.0854 3
    endloop
  endfacet
  facet normal 0 0 1
    outer loop
      vertex 7.5 6 3
      vertex 11.2222 10.2222 3
      vertex 11.1497 10.3022 3
    endloop
  endfacet
  facet normal 0 0 1
    outer loop
      vertex 11.3889 -10.0854 3
      vertex 7.5 -6 3
      vertex 11.3022 -10.1497 3
    endloop
  endfacet
  facet normal 0 0 1
    outer loop
      vertex 7.5 6 3
      vertex 11.1497 10.3022 3
      vertex 11.0854 10.3889 3
    endloop
  endfacet
  facet normal 0 0 1
    outer loop
      vertex 11.3022 -10.1497 3
      vertex 7.5 -6 3
      vertex 11.2222 -10.2222 3
    endloop
  endfacet
  facet normal 0 0 1
    outer loop
      vertex 7.5 6 3
      vertex 11.0854 10.3889 3
      vertex 11.0299 10.4815 3
    endloop
  endfacet
  facet normal 0 0 1
    outer loop
      vertex 11.2222 -10.2222 3
      vertex 7.5 -6 3
      vertex 11.1497 -10.3022 3
    endloop
  endfacet
  facet normal 0 0 1
    outer loop
      vertex 7.5 12 3
      vertex 11.0299 10.4815 3
      vertex 10.9837 10.579 3
    endloop
  endfacet
  facet normal 0 0 1
    outer loop
      vertex 11.1497 -10.3022 3
      vertex 7.5 -6 3
      vertex 11.0854 -10.3889 3
    endloop
  endfacet
  facet normal 0 0 1
    outer loop
      vertex 7.5 12 3
      vertex 10.9837 10.579 3
      vertex 10.9474 10.6807 3
    endloop
  endfacet
  facet normal 0 0 1
    outer loop
      vertex 11.0854 -10.3889 3
      vertex 7.5 -6 3
      vertex 11.0299 -10.4815 3
    endloop
  endfacet
  facet normal 0 0 1
    outer loop
      vertex 7.5 12 3
      vertex 10.9474 10.6807 3
      vertex 10.9211 10.7854 3
    endloop
  endfacet
  facet normal 0 0 1
    outer loop
      vertex 7.5 -12 3
      vertex 11.0299 -10.4815 3
      vertex 7.5 -6 3
    endloop
  endfacet
  facet normal 0 0 1
    outer loop
      vertex 7.5 12 3
      vertex 10.9211 10.7854 3
      vertex 10.9053 10.8922 3
    endloop
  endfacet
  facet normal 0 0 1
    outer loop
      vertex 11.0299 -10.4815 3
      vertex 7.5 -12 3
      vertex 10.9837 -10.579 3
    endloop
  endfacet
  facet normal 0 0 1
    outer loop
      vertex 7.5 12 3
      vertex 10.9053 10.8922 3
      vertex 10.9 11 3
    endloop
  endfacet
  facet normal 0 0 1
    outer loop
      vertex 10.9837 -10.579 3
      vertex 7.5 -12 3
      vertex 10.9474 -10.6807 3
    endloop
  endfacet
  facet normal 0 0 1
    outer loop
      vertex 13.0163 11.4209 3
      vertex 17 12 3
      vertex 16.9807 12.3921 3
    endloop
  endfacet
  facet normal 0 0 1
    outer loop
      vertex 13.0947 10.8922 3
      vertex 17 12 3
      vertex 13.1 11 3
    endloop
  endfacet
  facet normal 0 0 1
    outer loop
      vertex 13.0163 11.4209 3
      vertex 16.9807 12.3921 3
      vertex 16.9231 12.7803 3
    endloop
  endfacet
  facet normal 0 0 1
    outer loop
      vertex 13.0789 10.7854 3
      vertex 17 12 3
      vertex 13.0947 10.8922 3
    endloop
  endfacet
  facet normal 0 0 1
    outer loop
      vertex 12.9701 11.5185 3
      vertex 16.9231 12.7803 3
      vertex 16.8278 13.1611 3
    endloop
  endfacet
  facet normal -0 0 1
    outer loop
      vertex 13.0947 -11.1078 3
      vertex 17 -12 3
      vertex 13.1 -11 3
    endloop
  endfacet
  facet normal 0 0 1
    outer loop
      vertex 12.9701 11.5185 3
      vertex 16.8278 13.1611 3
      vertex 16.6955 13.5307 3
    endloop
  endfacet
  facet normal -0 0 1
    outer loop
      vertex 13.0789 -11.2146 3
      vertex 17 -12 3
      vertex 13.0947 -11.1078 3
    endloop
  endfacet
  facet normal 0 0 1
    outer loop
      vertex 12.9146 11.6111 3
      vertex 16.6955 13.5307 3
      vertex 16.5277 13.8856 3
    endloop
  endfacet
  facet normal -0 0 1
    outer loop
      vertex 13.0526 -11.3193 3
      vertex 17 -12 3
      vertex 13.0789 -11.2146 3
    endloop
  endfacet
  facet normal 0 0 1
    outer loop
      vertex 12.8503 11.6978 3
      vertex 16.5277 13.8856 3
      vertex 16.3259 14.2223 3
    endloop
  endfacet
  facet normal -0 0 1
    outer loop
      vertex 13.0163 -11.4209 3
      vertex 17 -12 3
      vertex 13.0526 -11.3193 3
    endloop
  endfacet
  facet normal 0 0 1
    outer loop
      vertex 12.8503 11.6978 3
      vertex 16.3259 14.2223 3
      vertex 16.092 14.5376 3
    endloop
  endfacet
  facet normal 0 0 1
    outer loop
      vertex 17 -12 3
      vertex 13.0163 -11.4209 3
      vertex 16.9807 -12.3921 3
    endloop
  endfacet
  facet normal 0 0 1
    outer loop
      vertex 12.7778 11.7778 3
      vertex 16.092 14.5376 3
      vertex 15.8284 14.8284 3
    endloop
  endfacet
  facet normal 0 0 1
    outer loop
      vertex 16.9807 -12.3921 3
      vertex 13.0163 -11.4209 3
      vertex 16.9231 -12.7803 3
    endloop
  endfacet
  facet normal 0 0 1
    outer loop
      vertex 12.7778 11.7778 3
      vertex 15.8284 14.8284 3
      vertex 15.5376 15.092 3
    endloop
  endfacet
  facet normal -0 0 1
    outer loop
      vertex 12.9701 -11.5185 3
      vertex 16.9231 -12.7803 3
      vertex 13.0163 -11.4209 3
    endloop
  endfacet
  facet normal 0 0 1
    outer loop
      vertex 12.6978 11.8503 3
      vertex 15.5376 15.092 3
      vertex 15.2223 15.3259 3
    endloop
  endfacet
  facet normal 0 0 1
    outer loop
      vertex 16.9231 -12.7803 3
      vertex 12.9701 -11.5185 3
      vertex 16.8278 -13.1611 3
    endloop
  endfacet
  facet normal 0 0 1
    outer loop
      vertex 12.6978 11.8503 3
      vertex 15.2223 15.3259 3
      vertex 14.8856 15.5277 3
    endloop
  endfacet
  facet normal 0 0 1
    outer loop
      vertex 16.8278 -13.1611 3
      vertex 12.9701 -11.5185 3
      vertex 16.6955 -13.5307 3
    endloop
  endfacet
  facet normal 0 0 1
    outer loop
      vertex 12.6111 11.9146 3
      vertex 14.8856 15.5277 3
      vertex 14.5307 15.6955 3
    endloop
  endfacet
  facet normal -0 0 1
    outer loop
      vertex 12.9146 -11.6111 3
      vertex 16.6955 -13.5307 3
      vertex 12.9701 -11.5185 3
    endloop
  endfacet
  facet normal 0 0 1
    outer loop
      vertex 12.5185 11.9701 3
      vertex 14.5307 15.6955 3
      vertex 14.1611 15.8278 3
    endloop
  endfacet
  facet normal 0 0 1
    outer loop
      vertex 16.6955 -13.5307 3
      vertex 12.9146 -11.6111 3
      vertex 16.5277 -13.8856 3
    endloop
  endfacet
  facet normal 0 0 1
    outer loop
      vertex 12.5185 11.9701 3
      vertex 14.1611 15.8278 3
      vertex 13.7803 15.9231 3
    endloop
  endfacet
  facet normal -0 0 1
    outer loop
      vertex 12.8503 -11.6978 3
      vertex 16.5277 -13.8856 3
      vertex 12.9146 -11.6111 3
    endloop
  endfacet
  facet normal 0 0 1
    outer loop
      vertex 12.4209 12.0163 3
      vertex 13.7803 15.9231 3
      vertex 13.3921 15.9807 3
    endloop
  endfacet
  facet normal 0 0 1
    outer loop
      vertex 16.5277 -13.8856 3
      vertex 12.8503 -11.6978 3
      vertex 16.3259 -14.2223 3
    endloop
  endfacet
  facet normal 0 0 1
    outer loop
      vertex 16.3259 -14.2223 3
      vertex 12.8503 -11.6978 3
      vertex 16.092 -14.5376 3
    endloop
  endfacet
  facet normal 0 0 1
    outer loop
      vertex 17 12 3
      vertex 13.0947 11.1078 3
      vertex 13.1 11 3
    endloop
  endfacet
  facet normal 0 0 1
    outer loop
      vertex 17 12 3
      vertex 13.0789 11.2146 3
      vertex 13.0947 11.1078 3
    endloop
  endfacet
  facet normal 0 0 1
    outer loop
      vertex 17 12 3
      vertex 13.0526 11.3193 3
      vertex 13.0789 11.2146 3
    endloop
  endfacet
  facet normal 0 0 1
    outer loop
      vertex 17 12 3
      vertex 13.0163 11.4209 3
      vertex 13.0526 11.3193 3
    endloop
  endfacet
  facet normal 0 0 1
    outer loop
      vertex 12.4209 12.0163 3
      vertex 13.3921 15.9807 3
      vertex 13 16 3
    endloop
  endfacet
  facet normal 0 0 1
    outer loop
      vertex 16.9231 12.7803 3
      vertex 12.9701 11.5185 3
      vertex 13.0163 11.4209 3
    endloop
  endfacet
  facet normal 0 0 1
    outer loop
      vertex 16.6955 13.5307 3
      vertex 12.9146 11.6111 3
      vertex 12.9701 11.5185 3
    endloop
  endfacet
  facet normal 0 0 1
    outer loop
      vertex 16.5277 13.8856 3
      vertex 12.8503 11.6978 3
      vertex 12.9146 11.6111 3
    endloop
  endfacet
  facet normal 0 0 1
    outer loop
      vertex 16.092 14.5376 3
      vertex 12.7778 11.7778 3
      vertex 12.8503 11.6978 3
    endloop
  endfacet
  facet normal 0 0 1
    outer loop
      vertex 15.5376 15.092 3
      vertex 12.6978 11.8503 3
      vertex 12.7778 11.7778 3
    endloop
  endfacet
  facet normal 0 0 1
    outer loop
      vertex 14.8856 15.5277 3
      vertex 12.6111 11.9146 3
      vertex 12.6978 11.8503 3
    endloop
  endfacet
  facet normal 0 0 1
    outer loop
      vertex 14.5307 15.6955 3
      vertex 12.5185 11.9701 3
      vertex 12.6111 11.9146 3
    endloop
  endfacet
  facet normal 0 0 1
    outer loop
      vertex 13.7803 15.9231 3
      vertex 12.4209 12.0163 3
      vertex 12.5185 11.9701 3
    endloop
  endfacet
  facet normal 0 0 1
    outer loop
      vertex 13 16 3
      vertex 12.3193 12.0526 3
      vertex 12.4209 12.0163 3
    endloop
  endfacet
  facet normal 0 0 1
    outer loop
      vertex 13 16 3
      vertex 12.2146 12.0789 3
      vertex 12.3193 12.0526 3
    endloop
  endfacet
  facet normal 0 0 1
    outer loop
      vertex 13 16 3
      vertex 12.1078 12.0947 3
      vertex 12.2146 12.0789 3
    endloop
  endfacet
  facet normal 0 0 1
    outer loop
      vertex 13 16 3
      vertex 12 12.1 3
      vertex 12.1078 12.0947 3
    endloop
  endfacet
  facet normal 0 0 1
    outer loop
      vertex 13 16 3
      vertex 11.8922 12.0947 3
      vertex 12 12.1 3
    endloop
  endfacet
  facet normal 0 0 1
    outer loop
      vertex 13 16 3
      vertex 11.7854 12.0789 3
      vertex 11.8922 12.0947 3
    endloop
  endfacet
  facet normal 0 0 1
    outer loop
      vertex 13 16 3
      vertex 11.6807 12.0526 3
      vertex 11.7854 12.0789 3
    endloop
  endfacet
  facet normal 0 0 1
    outer loop
      vertex 13 16 3
      vertex 11.579 12.0163 3
      vertex 11.6807 12.0526 3
    endloop
  endfacet
  facet normal 0 0 1
    outer loop
      vertex 13 16 3
      vertex 11.4815 11.9701 3
      vertex 11.579 12.0163 3
    endloop
  endfacet
  facet normal -0 0 1
    outer loop
      vertex 6.4 16 3
      vertex 11.4815 11.9701 3
      vertex 13 16 3
    endloop
  endfacet
  facet normal 0 0 1
    outer loop
      vertex 11.4815 11.9701 3
      vertex 6.4 16 3
      vertex 11.3889 11.9146 3
    endloop
  endfacet
  facet normal -0 -0 1
    outer loop
      vertex 7.5 12 3
      vertex 11.3889 11.9146 3
      vertex 6.4 16 3
    endloop
  endfacet
  facet normal 0 0 1
    outer loop
      vertex 11.3889 11.9146 3
      vertex 7.5 12 3
      vertex 11.3022 11.8503 3
    endloop
  endfacet
  facet normal 0 0 1
    outer loop
      vertex 11.3022 11.8503 3
      vertex 7.5 12 3
      vertex 11.2222 11.7778 3
    endloop
  endfacet
  facet normal 0 0 1
    outer loop
      vertex 11.2222 11.7778 3
      vertex 7.5 12 3
      vertex 11.1497 11.6978 3
    endloop
  endfacet
  facet normal 0 0 1
    outer loop
      vertex 11.1497 11.6978 3
      vertex 7.5 12 3
      vertex 11.0854 11.6111 3
    endloop
  endfacet
  facet normal 0 0 1
    outer loop
      vertex 11.0299 10.4815 3
      vertex 7.5 12 3
      vertex 7.5 6 3
    endloop
  endfacet
  facet normal 0 0 1
    outer loop
      vertex 10.9053 11.1078 3
      vertex 7.5 12 3
      vertex 10.9 11 3
    endloop
  endfacet
  facet normal 0 0 1
    outer loop
      vertex 10.9211 11.2146 3
      vertex 7.5 12 3
      vertex 10.9053 11.1078 3
    endloop
  endfacet
  facet normal 0 0 1
    outer loop
      vertex 10.9474 11.3193 3
      vertex 7.5 12 3
      vertex 10.9211 11.2146 3
    endloop
  endfacet
  facet normal 0 0 1
    outer loop
      vertex 10.9837 11.4209 3
      vertex 7.5 12 3
      vertex 10.9474 11.3193 3
    endloop
  endfacet
  facet normal 0 0 1
    outer loop
      vertex 11.0299 11.5185 3
      vertex 7.5 12 3
      vertex 10.9837 11.4209 3
    endloop
  endfacet
  facet normal 0 0 1
    outer loop
      vertex 11.0854 11.6111 3
      vertex 7.5 12 3
      vertex 11.0299 11.5185 3
    endloop
  endfacet
  facet normal -0 0 1
    outer loop
      vertex 6.4 13 3
      vertex 7.5 12 3
      vertex 6.4 16 3
    endloop
  endfacet
  facet normal 0 0 1
    outer loop
      vertex 6.4 13 3
      vertex 4.5 12 3
      vertex 7.5 12 3
    endloop
  endfacet
  facet normal 0 0 1
    outer loop
      vertex 4.5 12 3
      vertex 4.42094 12.0163 3
      vertex 4.5 11.9789 3
    endloop
  endfacet
  facet normal -0 0 1
    outer loop
      vertex 4.31931 12.0526 3
      vertex 4.5 12 3
      vertex 6.4 13 3
    endloop
  endfacet
  facet normal 0 0 1
    outer loop
      vertex 4.5 12 3
      vertex 4.31931 12.0526 3
      vertex 4.42094 12.0163 3
    endloop
  endfacet
  facet normal 0 0 1
    outer loop
      vertex 6.4 13 3
      vertex 4.21458 12.0789 3
      vertex 4.31931 12.0526 3
    endloop
  endfacet
  facet normal 0 0 1
    outer loop
      vertex 6.4 13 3
      vertex 4.10782 12.0947 3
      vertex 4.21458 12.0789 3
    endloop
  endfacet
  facet normal 0 0 1
    outer loop
      vertex 6.4 13 3
      vertex 4 12.1 3
      vertex 4.10782 12.0947 3
    endloop
  endfacet
  facet normal 0 0 1
    outer loop
      vertex 6.4 13 3
      vertex 3.89217 12.0947 3
      vertex 4 12.1 3
    endloop
  endfacet
  facet normal 0 0 1
    outer loop
      vertex 6.4 13 3
      vertex 3.7854 12.0789 3
      vertex 3.89217 12.0947 3
    endloop
  endfacet
  facet normal 0 0 1
    outer loop
      vertex -2.5 12 3
      vertex 3.7854 12.0789 3
      vertex 6.4 13 3
    endloop
  endfacet
  facet normal 0 0 1
    outer loop
      vertex 2.90529 11.1078 3
      vertex -2.5 12 3
      vertex 2.89999 11 3
    endloop
  endfacet
  facet normal 0 0 1
    outer loop
      vertex 2.92113 11.2146 3
      vertex -2.5 12 3
      vertex 2.90529 11.1078 3
    endloop
  endfacet
  facet normal 0 0 1
    outer loop
      vertex 2.94736 11.3193 3
      vertex -2.5 12 3
      vertex 2.92113 11.2146 3
    endloop
  endfacet
  facet normal 0 0 1
    outer loop
      vertex 2.98372 11.4209 3
      vertex -2.5 12 3
      vertex 2.94736 11.3193 3
    endloop
  endfacet
  facet normal 0 0 1
    outer loop
      vertex 3.02988 11.5185 3
      vertex -2.5 12 3
      vertex 2.98372 11.4209 3
    endloop
  endfacet
  facet normal 0 0 1
    outer loop
      vertex 3.08537 11.6111 3
      vertex -2.5 12 3
      vertex 3.02988 11.5185 3
    endloop
  endfacet
  facet normal 0 0 1
    outer loop
      vertex 3.14967 11.6978 3
      vertex -2.5 12 3
      vertex 3.08537 11.6111 3
    endloop
  endfacet
  facet normal 0 0 1
    outer loop
      vertex 3.22217 11.7778 3
      vertex -2.5 12 3
      vertex 3.14967 11.6978 3
    endloop
  endfacet
  facet normal 0 0 1
    outer loop
      vertex 3.30215 11.8503 3
      vertex -2.5 12 3
      vertex 3.22217 11.7778 3
    endloop
  endfacet
  facet normal 0 0 1
    outer loop
      vertex 3.38887 11.9146 3
      vertex -2.5 12 3
      vertex 3.30215 11.8503 3
    endloop
  endfacet
  facet normal 0 0 1
    outer loop
      vertex 3.48146 11.9701 3
      vertex -2.5 12 3
      vertex 3.38887 11.9146 3
    endloop
  endfacet
  facet normal 0 0 1
    outer loop
      vertex 3.57904 12.0163 3
      vertex -2.5 12 3
      vertex 3.48146 11.9701 3
    endloop
  endfacet
  facet normal 0 0 1
    outer loop
      vertex 3.68068 12.0526 3
      vertex -2.5 12 3
      vertex 3.57904 12.0163 3
    endloop
  endfacet
  facet normal 0 0 1
    outer loop
      vertex 3.7854 12.0789 3
      vertex -2.5 12 3
      vertex 3.68068 12.0526 3
    endloop
  endfacet
  facet normal -0 0 1
    outer loop
      vertex -11 13 3
      vertex -2.5 12 3
      vertex 6.4 13 3
    endloop
  endfacet
  facet normal -0 0 1
    outer loop
      vertex -7.02988 10.4815 3
      vertex -5.5 6 3
      vertex -5.5 12 3
    endloop
  endfacet
  facet normal -0 0 1
    outer loop
      vertex -7.22217 10.2222 3
      vertex -5.5 6 3
      vertex -7.14967 10.3022 3
    endloop
  endfacet
  facet normal 0 0 1
    outer loop
      vertex -6.90529 10.8922 3
      vertex -5.5 12 3
      vertex -6.89999 11 3
    endloop
  endfacet
  facet normal 0 0 1
    outer loop
      vertex -5.5 12 3
      vertex -6.90529 11.1078 3
      vertex -6.89999 11 3
    endloop
  endfacet
  facet normal 0 0 1
    outer loop
      vertex -5.5 12 3
      vertex -6.92113 11.2146 3
      vertex -6.90529 11.1078 3
    endloop
  endfacet
  facet normal 0 0 1
    outer loop
      vertex -5.5 12 3
      vertex -6.94736 11.3193 3
      vertex -6.92113 11.2146 3
    endloop
  endfacet
  facet normal 0 0 1
    outer loop
      vertex -5.5 12 3
      vertex -6.98372 11.4209 3
      vertex -6.94736 11.3193 3
    endloop
  endfacet
  facet normal 0 0 1
    outer loop
      vertex -5.5 12 3
      vertex -7.02988 11.5185 3
      vertex -6.98372 11.4209 3
    endloop
  endfacet
  facet normal 0 0 1
    outer loop
      vertex -5.5 12 3
      vertex -7.08537 11.6111 3
      vertex -7.02988 11.5185 3
    endloop
  endfacet
  facet normal 0 0 1
    outer loop
      vertex -5.5 12 3
      vertex -7.14967 11.6978 3
      vertex -7.08537 11.6111 3
    endloop
  endfacet
  facet normal 0 0 1
    outer loop
      vertex -5.5 12 3
      vertex -7.22217 11.7778 3
      vertex -7.14967 11.6978 3
    endloop
  endfacet
  facet normal 0 0 1
    outer loop
      vertex -5.5 12 3
      vertex -7.30215 11.8503 3
      vertex -7.22217 11.7778 3
    endloop
  endfacet
  facet normal 0 0 1
    outer loop
      vertex -2.5 12 3
      vertex -11 13 3
      vertex -5.5 12 3
    endloop
  endfacet
  facet normal 0 0 1
    outer loop
      vertex -5.5 12 3
      vertex -7.38887 11.9146 3
      vertex -7.30215 11.8503 3
    endloop
  endfacet
  facet normal 0 0 1
    outer loop
      vertex -5.5 12 3
      vertex -7.48146 11.9701 3
      vertex -7.38887 11.9146 3
    endloop
  endfacet
  facet normal 0 0 1
    outer loop
      vertex -5.5 12 3
      vertex -7.57904 12.0163 3
      vertex -7.48146 11.9701 3
    endloop
  endfacet
  facet normal 0 0 1
    outer loop
      vertex -5.5 12 3
      vertex -7.68068 12.0526 3
      vertex -7.57904 12.0163 3
    endloop
  endfacet
  facet normal 0 0 1
    outer loop
      vertex -5.5 12 3
      vertex -7.7854 12.0789 3
      vertex -7.68068 12.0526 3
    endloop
  endfacet
  facet normal 0 0 1
    outer loop
      vertex -5.5 12 3
      vertex -11 13 3
      vertex -7.7854 12.0789 3
    endloop
  endfacet
  facet normal 0 0 1
    outer loop
      vertex -7.7854 12.0789 3
      vertex -11 13 3
      vertex -7.89217 12.0947 3
    endloop
  endfacet
  facet normal 0 0 1
    outer loop
      vertex -7.89217 12.0947 3
      vertex -11 13 3
      vertex -8 12.1 3
    endloop
  endfacet
  facet normal 0 0 1
    outer loop
      vertex -9.0947 11.1078 3
      vertex -11 13 3
      vertex -9.09999 11 3
    endloop
  endfacet
  facet normal 0 0 1
    outer loop
      vertex -9.07886 11.2146 3
      vertex -11 13 3
      vertex -9.0947 11.1078 3
    endloop
  endfacet
  facet normal 0 0 1
    outer loop
      vertex -9.05263 11.3193 3
      vertex -11 13 3
      vertex -9.07886 11.2146 3
    endloop
  endfacet
  facet normal 0 0 1
    outer loop
      vertex -9.01627 11.4209 3
      vertex -11 13 3
      vertex -9.05263 11.3193 3
    endloop
  endfacet
  facet normal 0 0 1
    outer loop
      vertex -8.97011 11.5185 3
      vertex -11 13 3
      vertex -9.01627 11.4209 3
    endloop
  endfacet
  facet normal 0 0 1
    outer loop
      vertex -8.91461 11.6111 3
      vertex -11 13 3
      vertex -8.97011 11.5185 3
    endloop
  endfacet
  facet normal 0 0 1
    outer loop
      vertex -8.85031 11.6978 3
      vertex -11 13 3
      vertex -8.91461 11.6111 3
    endloop
  endfacet
  facet normal 0 0 1
    outer loop
      vertex -8.77782 11.7778 3
      vertex -11 13 3
      vertex -8.85031 11.6978 3
    endloop
  endfacet
  facet normal 0 0 1
    outer loop
      vertex -8.69783 11.8503 3
      vertex -11 13 3
      vertex -8.77782 11.7778 3
    endloop
  endfacet
  facet normal 0 0 1
    outer loop
      vertex -8.61111 11.9146 3
      vertex -11 13 3
      vertex -8.69783 11.8503 3
    endloop
  endfacet
  facet normal 0 0 1
    outer loop
      vertex -8.51852 11.9701 3
      vertex -11 13 3
      vertex -8.61111 11.9146 3
    endloop
  endfacet
  facet normal 0 0 1
    outer loop
      vertex -8.42094 12.0163 3
      vertex -11 13 3
      vertex -8.51852 11.9701 3
    endloop
  endfacet
  facet normal 0 0 1
    outer loop
      vertex -8.31931 12.0526 3
      vertex -11 13 3
      vertex -8.42094 12.0163 3
    endloop
  endfacet
  facet normal 0 0 1
    outer loop
      vertex -8.21458 12.0789 3
      vertex -11 13 3
      vertex -8.31931 12.0526 3
    endloop
  endfacet
  facet normal 0 0 1
    outer loop
      vertex -8.10782 12.0947 3
      vertex -11 13 3
      vertex -8.21458 12.0789 3
    endloop
  endfacet
  facet normal 0 0 1
    outer loop
      vertex -8 12.1 3
      vertex -11 13 3
      vertex -8.10782 12.0947 3
    endloop
  endfacet
  facet normal -0 0 1
    outer loop
      vertex 12.7778 -11.7778 3
      vertex 16.092 -14.5376 3
      vertex 12.8503 -11.6978 3
    endloop
  endfacet
  facet normal 0 0 1
    outer loop
      vertex 16.092 -14.5376 3
      vertex 12.7778 -11.7778 3
      vertex 15.8284 -14.8284 3
    endloop
  endfacet
  facet normal 0 0 1
    outer loop
      vertex 15.8284 -14.8284 3
      vertex 12.7778 -11.7778 3
      vertex 15.5376 -15.092 3
    endloop
  endfacet
  facet normal -0 0 1
    outer loop
      vertex 12.6978 -11.8503 3
      vertex 15.5376 -15.092 3
      vertex 12.7778 -11.7778 3
    endloop
  endfacet
  facet normal 0 0 1
    outer loop
      vertex 15.5376 -15.092 3
      vertex 12.6978 -11.8503 3
      vertex 15.2223 -15.3259 3
    endloop
  endfacet
  facet normal 0 0 1
    outer loop
      vertex 15.2223 -15.3259 3
      vertex 12.6978 -11.8503 3
      vertex 14.8856 -15.5277 3
    endloop
  endfacet
  facet normal -0 0 1
    outer loop
      vertex 12.6111 -11.9146 3
      vertex 14.8856 -15.5277 3
      vertex 12.6978 -11.8503 3
    endloop
  endfacet
  facet normal 0 0 1
    outer loop
      vertex 14.8856 -15.5277 3
      vertex 12.6111 -11.9146 3
      vertex 14.5307 -15.6955 3
    endloop
  endfacet
  facet normal -0 0 1
    outer loop
      vertex 12.5185 -11.9701 3
      vertex 14.5307 -15.6955 3
      vertex 12.6111 -11.9146 3
    endloop
  endfacet
  facet normal 0 0 1
    outer loop
      vertex 14.5307 -15.6955 3
      vertex 12.5185 -11.9701 3
      vertex 14.1611 -15.8278 3
    endloop
  endfacet
  facet normal 0 0 1
    outer loop
      vertex 14.1611 -15.8278 3
      vertex 12.5185 -11.9701 3
      vertex 13.7803 -15.9231 3
    endloop
  endfacet
  facet normal -0 0 1
    outer loop
      vertex 12.4209 -12.0163 3
      vertex 13.7803 -15.9231 3
      vertex 12.5185 -11.9701 3
    endloop
  endfacet
  facet normal 0 0 1
    outer loop
      vertex 13.7803 -15.9231 3
      vertex 12.4209 -12.0163 3
      vertex 13.3921 -15.9807 3
    endloop
  endfacet
  facet normal 0 0 1
    outer loop
      vertex 13.3921 -15.9807 3
      vertex 12.4209 -12.0163 3
      vertex 13 -16 3
    endloop
  endfacet
  facet normal -0 0 1
    outer loop
      vertex 12.3193 -12.0526 3
      vertex 13 -16 3
      vertex 12.4209 -12.0163 3
    endloop
  endfacet
  facet normal -0 0 1
    outer loop
      vertex 12.2146 -12.0789 3
      vertex 13 -16 3
      vertex 12.3193 -12.0526 3
    endloop
  endfacet
  facet normal -0 0 1
    outer loop
      vertex 12.1078 -12.0947 3
      vertex 13 -16 3
      vertex 12.2146 -12.0789 3
    endloop
  endfacet
  facet normal -0 0 1
    outer loop
      vertex 12 -12.1 3
      vertex 13 -16 3
      vertex 12.1078 -12.0947 3
    endloop
  endfacet
  facet normal 0 0 1
    outer loop
      vertex 11.8922 -12.0947 3
      vertex 13 -16 3
      vertex 12 -12.1 3
    endloop
  endfacet
  facet normal 0 0 1
    outer loop
      vertex 11.7854 -12.0789 3
      vertex 13 -16 3
      vertex 11.8922 -12.0947 3
    endloop
  endfacet
  facet normal 0 0 1
    outer loop
      vertex 11.6807 -12.0526 3
      vertex 13 -16 3
      vertex 11.7854 -12.0789 3
    endloop
  endfacet
  facet normal 0 0 1
    outer loop
      vertex 11.579 -12.0163 3
      vertex 13 -16 3
      vertex 11.6807 -12.0526 3
    endloop
  endfacet
  facet normal 0 0 1
    outer loop
      vertex 11.4815 -11.9701 3
      vertex 13 -16 3
      vertex 11.579 -12.0163 3
    endloop
  endfacet
  facet normal 0 0 1
    outer loop
      vertex 11.3889 -11.9146 3
      vertex 13 -16 3
      vertex 11.4815 -11.9701 3
    endloop
  endfacet
  facet normal 0 0 1
    outer loop
      vertex 7.5 -12 3
      vertex 11.3889 -11.9146 3
      vertex 11.3022 -11.8503 3
    endloop
  endfacet
  facet normal 0 0 1
    outer loop
      vertex 7.5 -12 3
      vertex 11.3022 -11.8503 3
      vertex 11.2222 -11.7778 3
    endloop
  endfacet
  facet normal 0 0 1
    outer loop
      vertex 7.5 -12 3
      vertex 11.2222 -11.7778 3
      vertex 11.1497 -11.6978 3
    endloop
  endfacet
  facet normal 0 0 1
    outer loop
      vertex 7.5 -12 3
      vertex 11.1497 -11.6978 3
      vertex 11.0854 -11.6111 3
    endloop
  endfacet
  facet normal 0 0 1
    outer loop
      vertex 7.5 -12 3
      vertex 11.0854 -11.6111 3
      vertex 11.0299 -11.5185 3
    endloop
  endfacet
  facet normal 0 0 1
    outer loop
      vertex 7.5 -12 3
      vertex 11.0299 -11.5185 3
      vertex 10.9837 -11.4209 3
    endloop
  endfacet
  facet normal 0 0 1
    outer loop
      vertex 10.9474 -10.6807 3
      vertex 7.5 -12 3
      vertex 10.9211 -10.7854 3
    endloop
  endfacet
  facet normal 0 0 1
    outer loop
      vertex 10.9211 -10.7854 3
      vertex 7.5 -12 3
      vertex 10.9053 -10.8922 3
    endloop
  endfacet
  facet normal 0 0 1
    outer loop
      vertex 10.9053 -10.8922 3
      vertex 7.5 -12 3
      vertex 10.9 -11 3
    endloop
  endfacet
  facet normal 0 0 1
    outer loop
      vertex 10.9 -11 3
      vertex 7.5 -12 3
      vertex 10.9053 -11.1078 3
    endloop
  endfacet
  facet normal 0 0 1
    outer loop
      vertex 10.9053 -11.1078 3
      vertex 7.5 -12 3
      vertex 10.9211 -11.2146 3
    endloop
  endfacet
  facet normal 0 0 1
    outer loop
      vertex 10.9211 -11.2146 3
      vertex 7.5 -12 3
      vertex 10.9474 -11.3193 3
    endloop
  endfacet
  facet normal 0 0 1
    outer loop
      vertex 10.9474 -11.3193 3
      vertex 7.5 -12 3
      vertex 10.9837 -11.4209 3
    endloop
  endfacet
  facet normal 0 0 1
    outer loop
      vertex 11.3889 -11.9146 3
      vertex 7.5 -12 3
      vertex 13 -16 3
    endloop
  endfacet
  facet normal 0 0 1
    outer loop
      vertex 6.4 -13 3
      vertex 7.5 -12 3
      vertex 6.4 -12 3
    endloop
  endfacet
  facet normal 0 0 1
    outer loop
      vertex 7.5 -12 3
      vertex 6.4 -13 3
      vertex 13 -16 3
    endloop
  endfacet
  facet normal 0 0 1
    outer loop
      vertex -11 -16 3
      vertex 6.4 -13 3
      vertex -11 -13 3
    endloop
  endfacet
  facet normal 0 0 1
    outer loop
      vertex 6.4 -13 3
      vertex -11 -16 3
      vertex 13 -16 3
    endloop
  endfacet
  facet normal 0 0 1
    outer loop
      vertex -6.92113 10.7854 3
      vertex -5.5 12 3
      vertex -6.90529 10.8922 3
    endloop
  endfacet
  facet normal 0 0 1
    outer loop
      vertex -6.94736 10.6807 3
      vertex -5.5 12 3
      vertex -6.92113 10.7854 3
    endloop
  endfacet
  facet normal 0 0 1
    outer loop
      vertex -6.98372 10.579 3
      vertex -5.5 12 3
      vertex -6.94736 10.6807 3
    endloop
  endfacet
  facet normal 0 0 1
    outer loop
      vertex -7.02988 10.4815 3
      vertex -5.5 12 3
      vertex -6.98372 10.579 3
    endloop
  endfacet
  facet normal 0 0 1
    outer loop
      vertex -5.5 6 3
      vertex -7.02988 10.4815 3
      vertex -7.08537 10.3889 3
    endloop
  endfacet
  facet normal 0 0 1
    outer loop
      vertex -5.5 6 3
      vertex -7.08537 10.3889 3
      vertex -7.14967 10.3022 3
    endloop
  endfacet
  facet normal -0 0 1
    outer loop
      vertex -7.30215 10.1497 3
      vertex -5.5 6 3
      vertex -7.22217 10.2222 3
    endloop
  endfacet
  facet normal -0 0 1
    outer loop
      vertex -7.38887 10.0854 3
      vertex -5.5 6 3
      vertex -7.30215 10.1497 3
    endloop
  endfacet
  facet normal -0 0 1
    outer loop
      vertex -7.48146 10.0299 3
      vertex -5.5 6 3
      vertex -7.38887 10.0854 3
    endloop
  endfacet
  facet normal -0 0 1
    outer loop
      vertex -7.57904 9.98372 3
      vertex -5.5 6 3
      vertex -7.48146 10.0299 3
    endloop
  endfacet
  facet normal -0 0 1
    outer loop
      vertex -7.68068 9.94736 3
      vertex -5.5 6 3
      vertex -7.57904 9.98372 3
    endloop
  endfacet
  facet normal -0 0 1
    outer loop
      vertex -7.7854 9.92113 3
      vertex -5.5 6 3
      vertex -7.68068 9.94736 3
    endloop
  endfacet
  facet normal -0 0 1
    outer loop
      vertex -7.89217 9.90529 3
      vertex -5.5 6 3
      vertex -7.7854 9.92113 3
    endloop
  endfacet
  facet normal 0 0 1
    outer loop
      vertex -5.5 -6 3
      vertex -7.54462 -10 3
      vertex -5.5 -10 3
    endloop
  endfacet
  facet normal -0 0 1
    outer loop
      vertex -8 9.89999 3
      vertex -5.5 6 3
      vertex -7.89217 9.90529 3
    endloop
  endfacet
  facet normal 0 -0 1
    outer loop
      vertex -7.54462 -10 3
      vertex -5.5 -6 3
      vertex -7.57904 -9.98372 3
    endloop
  endfacet
  facet normal 0 -0 1
    outer loop
      vertex -7.68068 -9.94736 3
      vertex -5.5 -6 3
      vertex -7.7854 -9.92113 3
    endloop
  endfacet
  facet normal 0 -0 1
    outer loop
      vertex -7.57904 -9.98372 3
      vertex -5.5 -6 3
      vertex -7.68068 -9.94736 3
    endloop
  endfacet
  facet normal 0 0 1
    outer loop
      vertex -8.10782 9.90529 3
      vertex -5.5 6 3
      vertex -8 9.89999 3
    endloop
  endfacet
  facet normal 0 0 1
    outer loop
      vertex -5.5 -6 3
      vertex -7.89217 -9.90529 3
      vertex -7.7854 -9.92113 3
    endloop
  endfacet
  facet normal 0 0 1
    outer loop
      vertex -8.21458 9.92113 3
      vertex -5.5 6 3
      vertex -8.10782 9.90529 3
    endloop
  endfacet
  facet normal 0 0 1
    outer loop
      vertex -5.5 -6 3
      vertex -8 -9.89999 3
      vertex -7.89217 -9.90529 3
    endloop
  endfacet
  facet normal 0 0 1
    outer loop
      vertex -8.31931 9.94736 3
      vertex -5.5 6 3
      vertex -8.21458 9.92113 3
    endloop
  endfacet
  facet normal 0 0 1
    outer loop
      vertex -5.5 -6 3
      vertex -8.10782 -9.90529 3
      vertex -8 -9.89999 3
    endloop
  endfacet
  facet normal 0 0 1
    outer loop
      vertex -8.42094 9.98372 3
      vertex -5.5 6 3
      vertex -8.31931 9.94736 3
    endloop
  endfacet
  facet normal 0 0 1
    outer loop
      vertex -5.5 -6 3
      vertex -8.21458 -9.92113 3
      vertex -8.10782 -9.90529 3
    endloop
  endfacet
  facet normal 0 0 1
    outer loop
      vertex -8.51852 10.0299 3
      vertex -5.5 6 3
      vertex -8.42094 9.98372 3
    endloop
  endfacet
  facet normal 0 -0 1
    outer loop
      vertex -8.31931 -9.94736 3
      vertex -5.5 -6 3
      vertex -11 -10 3
    endloop
  endfacet
  facet normal 0 0 1
    outer loop
      vertex -8.61111 10.0854 3
      vertex -5.5 6 3
      vertex -8.51852 10.0299 3
    endloop
  endfacet
  facet normal 0 0 1
    outer loop
      vertex -5.5 -6 3
      vertex -8.31931 -9.94736 3
      vertex -8.21458 -9.92113 3
    endloop
  endfacet
  facet normal 0 0 1
    outer loop
      vertex -8.31931 -9.94736 3
      vertex -11 -10 3
      vertex -8.42094 -9.98372 3
    endloop
  endfacet
  facet normal 0 0 1
    outer loop
      vertex -8.69783 10.1497 3
      vertex -5.5 6 3
      vertex -8.61111 10.0854 3
    endloop
  endfacet
  facet normal 0 0 1
    outer loop
      vertex -5.5 6 3
      vertex -11 -10 3
      vertex -5.5 -6 3
    endloop
  endfacet
  facet normal 0 0 1
    outer loop
      vertex -5.5 6 3
      vertex -8.69783 10.1497 3
      vertex -11 -10 3
    endloop
  endfacet
  facet normal 0 0 1
    outer loop
      vertex -11 -10 3
      vertex -8.69783 10.1497 3
      vertex -8.77782 10.2222 3
    endloop
  endfacet
  facet normal 0 0 1
    outer loop
      vertex -11 -10 3
      vertex -8.77782 10.2222 3
      vertex -8.85031 10.3022 3
    endloop
  endfacet
  facet normal 0 0 1
    outer loop
      vertex -11 -10 3
      vertex -8.85031 10.3022 3
      vertex -8.91461 10.3889 3
    endloop
  endfacet
  facet normal 0 0 1
    outer loop
      vertex -11 13 3
      vertex -8.91461 10.3889 3
      vertex -8.97011 10.4815 3
    endloop
  endfacet
  facet normal 0 0 1
    outer loop
      vertex -11 13 3
      vertex -8.97011 10.4815 3
      vertex -9.01627 10.579 3
    endloop
  endfacet
  facet normal 0 0 1
    outer loop
      vertex -11 13 3
      vertex -9.01627 10.579 3
      vertex -9.05263 10.6807 3
    endloop
  endfacet
  facet normal 0 0 1
    outer loop
      vertex -11 13 3
      vertex -9.05263 10.6807 3
      vertex -9.07886 10.7854 3
    endloop
  endfacet
  facet normal 0 0 1
    outer loop
      vertex -11 13 3
      vertex -9.07886 10.7854 3
      vertex -9.0947 10.8922 3
    endloop
  endfacet
  facet normal 0 0 1
    outer loop
      vertex -11 13 3
      vertex -9.0947 10.8922 3
      vertex -9.09999 11 3
    endloop
  endfacet
  facet normal 0 0 1
    outer loop
      vertex -8.91461 10.3889 3
      vertex -11 13 3
      vertex -11 -10 3
    endloop
  endfacet
  facet normal 0 0 1
    outer loop
      vertex -8.42094 -9.98372 3
      vertex -11 -10 3
      vertex -8.45536 -10 3
    endloop
  endfacet
  facet normal 1 0 0
    outer loop
      vertex -11 16 25
      vertex -11 13 15.4
      vertex -11 16 15.4
    endloop
  endfacet
  facet normal 1 0 0
    outer loop
      vertex -11 9.25 5
      vertex -11 13 15.4
      vertex -11 9.25 19
    endloop
  endfacet
  facet normal 1 -0 0
    outer loop
      vertex -11 9.22598 19.2439
      vertex -11 13 15.4
      vertex -11 16 25
    endloop
  endfacet
  facet normal 1 0 0
    outer loop
      vertex -11 13 15.4
      vertex -11 9.24398 19.1225
      vertex -11 9.25 19
    endloop
  endfacet
  facet normal 1 0 0
    outer loop
      vertex -11 13 15.4
      vertex -11 9.22598 19.2439
      vertex -11 9.24398 19.1225
    endloop
  endfacet
  facet normal 1 0 0
    outer loop
      vertex -11 16 25
      vertex -11 9.19617 19.3629
      vertex -11 9.22598 19.2439
    endloop
  endfacet
  facet normal 1 0 0
    outer loop
      vertex -11 16 25
      vertex -11 9.15485 19.4784
      vertex -11 9.19617 19.3629
    endloop
  endfacet
  facet normal 1 0 0
    outer loop
      vertex -11 16 25
      vertex -11 9.1024 19.5892
      vertex -11 9.15485 19.4784
    endloop
  endfacet
  facet normal 1 0 0
    outer loop
      vertex -11 16 25
      vertex -11 9.03934 19.6945
      vertex -11 9.1024 19.5892
    endloop
  endfacet
  facet normal 1 0 0
    outer loop
      vertex -11 16 25
      vertex -11 8.96626 19.793
      vertex -11 9.03934 19.6945
    endloop
  endfacet
  facet normal 1 0 0
    outer loop
      vertex -11 16 25
      vertex -11 8.88388 19.8839
      vertex -11 8.96626 19.793
    endloop
  endfacet
  facet normal 1 0 0
    outer loop
      vertex -11 16 25
      vertex -11 8.79299 19.9663
      vertex -11 8.88388 19.8839
    endloop
  endfacet
  facet normal 1 0 0
    outer loop
      vertex -11 16 25
      vertex -11 8.69446 20.0393
      vertex -11 8.79299 19.9663
    endloop
  endfacet
  facet normal 1 0 0
    outer loop
      vertex -11 16 25
      vertex -11 8.58925 20.1024
      vertex -11 8.69446 20.0393
    endloop
  endfacet
  facet normal 1 0 0
    outer loop
      vertex -11 16 25
      vertex -11 8.47835 20.1549
      vertex -11 8.58925 20.1024
    endloop
  endfacet
  facet normal 1 0 0
    outer loop
      vertex -11 16 25
      vertex -11 8.36285 20.1962
      vertex -11 8.47835 20.1549
    endloop
  endfacet
  facet normal 1 0 0
    outer loop
      vertex -11 16 25
      vertex -11 8.24386 20.226
      vertex -11 8.36285 20.1962
    endloop
  endfacet
  facet normal 1 0 0
    outer loop
      vertex -11 16 25
      vertex -11 8.12252 20.244
      vertex -11 8.24386 20.226
    endloop
  endfacet
  facet normal 1 0 0
    outer loop
      vertex -11 16 25
      vertex -11 8 20.25
      vertex -11 8.12252 20.244
    endloop
  endfacet
  facet normal 1 0 0
    outer loop
      vertex -11 16 25
      vertex -11 7.87748 20.244
      vertex -11 8 20.25
    endloop
  endfacet
  facet normal 1 0 0
    outer loop
      vertex -11 16 25
      vertex -11 7.75614 20.226
      vertex -11 7.87748 20.244
    endloop
  endfacet
  facet normal 1 0 0
    outer loop
      vertex -11 16 25
      vertex -11 7.63715 20.1962
      vertex -11 7.75614 20.226
    endloop
  endfacet
  facet normal 1 0 0
    outer loop
      vertex -11 -7.63715 20.1962
      vertex -11 7.63715 20.1962
      vertex -11 16 25
    endloop
  endfacet
  facet normal 1 0 0
    outer loop
      vertex -11 7.63715 20.1962
      vertex -11 -7.63715 20.1962
      vertex -11 7.52165 20.1549
    endloop
  endfacet
  facet normal 1 0 0
    outer loop
      vertex -11 6.75 19
      vertex -11 -6.75 19
      vertex -11 6.75 5
    endloop
  endfacet
  facet normal 1 0 0
    outer loop
      vertex -11 6.75602 19.1225
      vertex -11 -6.75 19
      vertex -11 6.75 19
    endloop
  endfacet
  facet normal 1 0 0
    outer loop
      vertex -11 -6.75602 19.1225
      vertex -11 6.75602 19.1225
      vertex -11 6.77402 19.2439
    endloop
  endfacet
  facet normal 1 0 0
    outer loop
      vertex -11 -6.77402 19.2439
      vertex -11 6.77402 19.2439
      vertex -11 6.80383 19.3629
    endloop
  endfacet
  facet normal 1 0 0
    outer loop
      vertex -11 -6.80383 19.3629
      vertex -11 6.80383 19.3629
      vertex -11 6.84515 19.4784
    endloop
  endfacet
  facet normal 1 0 0
    outer loop
      vertex -11 -6.84515 19.4784
      vertex -11 6.84515 19.4784
      vertex -11 6.8976 19.5892
    endloop
  endfacet
  facet normal 1 0 0
    outer loop
      vertex -11 -6.8976 19.5892
      vertex -11 6.8976 19.5892
      vertex -11 6.96066 19.6945
    endloop
  endfacet
  facet normal 1 0 0
    outer loop
      vertex -11 -6.96066 19.6945
      vertex -11 6.96066 19.6945
      vertex -11 7.03374 19.793
    endloop
  endfacet
  facet normal 1 0 0
    outer loop
      vertex -11 -7.03374 19.793
      vertex -11 7.03374 19.793
      vertex -11 7.11612 19.8839
    endloop
  endfacet
  facet normal 1 0 0
    outer loop
      vertex -11 -7.11612 19.8839
      vertex -11 7.11612 19.8839
      vertex -11 7.20701 19.9663
    endloop
  endfacet
  facet normal 1 0 0
    outer loop
      vertex -11 -7.20701 19.9663
      vertex -11 7.20701 19.9663
      vertex -11 7.30554 20.0393
    endloop
  endfacet
  facet normal 1 0 0
    outer loop
      vertex -11 -7.30554 20.0393
      vertex -11 7.30554 20.0393
      vertex -11 7.41075 20.1024
    endloop
  endfacet
  facet normal 1 0 -0
    outer loop
      vertex -11 -7.52165 20.1549
      vertex -11 7.52165 20.1549
      vertex -11 -7.63715 20.1962
    endloop
  endfacet
  facet normal 1 0 0
    outer loop
      vertex -11 6.75602 19.1225
      vertex -11 -6.75602 19.1225
      vertex -11 -6.75 19
    endloop
  endfacet
  facet normal 1 0 0
    outer loop
      vertex -11 6.77402 19.2439
      vertex -11 -6.77402 19.2439
      vertex -11 -6.75602 19.1225
    endloop
  endfacet
  facet normal 1 0 0
    outer loop
      vertex -11 6.80383 19.3629
      vertex -11 -6.80383 19.3629
      vertex -11 -6.77402 19.2439
    endloop
  endfacet
  facet normal 1 0 0
    outer loop
      vertex -11 6.84515 19.4784
      vertex -11 -6.84515 19.4784
      vertex -11 -6.80383 19.3629
    endloop
  endfacet
  facet normal 1 0 0
    outer loop
      vertex -11 6.8976 19.5892
      vertex -11 -6.8976 19.5892
      vertex -11 -6.84515 19.4784
    endloop
  endfacet
  facet normal 1 0 0
    outer loop
      vertex -11 6.96066 19.6945
      vertex -11 -6.96066 19.6945
      vertex -11 -6.8976 19.5892
    endloop
  endfacet
  facet normal 1 0 0
    outer loop
      vertex -11 7.03374 19.793
      vertex -11 -7.03374 19.793
      vertex -11 -6.96066 19.6945
    endloop
  endfacet
  facet normal 1 0 0
    outer loop
      vertex -11 7.11612 19.8839
      vertex -11 -7.11612 19.8839
      vertex -11 -7.03374 19.793
    endloop
  endfacet
  facet normal 1 0 0
    outer loop
      vertex -11 7.20701 19.9663
      vertex -11 -7.20701 19.9663
      vertex -11 -7.11612 19.8839
    endloop
  endfacet
  facet normal 1 0 0
    outer loop
      vertex -11 7.30554 20.0393
      vertex -11 -7.30554 20.0393
      vertex -11 -7.20701 19.9663
    endloop
  endfacet
  facet normal 1 0 0
    outer loop
      vertex -11 7.41075 20.1024
      vertex -11 -7.41075 20.1024
      vertex -11 -7.30554 20.0393
    endloop
  endfacet
  facet normal 1 0 0
    outer loop
      vertex -11 7.41075 20.1024
      vertex -11 -7.52165 20.1549
      vertex -11 -7.41075 20.1024
    endloop
  endfacet
  facet normal 1 0 0
    outer loop
      vertex -11 7.52165 20.1549
      vertex -11 -7.52165 20.1549
      vertex -11 7.41075 20.1024
    endloop
  endfacet
  facet normal 1 -0 0
    outer loop
      vertex -11 -16 25
      vertex -11 -7.63715 20.1962
      vertex -11 16 25
    endloop
  endfacet
  facet normal 1 0 0
    outer loop
      vertex -11 -7.63715 20.1962
      vertex -11 -16 25
      vertex -11 -7.75614 20.226
    endloop
  endfacet
  facet normal 1 0 0
    outer loop
      vertex -11 -7.75614 20.226
      vertex -11 -16 25
      vertex -11 -7.87748 20.244
    endloop
  endfacet
  facet normal 1 0 0
    outer loop
      vertex -11 -7.87748 20.244
      vertex -11 -16 25
      vertex -11 -8 20.25
    endloop
  endfacet
  facet normal 1 0 0
    outer loop
      vertex -11 -8 20.25
      vertex -11 -16 25
      vertex -11 -8.12252 20.244
    endloop
  endfacet
  facet normal 1 0 0
    outer loop
      vertex -11 -9.25 19
      vertex -11 -10 15.4
      vertex -11 -9.25 5
    endloop
  endfacet
  facet normal 1 0 0
    outer loop
      vertex -11 -13 15.4
      vertex -11 -9.25 19
      vertex -11 -9.24398 19.1225
    endloop
  endfacet
  facet normal 1 0 0
    outer loop
      vertex -11 -13 15.4
      vertex -11 -9.24398 19.1225
      vertex -11 -9.22598 19.2439
    endloop
  endfacet
  facet normal 1 0 0
    outer loop
      vertex -11 -9.25 19
      vertex -11 -13 15.4
      vertex -11 -10 15.4
    endloop
  endfacet
  facet normal 1 0 0
    outer loop
      vertex -11 -16 25
      vertex -11 -9.22598 19.2439
      vertex -11 -9.19617 19.3629
    endloop
  endfacet
  facet normal 1 0 0
    outer loop
      vertex -11 -16 25
      vertex -11 -9.19617 19.3629
      vertex -11 -9.15485 19.4784
    endloop
  endfacet
  facet normal 1 0 0
    outer loop
      vertex -11 -16 25
      vertex -11 -9.15485 19.4784
      vertex -11 -9.1024 19.5892
    endloop
  endfacet
  facet normal 1 0 0
    outer loop
      vertex -11 -16 25
      vertex -11 -9.1024 19.5892
      vertex -11 -9.03934 19.6945
    endloop
  endfacet
  facet normal 1 0 0
    outer loop
      vertex -11 -16 25
      vertex -11 -9.03934 19.6945
      vertex -11 -8.96626 19.793
    endloop
  endfacet
  facet normal 1 0 0
    outer loop
      vertex -11 -16 25
      vertex -11 -8.96626 19.793
      vertex -11 -8.88388 19.8839
    endloop
  endfacet
  facet normal 1 0 0
    outer loop
      vertex -11 -8.12252 20.244
      vertex -11 -16 25
      vertex -11 -8.24386 20.226
    endloop
  endfacet
  facet normal 1 0 0
    outer loop
      vertex -11 -16 25
      vertex -11 -8.36285 20.1962
      vertex -11 -8.24386 20.226
    endloop
  endfacet
  facet normal 1 0 0
    outer loop
      vertex -11 -16 25
      vertex -11 -8.47835 20.1549
      vertex -11 -8.36285 20.1962
    endloop
  endfacet
  facet normal 1 0 0
    outer loop
      vertex -11 -16 25
      vertex -11 -8.58925 20.1024
      vertex -11 -8.47835 20.1549
    endloop
  endfacet
  facet normal 1 0 0
    outer loop
      vertex -11 -16 25
      vertex -11 -8.69446 20.0393
      vertex -11 -8.58925 20.1024
    endloop
  endfacet
  facet normal 1 0 0
    outer loop
      vertex -11 -16 25
      vertex -11 -8.79299 19.9663
      vertex -11 -8.69446 20.0393
    endloop
  endfacet
  facet normal 1 0 0
    outer loop
      vertex -11 -16 25
      vertex -11 -8.88388 19.8839
      vertex -11 -8.79299 19.9663
    endloop
  endfacet
  facet normal 1 0 0
    outer loop
      vertex -11 -9.22598 19.2439
      vertex -11 -16 25
      vertex -11 -13 15.4
    endloop
  endfacet
  facet normal 1 0 0
    outer loop
      vertex -11 -16 3
      vertex -11 -13 15.4
      vertex -11 -16 25
    endloop
  endfacet
  facet normal 1 0 0
    outer loop
      vertex -11 -13 15.4
      vertex -11 -16 3
      vertex -11 -13 3
    endloop
  endfacet
  facet normal 1 0 0
    outer loop
      vertex -11 13 15.4
      vertex -11 9.25 5
      vertex -11 13 3
    endloop
  endfacet
  facet normal 1 -0 0
    outer loop
      vertex -11 9.24398 4.87748
      vertex -11 13 3
      vertex -11 9.25 5
    endloop
  endfacet
  facet normal 1 -0 0
    outer loop
      vertex -11 9.22598 4.75614
      vertex -11 13 3
      vertex -11 9.24398 4.87748
    endloop
  endfacet
  facet normal 1 -0 0
    outer loop
      vertex -11 9.19617 4.63715
      vertex -11 13 3
      vertex -11 9.22598 4.75614
    endloop
  endfacet
  facet normal 1 -0 0
    outer loop
      vertex -11 9.15485 4.52165
      vertex -11 13 3
      vertex -11 9.19617 4.63715
    endloop
  endfacet
  facet normal 1 -0 0
    outer loop
      vertex -11 9.1024 4.41075
      vertex -11 13 3
      vertex -11 9.15485 4.52165
    endloop
  endfacet
  facet normal 1 -0 0
    outer loop
      vertex -11 9.03934 4.30554
      vertex -11 13 3
      vertex -11 9.1024 4.41075
    endloop
  endfacet
  facet normal 1 -0 0
    outer loop
      vertex -11 8.96626 4.20701
      vertex -11 13 3
      vertex -11 9.03934 4.30554
    endloop
  endfacet
  facet normal 1 -0 0
    outer loop
      vertex -11 8.88388 4.11612
      vertex -11 13 3
      vertex -11 8.96626 4.20701
    endloop
  endfacet
  facet normal 1 -0 0
    outer loop
      vertex -11 8.79299 4.03374
      vertex -11 13 3
      vertex -11 8.88388 4.11612
    endloop
  endfacet
  facet normal 1 -0 0
    outer loop
      vertex -11 8.69446 3.96066
      vertex -11 13 3
      vertex -11 8.79299 4.03374
    endloop
  endfacet
  facet normal 1 -0 0
    outer loop
      vertex -11 8.58925 3.8976
      vertex -11 13 3
      vertex -11 8.69446 3.96066
    endloop
  endfacet
  facet normal 1 -0 0
    outer loop
      vertex -11 8.47835 3.84515
      vertex -11 13 3
      vertex -11 8.58925 3.8976
    endloop
  endfacet
  facet normal 1 -0 0
    outer loop
      vertex -11 8.36285 3.80383
      vertex -11 13 3
      vertex -11 8.47835 3.84515
    endloop
  endfacet
  facet normal 1 -0 0
    outer loop
      vertex -11 8.24386 3.77402
      vertex -11 13 3
      vertex -11 8.36285 3.80383
    endloop
  endfacet
  facet normal 1 -0 0
    outer loop
      vertex -11 8.12252 3.75602
      vertex -11 13 3
      vertex -11 8.24386 3.77402
    endloop
  endfacet
  facet normal 1 -0 0
    outer loop
      vertex -11 8 3.75
      vertex -11 13 3
      vertex -11 8.12252 3.75602
    endloop
  endfacet
  facet normal 1 0 0
    outer loop
      vertex -11 7.87748 3.75602
      vertex -11 13 3
      vertex -11 8 3.75
    endloop
  endfacet
  facet normal 1 0 0
    outer loop
      vertex -11 -6.75 5
      vertex -11 6.75 5
      vertex -11 -6.75 19
    endloop
  endfacet
  facet normal 1 0 0
    outer loop
      vertex -11 6.75 5
      vertex -11 -6.75 5
      vertex -11 6.75602 4.87748
    endloop
  endfacet
  facet normal 1 0 0
    outer loop
      vertex -11 -6.75602 4.87748
      vertex -11 6.75602 4.87748
      vertex -11 -6.75 5
    endloop
  endfacet
  facet normal 1 0 0
    outer loop
      vertex -11 6.75602 4.87748
      vertex -11 -6.75602 4.87748
      vertex -11 6.77402 4.75614
    endloop
  endfacet
  facet normal 1 0 0
    outer loop
      vertex -11 -6.77402 4.75614
      vertex -11 6.77402 4.75614
      vertex -11 -6.75602 4.87748
    endloop
  endfacet
  facet normal 1 0 0
    outer loop
      vertex -11 6.77402 4.75614
      vertex -11 -6.77402 4.75614
      vertex -11 6.80383 4.63715
    endloop
  endfacet
  facet normal 1 0 0
    outer loop
      vertex -11 -6.80383 4.63715
      vertex -11 6.80383 4.63715
      vertex -11 -6.77402 4.75614
    endloop
  endfacet
  facet normal 1 0 0
    outer loop
      vertex -11 6.80383 4.63715
      vertex -11 -6.80383 4.63715
      vertex -11 6.84515 4.52165
    endloop
  endfacet
  facet normal 1 0 0
    outer loop
      vertex -11 -6.84515 4.52165
      vertex -11 6.84515 4.52165
      vertex -11 -6.80383 4.63715
    endloop
  endfacet
  facet normal 1 0 0
    outer loop
      vertex -11 6.84515 4.52165
      vertex -11 -6.84515 4.52165
      vertex -11 6.8976 4.41075
    endloop
  endfacet
  facet normal 1 0 0
    outer loop
      vertex -11 -6.8976 4.41075
      vertex -11 6.8976 4.41075
      vertex -11 -6.84515 4.52165
    endloop
  endfacet
  facet normal 1 0 0
    outer loop
      vertex -11 6.8976 4.41075
      vertex -11 -6.8976 4.41075
      vertex -11 6.96066 4.30554
    endloop
  endfacet
  facet normal 1 0 0
    outer loop
      vertex -11 -6.96066 4.30554
      vertex -11 6.96066 4.30554
      vertex -11 -6.8976 4.41075
    endloop
  endfacet
  facet normal 1 0 0
    outer loop
      vertex -11 6.96066 4.30554
      vertex -11 -6.96066 4.30554
      vertex -11 7.03374 4.20701
    endloop
  endfacet
  facet normal 1 0 0
    outer loop
      vertex -11 -7.03374 4.20701
      vertex -11 7.03374 4.20701
      vertex -11 -6.96066 4.30554
    endloop
  endfacet
  facet normal 1 0 0
    outer loop
      vertex -11 7.03374 4.20701
      vertex -11 -7.03374 4.20701
      vertex -11 7.11612 4.11612
    endloop
  endfacet
  facet normal 1 0 0
    outer loop
      vertex -11 -7.11612 4.11612
      vertex -11 7.11612 4.11612
      vertex -11 -7.03374 4.20701
    endloop
  endfacet
  facet normal 1 0 0
    outer loop
      vertex -11 7.11612 4.11612
      vertex -11 -7.11612 4.11612
      vertex -11 7.20701 4.03374
    endloop
  endfacet
  facet normal 1 0 0
    outer loop
      vertex -11 -7.20701 4.03374
      vertex -11 7.20701 4.03374
      vertex -11 -7.11612 4.11612
    endloop
  endfacet
  facet normal 1 0 0
    outer loop
      vertex -11 7.20701 4.03374
      vertex -11 -7.20701 4.03374
      vertex -11 7.30554 3.96066
    endloop
  endfacet
  facet normal 1 0 0
    outer loop
      vertex -11 -7.30554 3.96066
      vertex -11 7.30554 3.96066
      vertex -11 -7.20701 4.03374
    endloop
  endfacet
  facet normal 1 0 0
    outer loop
      vertex -11 7.30554 3.96066
      vertex -11 -7.30554 3.96066
      vertex -11 7.41075 3.8976
    endloop
  endfacet
  facet normal 1 0 0
    outer loop
      vertex -11 -7.41075 3.8976
      vertex -11 7.41075 3.8976
      vertex -11 -7.30554 3.96066
    endloop
  endfacet
  facet normal 1 0 0
    outer loop
      vertex -11 7.41075 3.8976
      vertex -11 -7.41075 3.8976
      vertex -11 7.52165 3.84515
    endloop
  endfacet
  facet normal 1 0 0
    outer loop
      vertex -11 -7.52165 3.84515
      vertex -11 7.52165 3.84515
      vertex -11 -7.41075 3.8976
    endloop
  endfacet
  facet normal 1 0 0
    outer loop
      vertex -11 7.52165 3.84515
      vertex -11 -7.52165 3.84515
      vertex -11 7.63715 3.80383
    endloop
  endfacet
  facet normal 1 0 0
    outer loop
      vertex -11 -7.63715 3.80383
      vertex -11 7.63715 3.80383
      vertex -11 -7.52165 3.84515
    endloop
  endfacet
  facet normal 1 0 0
    outer loop
      vertex -11 -10 3
      vertex -11 7.63715 3.80383
      vertex -11 -7.63715 3.80383
    endloop
  endfacet
  facet normal 1 0 0
    outer loop
      vertex -11 7.63715 3.80383
      vertex -11 -10 3
      vertex -11 7.75614 3.77402
    endloop
  endfacet
  facet normal 1 0 0
    outer loop
      vertex -11 7.75614 3.77402
      vertex -11 -10 3
      vertex -11 7.87748 3.75602
    endloop
  endfacet
  facet normal 1 0 0
    outer loop
      vertex -11 -10 3
      vertex -11 -7.63715 3.80383
      vertex -11 -7.75614 3.77402
    endloop
  endfacet
  facet normal 1 0 0
    outer loop
      vertex -11 -10 3
      vertex -11 -7.75614 3.77402
      vertex -11 -7.87748 3.75602
    endloop
  endfacet
  facet normal 1 0 0
    outer loop
      vertex -11 -10 3
      vertex -11 -7.87748 3.75602
      vertex -11 -8 3.75
    endloop
  endfacet
  facet normal 1 0 0
    outer loop
      vertex -11 -10 3
      vertex -11 -9.25 5
      vertex -11 -10 15.4
    endloop
  endfacet
  facet normal 1 0 0
    outer loop
      vertex -11 7.87748 3.75602
      vertex -11 -10 3
      vertex -11 13 3
    endloop
  endfacet
  facet normal 1 0 0
    outer loop
      vertex -11 -8.12252 3.75602
      vertex -11 -10 3
      vertex -11 -8 3.75
    endloop
  endfacet
  facet normal 1 0 0
    outer loop
      vertex -11 -8.24386 3.77402
      vertex -11 -10 3
      vertex -11 -8.12252 3.75602
    endloop
  endfacet
  facet normal 1 0 0
    outer loop
      vertex -11 -8.36285 3.80383
      vertex -11 -10 3
      vertex -11 -8.24386 3.77402
    endloop
  endfacet
  facet normal 1 0 0
    outer loop
      vertex -11 -8.47835 3.84515
      vertex -11 -10 3
      vertex -11 -8.36285 3.80383
    endloop
  endfacet
  facet normal 1 0 0
    outer loop
      vertex -11 -8.58925 3.8976
      vertex -11 -10 3
      vertex -11 -8.47835 3.84515
    endloop
  endfacet
  facet normal 1 0 0
    outer loop
      vertex -11 -8.69446 3.96066
      vertex -11 -10 3
      vertex -11 -8.58925 3.8976
    endloop
  endfacet
  facet normal 1 0 0
    outer loop
      vertex -11 -8.79299 4.03374
      vertex -11 -10 3
      vertex -11 -8.69446 3.96066
    endloop
  endfacet
  facet normal 1 0 0
    outer loop
      vertex -11 -8.88388 4.11612
      vertex -11 -10 3
      vertex -11 -8.79299 4.03374
    endloop
  endfacet
  facet normal 1 0 0
    outer loop
      vertex -11 -8.96626 4.20701
      vertex -11 -10 3
      vertex -11 -8.88388 4.11612
    endloop
  endfacet
  facet normal 1 0 0
    outer loop
      vertex -11 -9.03934 4.30554
      vertex -11 -10 3
      vertex -11 -8.96626 4.20701
    endloop
  endfacet
  facet normal 1 0 0
    outer loop
      vertex -11 -9.1024 4.41075
      vertex -11 -10 3
      vertex -11 -9.03934 4.30554
    endloop
  endfacet
  facet normal 1 0 0
    outer loop
      vertex -11 -9.15485 4.52165
      vertex -11 -10 3
      vertex -11 -9.1024 4.41075
    endloop
  endfacet
  facet normal 1 0 0
    outer loop
      vertex -11 -9.19617 4.63715
      vertex -11 -10 3
      vertex -11 -9.15485 4.52165
    endloop
  endfacet
  facet normal 1 0 0
    outer loop
      vertex -11 -9.22598 4.75614
      vertex -11 -10 3
      vertex -11 -9.19617 4.63715
    endloop
  endfacet
  facet normal 1 0 0
    outer loop
      vertex -11 -9.24398 4.87748
      vertex -11 -10 3
      vertex -11 -9.22598 4.75614
    endloop
  endfacet
  facet normal 1 0 0
    outer loop
      vertex -11 -9.25 5
      vertex -11 -10 3
      vertex -11 -9.24398 4.87748
    endloop
  endfacet
  facet normal -0 0 1
    outer loop
      vertex -14 16 25
      vertex -11 -16 25
      vertex -11 16 25
    endloop
  endfacet
  facet normal 0 0 1
    outer loop
      vertex -11 -16 25
      vertex -14 16 25
      vertex -14 -16 25
    endloop
  endfacet
  facet normal 0 -0.803101 -0.595844
    outer loop
      vertex -14 -6.96066 19.6945
      vertex -11 -7.03374 19.793
      vertex -14 -7.03374 19.793
    endloop
  endfacet
  facet normal 0 -0.803101 -0.595844
    outer loop
      vertex -11 -7.03374 19.793
      vertex -14 -6.96066 19.6945
      vertex -11 -6.96066 19.6945
    endloop
  endfacet
  facet normal 0 0.998795 -0.0490836
    outer loop
      vertex -11 -9.25 19
      vertex -14 -9.24398 19.1225
      vertex -11 -9.24398 19.1225
    endloop
  endfacet
  facet normal 0 0.998795 -0.0490836
    outer loop
      vertex -14 -9.24398 19.1225
      vertex -11 -9.25 19
      vertex -14 -9.25 19
    endloop
  endfacet
  facet normal 0 0.941561 -0.336842
    outer loop
      vertex -11 -9.19617 19.3629
      vertex -14 -9.15485 19.4784
      vertex -11 -9.15485 19.4784
    endloop
  endfacet
  facet normal 0 0.941561 -0.336842
    outer loop
      vertex -14 -9.15485 19.4784
      vertex -11 -9.19617 19.3629
      vertex -14 -9.19617 19.3629
    endloop
  endfacet
  facet normal 0 1 -0
    outer loop
      vertex -11 -9.25 5
      vertex -14 -9.25 19
      vertex -11 -9.25 19
    endloop
  endfacet
  facet normal 0 1 0
    outer loop
      vertex -14 -9.25 19
      vertex -11 -9.25 5
      vertex -14 -9.25 5
    endloop
  endfacet
  facet normal 0 -0.671658 -0.740861
    outer loop
      vertex -14 -7.20701 19.9663
      vertex -11 -7.11612 19.8839
      vertex -11 -7.20701 19.9663
    endloop
  endfacet
  facet normal -0 -0.671658 -0.740861
    outer loop
      vertex -11 -7.11612 19.8839
      vertex -14 -7.20701 19.9663
      vertex -14 -7.11612 19.8839
    endloop
  endfacet
  facet normal 0 0.242938 -0.970042
    outer loop
      vertex -14 -8.36285 20.1962
      vertex -11 -8.24386 20.226
      vertex -11 -8.36285 20.1962
    endloop
  endfacet
  facet normal 0 0.242938 -0.970042
    outer loop
      vertex -11 -8.24386 20.226
      vertex -14 -8.36285 20.1962
      vertex -14 -8.24386 20.226
    endloop
  endfacet
  facet normal -0 0.0490756 0.998795
    outer loop
      vertex -14 -8 3.75
      vertex -11 -8.12252 3.75602
      vertex -11 -8 3.75
    endloop
  endfacet
  facet normal 0 0.0490756 0.998795
    outer loop
      vertex -11 -8.12252 3.75602
      vertex -14 -8 3.75
      vertex -14 -8.12252 3.75602
    endloop
  endfacet
  facet normal 0 0.336698 -0.941613
    outer loop
      vertex -14 -8.47835 20.1549
      vertex -11 -8.36285 20.1962
      vertex -11 -8.47835 20.1549
    endloop
  endfacet
  facet normal 0 0.336698 -0.941613
    outer loop
      vertex -11 -8.36285 20.1962
      vertex -14 -8.47835 20.1549
      vertex -14 -8.36285 20.1962
    endloop
  endfacet
  facet normal 0 -0.427876 -0.903837
    outer loop
      vertex -14 -7.52165 20.1549
      vertex -11 -7.41075 20.1024
      vertex -11 -7.52165 20.1549
    endloop
  endfacet
  facet normal -0 -0.427876 -0.903837
    outer loop
      vertex -11 -7.41075 20.1024
      vertex -14 -7.52165 20.1549
      vertex -14 -7.41075 20.1024
    endloop
  endfacet
  facet normal 0 0.740943 0.671568
    outer loop
      vertex -11 -8.88388 4.11612
      vertex -14 -8.96626 4.20701
      vertex -11 -8.96626 4.20701
    endloop
  endfacet
  facet normal 0 0.740943 0.671568
    outer loop
      vertex -14 -8.96626 4.20701
      vertex -11 -8.88388 4.11612
      vertex -14 -8.88388 4.11612
    endloop
  endfacet
  facet normal 0 -1 0
    outer loop
      vertex -14 -6.75 5
      vertex -11 -6.75 19
      vertex -14 -6.75 19
    endloop
  endfacet
  facet normal 0 -1 -0
    outer loop
      vertex -11 -6.75 19
      vertex -14 -6.75 5
      vertex -11 -6.75 5
    endloop
  endfacet
  facet normal -0 0.146738 0.989175
    outer loop
      vertex -14 -8.12252 3.75602
      vertex -11 -8.24386 3.77402
      vertex -11 -8.12252 3.75602
    endloop
  endfacet
  facet normal 0 0.146738 0.989175
    outer loop
      vertex -11 -8.24386 3.77402
      vertex -14 -8.12252 3.75602
      vertex -14 -8.24386 3.77402
    endloop
  endfacet
  facet normal 0 -0.595727 0.803187
    outer loop
      vertex -14 -7.20701 4.03374
      vertex -11 -7.30554 3.96066
      vertex -11 -7.20701 4.03374
    endloop
  endfacet
  facet normal 0 -0.595727 0.803187
    outer loop
      vertex -11 -7.30554 3.96066
      vertex -14 -7.20701 4.03374
      vertex -14 -7.30554 3.96066
    endloop
  endfacet
  facet normal 0 0.146738 -0.989175
    outer loop
      vertex -14 -8.24386 20.226
      vertex -11 -8.12252 20.244
      vertex -11 -8.24386 20.226
    endloop
  endfacet
  facet normal 0 0.146738 -0.989175
    outer loop
      vertex -11 -8.12252 20.244
      vertex -14 -8.24386 20.226
      vertex -14 -8.12252 20.244
    endloop
  endfacet
  facet normal -0 0.427543 0.903995
    outer loop
      vertex -14 -8.47835 3.84515
      vertex -11 -8.58925 3.8976
      vertex -11 -8.47835 3.84515
    endloop
  endfacet
  facet normal 0 0.427543 0.903995
    outer loop
      vertex -11 -8.58925 3.8976
      vertex -14 -8.47835 3.84515
      vertex -14 -8.58925 3.8976
    endloop
  endfacet
  facet normal 0 -0.970022 0.243015
    outer loop
      vertex -14 -6.80383 4.63715
      vertex -11 -6.77402 4.75614
      vertex -14 -6.77402 4.75614
    endloop
  endfacet
  facet normal 0 -0.970022 0.243015
    outer loop
      vertex -11 -6.77402 4.75614
      vertex -14 -6.80383 4.63715
      vertex -11 -6.80383 4.63715
    endloop
  endfacet
  facet normal 0 0.740979 -0.671528
    outer loop
      vertex -11 -8.96626 19.793
      vertex -14 -8.88388 19.8839
      vertex -11 -8.88388 19.8839
    endloop
  endfacet
  facet normal 0 0.740979 -0.671528
    outer loop
      vertex -14 -8.88388 19.8839
      vertex -11 -8.96626 19.793
      vertex -14 -8.96626 19.793
    endloop
  endfacet
  facet normal 0 -0.427543 0.903995
    outer loop
      vertex -14 -7.41075 3.8976
      vertex -11 -7.52165 3.84515
      vertex -11 -7.41075 3.8976
    endloop
  endfacet
  facet normal 0 -0.427543 0.903995
    outer loop
      vertex -11 -7.52165 3.84515
      vertex -14 -7.41075 3.8976
      vertex -14 -7.52165 3.84515
    endloop
  endfacet
  facet normal 0 0.51434 -0.857586
    outer loop
      vertex -14 -8.69446 20.0393
      vertex -11 -8.58925 20.1024
      vertex -11 -8.69446 20.0393
    endloop
  endfacet
  facet normal 0 0.51434 -0.857586
    outer loop
      vertex -11 -8.58925 20.1024
      vertex -14 -8.69446 20.0393
      vertex -14 -8.58925 20.1024
    endloop
  endfacet
  facet normal 0 -0.970027 -0.242996
    outer loop
      vertex -14 -6.77402 19.2439
      vertex -11 -6.80383 19.3629
      vertex -14 -6.80383 19.3629
    endloop
  endfacet
  facet normal 0 -0.970027 -0.242996
    outer loop
      vertex -11 -6.80383 19.3629
      vertex -14 -6.77402 19.2439
      vertex -11 -6.77402 19.2439
    endloop
  endfacet
  facet normal 0 -0.242938 -0.970042
    outer loop
      vertex -14 -7.75614 20.226
      vertex -11 -7.63715 20.1962
      vertex -11 -7.75614 20.226
    endloop
  endfacet
  facet normal -0 -0.242938 -0.970042
    outer loop
      vertex -11 -7.63715 20.1962
      vertex -14 -7.75614 20.226
      vertex -14 -7.63715 20.1962
    endloop
  endfacet
  facet normal 0 -0.998795 0.0490756
    outer loop
      vertex -14 -6.75602 4.87748
      vertex -11 -6.75 5
      vertex -14 -6.75 5
    endloop
  endfacet
  facet normal 0 -0.998795 0.0490756
    outer loop
      vertex -11 -6.75 5
      vertex -14 -6.75602 4.87748
      vertex -11 -6.75602 4.87748
    endloop
  endfacet
  facet normal -0 0.671568 0.740943
    outer loop
      vertex -14 -8.79299 4.03374
      vertex -11 -8.88388 4.11612
      vertex -11 -8.79299 4.03374
    endloop
  endfacet
  facet normal 0 0.671568 0.740943
    outer loop
      vertex -11 -8.88388 4.11612
      vertex -14 -8.79299 4.03374
      vertex -14 -8.88388 4.11612
    endloop
  endfacet
  facet normal 0 -0.0490756 0.998795
    outer loop
      vertex -14 -7.87748 3.75602
      vertex -11 -8 3.75
      vertex -11 -7.87748 3.75602
    endloop
  endfacet
  facet normal 0 -0.0490756 0.998795
    outer loop
      vertex -11 -8 3.75
      vertex -14 -7.87748 3.75602
      vertex -14 -8 3.75
    endloop
  endfacet
  facet normal 0 -0.146738 0.989175
    outer loop
      vertex -14 -7.75614 3.77402
      vertex -11 -7.87748 3.75602
      vertex -11 -7.75614 3.77402
    endloop
  endfacet
  facet normal 0 -0.146738 0.989175
    outer loop
      vertex -11 -7.87748 3.75602
      vertex -14 -7.75614 3.77402
      vertex -14 -7.87748 3.75602
    endloop
  endfacet
  facet normal 0 -0.5141 0.85773
    outer loop
      vertex -14 -7.30554 3.96066
      vertex -11 -7.41075 3.8976
      vertex -11 -7.30554 3.96066
    endloop
  endfacet
  facet normal 0 -0.5141 0.85773
    outer loop
      vertex -11 -7.41075 3.8976
      vertex -14 -7.30554 3.96066
      vertex -14 -7.41075 3.8976
    endloop
  endfacet
  facet normal 0 -0.857924 -0.513777
    outer loop
      vertex -14 -6.8976 19.5892
      vertex -11 -6.96066 19.6945
      vertex -14 -6.96066 19.6945
    endloop
  endfacet
  facet normal 0 -0.857924 -0.513777
    outer loop
      vertex -11 -6.96066 19.6945
      vertex -14 -6.8976 19.5892
      vertex -11 -6.8976 19.5892
    endloop
  endfacet
  facet normal 0 0.903995 0.427543
    outer loop
      vertex -11 -9.1024 4.41075
      vertex -14 -9.15485 4.52165
      vertex -11 -9.15485 4.52165
    endloop
  endfacet
  facet normal 0 0.903995 0.427543
    outer loop
      vertex -14 -9.15485 4.52165
      vertex -11 -9.1024 4.41075
      vertex -14 -9.1024 4.41075
    endloop
  endfacet
  facet normal -0 0.5141 0.85773
    outer loop
      vertex -14 -8.58925 3.8976
      vertex -11 -8.69446 3.96066
      vertex -11 -8.58925 3.8976
    endloop
  endfacet
  facet normal 0 0.5141 0.85773
    outer loop
      vertex -11 -8.69446 3.96066
      vertex -14 -8.58925 3.8976
      vertex -14 -8.69446 3.96066
    endloop
  endfacet
  facet normal 0 -0.595306 -0.803499
    outer loop
      vertex -14 -7.30554 20.0393
      vertex -11 -7.20701 19.9663
      vertex -11 -7.30554 20.0393
    endloop
  endfacet
  facet normal -0 -0.595306 -0.803499
    outer loop
      vertex -11 -7.20701 19.9663
      vertex -14 -7.30554 20.0393
      vertex -14 -7.20701 19.9663
    endloop
  endfacet
  facet normal 0 -0.998795 -0.0490836
    outer loop
      vertex -14 -6.75 19
      vertex -11 -6.75602 19.1225
      vertex -14 -6.75602 19.1225
    endloop
  endfacet
  facet normal 0 -0.998795 -0.0490836
    outer loop
      vertex -11 -6.75602 19.1225
      vertex -14 -6.75 19
      vertex -11 -6.75 19
    endloop
  endfacet
  facet normal 0 -0.740943 0.671568
    outer loop
      vertex -14 -7.11612 4.11612
      vertex -11 -7.03374 4.20701
      vertex -14 -7.03374 4.20701
    endloop
  endfacet
  facet normal 0 -0.740943 0.671568
    outer loop
      vertex -11 -7.03374 4.20701
      vertex -14 -7.11612 4.11612
      vertex -11 -7.11612 4.11612
    endloop
  endfacet
  facet normal 0 -0.941561 0.336842
    outer loop
      vertex -14 -6.84515 4.52165
      vertex -11 -6.80383 4.63715
      vertex -14 -6.80383 4.63715
    endloop
  endfacet
  facet normal 0 -0.941561 0.336842
    outer loop
      vertex -11 -6.80383 4.63715
      vertex -14 -6.84515 4.52165
      vertex -11 -6.84515 4.52165
    endloop
  endfacet
  facet normal 0 -0.740979 -0.671528
    outer loop
      vertex -14 -7.03374 19.793
      vertex -11 -7.11612 19.8839
      vertex -14 -7.11612 19.8839
    endloop
  endfacet
  facet normal 0 -0.740979 -0.671528
    outer loop
      vertex -11 -7.11612 19.8839
      vertex -14 -7.03374 19.793
      vertex -11 -7.03374 19.793
    endloop
  endfacet
  facet normal 0 0.941561 0.336842
    outer loop
      vertex -11 -9.15485 4.52165
      vertex -14 -9.19617 4.63715
      vertex -11 -9.19617 4.63715
    endloop
  endfacet
  facet normal 0 0.941561 0.336842
    outer loop
      vertex -14 -9.19617 4.63715
      vertex -11 -9.15485 4.52165
      vertex -14 -9.15485 4.52165
    endloop
  endfacet
  facet normal 0 -0.989186 -0.146667
    outer loop
      vertex -14 -6.75602 19.1225
      vertex -11 -6.77402 19.2439
      vertex -14 -6.77402 19.2439
    endloop
  endfacet
  facet normal 0 -0.989186 -0.146667
    outer loop
      vertex -11 -6.77402 19.2439
      vertex -14 -6.75602 19.1225
      vertex -11 -6.75602 19.1225
    endloop
  endfacet
  facet normal 0 0.048913 -0.998803
    outer loop
      vertex -14 -8.12252 20.244
      vertex -11 -8 20.25
      vertex -11 -8.12252 20.244
    endloop
  endfacet
  facet normal 0 0.048913 -0.998803
    outer loop
      vertex -11 -8 20.25
      vertex -14 -8.12252 20.244
      vertex -14 -8 20.25
    endloop
  endfacet
  facet normal 0 0.803187 0.595727
    outer loop
      vertex -11 -8.96626 4.20701
      vertex -14 -9.03934 4.30554
      vertex -11 -9.03934 4.30554
    endloop
  endfacet
  facet normal 0 0.803187 0.595727
    outer loop
      vertex -14 -9.03934 4.30554
      vertex -11 -8.96626 4.20701
      vertex -14 -8.96626 4.20701
    endloop
  endfacet
  facet normal -0 0.243015 0.970022
    outer loop
      vertex -14 -8.24386 3.77402
      vertex -11 -8.36285 3.80383
      vertex -11 -8.24386 3.77402
    endloop
  endfacet
  facet normal 0 0.243015 0.970022
    outer loop
      vertex -11 -8.36285 3.80383
      vertex -14 -8.24386 3.77402
      vertex -14 -8.36285 3.80383
    endloop
  endfacet
  facet normal 0 0.85773 0.5141
    outer loop
      vertex -11 -9.03934 4.30554
      vertex -14 -9.1024 4.41075
      vertex -11 -9.1024 4.41075
    endloop
  endfacet
  facet normal 0 0.85773 0.5141
    outer loop
      vertex -14 -9.1024 4.41075
      vertex -11 -9.03934 4.30554
      vertex -14 -9.03934 4.30554
    endloop
  endfacet
  facet normal -0 0.336842 0.941561
    outer loop
      vertex -14 -8.36285 3.80383
      vertex -11 -8.47835 3.84515
      vertex -11 -8.36285 3.80383
    endloop
  endfacet
  facet normal 0 0.336842 0.941561
    outer loop
      vertex -11 -8.47835 3.84515
      vertex -14 -8.36285 3.80383
      vertex -14 -8.47835 3.84515
    endloop
  endfacet
  facet normal 0 0.595306 -0.803499
    outer loop
      vertex -14 -8.79299 19.9663
      vertex -11 -8.69446 20.0393
      vertex -11 -8.79299 19.9663
    endloop
  endfacet
  facet normal 0 0.595306 -0.803499
    outer loop
      vertex -11 -8.69446 20.0393
      vertex -14 -8.79299 19.9663
      vertex -14 -8.69446 20.0393
    endloop
  endfacet
  facet normal 0 -0.941561 -0.336842
    outer loop
      vertex -14 -6.80383 19.3629
      vertex -11 -6.84515 19.4784
      vertex -14 -6.84515 19.4784
    endloop
  endfacet
  facet normal 0 -0.941561 -0.336842
    outer loop
      vertex -11 -6.84515 19.4784
      vertex -14 -6.80383 19.3629
      vertex -11 -6.80383 19.3629
    endloop
  endfacet
  facet normal 0 -0.336842 0.941561
    outer loop
      vertex -14 -7.52165 3.84515
      vertex -11 -7.63715 3.80383
      vertex -11 -7.52165 3.84515
    endloop
  endfacet
  facet normal 0 -0.336842 0.941561
    outer loop
      vertex -11 -7.63715 3.80383
      vertex -14 -7.52165 3.84515
      vertex -14 -7.63715 3.80383
    endloop
  endfacet
  facet normal 0 0.671658 -0.740861
    outer loop
      vertex -14 -8.88388 19.8839
      vertex -11 -8.79299 19.9663
      vertex -11 -8.88388 19.8839
    endloop
  endfacet
  facet normal 0 0.671658 -0.740861
    outer loop
      vertex -11 -8.79299 19.9663
      vertex -14 -8.88388 19.8839
      vertex -14 -8.79299 19.9663
    endloop
  endfacet
  facet normal 0 -0.903846 -0.427858
    outer loop
      vertex -14 -6.84515 19.4784
      vertex -11 -6.8976 19.5892
      vertex -14 -6.8976 19.5892
    endloop
  endfacet
  facet normal 0 -0.903846 -0.427858
    outer loop
      vertex -11 -6.8976 19.5892
      vertex -14 -6.84515 19.4784
      vertex -11 -6.84515 19.4784
    endloop
  endfacet
  facet normal 0 -0.51434 -0.857586
    outer loop
      vertex -14 -7.41075 20.1024
      vertex -11 -7.30554 20.0393
      vertex -11 -7.41075 20.1024
    endloop
  endfacet
  facet normal -0 -0.51434 -0.857586
    outer loop
      vertex -11 -7.30554 20.0393
      vertex -14 -7.41075 20.1024
      vertex -14 -7.30554 20.0393
    endloop
  endfacet
  facet normal 0 0.998795 0.0490756
    outer loop
      vertex -11 -9.24398 4.87748
      vertex -14 -9.25 5
      vertex -11 -9.25 5
    endloop
  endfacet
  facet normal 0 0.998795 0.0490756
    outer loop
      vertex -14 -9.25 5
      vertex -11 -9.24398 4.87748
      vertex -14 -9.24398 4.87748
    endloop
  endfacet
  facet normal 0 -0.146738 -0.989175
    outer loop
      vertex -14 -7.87748 20.244
      vertex -11 -7.75614 20.226
      vertex -11 -7.87748 20.244
    endloop
  endfacet
  facet normal -0 -0.146738 -0.989175
    outer loop
      vertex -11 -7.75614 20.226
      vertex -14 -7.87748 20.244
      vertex -14 -7.75614 20.226
    endloop
  endfacet
  facet normal 0 -0.048913 -0.998803
    outer loop
      vertex -14 -8 20.25
      vertex -11 -7.87748 20.244
      vertex -11 -8 20.25
    endloop
  endfacet
  facet normal -0 -0.048913 -0.998803
    outer loop
      vertex -11 -7.87748 20.244
      vertex -14 -8 20.25
      vertex -14 -7.87748 20.244
    endloop
  endfacet
  facet normal 0 0.427876 -0.903837
    outer loop
      vertex -14 -8.58925 20.1024
      vertex -11 -8.47835 20.1549
      vertex -11 -8.58925 20.1024
    endloop
  endfacet
  facet normal 0 0.427876 -0.903837
    outer loop
      vertex -11 -8.47835 20.1549
      vertex -14 -8.58925 20.1024
      vertex -14 -8.47835 20.1549
    endloop
  endfacet
  facet normal 0 0.970022 0.243015
    outer loop
      vertex -11 -9.19617 4.63715
      vertex -14 -9.22598 4.75614
      vertex -11 -9.22598 4.75614
    endloop
  endfacet
  facet normal 0 0.970022 0.243015
    outer loop
      vertex -14 -9.22598 4.75614
      vertex -11 -9.19617 4.63715
      vertex -14 -9.19617 4.63715
    endloop
  endfacet
  facet normal 0 0.970027 -0.242996
    outer loop
      vertex -11 -9.22598 19.2439
      vertex -14 -9.19617 19.3629
      vertex -11 -9.19617 19.3629
    endloop
  endfacet
  facet normal 0 0.970027 -0.242996
    outer loop
      vertex -14 -9.19617 19.3629
      vertex -11 -9.22598 19.2439
      vertex -14 -9.22598 19.2439
    endloop
  endfacet
  facet normal 0 -0.671568 0.740943
    outer loop
      vertex -14 -7.11612 4.11612
      vertex -11 -7.20701 4.03374
      vertex -11 -7.11612 4.11612
    endloop
  endfacet
  facet normal 0 -0.671568 0.740943
    outer loop
      vertex -11 -7.20701 4.03374
      vertex -14 -7.11612 4.11612
      vertex -14 -7.20701 4.03374
    endloop
  endfacet
  facet normal 0 -0.989175 0.146738
    outer loop
      vertex -14 -6.77402 4.75614
      vertex -11 -6.75602 4.87748
      vertex -14 -6.75602 4.87748
    endloop
  endfacet
  facet normal 0 -0.989175 0.146738
    outer loop
      vertex -11 -6.75602 4.87748
      vertex -14 -6.77402 4.75614
      vertex -11 -6.77402 4.75614
    endloop
  endfacet
  facet normal 0 0.989175 0.146738
    outer loop
      vertex -11 -9.22598 4.75614
      vertex -14 -9.24398 4.87748
      vertex -11 -9.24398 4.87748
    endloop
  endfacet
  facet normal 0 0.989175 0.146738
    outer loop
      vertex -14 -9.24398 4.87748
      vertex -11 -9.22598 4.75614
      vertex -14 -9.22598 4.75614
    endloop
  endfacet
  facet normal -0 0.595727 0.803187
    outer loop
      vertex -14 -8.69446 3.96066
      vertex -11 -8.79299 4.03374
      vertex -11 -8.69446 3.96066
    endloop
  endfacet
  facet normal 0 0.595727 0.803187
    outer loop
      vertex -11 -8.79299 4.03374
      vertex -14 -8.69446 3.96066
      vertex -14 -8.79299 4.03374
    endloop
  endfacet
  facet normal 0 0.803101 -0.595844
    outer loop
      vertex -11 -9.03934 19.6945
      vertex -14 -8.96626 19.793
      vertex -11 -8.96626 19.793
    endloop
  endfacet
  facet normal 0 0.803101 -0.595844
    outer loop
      vertex -14 -8.96626 19.793
      vertex -11 -9.03934 19.6945
      vertex -14 -9.03934 19.6945
    endloop
  endfacet
  facet normal 0 -0.803187 0.595727
    outer loop
      vertex -14 -7.03374 4.20701
      vertex -11 -6.96066 4.30554
      vertex -14 -6.96066 4.30554
    endloop
  endfacet
  facet normal 0 -0.803187 0.595727
    outer loop
      vertex -11 -6.96066 4.30554
      vertex -14 -7.03374 4.20701
      vertex -11 -7.03374 4.20701
    endloop
  endfacet
  facet normal 0 0.989186 -0.146667
    outer loop
      vertex -11 -9.24398 19.1225
      vertex -14 -9.22598 19.2439
      vertex -11 -9.22598 19.2439
    endloop
  endfacet
  facet normal 0 0.989186 -0.146667
    outer loop
      vertex -14 -9.22598 19.2439
      vertex -11 -9.24398 19.1225
      vertex -14 -9.24398 19.1225
    endloop
  endfacet
  facet normal 0 0.857924 -0.513777
    outer loop
      vertex -11 -9.1024 19.5892
      vertex -14 -9.03934 19.6945
      vertex -11 -9.03934 19.6945
    endloop
  endfacet
  facet normal 0 0.857924 -0.513777
    outer loop
      vertex -14 -9.03934 19.6945
      vertex -11 -9.1024 19.5892
      vertex -14 -9.1024 19.5892
    endloop
  endfacet
  facet normal 0 -0.85773 0.5141
    outer loop
      vertex -14 -6.96066 4.30554
      vertex -11 -6.8976 4.41075
      vertex -14 -6.8976 4.41075
    endloop
  endfacet
  facet normal 0 -0.85773 0.5141
    outer loop
      vertex -11 -6.8976 4.41075
      vertex -14 -6.96066 4.30554
      vertex -11 -6.96066 4.30554
    endloop
  endfacet
  facet normal 0 -0.903995 0.427543
    outer loop
      vertex -14 -6.8976 4.41075
      vertex -11 -6.84515 4.52165
      vertex -14 -6.84515 4.52165
    endloop
  endfacet
  facet normal 0 -0.903995 0.427543
    outer loop
      vertex -11 -6.84515 4.52165
      vertex -14 -6.8976 4.41075
      vertex -11 -6.8976 4.41075
    endloop
  endfacet
  facet normal 0 -0.336698 -0.941613
    outer loop
      vertex -14 -7.63715 20.1962
      vertex -11 -7.52165 20.1549
      vertex -11 -7.63715 20.1962
    endloop
  endfacet
  facet normal -0 -0.336698 -0.941613
    outer loop
      vertex -11 -7.52165 20.1549
      vertex -14 -7.63715 20.1962
      vertex -14 -7.52165 20.1549
    endloop
  endfacet
  facet normal 0 0.903846 -0.427858
    outer loop
      vertex -11 -9.15485 19.4784
      vertex -14 -9.1024 19.5892
      vertex -11 -9.1024 19.5892
    endloop
  endfacet
  facet normal 0 0.903846 -0.427858
    outer loop
      vertex -14 -9.1024 19.5892
      vertex -11 -9.15485 19.4784
      vertex -14 -9.15485 19.4784
    endloop
  endfacet
  facet normal 0 -0.243015 0.970022
    outer loop
      vertex -14 -7.63715 3.80383
      vertex -11 -7.75614 3.77402
      vertex -11 -7.63715 3.80383
    endloop
  endfacet
  facet normal 0 -0.243015 0.970022
    outer loop
      vertex -11 -7.75614 3.77402
      vertex -14 -7.63715 3.80383
      vertex -14 -7.75614 3.77402
    endloop
  endfacet
  facet normal 0 -0.803101 -0.595844
    outer loop
      vertex -14 9.03934 19.6945
      vertex -11 8.96626 19.793
      vertex -14 8.96626 19.793
    endloop
  endfacet
  facet normal 0 -0.803101 -0.595844
    outer loop
      vertex -11 8.96626 19.793
      vertex -14 9.03934 19.6945
      vertex -11 9.03934 19.6945
    endloop
  endfacet
  facet normal 0 0.998795 -0.0490836
    outer loop
      vertex -11 6.75 19
      vertex -14 6.75602 19.1225
      vertex -11 6.75602 19.1225
    endloop
  endfacet
  facet normal 0 0.998795 -0.0490836
    outer loop
      vertex -14 6.75602 19.1225
      vertex -11 6.75 19
      vertex -14 6.75 19
    endloop
  endfacet
  facet normal 0 0.941561 -0.336842
    outer loop
      vertex -11 6.80383 19.3629
      vertex -14 6.84515 19.4784
      vertex -11 6.84515 19.4784
    endloop
  endfacet
  facet normal 0 0.941561 -0.336842
    outer loop
      vertex -14 6.84515 19.4784
      vertex -11 6.80383 19.3629
      vertex -14 6.80383 19.3629
    endloop
  endfacet
  facet normal 0 1 -0
    outer loop
      vertex -11 6.75 5
      vertex -14 6.75 19
      vertex -11 6.75 19
    endloop
  endfacet
  facet normal 0 1 0
    outer loop
      vertex -14 6.75 19
      vertex -11 6.75 5
      vertex -14 6.75 5
    endloop
  endfacet
  facet normal 0 -0.671658 -0.740861
    outer loop
      vertex -14 8.79299 19.9663
      vertex -11 8.88388 19.8839
      vertex -11 8.79299 19.9663
    endloop
  endfacet
  facet normal -0 -0.671658 -0.740861
    outer loop
      vertex -11 8.88388 19.8839
      vertex -14 8.79299 19.9663
      vertex -14 8.88388 19.8839
    endloop
  endfacet
  facet normal 0 0.242938 -0.970042
    outer loop
      vertex -14 7.63715 20.1962
      vertex -11 7.75614 20.226
      vertex -11 7.63715 20.1962
    endloop
  endfacet
  facet normal 0 0.242938 -0.970042
    outer loop
      vertex -11 7.75614 20.226
      vertex -14 7.63715 20.1962
      vertex -14 7.75614 20.226
    endloop
  endfacet
  facet normal -0 0.0490756 0.998795
    outer loop
      vertex -14 8 3.75
      vertex -11 7.87748 3.75602
      vertex -11 8 3.75
    endloop
  endfacet
  facet normal 0 0.0490756 0.998795
    outer loop
      vertex -11 7.87748 3.75602
      vertex -14 8 3.75
      vertex -14 7.87748 3.75602
    endloop
  endfacet
  facet normal 0 0.336698 -0.941613
    outer loop
      vertex -14 7.52165 20.1549
      vertex -11 7.63715 20.1962
      vertex -11 7.52165 20.1549
    endloop
  endfacet
  facet normal 0 0.336698 -0.941613
    outer loop
      vertex -11 7.63715 20.1962
      vertex -14 7.52165 20.1549
      vertex -14 7.63715 20.1962
    endloop
  endfacet
  facet normal 0 -0.427876 -0.903837
    outer loop
      vertex -14 8.47835 20.1549
      vertex -11 8.58925 20.1024
      vertex -11 8.47835 20.1549
    endloop
  endfacet
  facet normal -0 -0.427876 -0.903837
    outer loop
      vertex -11 8.58925 20.1024
      vertex -14 8.47835 20.1549
      vertex -14 8.58925 20.1024
    endloop
  endfacet
  facet normal 0 0.740943 0.671568
    outer loop
      vertex -11 7.11612 4.11612
      vertex -14 7.03374 4.20701
      vertex -11 7.03374 4.20701
    endloop
  endfacet
  facet normal 0 0.740943 0.671568
    outer loop
      vertex -14 7.03374 4.20701
      vertex -11 7.11612 4.11612
      vertex -14 7.11612 4.11612
    endloop
  endfacet
  facet normal 0 -1 0
    outer loop
      vertex -14 9.25 5
      vertex -11 9.25 19
      vertex -14 9.25 19
    endloop
  endfacet
  facet normal 0 -1 -0
    outer loop
      vertex -11 9.25 19
      vertex -14 9.25 5
      vertex -11 9.25 5
    endloop
  endfacet
  facet normal -0 0.146738 0.989175
    outer loop
      vertex -14 7.87748 3.75602
      vertex -11 7.75614 3.77402
      vertex -11 7.87748 3.75602
    endloop
  endfacet
  facet normal 0 0.146738 0.989175
    outer loop
      vertex -11 7.75614 3.77402
      vertex -14 7.87748 3.75602
      vertex -14 7.75614 3.77402
    endloop
  endfacet
  facet normal 0 -0.595727 0.803187
    outer loop
      vertex -14 8.79299 4.03374
      vertex -11 8.69446 3.96066
      vertex -11 8.79299 4.03374
    endloop
  endfacet
  facet normal 0 -0.595727 0.803187
    outer loop
      vertex -11 8.69446 3.96066
      vertex -14 8.79299 4.03374
      vertex -14 8.69446 3.96066
    endloop
  endfacet
  facet normal 0 0.146738 -0.989175
    outer loop
      vertex -14 7.75614 20.226
      vertex -11 7.87748 20.244
      vertex -11 7.75614 20.226
    endloop
  endfacet
  facet normal 0 0.146738 -0.989175
    outer loop
      vertex -11 7.87748 20.244
      vertex -14 7.75614 20.226
      vertex -14 7.87748 20.244
    endloop
  endfacet
  facet normal -0 0.427543 0.903995
    outer loop
      vertex -14 7.52165 3.84515
      vertex -11 7.41075 3.8976
      vertex -11 7.52165 3.84515
    endloop
  endfacet
  facet normal 0 0.427543 0.903995
    outer loop
      vertex -11 7.41075 3.8976
      vertex -14 7.52165 3.84515
      vertex -14 7.41075 3.8976
    endloop
  endfacet
  facet normal 0 -0.970022 0.243015
    outer loop
      vertex -14 9.19617 4.63715
      vertex -11 9.22598 4.75614
      vertex -14 9.22598 4.75614
    endloop
  endfacet
  facet normal 0 -0.970022 0.243015
    outer loop
      vertex -11 9.22598 4.75614
      vertex -14 9.19617 4.63715
      vertex -11 9.19617 4.63715
    endloop
  endfacet
  facet normal 0 0.740979 -0.671528
    outer loop
      vertex -11 7.03374 19.793
      vertex -14 7.11612 19.8839
      vertex -11 7.11612 19.8839
    endloop
  endfacet
  facet normal 0 0.740979 -0.671528
    outer loop
      vertex -14 7.11612 19.8839
      vertex -11 7.03374 19.793
      vertex -14 7.03374 19.793
    endloop
  endfacet
  facet normal 0 -0.427543 0.903995
    outer loop
      vertex -14 8.58925 3.8976
      vertex -11 8.47835 3.84515
      vertex -11 8.58925 3.8976
    endloop
  endfacet
  facet normal 0 -0.427543 0.903995
    outer loop
      vertex -11 8.47835 3.84515
      vertex -14 8.58925 3.8976
      vertex -14 8.47835 3.84515
    endloop
  endfacet
  facet normal 0 0.51434 -0.857586
    outer loop
      vertex -14 7.30554 20.0393
      vertex -11 7.41075 20.1024
      vertex -11 7.30554 20.0393
    endloop
  endfacet
  facet normal 0 0.51434 -0.857586
    outer loop
      vertex -11 7.41075 20.1024
      vertex -14 7.30554 20.0393
      vertex -14 7.41075 20.1024
    endloop
  endfacet
  facet normal 0 -0.970027 -0.242996
    outer loop
      vertex -14 9.22598 19.2439
      vertex -11 9.19617 19.3629
      vertex -14 9.19617 19.3629
    endloop
  endfacet
  facet normal 0 -0.970027 -0.242996
    outer loop
      vertex -11 9.19617 19.3629
      vertex -14 9.22598 19.2439
      vertex -11 9.22598 19.2439
    endloop
  endfacet
  facet normal 0 -0.242938 -0.970042
    outer loop
      vertex -14 8.24386 20.226
      vertex -11 8.36285 20.1962
      vertex -11 8.24386 20.226
    endloop
  endfacet
  facet normal -0 -0.242938 -0.970042
    outer loop
      vertex -11 8.36285 20.1962
      vertex -14 8.24386 20.226
      vertex -14 8.36285 20.1962
    endloop
  endfacet
  facet normal 0 -0.998795 0.0490756
    outer loop
      vertex -14 9.24398 4.87748
      vertex -11 9.25 5
      vertex -14 9.25 5
    endloop
  endfacet
  facet normal 0 -0.998795 0.0490756
    outer loop
      vertex -11 9.25 5
      vertex -14 9.24398 4.87748
      vertex -11 9.24398 4.87748
    endloop
  endfacet
  facet normal -0 0.671568 0.740943
    outer loop
      vertex -14 7.20701 4.03374
      vertex -11 7.11612 4.11612
      vertex -11 7.20701 4.03374
    endloop
  endfacet
  facet normal 0 0.671568 0.740943
    outer loop
      vertex -11 7.11612 4.11612
      vertex -14 7.20701 4.03374
      vertex -14 7.11612 4.11612
    endloop
  endfacet
  facet normal 0 -0.0490756 0.998795
    outer loop
      vertex -14 8.12252 3.75602
      vertex -11 8 3.75
      vertex -11 8.12252 3.75602
    endloop
  endfacet
  facet normal 0 -0.0490756 0.998795
    outer loop
      vertex -11 8 3.75
      vertex -14 8.12252 3.75602
      vertex -14 8 3.75
    endloop
  endfacet
  facet normal 0 -0.146738 0.989175
    outer loop
      vertex -14 8.24386 3.77402
      vertex -11 8.12252 3.75602
      vertex -11 8.24386 3.77402
    endloop
  endfacet
  facet normal 0 -0.146738 0.989175
    outer loop
      vertex -11 8.12252 3.75602
      vertex -14 8.24386 3.77402
      vertex -14 8.12252 3.75602
    endloop
  endfacet
  facet normal 0 -0.5141 0.85773
    outer loop
      vertex -14 8.69446 3.96066
      vertex -11 8.58925 3.8976
      vertex -11 8.69446 3.96066
    endloop
  endfacet
  facet normal 0 -0.5141 0.85773
    outer loop
      vertex -11 8.58925 3.8976
      vertex -14 8.69446 3.96066
      vertex -14 8.58925 3.8976
    endloop
  endfacet
  facet normal 0 -0.857924 -0.513777
    outer loop
      vertex -14 9.1024 19.5892
      vertex -11 9.03934 19.6945
      vertex -14 9.03934 19.6945
    endloop
  endfacet
  facet normal 0 -0.857924 -0.513777
    outer loop
      vertex -11 9.03934 19.6945
      vertex -14 9.1024 19.5892
      vertex -11 9.1024 19.5892
    endloop
  endfacet
  facet normal 0 0.903995 0.427543
    outer loop
      vertex -11 6.8976 4.41075
      vertex -14 6.84515 4.52165
      vertex -11 6.84515 4.52165
    endloop
  endfacet
  facet normal 0 0.903995 0.427543
    outer loop
      vertex -14 6.84515 4.52165
      vertex -11 6.8976 4.41075
      vertex -14 6.8976 4.41075
    endloop
  endfacet
  facet normal -0 0.5141 0.85773
    outer loop
      vertex -14 7.41075 3.8976
      vertex -11 7.30554 3.96066
      vertex -11 7.41075 3.8976
    endloop
  endfacet
  facet normal 0 0.5141 0.85773
    outer loop
      vertex -11 7.30554 3.96066
      vertex -14 7.41075 3.8976
      vertex -14 7.30554 3.96066
    endloop
  endfacet
  facet normal 0 -0.595306 -0.803499
    outer loop
      vertex -14 8.69446 20.0393
      vertex -11 8.79299 19.9663
      vertex -11 8.69446 20.0393
    endloop
  endfacet
  facet normal -0 -0.595306 -0.803499
    outer loop
      vertex -11 8.79299 19.9663
      vertex -14 8.69446 20.0393
      vertex -14 8.79299 19.9663
    endloop
  endfacet
  facet normal 0 -0.998795 -0.0490836
    outer loop
      vertex -14 9.25 19
      vertex -11 9.24398 19.1225
      vertex -14 9.24398 19.1225
    endloop
  endfacet
  facet normal 0 -0.998795 -0.0490836
    outer loop
      vertex -11 9.24398 19.1225
      vertex -14 9.25 19
      vertex -11 9.25 19
    endloop
  endfacet
  facet normal 0 -0.740943 0.671568
    outer loop
      vertex -14 8.88388 4.11612
      vertex -11 8.96626 4.20701
      vertex -14 8.96626 4.20701
    endloop
  endfacet
  facet normal 0 -0.740943 0.671568
    outer loop
      vertex -11 8.96626 4.20701
      vertex -14 8.88388 4.11612
      vertex -11 8.88388 4.11612
    endloop
  endfacet
  facet normal 0 -0.941561 0.336842
    outer loop
      vertex -14 9.15485 4.52165
      vertex -11 9.19617 4.63715
      vertex -14 9.19617 4.63715
    endloop
  endfacet
  facet normal 0 -0.941561 0.336842
    outer loop
      vertex -11 9.19617 4.63715
      vertex -14 9.15485 4.52165
      vertex -11 9.15485 4.52165
    endloop
  endfacet
  facet normal 0 -0.740979 -0.671528
    outer loop
      vertex -14 8.96626 19.793
      vertex -11 8.88388 19.8839
      vertex -14 8.88388 19.8839
    endloop
  endfacet
  facet normal 0 -0.740979 -0.671528
    outer loop
      vertex -11 8.88388 19.8839
      vertex -14 8.96626 19.793
      vertex -11 8.96626 19.793
    endloop
  endfacet
  facet normal 0 0.941561 0.336842
    outer loop
      vertex -11 6.84515 4.52165
      vertex -14 6.80383 4.63715
      vertex -11 6.80383 4.63715
    endloop
  endfacet
  facet normal 0 0.941561 0.336842
    outer loop
      vertex -14 6.80383 4.63715
      vertex -11 6.84515 4.52165
      vertex -14 6.84515 4.52165
    endloop
  endfacet
  facet normal 0 -0.989186 -0.146667
    outer loop
      vertex -14 9.24398 19.1225
      vertex -11 9.22598 19.2439
      vertex -14 9.22598 19.2439
    endloop
  endfacet
  facet normal 0 -0.989186 -0.146667
    outer loop
      vertex -11 9.22598 19.2439
      vertex -14 9.24398 19.1225
      vertex -11 9.24398 19.1225
    endloop
  endfacet
  facet normal 0 0.048913 -0.998803
    outer loop
      vertex -14 7.87748 20.244
      vertex -11 8 20.25
      vertex -11 7.87748 20.244
    endloop
  endfacet
  facet normal 0 0.048913 -0.998803
    outer loop
      vertex -11 8 20.25
      vertex -14 7.87748 20.244
      vertex -14 8 20.25
    endloop
  endfacet
  facet normal 0 0.803187 0.595727
    outer loop
      vertex -11 7.03374 4.20701
      vertex -14 6.96066 4.30554
      vertex -11 6.96066 4.30554
    endloop
  endfacet
  facet normal 0 0.803187 0.595727
    outer loop
      vertex -14 6.96066 4.30554
      vertex -11 7.03374 4.20701
      vertex -14 7.03374 4.20701
    endloop
  endfacet
  facet normal -0 0.243015 0.970022
    outer loop
      vertex -14 7.75614 3.77402
      vertex -11 7.63715 3.80383
      vertex -11 7.75614 3.77402
    endloop
  endfacet
  facet normal 0 0.243015 0.970022
    outer loop
      vertex -11 7.63715 3.80383
      vertex -14 7.75614 3.77402
      vertex -14 7.63715 3.80383
    endloop
  endfacet
  facet normal 0 0.85773 0.5141
    outer loop
      vertex -11 6.96066 4.30554
      vertex -14 6.8976 4.41075
      vertex -11 6.8976 4.41075
    endloop
  endfacet
  facet normal 0 0.85773 0.5141
    outer loop
      vertex -14 6.8976 4.41075
      vertex -11 6.96066 4.30554
      vertex -14 6.96066 4.30554
    endloop
  endfacet
  facet normal -0 0.336842 0.941561
    outer loop
      vertex -14 7.63715 3.80383
      vertex -11 7.52165 3.84515
      vertex -11 7.63715 3.80383
    endloop
  endfacet
  facet normal 0 0.336842 0.941561
    outer loop
      vertex -11 7.52165 3.84515
      vertex -14 7.63715 3.80383
      vertex -14 7.52165 3.84515
    endloop
  endfacet
  facet normal 0 0.595306 -0.803499
    outer loop
      vertex -14 7.20701 19.9663
      vertex -11 7.30554 20.0393
      vertex -11 7.20701 19.9663
    endloop
  endfacet
  facet normal 0 0.595306 -0.803499
    outer loop
      vertex -11 7.30554 20.0393
      vertex -14 7.20701 19.9663
      vertex -14 7.30554 20.0393
    endloop
  endfacet
  facet normal 0 -0.941561 -0.336842
    outer loop
      vertex -14 9.19617 19.3629
      vertex -11 9.15485 19.4784
      vertex -14 9.15485 19.4784
    endloop
  endfacet
  facet normal 0 -0.941561 -0.336842
    outer loop
      vertex -11 9.15485 19.4784
      vertex -14 9.19617 19.3629
      vertex -11 9.19617 19.3629
    endloop
  endfacet
  facet normal 0 -0.336842 0.941561
    outer loop
      vertex -14 8.47835 3.84515
      vertex -11 8.36285 3.80383
      vertex -11 8.47835 3.84515
    endloop
  endfacet
  facet normal 0 -0.336842 0.941561
    outer loop
      vertex -11 8.36285 3.80383
      vertex -14 8.47835 3.84515
      vertex -14 8.36285 3.80383
    endloop
  endfacet
  facet normal 0 0.671658 -0.740861
    outer loop
      vertex -14 7.11612 19.8839
      vertex -11 7.20701 19.9663
      vertex -11 7.11612 19.8839
    endloop
  endfacet
  facet normal 0 0.671658 -0.740861
    outer loop
      vertex -11 7.20701 19.9663
      vertex -14 7.11612 19.8839
      vertex -14 7.20701 19.9663
    endloop
  endfacet
  facet normal 0 -0.903846 -0.427858
    outer loop
      vertex -14 9.15485 19.4784
      vertex -11 9.1024 19.5892
      vertex -14 9.1024 19.5892
    endloop
  endfacet
  facet normal 0 -0.903846 -0.427858
    outer loop
      vertex -11 9.1024 19.5892
      vertex -14 9.15485 19.4784
      vertex -11 9.15485 19.4784
    endloop
  endfacet
  facet normal 0 -0.51434 -0.857586
    outer loop
      vertex -14 8.58925 20.1024
      vertex -11 8.69446 20.0393
      vertex -11 8.58925 20.1024
    endloop
  endfacet
  facet normal -0 -0.51434 -0.857586
    outer loop
      vertex -11 8.69446 20.0393
      vertex -14 8.58925 20.1024
      vertex -14 8.69446 20.0393
    endloop
  endfacet
  facet normal 0 0.998795 0.0490756
    outer loop
      vertex -11 6.75602 4.87748
      vertex -14 6.75 5
      vertex -11 6.75 5
    endloop
  endfacet
  facet normal 0 0.998795 0.0490756
    outer loop
      vertex -14 6.75 5
      vertex -11 6.75602 4.87748
      vertex -14 6.75602 4.87748
    endloop
  endfacet
  facet normal 0 -0.146738 -0.989175
    outer loop
      vertex -14 8.12252 20.244
      vertex -11 8.24386 20.226
      vertex -11 8.12252 20.244
    endloop
  endfacet
  facet normal -0 -0.146738 -0.989175
    outer loop
      vertex -11 8.24386 20.226
      vertex -14 8.12252 20.244
      vertex -14 8.24386 20.226
    endloop
  endfacet
  facet normal 0 -0.048913 -0.998803
    outer loop
      vertex -14 8 20.25
      vertex -11 8.12252 20.244
      vertex -11 8 20.25
    endloop
  endfacet
  facet normal -0 -0.048913 -0.998803
    outer loop
      vertex -11 8.12252 20.244
      vertex -14 8 20.25
      vertex -14 8.12252 20.244
    endloop
  endfacet
  facet normal 0 0.427876 -0.903837
    outer loop
      vertex -14 7.41075 20.1024
      vertex -11 7.52165 20.1549
      vertex -11 7.41075 20.1024
    endloop
  endfacet
  facet normal 0 0.427876 -0.903837
    outer loop
      vertex -11 7.52165 20.1549
      vertex -14 7.41075 20.1024
      vertex -14 7.52165 20.1549
    endloop
  endfacet
  facet normal 0 0.970022 0.243015
    outer loop
      vertex -11 6.80383 4.63715
      vertex -14 6.77402 4.75614
      vertex -11 6.77402 4.75614
    endloop
  endfacet
  facet normal 0 0.970022 0.243015
    outer loop
      vertex -14 6.77402 4.75614
      vertex -11 6.80383 4.63715
      vertex -14 6.80383 4.63715
    endloop
  endfacet
  facet normal 0 0.970027 -0.242996
    outer loop
      vertex -11 6.77402 19.2439
      vertex -14 6.80383 19.3629
      vertex -11 6.80383 19.3629
    endloop
  endfacet
  facet normal 0 0.970027 -0.242996
    outer loop
      vertex -14 6.80383 19.3629
      vertex -11 6.77402 19.2439
      vertex -14 6.77402 19.2439
    endloop
  endfacet
  facet normal 0 -0.671568 0.740943
    outer loop
      vertex -14 8.88388 4.11612
      vertex -11 8.79299 4.03374
      vertex -11 8.88388 4.11612
    endloop
  endfacet
  facet normal 0 -0.671568 0.740943
    outer loop
      vertex -11 8.79299 4.03374
      vertex -14 8.88388 4.11612
      vertex -14 8.79299 4.03374
    endloop
  endfacet
  facet normal 0 -0.989175 0.146738
    outer loop
      vertex -14 9.22598 4.75614
      vertex -11 9.24398 4.87748
      vertex -14 9.24398 4.87748
    endloop
  endfacet
  facet normal 0 -0.989175 0.146738
    outer loop
      vertex -11 9.24398 4.87748
      vertex -14 9.22598 4.75614
      vertex -11 9.22598 4.75614
    endloop
  endfacet
  facet normal 0 0.989175 0.146738
    outer loop
      vertex -11 6.77402 4.75614
      vertex -14 6.75602 4.87748
      vertex -11 6.75602 4.87748
    endloop
  endfacet
  facet normal 0 0.989175 0.146738
    outer loop
      vertex -14 6.75602 4.87748
      vertex -11 6.77402 4.75614
      vertex -14 6.77402 4.75614
    endloop
  endfacet
  facet normal -0 0.595727 0.803187
    outer loop
      vertex -14 7.30554 3.96066
      vertex -11 7.20701 4.03374
      vertex -11 7.30554 3.96066
    endloop
  endfacet
  facet normal 0 0.595727 0.803187
    outer loop
      vertex -11 7.20701 4.03374
      vertex -14 7.30554 3.96066
      vertex -14 7.20701 4.03374
    endloop
  endfacet
  facet normal 0 0.803101 -0.595844
    outer loop
      vertex -11 6.96066 19.6945
      vertex -14 7.03374 19.793
      vertex -11 7.03374 19.793
    endloop
  endfacet
  facet normal 0 0.803101 -0.595844
    outer loop
      vertex -14 7.03374 19.793
      vertex -11 6.96066 19.6945
      vertex -14 6.96066 19.6945
    endloop
  endfacet
  facet normal 0 -0.803187 0.595727
    outer loop
      vertex -14 8.96626 4.20701
      vertex -11 9.03934 4.30554
      vertex -14 9.03934 4.30554
    endloop
  endfacet
  facet normal 0 -0.803187 0.595727
    outer loop
      vertex -11 9.03934 4.30554
      vertex -14 8.96626 4.20701
      vertex -11 8.96626 4.20701
    endloop
  endfacet
  facet normal 0 0.989186 -0.146667
    outer loop
      vertex -11 6.75602 19.1225
      vertex -14 6.77402 19.2439
      vertex -11 6.77402 19.2439
    endloop
  endfacet
  facet normal 0 0.989186 -0.146667
    outer loop
      vertex -14 6.77402 19.2439
      vertex -11 6.75602 19.1225
      vertex -14 6.75602 19.1225
    endloop
  endfacet
  facet normal 0 0.857924 -0.513777
    outer loop
      vertex -11 6.8976 19.5892
      vertex -14 6.96066 19.6945
      vertex -11 6.96066 19.6945
    endloop
  endfacet
  facet normal 0 0.857924 -0.513777
    outer loop
      vertex -14 6.96066 19.6945
      vertex -11 6.8976 19.5892
      vertex -14 6.8976 19.5892
    endloop
  endfacet
  facet normal 0 -0.85773 0.5141
    outer loop
      vertex -14 9.03934 4.30554
      vertex -11 9.1024 4.41075
      vertex -14 9.1024 4.41075
    endloop
  endfacet
  facet normal 0 -0.85773 0.5141
    outer loop
      vertex -11 9.1024 4.41075
      vertex -14 9.03934 4.30554
      vertex -11 9.03934 4.30554
    endloop
  endfacet
  facet normal 0 -0.903995 0.427543
    outer loop
      vertex -14 9.1024 4.41075
      vertex -11 9.15485 4.52165
      vertex -14 9.15485 4.52165
    endloop
  endfacet
  facet normal 0 -0.903995 0.427543
    outer loop
      vertex -11 9.15485 4.52165
      vertex -14 9.1024 4.41075
      vertex -11 9.1024 4.41075
    endloop
  endfacet
  facet normal 0 -0.336698 -0.941613
    outer loop
      vertex -14 8.36285 20.1962
      vertex -11 8.47835 20.1549
      vertex -11 8.36285 20.1962
    endloop
  endfacet
  facet normal -0 -0.336698 -0.941613
    outer loop
      vertex -11 8.47835 20.1549
      vertex -14 8.36285 20.1962
      vertex -14 8.47835 20.1549
    endloop
  endfacet
  facet normal 0 0.903846 -0.427858
    outer loop
      vertex -11 6.84515 19.4784
      vertex -14 6.8976 19.5892
      vertex -11 6.8976 19.5892
    endloop
  endfacet
  facet normal 0 0.903846 -0.427858
    outer loop
      vertex -14 6.8976 19.5892
      vertex -11 6.84515 19.4784
      vertex -14 6.84515 19.4784
    endloop
  endfacet
  facet normal 0 -0.243015 0.970022
    outer loop
      vertex -14 8.36285 3.80383
      vertex -11 8.24386 3.77402
      vertex -11 8.36285 3.80383
    endloop
  endfacet
  facet normal 0 -0.243015 0.970022
    outer loop
      vertex -11 8.24386 3.77402
      vertex -14 8.36285 3.80383
      vertex -14 8.24386 3.77402
    endloop
  endfacet
  facet normal 0 0 -1
    outer loop
      vertex 4.5 -11.9789 4
      vertex 4.45536 -10 4
      vertex 4.5 -10.0211 4
    endloop
  endfacet
  facet normal 0 0 -1
    outer loop
      vertex 4.42094 -12.0163 4
      vertex 4.45536 -10 4
      vertex 4.5 -11.9789 4
    endloop
  endfacet
  facet normal 0 0 -1
    outer loop
      vertex 4.31931 -12.0526 4
      vertex 4.45536 -10 4
      vertex 4.42094 -12.0163 4
    endloop
  endfacet
  facet normal 0 0 -1
    outer loop
      vertex 4.21458 -12.0789 4
      vertex 4.45536 -10 4
      vertex 4.31931 -12.0526 4
    endloop
  endfacet
  facet normal 0 0 -1
    outer loop
      vertex 4.10782 -12.0947 4
      vertex 4.45536 -10 4
      vertex 4.21458 -12.0789 4
    endloop
  endfacet
  facet normal 0 0 -1
    outer loop
      vertex 4 -12.1 4
      vertex 4.45536 -10 4
      vertex 4.10782 -12.0947 4
    endloop
  endfacet
  facet normal 0 0 -1
    outer loop
      vertex 3.89217 -12.0947 4
      vertex 4.45536 -10 4
      vertex 4 -12.1 4
    endloop
  endfacet
  facet normal 0 0 -1
    outer loop
      vertex 3.7854 -12.0789 4
      vertex 4.45536 -10 4
      vertex 3.89217 -12.0947 4
    endloop
  endfacet
  facet normal 0 0 -1
    outer loop
      vertex 3.68068 -12.0526 4
      vertex 4.45536 -10 4
      vertex 3.7854 -12.0789 4
    endloop
  endfacet
  facet normal 0 0 -1
    outer loop
      vertex 3.57904 -12.0163 4
      vertex 4.45536 -10 4
      vertex 3.68068 -12.0526 4
    endloop
  endfacet
  facet normal 0 0 -1
    outer loop
      vertex 3.57904 -12.0163 4
      vertex 3.54462 -10 4
      vertex 4.45536 -10 4
    endloop
  endfacet
  facet normal 0 0 -1
    outer loop
      vertex 3.48146 -11.9701 4
      vertex 3.54462 -10 4
      vertex 3.57904 -12.0163 4
    endloop
  endfacet
  facet normal 0 0 -1
    outer loop
      vertex 3.38887 -11.9146 4
      vertex 3.54462 -10 4
      vertex 3.48146 -11.9701 4
    endloop
  endfacet
  facet normal 0 0 -1
    outer loop
      vertex 3.38887 -10.0854 4
      vertex 3.54462 -10 4
      vertex 3.38887 -11.9146 4
    endloop
  endfacet
  facet normal 0 0 -1
    outer loop
      vertex 3.54462 -10 4
      vertex 3.38887 -10.0854 4
      vertex 3.48146 -10.0299 4
    endloop
  endfacet
  facet normal 0 0 -1
    outer loop
      vertex 3.30215 -11.8503 4
      vertex 3.38887 -10.0854 4
      vertex 3.38887 -11.9146 4
    endloop
  endfacet
  facet normal 0 0 -1
    outer loop
      vertex 3.30215 -11.8503 4
      vertex 3.30215 -10.1497 4
      vertex 3.38887 -10.0854 4
    endloop
  endfacet
  facet normal 0 0 -1
    outer loop
      vertex 3.22217 -11.7778 4
      vertex 3.30215 -10.1497 4
      vertex 3.30215 -11.8503 4
    endloop
  endfacet
  facet normal 0 0 -1
    outer loop
      vertex 3.22217 -11.7778 4
      vertex 3.22217 -10.2222 4
      vertex 3.30215 -10.1497 4
    endloop
  endfacet
  facet normal 0 0 -1
    outer loop
      vertex 3.14967 -11.6978 4
      vertex 3.22217 -10.2222 4
      vertex 3.22217 -11.7778 4
    endloop
  endfacet
  facet normal 0 0 -1
    outer loop
      vertex 3.14967 -11.6978 4
      vertex 3.14967 -10.3022 4
      vertex 3.22217 -10.2222 4
    endloop
  endfacet
  facet normal 0 0 -1
    outer loop
      vertex 3.08537 -11.6111 4
      vertex 3.14967 -10.3022 4
      vertex 3.14967 -11.6978 4
    endloop
  endfacet
  facet normal 0 0 -1
    outer loop
      vertex 3.08537 -11.6111 4
      vertex 3.08537 -10.3889 4
      vertex 3.14967 -10.3022 4
    endloop
  endfacet
  facet normal 0 0 -1
    outer loop
      vertex 3.02988 -11.5185 4
      vertex 3.08537 -10.3889 4
      vertex 3.08537 -11.6111 4
    endloop
  endfacet
  facet normal 0 0 -1
    outer loop
      vertex 3.02988 -11.5185 4
      vertex 3.02988 -10.4815 4
      vertex 3.08537 -10.3889 4
    endloop
  endfacet
  facet normal 0 0 -1
    outer loop
      vertex 2.98372 -11.4209 4
      vertex 3.02988 -10.4815 4
      vertex 3.02988 -11.5185 4
    endloop
  endfacet
  facet normal 0 0 -1
    outer loop
      vertex 2.98372 -11.4209 4
      vertex 2.98372 -10.579 4
      vertex 3.02988 -10.4815 4
    endloop
  endfacet
  facet normal 0 0 -1
    outer loop
      vertex 2.94736 -11.3193 4
      vertex 2.98372 -10.579 4
      vertex 2.98372 -11.4209 4
    endloop
  endfacet
  facet normal 0 0 -1
    outer loop
      vertex 2.94736 -11.3193 4
      vertex 2.94736 -10.6807 4
      vertex 2.98372 -10.579 4
    endloop
  endfacet
  facet normal 0 0 -1
    outer loop
      vertex 2.92113 -11.2146 4
      vertex 2.94736 -10.6807 4
      vertex 2.94736 -11.3193 4
    endloop
  endfacet
  facet normal 0 0 -1
    outer loop
      vertex 2.92113 -11.2146 4
      vertex 2.92113 -10.7854 4
      vertex 2.94736 -10.6807 4
    endloop
  endfacet
  facet normal 0 0 -1
    outer loop
      vertex 2.90529 -11.1078 4
      vertex 2.92113 -10.7854 4
      vertex 2.92113 -11.2146 4
    endloop
  endfacet
  facet normal 0 0 -1
    outer loop
      vertex 2.90529 -11.1078 4
      vertex 2.90529 -10.8922 4
      vertex 2.92113 -10.7854 4
    endloop
  endfacet
  facet normal 0 -0 -1
    outer loop
      vertex 2.90529 -10.8922 4
      vertex 2.90529 -11.1078 4
      vertex 2.89999 -11 4
    endloop
  endfacet
  facet normal 0 0 -1
    outer loop
      vertex 4.5 -11.9789 4
      vertex 6.4 -12 4
      vertex 4.5 -12 4
    endloop
  endfacet
  facet normal 0 0 -1
    outer loop
      vertex 6.4 -12 4
      vertex 4.5 -11.9789 4
      vertex 6.4 -10 4
    endloop
  endfacet
  facet normal 0 0 -1
    outer loop
      vertex 4.5 -10.0211 4
      vertex 6.4 -10 4
      vertex 4.5 -11.9789 4
    endloop
  endfacet
  facet normal -0 0 -1
    outer loop
      vertex 6.4 -10 4
      vertex 4.5 -10.0211 4
      vertex 4.5 -10 4
    endloop
  endfacet
  facet normal 0 0 -1
    outer loop
      vertex -5.5 -12 4
      vertex -2.5 -10 4
      vertex -2.5 -12 4
    endloop
  endfacet
  facet normal -0 0 -1
    outer loop
      vertex -2.5 -10 4
      vertex -5.5 -12 4
      vertex -5.5 -10 4
    endloop
  endfacet
  facet normal 0 0 -1
    outer loop
      vertex -6.90529 -11.1078 4
      vertex -6.90529 -10.8922 4
      vertex -6.89999 -11 4
    endloop
  endfacet
  facet normal 0 0 -1
    outer loop
      vertex -6.92113 -11.2146 4
      vertex -6.90529 -10.8922 4
      vertex -6.90529 -11.1078 4
    endloop
  endfacet
  facet normal 0 0 -1
    outer loop
      vertex -6.92113 -11.2146 4
      vertex -6.92113 -10.7854 4
      vertex -6.90529 -10.8922 4
    endloop
  endfacet
  facet normal 0 0 -1
    outer loop
      vertex -6.94736 -11.3193 4
      vertex -6.92113 -10.7854 4
      vertex -6.92113 -11.2146 4
    endloop
  endfacet
  facet normal 0 0 -1
    outer loop
      vertex -6.94736 -11.3193 4
      vertex -6.94736 -10.6807 4
      vertex -6.92113 -10.7854 4
    endloop
  endfacet
  facet normal 0 0 -1
    outer loop
      vertex -6.98372 -11.4209 4
      vertex -6.94736 -10.6807 4
      vertex -6.94736 -11.3193 4
    endloop
  endfacet
  facet normal 0 0 -1
    outer loop
      vertex -6.98372 -11.4209 4
      vertex -6.98372 -10.579 4
      vertex -6.94736 -10.6807 4
    endloop
  endfacet
  facet normal 0 0 -1
    outer loop
      vertex -7.02988 -11.5185 4
      vertex -6.98372 -10.579 4
      vertex -6.98372 -11.4209 4
    endloop
  endfacet
  facet normal 0 0 -1
    outer loop
      vertex -7.02988 -11.5185 4
      vertex -7.02988 -10.4815 4
      vertex -6.98372 -10.579 4
    endloop
  endfacet
  facet normal 0 0 -1
    outer loop
      vertex -7.08537 -11.6111 4
      vertex -7.02988 -10.4815 4
      vertex -7.02988 -11.5185 4
    endloop
  endfacet
  facet normal 0 0 -1
    outer loop
      vertex -7.08537 -11.6111 4
      vertex -7.08537 -10.3889 4
      vertex -7.02988 -10.4815 4
    endloop
  endfacet
  facet normal 0 0 -1
    outer loop
      vertex -7.14967 -11.6978 4
      vertex -7.08537 -10.3889 4
      vertex -7.08537 -11.6111 4
    endloop
  endfacet
  facet normal 0 0 -1
    outer loop
      vertex -7.14967 -11.6978 4
      vertex -7.14967 -10.3022 4
      vertex -7.08537 -10.3889 4
    endloop
  endfacet
  facet normal 0 0 -1
    outer loop
      vertex -7.22217 -11.7778 4
      vertex -7.14967 -10.3022 4
      vertex -7.14967 -11.6978 4
    endloop
  endfacet
  facet normal 0 0 -1
    outer loop
      vertex -7.22217 -11.7778 4
      vertex -7.22217 -10.2222 4
      vertex -7.14967 -10.3022 4
    endloop
  endfacet
  facet normal 0 0 -1
    outer loop
      vertex -7.30215 -11.8503 4
      vertex -7.22217 -10.2222 4
      vertex -7.22217 -11.7778 4
    endloop
  endfacet
  facet normal 0 0 -1
    outer loop
      vertex -7.30215 -11.8503 4
      vertex -7.30215 -10.1497 4
      vertex -7.22217 -10.2222 4
    endloop
  endfacet
  facet normal 0 0 -1
    outer loop
      vertex -7.38887 -11.9146 4
      vertex -7.30215 -10.1497 4
      vertex -7.30215 -11.8503 4
    endloop
  endfacet
  facet normal 0 0 -1
    outer loop
      vertex -7.38887 -11.9146 4
      vertex -7.38887 -10.0854 4
      vertex -7.30215 -10.1497 4
    endloop
  endfacet
  facet normal 0 0 -1
    outer loop
      vertex -7.48146 -11.9701 4
      vertex -7.38887 -10.0854 4
      vertex -7.38887 -11.9146 4
    endloop
  endfacet
  facet normal 0 0 -1
    outer loop
      vertex -7.54462 -10 4
      vertex -7.38887 -10.0854 4
      vertex -7.48146 -11.9701 4
    endloop
  endfacet
  facet normal 0 0 -1
    outer loop
      vertex -7.38887 -10.0854 4
      vertex -7.54462 -10 4
      vertex -7.48146 -10.0299 4
    endloop
  endfacet
  facet normal 0 0 -1
    outer loop
      vertex -7.57904 -12.0163 4
      vertex -7.54462 -10 4
      vertex -7.48146 -11.9701 4
    endloop
  endfacet
  facet normal 0 0 -1
    outer loop
      vertex -7.68068 -12.0526 4
      vertex -7.54462 -10 4
      vertex -7.57904 -12.0163 4
    endloop
  endfacet
  facet normal 0 0 -1
    outer loop
      vertex -7.7854 -12.0789 4
      vertex -7.54462 -10 4
      vertex -7.68068 -12.0526 4
    endloop
  endfacet
  facet normal 0 0 -1
    outer loop
      vertex -7.89217 -12.0947 4
      vertex -7.54462 -10 4
      vertex -7.7854 -12.0789 4
    endloop
  endfacet
  facet normal 0 0 -1
    outer loop
      vertex -8 -12.1 4
      vertex -7.54462 -10 4
      vertex -7.89217 -12.0947 4
    endloop
  endfacet
  facet normal 0 0 -1
    outer loop
      vertex -8.10782 -12.0947 4
      vertex -7.54462 -10 4
      vertex -8 -12.1 4
    endloop
  endfacet
  facet normal 0 0 -1
    outer loop
      vertex -8.21458 -12.0789 4
      vertex -7.54462 -10 4
      vertex -8.10782 -12.0947 4
    endloop
  endfacet
  facet normal 0 0 -1
    outer loop
      vertex -8.31931 -12.0526 4
      vertex -7.54462 -10 4
      vertex -8.21458 -12.0789 4
    endloop
  endfacet
  facet normal 0 0 -1
    outer loop
      vertex -8.42094 -12.0163 4
      vertex -7.54462 -10 4
      vertex -8.31931 -12.0526 4
    endloop
  endfacet
  facet normal 0 0 -1
    outer loop
      vertex -8.42094 -12.0163 4
      vertex -8.45536 -10 4
      vertex -7.54462 -10 4
    endloop
  endfacet
  facet normal 0 0 -1
    outer loop
      vertex -8.51852 -11.9701 4
      vertex -8.45536 -10 4
      vertex -8.42094 -12.0163 4
    endloop
  endfacet
  facet normal 0 0 -1
    outer loop
      vertex -8.61111 -11.9146 4
      vertex -8.45536 -10 4
      vertex -8.51852 -11.9701 4
    endloop
  endfacet
  facet normal 0 0 -1
    outer loop
      vertex -8.61111 -10.0854 4
      vertex -8.45536 -10 4
      vertex -8.61111 -11.9146 4
    endloop
  endfacet
  facet normal 0 0 -1
    outer loop
      vertex -8.45536 -10 4
      vertex -8.61111 -10.0854 4
      vertex -8.51852 -10.0299 4
    endloop
  endfacet
  facet normal 0 0 -1
    outer loop
      vertex -8.69783 -11.8503 4
      vertex -8.61111 -10.0854 4
      vertex -8.61111 -11.9146 4
    endloop
  endfacet
  facet normal 0 0 -1
    outer loop
      vertex -8.69783 -11.8503 4
      vertex -8.69783 -10.1497 4
      vertex -8.61111 -10.0854 4
    endloop
  endfacet
  facet normal 0 0 -1
    outer loop
      vertex -8.77782 -11.7778 4
      vertex -8.69783 -10.1497 4
      vertex -8.69783 -11.8503 4
    endloop
  endfacet
  facet normal 0 0 -1
    outer loop
      vertex -8.77782 -11.7778 4
      vertex -8.77782 -10.2222 4
      vertex -8.69783 -10.1497 4
    endloop
  endfacet
  facet normal 0 0 -1
    outer loop
      vertex -8.85031 -11.6978 4
      vertex -8.77782 -10.2222 4
      vertex -8.77782 -11.7778 4
    endloop
  endfacet
  facet normal 0 0 -1
    outer loop
      vertex -8.85031 -11.6978 4
      vertex -8.85031 -10.3022 4
      vertex -8.77782 -10.2222 4
    endloop
  endfacet
  facet normal 0 0 -1
    outer loop
      vertex -8.91461 -11.6111 4
      vertex -8.85031 -10.3022 4
      vertex -8.85031 -11.6978 4
    endloop
  endfacet
  facet normal 0 0 -1
    outer loop
      vertex -8.91461 -11.6111 4
      vertex -8.91461 -10.3889 4
      vertex -8.85031 -10.3022 4
    endloop
  endfacet
  facet normal 0 0 -1
    outer loop
      vertex -8.97011 -11.5185 4
      vertex -8.91461 -10.3889 4
      vertex -8.91461 -11.6111 4
    endloop
  endfacet
  facet normal 0 0 -1
    outer loop
      vertex -8.97011 -11.5185 4
      vertex -8.97011 -10.4815 4
      vertex -8.91461 -10.3889 4
    endloop
  endfacet
  facet normal 0 0 -1
    outer loop
      vertex -9.01627 -11.4209 4
      vertex -8.97011 -10.4815 4
      vertex -8.97011 -11.5185 4
    endloop
  endfacet
  facet normal 0 0 -1
    outer loop
      vertex -9.01627 -11.4209 4
      vertex -9.01627 -10.579 4
      vertex -8.97011 -10.4815 4
    endloop
  endfacet
  facet normal 0 0 -1
    outer loop
      vertex -9.05263 -11.3193 4
      vertex -9.01627 -10.579 4
      vertex -9.01627 -11.4209 4
    endloop
  endfacet
  facet normal 0 0 -1
    outer loop
      vertex -9.05263 -11.3193 4
      vertex -9.05263 -10.6807 4
      vertex -9.01627 -10.579 4
    endloop
  endfacet
  facet normal 0 0 -1
    outer loop
      vertex -9.07886 -11.2146 4
      vertex -9.05263 -10.6807 4
      vertex -9.05263 -11.3193 4
    endloop
  endfacet
  facet normal 0 0 -1
    outer loop
      vertex -9.07886 -11.2146 4
      vertex -9.07886 -10.7854 4
      vertex -9.05263 -10.6807 4
    endloop
  endfacet
  facet normal 0 0 -1
    outer loop
      vertex -9.0947 -11.1078 4
      vertex -9.07886 -10.7854 4
      vertex -9.07886 -11.2146 4
    endloop
  endfacet
  facet normal 0 0 -1
    outer loop
      vertex -9.0947 -11.1078 4
      vertex -9.0947 -10.8922 4
      vertex -9.07886 -10.7854 4
    endloop
  endfacet
  facet normal 0 -0 -1
    outer loop
      vertex -9.0947 -10.8922 4
      vertex -9.0947 -11.1078 4
      vertex -9.09999 -11 4
    endloop
  endfacet
  facet normal -0.14675 0.989174 0
    outer loop
      vertex -7.7854 9.92113 0
      vertex -7.89217 9.90529 3
      vertex -7.7854 9.92113 3
    endloop
  endfacet
  facet normal -0.14675 0.989174 0
    outer loop
      vertex -7.89217 9.90529 3
      vertex -7.7854 9.92113 0
      vertex -7.89217 9.90529 0
    endloop
  endfacet
  facet normal -0.242972 0.970033 0
    outer loop
      vertex -7.68068 9.94736 0
      vertex -7.7854 9.92113 3
      vertex -7.68068 9.94736 3
    endloop
  endfacet
  facet normal -0.242972 0.970033 0
    outer loop
      vertex -7.7854 9.92113 3
      vertex -7.68068 9.94736 0
      vertex -7.7854 9.92113 0
    endloop
  endfacet
  facet normal -0.336829 0.941566 0
    outer loop
      vertex -7.57904 9.98372 0
      vertex -7.68068 9.94736 3
      vertex -7.57904 9.98372 3
    endloop
  endfacet
  facet normal -0.336829 0.941566 0
    outer loop
      vertex -7.68068 9.94736 3
      vertex -7.57904 9.98372 0
      vertex -7.68068 9.94736 0
    endloop
  endfacet
  facet normal -0.427768 0.903889 0
    outer loop
      vertex -7.48146 10.0299 0
      vertex -7.57904 9.98372 3
      vertex -7.48146 10.0299 3
    endloop
  endfacet
  facet normal -0.427768 0.903889 0
    outer loop
      vertex -7.57904 9.98372 3
      vertex -7.48146 10.0299 0
      vertex -7.57904 9.98372 0
    endloop
  endfacet
  facet normal -0.514128 0.857714 0
    outer loop
      vertex -7.38887 10.0854 0
      vertex -7.48146 10.0299 3
      vertex -7.38887 10.0854 3
    endloop
  endfacet
  facet normal -0.514128 0.857714 0
    outer loop
      vertex -7.48146 10.0299 3
      vertex -7.38887 10.0854 0
      vertex -7.48146 10.0299 0
    endloop
  endfacet
  facet normal -0.595604 0.803278 0
    outer loop
      vertex -7.30215 10.1497 0
      vertex -7.38887 10.0854 3
      vertex -7.30215 10.1497 3
    endloop
  endfacet
  facet normal -0.595604 0.803278 0
    outer loop
      vertex -7.38887 10.0854 3
      vertex -7.30215 10.1497 0
      vertex -7.38887 10.0854 0
    endloop
  endfacet
  facet normal -0.671612 0.740903 0
    outer loop
      vertex -7.22217 10.2222 0
      vertex -7.30215 10.1497 3
      vertex -7.22217 10.2222 3
    endloop
  endfacet
  facet normal -0.671612 0.740903 0
    outer loop
      vertex -7.30215 10.1497 3
      vertex -7.22217 10.2222 0
      vertex -7.30215 10.1497 0
    endloop
  endfacet
  facet normal -0.740987 0.671519 0
    outer loop
      vertex -7.22217 10.2222 0
      vertex -7.14967 10.3022 3
      vertex -7.14967 10.3022 0
    endloop
  endfacet
  facet normal -0.740987 0.671519 0
    outer loop
      vertex -7.14967 10.3022 3
      vertex -7.22217 10.2222 0
      vertex -7.22217 10.2222 3
    endloop
  endfacet
  facet normal -0.803212 0.595693 0
    outer loop
      vertex -7.14967 10.3022 0
      vertex -7.08537 10.3889 3
      vertex -7.08537 10.3889 0
    endloop
  endfacet
  facet normal -0.803212 0.595693 0
    outer loop
      vertex -7.08537 10.3889 3
      vertex -7.14967 10.3022 0
      vertex -7.14967 10.3022 3
    endloop
  endfacet
  facet normal -0.857779 0.514019 0
    outer loop
      vertex -7.08537 10.3889 0
      vertex -7.02988 10.4815 3
      vertex -7.02988 10.4815 0
    endloop
  endfacet
  facet normal -0.857779 0.514019 0
    outer loop
      vertex -7.02988 10.4815 3
      vertex -7.08537 10.3889 0
      vertex -7.08537 10.3889 3
    endloop
  endfacet
  facet normal -0.903825 0.427903 0
    outer loop
      vertex -7.02988 10.4815 0
      vertex -6.98372 10.579 3
      vertex -6.98372 10.579 0
    endloop
  endfacet
  facet normal -0.903825 0.427903 0
    outer loop
      vertex -6.98372 10.579 3
      vertex -7.02988 10.4815 0
      vertex -7.02988 10.4815 3
    endloop
  endfacet
  facet normal -0.941629 0.336653 0
    outer loop
      vertex -6.98372 10.579 0
      vertex -6.94736 10.6807 3
      vertex -6.94736 10.6807 0
    endloop
  endfacet
  facet normal -0.941629 0.336653 0
    outer loop
      vertex -6.94736 10.6807 3
      vertex -6.98372 10.579 0
      vertex -6.98372 10.579 3
    endloop
  endfacet
  facet normal -0.970022 0.243015 0
    outer loop
      vertex -6.94736 10.6807 0
      vertex -6.92113 10.7854 3
      vertex -6.92113 10.7854 0
    endloop
  endfacet
  facet normal -0.970022 0.243015 0
    outer loop
      vertex -6.92113 10.7854 3
      vertex -6.94736 10.6807 0
      vertex -6.94736 10.6807 3
    endloop
  endfacet
  facet normal -0.98918 0.14671 0
    outer loop
      vertex -6.92113 10.7854 0
      vertex -6.90529 10.8922 3
      vertex -6.90529 10.8922 0
    endloop
  endfacet
  facet normal -0.98918 0.14671 0
    outer loop
      vertex -6.90529 10.8922 3
      vertex -6.92113 10.7854 0
      vertex -6.92113 10.7854 3
    endloop
  endfacet
  facet normal -0.998794 0.0491058 0
    outer loop
      vertex -6.90529 10.8922 0
      vertex -6.89999 11 3
      vertex -6.89999 11 0
    endloop
  endfacet
  facet normal -0.998794 0.0491058 0
    outer loop
      vertex -6.89999 11 3
      vertex -6.90529 10.8922 0
      vertex -6.90529 10.8922 3
    endloop
  endfacet
  facet normal -0.998794 -0.0491058 0
    outer loop
      vertex -6.89999 11 0
      vertex -6.90529 11.1078 3
      vertex -6.90529 11.1078 0
    endloop
  endfacet
  facet normal -0.998794 -0.0491058 0
    outer loop
      vertex -6.90529 11.1078 3
      vertex -6.89999 11 0
      vertex -6.89999 11 3
    endloop
  endfacet
  facet normal -0.98918 -0.14671 0
    outer loop
      vertex -6.90529 11.1078 0
      vertex -6.92113 11.2146 3
      vertex -6.92113 11.2146 0
    endloop
  endfacet
  facet normal -0.98918 -0.14671 0
    outer loop
      vertex -6.92113 11.2146 3
      vertex -6.90529 11.1078 0
      vertex -6.90529 11.1078 3
    endloop
  endfacet
  facet normal -0.970022 -0.243015 0
    outer loop
      vertex -6.92113 11.2146 0
      vertex -6.94736 11.3193 3
      vertex -6.94736 11.3193 0
    endloop
  endfacet
  facet normal -0.970022 -0.243015 0
    outer loop
      vertex -6.94736 11.3193 3
      vertex -6.92113 11.2146 0
      vertex -6.92113 11.2146 3
    endloop
  endfacet
  facet normal -0.941524 -0.336947 0
    outer loop
      vertex -6.94736 11.3193 0
      vertex -6.98372 11.4209 3
      vertex -6.98372 11.4209 0
    endloop
  endfacet
  facet normal -0.941524 -0.336947 0
    outer loop
      vertex -6.98372 11.4209 3
      vertex -6.94736 11.3193 0
      vertex -6.94736 11.3193 3
    endloop
  endfacet
  facet normal -0.903994 -0.427545 0
    outer loop
      vertex -6.98372 11.4209 0
      vertex -7.02988 11.5185 3
      vertex -7.02988 11.5185 0
    endloop
  endfacet
  facet normal -0.903994 -0.427545 0
    outer loop
      vertex -7.02988 11.5185 3
      vertex -6.98372 11.4209 0
      vertex -6.98372 11.4209 3
    endloop
  endfacet
  facet normal -0.857779 -0.514019 0
    outer loop
      vertex -7.02988 11.5185 0
      vertex -7.08537 11.6111 3
      vertex -7.08537 11.6111 0
    endloop
  endfacet
  facet normal -0.857779 -0.514019 0
    outer loop
      vertex -7.08537 11.6111 3
      vertex -7.02988 11.5185 0
      vertex -7.02988 11.5185 3
    endloop
  endfacet
  facet normal -0.803212 -0.595693 0
    outer loop
      vertex -7.08537 11.6111 0
      vertex -7.14967 11.6978 3
      vertex -7.14967 11.6978 0
    endloop
  endfacet
  facet normal -0.803212 -0.595693 0
    outer loop
      vertex -7.14967 11.6978 3
      vertex -7.08537 11.6111 0
      vertex -7.08537 11.6111 3
    endloop
  endfacet
  facet normal -0.740987 -0.671519 0
    outer loop
      vertex -7.14967 11.6978 0
      vertex -7.22217 11.7778 3
      vertex -7.22217 11.7778 0
    endloop
  endfacet
  facet normal -0.740987 -0.671519 0
    outer loop
      vertex -7.22217 11.7778 3
      vertex -7.14967 11.6978 0
      vertex -7.14967 11.6978 3
    endloop
  endfacet
  facet normal -0.671612 -0.740903 0
    outer loop
      vertex -7.30215 11.8503 0
      vertex -7.22217 11.7778 3
      vertex -7.30215 11.8503 3
    endloop
  endfacet
  facet normal -0.671612 -0.740903 -0
    outer loop
      vertex -7.22217 11.7778 3
      vertex -7.30215 11.8503 0
      vertex -7.22217 11.7778 0
    endloop
  endfacet
  facet normal -0.595604 -0.803278 0
    outer loop
      vertex -7.38887 11.9146 0
      vertex -7.30215 11.8503 3
      vertex -7.38887 11.9146 3
    endloop
  endfacet
  facet normal -0.595604 -0.803278 -0
    outer loop
      vertex -7.30215 11.8503 3
      vertex -7.38887 11.9146 0
      vertex -7.30215 11.8503 0
    endloop
  endfacet
  facet normal -0.514128 -0.857714 0
    outer loop
      vertex -7.48146 11.9701 0
      vertex -7.38887 11.9146 3
      vertex -7.48146 11.9701 3
    endloop
  endfacet
  facet normal -0.514128 -0.857714 -0
    outer loop
      vertex -7.38887 11.9146 3
      vertex -7.48146 11.9701 0
      vertex -7.38887 11.9146 0
    endloop
  endfacet
  facet normal -0.427919 -0.903817 0
    outer loop
      vertex -7.57904 12.0163 0
      vertex -7.48146 11.9701 3
      vertex -7.57904 12.0163 3
    endloop
  endfacet
  facet normal -0.427919 -0.903817 -0
    outer loop
      vertex -7.48146 11.9701 3
      vertex -7.57904 12.0163 0
      vertex -7.48146 11.9701 0
    endloop
  endfacet
  facet normal -0.336336 -0.941742 0
    outer loop
      vertex -7.68068 12.0526 0
      vertex -7.57904 12.0163 3
      vertex -7.68068 12.0526 3
    endloop
  endfacet
  facet normal -0.336336 -0.941742 -0
    outer loop
      vertex -7.57904 12.0163 3
      vertex -7.68068 12.0526 0
      vertex -7.57904 12.0163 0
    endloop
  endfacet
  facet normal -0.243582 -0.96988 0
    outer loop
      vertex -7.7854 12.0789 0
      vertex -7.68068 12.0526 3
      vertex -7.7854 12.0789 3
    endloop
  endfacet
  facet normal -0.243582 -0.96988 -0
    outer loop
      vertex -7.68068 12.0526 3
      vertex -7.7854 12.0789 0
      vertex -7.68068 12.0526 0
    endloop
  endfacet
  facet normal -0.146387 -0.989227 0
    outer loop
      vertex -7.89217 12.0947 0
      vertex -7.7854 12.0789 3
      vertex -7.89217 12.0947 3
    endloop
  endfacet
  facet normal -0.146387 -0.989227 -0
    outer loop
      vertex -7.7854 12.0789 3
      vertex -7.89217 12.0947 0
      vertex -7.7854 12.0789 0
    endloop
  endfacet
  facet normal -0.0490922 -0.998794 0
    outer loop
      vertex -8 12.1 0
      vertex -7.89217 12.0947 3
      vertex -8 12.1 3
    endloop
  endfacet
  facet normal -0.0490922 -0.998794 -0
    outer loop
      vertex -7.89217 12.0947 3
      vertex -8 12.1 0
      vertex -7.89217 12.0947 0
    endloop
  endfacet
  facet normal 0.0490967 -0.998794 0
    outer loop
      vertex -8.10782 12.0947 0
      vertex -8 12.1 3
      vertex -8.10782 12.0947 3
    endloop
  endfacet
  facet normal 0.0490967 -0.998794 0
    outer loop
      vertex -8 12.1 3
      vertex -8.10782 12.0947 0
      vertex -8 12.1 0
    endloop
  endfacet
  facet normal 0.146401 -0.989225 0
    outer loop
      vertex -8.21458 12.0789 0
      vertex -8.10782 12.0947 3
      vertex -8.21458 12.0789 3
    endloop
  endfacet
  facet normal 0.146401 -0.989225 0
    outer loop
      vertex -8.10782 12.0947 3
      vertex -8.21458 12.0789 0
      vertex -8.10782 12.0947 0
    endloop
  endfacet
  facet normal 0.24356 -0.969886 0
    outer loop
      vertex -8.31931 12.0526 0
      vertex -8.21458 12.0789 3
      vertex -8.31931 12.0526 3
    endloop
  endfacet
  facet normal 0.24356 -0.969886 0
    outer loop
      vertex -8.21458 12.0789 3
      vertex -8.31931 12.0526 0
      vertex -8.21458 12.0789 0
    endloop
  endfacet
  facet normal 0.336366 -0.941731 0
    outer loop
      vertex -8.42094 12.0163 0
      vertex -8.31931 12.0526 3
      vertex -8.42094 12.0163 3
    endloop
  endfacet
  facet normal 0.336366 -0.941731 0
    outer loop
      vertex -8.31931 12.0526 3
      vertex -8.42094 12.0163 0
      vertex -8.31931 12.0526 0
    endloop
  endfacet
  facet normal 0.427919 -0.903817 0
    outer loop
      vertex -8.51852 11.9701 0
      vertex -8.42094 12.0163 3
      vertex -8.51852 11.9701 3
    endloop
  endfacet
  facet normal 0.427919 -0.903817 0
    outer loop
      vertex -8.42094 12.0163 3
      vertex -8.51852 11.9701 0
      vertex -8.42094 12.0163 0
    endloop
  endfacet
  facet normal 0.514128 -0.857714 0
    outer loop
      vertex -8.61111 11.9146 0
      vertex -8.51852 11.9701 3
      vertex -8.61111 11.9146 3
    endloop
  endfacet
  facet normal 0.514128 -0.857714 0
    outer loop
      vertex -8.51852 11.9701 3
      vertex -8.61111 11.9146 0
      vertex -8.51852 11.9701 0
    endloop
  endfacet
  facet normal 0.595604 -0.803278 0
    outer loop
      vertex -8.69783 11.8503 0
      vertex -8.61111 11.9146 3
      vertex -8.69783 11.8503 3
    endloop
  endfacet
  facet normal 0.595604 -0.803278 0
    outer loop
      vertex -8.61111 11.9146 3
      vertex -8.69783 11.8503 0
      vertex -8.61111 11.9146 0
    endloop
  endfacet
  facet normal 0.671566 -0.740945 0
    outer loop
      vertex -8.77782 11.7778 0
      vertex -8.69783 11.8503 3
      vertex -8.77782 11.7778 3
    endloop
  endfacet
  facet normal 0.671566 -0.740945 0
    outer loop
      vertex -8.69783 11.8503 3
      vertex -8.77782 11.7778 0
      vertex -8.69783 11.8503 0
    endloop
  endfacet
  facet normal 0.741033 -0.671469 0
    outer loop
      vertex -8.85031 11.6978 3
      vertex -8.77782 11.7778 0
      vertex -8.77782 11.7778 3
    endloop
  endfacet
  facet normal 0.741033 -0.671469 0
    outer loop
      vertex -8.77782 11.7778 0
      vertex -8.85031 11.6978 3
      vertex -8.85031 11.6978 0
    endloop
  endfacet
  facet normal 0.803212 -0.595693 0
    outer loop
      vertex -8.91461 11.6111 3
      vertex -8.85031 11.6978 0
      vertex -8.85031 11.6978 3
    endloop
  endfacet
  facet normal 0.803212 -0.595693 0
    outer loop
      vertex -8.85031 11.6978 0
      vertex -8.91461 11.6111 3
      vertex -8.91461 11.6111 0
    endloop
  endfacet
  facet normal 0.857738 -0.514087 0
    outer loop
      vertex -8.97011 11.5185 3
      vertex -8.91461 11.6111 0
      vertex -8.91461 11.6111 3
    endloop
  endfacet
  facet normal 0.857738 -0.514087 0
    outer loop
      vertex -8.91461 11.6111 0
      vertex -8.97011 11.5185 3
      vertex -8.97011 11.5185 0
    endloop
  endfacet
  facet normal 0.903994 -0.427545 0
    outer loop
      vertex -9.01627 11.4209 3
      vertex -8.97011 11.5185 0
      vertex -8.97011 11.5185 3
    endloop
  endfacet
  facet normal 0.903994 -0.427545 0
    outer loop
      vertex -8.97011 11.5185 0
      vertex -9.01627 11.4209 3
      vertex -9.01627 11.4209 0
    endloop
  endfacet
  facet normal 0.941524 -0.336947 0
    outer loop
      vertex -9.05263 11.3193 3
      vertex -9.01627 11.4209 0
      vertex -9.01627 11.4209 3
    endloop
  endfacet
  facet normal 0.941524 -0.336947 0
    outer loop
      vertex -9.01627 11.4209 0
      vertex -9.05263 11.3193 3
      vertex -9.05263 11.3193 0
    endloop
  endfacet
  facet normal 0.970022 -0.243015 0
    outer loop
      vertex -9.07886 11.2146 3
      vertex -9.05263 11.3193 0
      vertex -9.05263 11.3193 3
    endloop
  endfacet
  facet normal 0.970022 -0.243015 0
    outer loop
      vertex -9.05263 11.3193 0
      vertex -9.07886 11.2146 3
      vertex -9.07886 11.2146 0
    endloop
  endfacet
  facet normal 0.98918 -0.14671 0
    outer loop
      vertex -9.0947 11.1078 3
      vertex -9.07886 11.2146 0
      vertex -9.07886 11.2146 3
    endloop
  endfacet
  facet normal 0.98918 -0.14671 0
    outer loop
      vertex -9.07886 11.2146 0
      vertex -9.0947 11.1078 3
      vertex -9.0947 11.1078 0
    endloop
  endfacet
  facet normal 0.998798 -0.0490134 0
    outer loop
      vertex -9.09999 11 3
      vertex -9.0947 11.1078 0
      vertex -9.0947 11.1078 3
    endloop
  endfacet
  facet normal 0.998798 -0.0490134 0
    outer loop
      vertex -9.0947 11.1078 0
      vertex -9.09999 11 3
      vertex -9.09999 11 0
    endloop
  endfacet
  facet normal 0.998798 0.0490134 0
    outer loop
      vertex -9.0947 10.8922 3
      vertex -9.09999 11 0
      vertex -9.09999 11 3
    endloop
  endfacet
  facet normal 0.998798 0.0490134 0
    outer loop
      vertex -9.09999 11 0
      vertex -9.0947 10.8922 3
      vertex -9.0947 10.8922 0
    endloop
  endfacet
  facet normal 0.98918 0.14671 0
    outer loop
      vertex -9.07886 10.7854 3
      vertex -9.0947 10.8922 0
      vertex -9.0947 10.8922 3
    endloop
  endfacet
  facet normal 0.98918 0.14671 0
    outer loop
      vertex -9.0947 10.8922 0
      vertex -9.07886 10.7854 3
      vertex -9.07886 10.7854 0
    endloop
  endfacet
  facet normal 0.970022 0.243015 0
    outer loop
      vertex -9.05263 10.6807 3
      vertex -9.07886 10.7854 0
      vertex -9.07886 10.7854 3
    endloop
  endfacet
  facet normal 0.970022 0.243015 0
    outer loop
      vertex -9.07886 10.7854 0
      vertex -9.05263 10.6807 3
      vertex -9.05263 10.6807 0
    endloop
  endfacet
  facet normal 0.941629 0.336653 0
    outer loop
      vertex -9.01627 10.579 3
      vertex -9.05263 10.6807 0
      vertex -9.05263 10.6807 3
    endloop
  endfacet
  facet normal 0.941629 0.336653 0
    outer loop
      vertex -9.05263 10.6807 0
      vertex -9.01627 10.579 3
      vertex -9.01627 10.579 0
    endloop
  endfacet
  facet normal 0.903825 0.427903 0
    outer loop
      vertex -8.97011 10.4815 3
      vertex -9.01627 10.579 0
      vertex -9.01627 10.579 3
    endloop
  endfacet
  facet normal 0.903825 0.427903 0
    outer loop
      vertex -9.01627 10.579 0
      vertex -8.97011 10.4815 3
      vertex -8.97011 10.4815 0
    endloop
  endfacet
  facet normal 0.857738 0.514087 0
    outer loop
      vertex -8.91461 10.3889 3
      vertex -8.97011 10.4815 0
      vertex -8.97011 10.4815 3
    endloop
  endfacet
  facet normal 0.857738 0.514087 0
    outer loop
      vertex -8.97011 10.4815 0
      vertex -8.91461 10.3889 3
      vertex -8.91461 10.3889 0
    endloop
  endfacet
  facet normal 0.803212 0.595693 0
    outer loop
      vertex -8.85031 10.3022 3
      vertex -8.91461 10.3889 0
      vertex -8.91461 10.3889 3
    endloop
  endfacet
  facet normal 0.803212 0.595693 0
    outer loop
      vertex -8.91461 10.3889 0
      vertex -8.85031 10.3022 3
      vertex -8.85031 10.3022 0
    endloop
  endfacet
  facet normal 0.741033 0.671469 0
    outer loop
      vertex -8.77782 10.2222 3
      vertex -8.85031 10.3022 0
      vertex -8.85031 10.3022 3
    endloop
  endfacet
  facet normal 0.741033 0.671469 0
    outer loop
      vertex -8.85031 10.3022 0
      vertex -8.77782 10.2222 3
      vertex -8.77782 10.2222 0
    endloop
  endfacet
  facet normal 0.671566 0.740945 -0
    outer loop
      vertex -8.69783 10.1497 0
      vertex -8.77782 10.2222 3
      vertex -8.69783 10.1497 3
    endloop
  endfacet
  facet normal 0.671566 0.740945 0
    outer loop
      vertex -8.77782 10.2222 3
      vertex -8.69783 10.1497 0
      vertex -8.77782 10.2222 0
    endloop
  endfacet
  facet normal 0.595604 0.803278 -0
    outer loop
      vertex -8.61111 10.0854 0
      vertex -8.69783 10.1497 3
      vertex -8.61111 10.0854 3
    endloop
  endfacet
  facet normal 0.595604 0.803278 0
    outer loop
      vertex -8.69783 10.1497 3
      vertex -8.61111 10.0854 0
      vertex -8.69783 10.1497 0
    endloop
  endfacet
  facet normal 0.514128 0.857714 -0
    outer loop
      vertex -8.51852 10.0299 0
      vertex -8.61111 10.0854 3
      vertex -8.51852 10.0299 3
    endloop
  endfacet
  facet normal 0.514128 0.857714 0
    outer loop
      vertex -8.61111 10.0854 3
      vertex -8.51852 10.0299 0
      vertex -8.61111 10.0854 0
    endloop
  endfacet
  facet normal 0.427768 0.903889 -0
    outer loop
      vertex -8.42094 9.98372 0
      vertex -8.51852 10.0299 3
      vertex -8.42094 9.98372 3
    endloop
  endfacet
  facet normal 0.427768 0.903889 0
    outer loop
      vertex -8.51852 10.0299 3
      vertex -8.42094 9.98372 0
      vertex -8.51852 10.0299 0
    endloop
  endfacet
  facet normal 0.336859 0.941555 -0
    outer loop
      vertex -8.31931 9.94736 0
      vertex -8.42094 9.98372 3
      vertex -8.31931 9.94736 3
    endloop
  endfacet
  facet normal 0.336859 0.941555 0
    outer loop
      vertex -8.42094 9.98372 3
      vertex -8.31931 9.94736 0
      vertex -8.42094 9.98372 0
    endloop
  endfacet
  facet normal 0.24295 0.970039 -0
    outer loop
      vertex -8.21458 9.92113 0
      vertex -8.31931 9.94736 3
      vertex -8.21458 9.92113 3
    endloop
  endfacet
  facet normal 0.24295 0.970039 0
    outer loop
      vertex -8.31931 9.94736 3
      vertex -8.21458 9.92113 0
      vertex -8.31931 9.94736 0
    endloop
  endfacet
  facet normal 0.146764 0.989172 -0
    outer loop
      vertex -8.10782 9.90529 0
      vertex -8.21458 9.92113 3
      vertex -8.10782 9.90529 3
    endloop
  endfacet
  facet normal 0.146764 0.989172 0
    outer loop
      vertex -8.21458 9.92113 3
      vertex -8.10782 9.90529 0
      vertex -8.21458 9.92113 0
    endloop
  endfacet
  facet normal 0.0490967 0.998794 -0
    outer loop
      vertex -8 9.89999 0
      vertex -8.10782 9.90529 3
      vertex -8 9.89999 3
    endloop
  endfacet
  facet normal 0.0490967 0.998794 0
    outer loop
      vertex -8.10782 9.90529 3
      vertex -8 9.89999 0
      vertex -8.10782 9.90529 0
    endloop
  endfacet
  facet normal -0.0490922 0.998794 0
    outer loop
      vertex -7.89217 9.90529 0
      vertex -8 9.89999 3
      vertex -7.89217 9.90529 3
    endloop
  endfacet
  facet normal -0.0490922 0.998794 0
    outer loop
      vertex -8 9.89999 3
      vertex -7.89217 9.90529 0
      vertex -8 9.89999 0
    endloop
  endfacet
  facet normal 0 -1 0
    outer loop
      vertex 4.5 12 0
      vertex 7.5 12 3
      vertex 4.5 12 3
    endloop
  endfacet
  facet normal 0 -1 -0
    outer loop
      vertex 7.5 12 3
      vertex 4.5 12 0
      vertex 7.5 12 0
    endloop
  endfacet
  facet normal 1 -0 0
    outer loop
      vertex 4.5 11.9789 3
      vertex 4.5 12 0
      vertex 4.5 12 3
    endloop
  endfacet
  facet normal 1 0 0
    outer loop
      vertex 4.5 12 0
      vertex 4.5 11.9789 3
      vertex 4.5 11.9789 0
    endloop
  endfacet
  facet normal -0.427624 -0.903957 0
    outer loop
      vertex 4.42094 12.0163 0
      vertex 4.5 11.9789 3
      vertex 4.42094 12.0163 3
    endloop
  endfacet
  facet normal -0.427624 -0.903957 -0
    outer loop
      vertex 4.5 11.9789 3
      vertex 4.42094 12.0163 0
      vertex 4.5 11.9789 0
    endloop
  endfacet
  facet normal -0.336366 -0.941731 0
    outer loop
      vertex 4.31931 12.0526 0
      vertex 4.42094 12.0163 3
      vertex 4.31931 12.0526 3
    endloop
  endfacet
  facet normal -0.336366 -0.941731 -0
    outer loop
      vertex 4.42094 12.0163 3
      vertex 4.31931 12.0526 0
      vertex 4.42094 12.0163 0
    endloop
  endfacet
  facet normal -0.24356 -0.969886 0
    outer loop
      vertex 4.21458 12.0789 0
      vertex 4.31931 12.0526 3
      vertex 4.21458 12.0789 3
    endloop
  endfacet
  facet normal -0.24356 -0.969886 -0
    outer loop
      vertex 4.31931 12.0526 3
      vertex 4.21458 12.0789 0
      vertex 4.31931 12.0526 0
    endloop
  endfacet
  facet normal -0.146401 -0.989225 0
    outer loop
      vertex 4.10782 12.0947 0
      vertex 4.21458 12.0789 3
      vertex 4.10782 12.0947 3
    endloop
  endfacet
  facet normal -0.146401 -0.989225 -0
    outer loop
      vertex 4.21458 12.0789 3
      vertex 4.10782 12.0947 0
      vertex 4.21458 12.0789 0
    endloop
  endfacet
  facet normal -0.0490967 -0.998794 0
    outer loop
      vertex 4 12.1 0
      vertex 4.10782 12.0947 3
      vertex 4 12.1 3
    endloop
  endfacet
  facet normal -0.0490967 -0.998794 -0
    outer loop
      vertex 4.10782 12.0947 3
      vertex 4 12.1 0
      vertex 4.10782 12.0947 0
    endloop
  endfacet
  facet normal 0.0490922 -0.998794 0
    outer loop
      vertex 3.89217 12.0947 0
      vertex 4 12.1 3
      vertex 3.89217 12.0947 3
    endloop
  endfacet
  facet normal 0.0490922 -0.998794 0
    outer loop
      vertex 4 12.1 3
      vertex 3.89217 12.0947 0
      vertex 4 12.1 0
    endloop
  endfacet
  facet normal 0.146387 -0.989227 0
    outer loop
      vertex 3.7854 12.0789 0
      vertex 3.89217 12.0947 3
      vertex 3.7854 12.0789 3
    endloop
  endfacet
  facet normal 0.146387 -0.989227 0
    outer loop
      vertex 3.89217 12.0947 3
      vertex 3.7854 12.0789 0
      vertex 3.89217 12.0947 0
    endloop
  endfacet
  facet normal 0.243582 -0.96988 0
    outer loop
      vertex 3.68068 12.0526 0
      vertex 3.7854 12.0789 3
      vertex 3.68068 12.0526 3
    endloop
  endfacet
  facet normal 0.243582 -0.96988 0
    outer loop
      vertex 3.7854 12.0789 3
      vertex 3.68068 12.0526 0
      vertex 3.7854 12.0789 0
    endloop
  endfacet
  facet normal 0.336336 -0.941742 0
    outer loop
      vertex 3.57904 12.0163 0
      vertex 3.68068 12.0526 3
      vertex 3.57904 12.0163 3
    endloop
  endfacet
  facet normal 0.336336 -0.941742 0
    outer loop
      vertex 3.68068 12.0526 3
      vertex 3.57904 12.0163 0
      vertex 3.68068 12.0526 0
    endloop
  endfacet
  facet normal 0.427919 -0.903817 0
    outer loop
      vertex 3.48146 11.9701 0
      vertex 3.57904 12.0163 3
      vertex 3.48146 11.9701 3
    endloop
  endfacet
  facet normal 0.427919 -0.903817 0
    outer loop
      vertex 3.57904 12.0163 3
      vertex 3.48146 11.9701 0
      vertex 3.57904 12.0163 0
    endloop
  endfacet
  facet normal 0.514128 -0.857714 0
    outer loop
      vertex 3.38887 11.9146 0
      vertex 3.48146 11.9701 3
      vertex 3.38887 11.9146 3
    endloop
  endfacet
  facet normal 0.514128 -0.857714 0
    outer loop
      vertex 3.48146 11.9701 3
      vertex 3.38887 11.9146 0
      vertex 3.48146 11.9701 0
    endloop
  endfacet
  facet normal 0.595604 -0.803278 0
    outer loop
      vertex 3.30215 11.8503 0
      vertex 3.38887 11.9146 3
      vertex 3.30215 11.8503 3
    endloop
  endfacet
  facet normal 0.595604 -0.803278 0
    outer loop
      vertex 3.38887 11.9146 3
      vertex 3.30215 11.8503 0
      vertex 3.38887 11.9146 0
    endloop
  endfacet
  facet normal 0.671612 -0.740903 0
    outer loop
      vertex 3.22217 11.7778 0
      vertex 3.30215 11.8503 3
      vertex 3.22217 11.7778 3
    endloop
  endfacet
  facet normal 0.671612 -0.740903 0
    outer loop
      vertex 3.30215 11.8503 3
      vertex 3.22217 11.7778 0
      vertex 3.30215 11.8503 0
    endloop
  endfacet
  facet normal 0.740987 -0.671519 0
    outer loop
      vertex 3.14967 11.6978 3
      vertex 3.22217 11.7778 0
      vertex 3.22217 11.7778 3
    endloop
  endfacet
  facet normal 0.740987 -0.671519 0
    outer loop
      vertex 3.22217 11.7778 0
      vertex 3.14967 11.6978 3
      vertex 3.14967 11.6978 0
    endloop
  endfacet
  facet normal 0.803212 -0.595693 0
    outer loop
      vertex 3.08537 11.6111 3
      vertex 3.14967 11.6978 0
      vertex 3.14967 11.6978 3
    endloop
  endfacet
  facet normal 0.803212 -0.595693 0
    outer loop
      vertex 3.14967 11.6978 0
      vertex 3.08537 11.6111 3
      vertex 3.08537 11.6111 0
    endloop
  endfacet
  facet normal 0.857779 -0.514019 0
    outer loop
      vertex 3.02988 11.5185 3
      vertex 3.08537 11.6111 0
      vertex 3.08537 11.6111 3
    endloop
  endfacet
  facet normal 0.857779 -0.514019 0
    outer loop
      vertex 3.08537 11.6111 0
      vertex 3.02988 11.5185 3
      vertex 3.02988 11.5185 0
    endloop
  endfacet
  facet normal 0.903994 -0.427545 0
    outer loop
      vertex 2.98372 11.4209 3
      vertex 3.02988 11.5185 0
      vertex 3.02988 11.5185 3
    endloop
  endfacet
  facet normal 0.903994 -0.427545 0
    outer loop
      vertex 3.02988 11.5185 0
      vertex 2.98372 11.4209 3
      vertex 2.98372 11.4209 0
    endloop
  endfacet
  facet normal 0.941524 -0.336947 0
    outer loop
      vertex 2.94736 11.3193 3
      vertex 2.98372 11.4209 0
      vertex 2.98372 11.4209 3
    endloop
  endfacet
  facet normal 0.941524 -0.336947 0
    outer loop
      vertex 2.98372 11.4209 0
      vertex 2.94736 11.3193 3
      vertex 2.94736 11.3193 0
    endloop
  endfacet
  facet normal 0.970022 -0.243015 0
    outer loop
      vertex 2.92113 11.2146 3
      vertex 2.94736 11.3193 0
      vertex 2.94736 11.3193 3
    endloop
  endfacet
  facet normal 0.970022 -0.243015 0
    outer loop
      vertex 2.94736 11.3193 0
      vertex 2.92113 11.2146 3
      vertex 2.92113 11.2146 0
    endloop
  endfacet
  facet normal 0.98918 -0.14671 0
    outer loop
      vertex 2.90529 11.1078 3
      vertex 2.92113 11.2146 0
      vertex 2.92113 11.2146 3
    endloop
  endfacet
  facet normal 0.98918 -0.14671 0
    outer loop
      vertex 2.92113 11.2146 0
      vertex 2.90529 11.1078 3
      vertex 2.90529 11.1078 0
    endloop
  endfacet
  facet normal 0.998794 -0.0491058 0
    outer loop
      vertex 2.89999 11 3
      vertex 2.90529 11.1078 0
      vertex 2.90529 11.1078 3
    endloop
  endfacet
  facet normal 0.998794 -0.0491058 0
    outer loop
      vertex 2.90529 11.1078 0
      vertex 2.89999 11 3
      vertex 2.89999 11 0
    endloop
  endfacet
  facet normal 0.998794 0.0491058 0
    outer loop
      vertex 2.90529 10.8922 3
      vertex 2.89999 11 0
      vertex 2.89999 11 3
    endloop
  endfacet
  facet normal 0.998794 0.0491058 0
    outer loop
      vertex 2.89999 11 0
      vertex 2.90529 10.8922 3
      vertex 2.90529 10.8922 0
    endloop
  endfacet
  facet normal 0.98918 0.14671 0
    outer loop
      vertex 2.92113 10.7854 3
      vertex 2.90529 10.8922 0
      vertex 2.90529 10.8922 3
    endloop
  endfacet
  facet normal 0.98918 0.14671 0
    outer loop
      vertex 2.90529 10.8922 0
      vertex 2.92113 10.7854 3
      vertex 2.92113 10.7854 0
    endloop
  endfacet
  facet normal 0.970022 0.243015 0
    outer loop
      vertex 2.94736 10.6807 3
      vertex 2.92113 10.7854 0
      vertex 2.92113 10.7854 3
    endloop
  endfacet
  facet normal 0.970022 0.243015 0
    outer loop
      vertex 2.92113 10.7854 0
      vertex 2.94736 10.6807 3
      vertex 2.94736 10.6807 0
    endloop
  endfacet
  facet normal 0.941629 0.336653 0
    outer loop
      vertex 2.98372 10.579 3
      vertex 2.94736 10.6807 0
      vertex 2.94736 10.6807 3
    endloop
  endfacet
  facet normal 0.941629 0.336653 0
    outer loop
      vertex 2.94736 10.6807 0
      vertex 2.98372 10.579 3
      vertex 2.98372 10.579 0
    endloop
  endfacet
  facet normal 0.903825 0.427903 0
    outer loop
      vertex 3.02988 10.4815 3
      vertex 2.98372 10.579 0
      vertex 2.98372 10.579 3
    endloop
  endfacet
  facet normal 0.903825 0.427903 0
    outer loop
      vertex 2.98372 10.579 0
      vertex 3.02988 10.4815 3
      vertex 3.02988 10.4815 0
    endloop
  endfacet
  facet normal 0.857779 0.514019 0
    outer loop
      vertex 3.08537 10.3889 3
      vertex 3.02988 10.4815 0
      vertex 3.02988 10.4815 3
    endloop
  endfacet
  facet normal 0.857779 0.514019 0
    outer loop
      vertex 3.02988 10.4815 0
      vertex 3.08537 10.3889 3
      vertex 3.08537 10.3889 0
    endloop
  endfacet
  facet normal 0.803212 0.595693 0
    outer loop
      vertex 3.14967 10.3022 3
      vertex 3.08537 10.3889 0
      vertex 3.08537 10.3889 3
    endloop
  endfacet
  facet normal 0.803212 0.595693 0
    outer loop
      vertex 3.08537 10.3889 0
      vertex 3.14967 10.3022 3
      vertex 3.14967 10.3022 0
    endloop
  endfacet
  facet normal 0.740987 0.671519 0
    outer loop
      vertex 3.22217 10.2222 3
      vertex 3.14967 10.3022 0
      vertex 3.14967 10.3022 3
    endloop
  endfacet
  facet normal 0.740987 0.671519 0
    outer loop
      vertex 3.14967 10.3022 0
      vertex 3.22217 10.2222 3
      vertex 3.22217 10.2222 0
    endloop
  endfacet
  facet normal 0.671612 0.740903 -0
    outer loop
      vertex 3.30215 10.1497 0
      vertex 3.22217 10.2222 3
      vertex 3.30215 10.1497 3
    endloop
  endfacet
  facet normal 0.671612 0.740903 0
    outer loop
      vertex 3.22217 10.2222 3
      vertex 3.30215 10.1497 0
      vertex 3.22217 10.2222 0
    endloop
  endfacet
  facet normal 0.595604 0.803278 -0
    outer loop
      vertex 3.38887 10.0854 0
      vertex 3.30215 10.1497 3
      vertex 3.38887 10.0854 3
    endloop
  endfacet
  facet normal 0.595604 0.803278 0
    outer loop
      vertex 3.30215 10.1497 3
      vertex 3.38887 10.0854 0
      vertex 3.30215 10.1497 0
    endloop
  endfacet
  facet normal 0.514128 0.857714 -0
    outer loop
      vertex 3.48146 10.0299 0
      vertex 3.38887 10.0854 3
      vertex 3.48146 10.0299 3
    endloop
  endfacet
  facet normal 0.514128 0.857714 0
    outer loop
      vertex 3.38887 10.0854 3
      vertex 3.48146 10.0299 0
      vertex 3.38887 10.0854 0
    endloop
  endfacet
  facet normal 0.427768 0.903889 -0
    outer loop
      vertex 3.57904 9.98372 0
      vertex 3.48146 10.0299 3
      vertex 3.57904 9.98372 3
    endloop
  endfacet
  facet normal 0.427768 0.903889 0
    outer loop
      vertex 3.48146 10.0299 3
      vertex 3.57904 9.98372 0
      vertex 3.48146 10.0299 0
    endloop
  endfacet
  facet normal 0.336829 0.941566 -0
    outer loop
      vertex 3.68068 9.94736 0
      vertex 3.57904 9.98372 3
      vertex 3.68068 9.94736 3
    endloop
  endfacet
  facet normal 0.336829 0.941566 0
    outer loop
      vertex 3.57904 9.98372 3
      vertex 3.68068 9.94736 0
      vertex 3.57904 9.98372 0
    endloop
  endfacet
  facet normal 0.242972 0.970033 -0
    outer loop
      vertex 3.7854 9.92113 0
      vertex 3.68068 9.94736 3
      vertex 3.7854 9.92113 3
    endloop
  endfacet
  facet normal 0.242972 0.970033 0
    outer loop
      vertex 3.68068 9.94736 3
      vertex 3.7854 9.92113 0
      vertex 3.68068 9.94736 0
    endloop
  endfacet
  facet normal 0.14675 0.989174 -0
    outer loop
      vertex 3.89217 9.90529 0
      vertex 3.7854 9.92113 3
      vertex 3.89217 9.90529 3
    endloop
  endfacet
  facet normal 0.14675 0.989174 0
    outer loop
      vertex 3.7854 9.92113 3
      vertex 3.89217 9.90529 0
      vertex 3.7854 9.92113 0
    endloop
  endfacet
  facet normal 0.0490922 0.998794 -0
    outer loop
      vertex 4 9.89999 0
      vertex 3.89217 9.90529 3
      vertex 4 9.89999 3
    endloop
  endfacet
  facet normal 0.0490922 0.998794 0
    outer loop
      vertex 3.89217 9.90529 3
      vertex 4 9.89999 0
      vertex 3.89217 9.90529 0
    endloop
  endfacet
  facet normal -0.0490967 0.998794 0
    outer loop
      vertex 4.10782 9.90529 0
      vertex 4 9.89999 3
      vertex 4.10782 9.90529 3
    endloop
  endfacet
  facet normal -0.0490967 0.998794 0
    outer loop
      vertex 4 9.89999 3
      vertex 4.10782 9.90529 0
      vertex 4 9.89999 0
    endloop
  endfacet
  facet normal -0.146764 0.989172 0
    outer loop
      vertex 4.21458 9.92113 0
      vertex 4.10782 9.90529 3
      vertex 4.21458 9.92113 3
    endloop
  endfacet
  facet normal -0.146764 0.989172 0
    outer loop
      vertex 4.10782 9.90529 3
      vertex 4.21458 9.92113 0
      vertex 4.10782 9.90529 0
    endloop
  endfacet
  facet normal -0.24295 0.970039 0
    outer loop
      vertex 4.31931 9.94736 0
      vertex 4.21458 9.92113 3
      vertex 4.31931 9.94736 3
    endloop
  endfacet
  facet normal -0.24295 0.970039 0
    outer loop
      vertex 4.21458 9.92113 3
      vertex 4.31931 9.94736 0
      vertex 4.21458 9.92113 0
    endloop
  endfacet
  facet normal -0.336859 0.941555 0
    outer loop
      vertex 4.42094 9.98372 0
      vertex 4.31931 9.94736 3
      vertex 4.42094 9.98372 3
    endloop
  endfacet
  facet normal -0.336859 0.941555 0
    outer loop
      vertex 4.31931 9.94736 3
      vertex 4.42094 9.98372 0
      vertex 4.31931 9.94736 0
    endloop
  endfacet
  facet normal -0.427437 0.904045 0
    outer loop
      vertex 4.5 10.0211 0
      vertex 4.42094 9.98372 3
      vertex 4.5 10.0211 3
    endloop
  endfacet
  facet normal -0.427437 0.904045 0
    outer loop
      vertex 4.42094 9.98372 3
      vertex 4.5 10.0211 0
      vertex 4.42094 9.98372 0
    endloop
  endfacet
  facet normal 1 -0 0
    outer loop
      vertex 4.5 6 3
      vertex 4.5 10.0211 0
      vertex 4.5 10.0211 3
    endloop
  endfacet
  facet normal 1 0 0
    outer loop
      vertex 4.5 10.0211 0
      vertex 4.5 6 3
      vertex 4.5 6 0
    endloop
  endfacet
  facet normal 0 1 -0
    outer loop
      vertex 7.5 6 0
      vertex 4.5 6 3
      vertex 7.5 6 3
    endloop
  endfacet
  facet normal 0 1 0
    outer loop
      vertex 4.5 6 3
      vertex 7.5 6 0
      vertex 4.5 6 0
    endloop
  endfacet
  facet normal -1 0 0
    outer loop
      vertex 7.5 6 0
      vertex 7.5 12 3
      vertex 7.5 12 0
    endloop
  endfacet
  facet normal -1 -0 0
    outer loop
      vertex 7.5 12 3
      vertex 7.5 6 0
      vertex 7.5 6 3
    endloop
  endfacet
  facet normal -0.14671 0.98918 0
    outer loop
      vertex 12.2146 9.92113 0
      vertex 12.1078 9.90529 3
      vertex 12.2146 9.92113 3
    endloop
  endfacet
  facet normal -0.14671 0.98918 0
    outer loop
      vertex 12.1078 9.90529 3
      vertex 12.2146 9.92113 0
      vertex 12.1078 9.90529 0
    endloop
  endfacet
  facet normal -0.243015 0.970022 0
    outer loop
      vertex 12.3193 9.94736 0
      vertex 12.2146 9.92113 3
      vertex 12.3193 9.94736 3
    endloop
  endfacet
  facet normal -0.243015 0.970022 0
    outer loop
      vertex 12.2146 9.92113 3
      vertex 12.3193 9.94736 0
      vertex 12.2146 9.92113 0
    endloop
  endfacet
  facet normal -0.336947 0.941524 0
    outer loop
      vertex 12.4209 9.98372 0
      vertex 12.3193 9.94736 3
      vertex 12.4209 9.98372 3
    endloop
  endfacet
  facet normal -0.336947 0.941524 0
    outer loop
      vertex 12.3193 9.94736 3
      vertex 12.4209 9.98372 0
      vertex 12.3193 9.94736 0
    endloop
  endfacet
  facet normal -0.427696 0.903923 0
    outer loop
      vertex 12.5185 10.0299 0
      vertex 12.4209 9.98372 3
      vertex 12.5185 10.0299 3
    endloop
  endfacet
  facet normal -0.427696 0.903923 0
    outer loop
      vertex 12.4209 9.98372 3
      vertex 12.5185 10.0299 0
      vertex 12.4209 9.98372 0
    endloop
  endfacet
  facet normal -0.514087 0.857738 0
    outer loop
      vertex 12.6111 10.0854 0
      vertex 12.5185 10.0299 3
      vertex 12.6111 10.0854 3
    endloop
  endfacet
  facet normal -0.514087 0.857738 0
    outer loop
      vertex 12.5185 10.0299 3
      vertex 12.6111 10.0854 0
      vertex 12.5185 10.0299 0
    endloop
  endfacet
  facet normal -0.595693 0.803212 0
    outer loop
      vertex 12.6978 10.1497 0
      vertex 12.6111 10.0854 3
      vertex 12.6978 10.1497 3
    endloop
  endfacet
  facet normal -0.595693 0.803212 0
    outer loop
      vertex 12.6111 10.0854 3
      vertex 12.6978 10.1497 0
      vertex 12.6111 10.0854 0
    endloop
  endfacet
  facet normal -0.671519 0.740987 0
    outer loop
      vertex 12.7778 10.2222 0
      vertex 12.6978 10.1497 3
      vertex 12.7778 10.2222 3
    endloop
  endfacet
  facet normal -0.671519 0.740987 0
    outer loop
      vertex 12.6978 10.1497 3
      vertex 12.7778 10.2222 0
      vertex 12.6978 10.1497 0
    endloop
  endfacet
  facet normal -0.740987 0.671519 0
    outer loop
      vertex 12.7778 10.2222 0
      vertex 12.8503 10.3022 3
      vertex 12.8503 10.3022 0
    endloop
  endfacet
  facet normal -0.740987 0.671519 0
    outer loop
      vertex 12.8503 10.3022 3
      vertex 12.7778 10.2222 0
      vertex 12.7778 10.2222 3
    endloop
  endfacet
  facet normal -0.803212 0.595693 0
    outer loop
      vertex 12.8503 10.3022 0
      vertex 12.9146 10.3889 3
      vertex 12.9146 10.3889 0
    endloop
  endfacet
  facet normal -0.803212 0.595693 0
    outer loop
      vertex 12.9146 10.3889 3
      vertex 12.8503 10.3022 0
      vertex 12.8503 10.3022 3
    endloop
  endfacet
  facet normal -0.857738 0.514087 0
    outer loop
      vertex 12.9146 10.3889 0
      vertex 12.9701 10.4815 3
      vertex 12.9701 10.4815 0
    endloop
  endfacet
  facet normal -0.857738 0.514087 0
    outer loop
      vertex 12.9701 10.4815 3
      vertex 12.9146 10.3889 0
      vertex 12.9146 10.3889 3
    endloop
  endfacet
  facet normal -0.903681 0.428206 0
    outer loop
      vertex 12.9701 10.4815 0
      vertex 13.0163 10.579 3
      vertex 13.0163 10.579 0
    endloop
  endfacet
  facet normal -0.903681 0.428206 0
    outer loop
      vertex 13.0163 10.579 3
      vertex 12.9701 10.4815 0
      vertex 12.9701 10.4815 3
    endloop
  endfacet
  facet normal -0.941805 0.33616 0
    outer loop
      vertex 13.0163 10.579 0
      vertex 13.0526 10.6807 3
      vertex 13.0526 10.6807 0
    endloop
  endfacet
  facet normal -0.941805 0.33616 0
    outer loop
      vertex 13.0526 10.6807 3
      vertex 13.0163 10.579 0
      vertex 13.0163 10.579 3
    endloop
  endfacet
  facet normal -0.969869 0.243625 0
    outer loop
      vertex 13.0526 10.6807 0
      vertex 13.0789 10.7854 3
      vertex 13.0789 10.7854 0
    endloop
  endfacet
  facet normal -0.969869 0.243625 0
    outer loop
      vertex 13.0789 10.7854 3
      vertex 13.0526 10.6807 0
      vertex 13.0526 10.6807 3
    endloop
  endfacet
  facet normal -0.989233 0.146347 0
    outer loop
      vertex 13.0789 10.7854 0
      vertex 13.0947 10.8922 3
      vertex 13.0947 10.8922 0
    endloop
  endfacet
  facet normal -0.989233 0.146347 0
    outer loop
      vertex 13.0947 10.8922 3
      vertex 13.0789 10.7854 0
      vertex 13.0789 10.7854 3
    endloop
  endfacet
  facet normal -0.998794 0.0491058 0
    outer loop
      vertex 13.0947 10.8922 0
      vertex 13.1 11 3
      vertex 13.1 11 0
    endloop
  endfacet
  facet normal -0.998794 0.0491058 0
    outer loop
      vertex 13.1 11 3
      vertex 13.0947 10.8922 0
      vertex 13.0947 10.8922 3
    endloop
  endfacet
  facet normal -0.998794 -0.0491058 0
    outer loop
      vertex 13.1 11 0
      vertex 13.0947 11.1078 3
      vertex 13.0947 11.1078 0
    endloop
  endfacet
  facet normal -0.998794 -0.0491058 0
    outer loop
      vertex 13.0947 11.1078 3
      vertex 13.1 11 0
      vertex 13.1 11 3
    endloop
  endfacet
  facet normal -0.989233 -0.146347 0
    outer loop
      vertex 13.0947 11.1078 0
      vertex 13.0789 11.2146 3
      vertex 13.0789 11.2146 0
    endloop
  endfacet
  facet normal -0.989233 -0.146347 0
    outer loop
      vertex 13.0789 11.2146 3
      vertex 13.0947 11.1078 0
      vertex 13.0947 11.1078 3
    endloop
  endfacet
  facet normal -0.969869 -0.243625 0
    outer loop
      vertex 13.0789 11.2146 0
      vertex 13.0526 11.3193 3
      vertex 13.0526 11.3193 0
    endloop
  endfacet
  facet normal -0.969869 -0.243625 0
    outer loop
      vertex 13.0526 11.3193 3
      vertex 13.0789 11.2146 0
      vertex 13.0789 11.2146 3
    endloop
  endfacet
  facet normal -0.9417 -0.336454 0
    outer loop
      vertex 13.0526 11.3193 0
      vertex 13.0163 11.4209 3
      vertex 13.0163 11.4209 0
    endloop
  endfacet
  facet normal -0.9417 -0.336454 0
    outer loop
      vertex 13.0163 11.4209 3
      vertex 13.0526 11.3193 0
      vertex 13.0526 11.3193 3
    endloop
  endfacet
  facet normal -0.903851 -0.427847 0
    outer loop
      vertex 13.0163 11.4209 0
      vertex 12.9701 11.5185 3
      vertex 12.9701 11.5185 0
    endloop
  endfacet
  facet normal -0.903851 -0.427847 0
    outer loop
      vertex 12.9701 11.5185 3
      vertex 13.0163 11.4209 0
      vertex 13.0163 11.4209 3
    endloop
  endfacet
  facet normal -0.857738 -0.514087 0
    outer loop
      vertex 12.9701 11.5185 0
      vertex 12.9146 11.6111 3
      vertex 12.9146 11.6111 0
    endloop
  endfacet
  facet normal -0.857738 -0.514087 0
    outer loop
      vertex 12.9146 11.6111 3
      vertex 12.9701 11.5185 0
      vertex 12.9701 11.5185 3
    endloop
  endfacet
  facet normal -0.803212 -0.595693 0
    outer loop
      vertex 12.9146 11.6111 0
      vertex 12.8503 11.6978 3
      vertex 12.8503 11.6978 0
    endloop
  endfacet
  facet normal -0.803212 -0.595693 0
    outer loop
      vertex 12.8503 11.6978 3
      vertex 12.9146 11.6111 0
      vertex 12.9146 11.6111 3
    endloop
  endfacet
  facet normal -0.740987 -0.671519 0
    outer loop
      vertex 12.8503 11.6978 0
      vertex 12.7778 11.7778 3
      vertex 12.7778 11.7778 0
    endloop
  endfacet
  facet normal -0.740987 -0.671519 0
    outer loop
      vertex 12.7778 11.7778 3
      vertex 12.8503 11.6978 0
      vertex 12.8503 11.6978 3
    endloop
  endfacet
  facet normal -0.671519 -0.740987 0
    outer loop
      vertex 12.6978 11.8503 0
      vertex 12.7778 11.7778 3
      vertex 12.6978 11.8503 3
    endloop
  endfacet
  facet normal -0.671519 -0.740987 -0
    outer loop
      vertex 12.7778 11.7778 3
      vertex 12.6978 11.8503 0
      vertex 12.7778 11.7778 0
    endloop
  endfacet
  facet normal -0.595693 -0.803212 0
    outer loop
      vertex 12.6111 11.9146 0
      vertex 12.6978 11.8503 3
      vertex 12.6111 11.9146 3
    endloop
  endfacet
  facet normal -0.595693 -0.803212 -0
    outer loop
      vertex 12.6978 11.8503 3
      vertex 12.6111 11.9146 0
      vertex 12.6978 11.8503 0
    endloop
  endfacet
  facet normal -0.514087 -0.857738 0
    outer loop
      vertex 12.5185 11.9701 0
      vertex 12.6111 11.9146 3
      vertex 12.5185 11.9701 3
    endloop
  endfacet
  facet normal -0.514087 -0.857738 -0
    outer loop
      vertex 12.6111 11.9146 3
      vertex 12.5185 11.9701 0
      vertex 12.6111 11.9146 0
    endloop
  endfacet
  facet normal -0.427847 -0.903851 0
    outer loop
      vertex 12.4209 12.0163 0
      vertex 12.5185 11.9701 3
      vertex 12.4209 12.0163 3
    endloop
  endfacet
  facet normal -0.427847 -0.903851 -0
    outer loop
      vertex 12.5185 11.9701 3
      vertex 12.4209 12.0163 0
      vertex 12.5185 11.9701 0
    endloop
  endfacet
  facet normal -0.336454 -0.9417 0
    outer loop
      vertex 12.3193 12.0526 0
      vertex 12.4209 12.0163 3
      vertex 12.3193 12.0526 3
    endloop
  endfacet
  facet normal -0.336454 -0.9417 -0
    outer loop
      vertex 12.4209 12.0163 3
      vertex 12.3193 12.0526 0
      vertex 12.4209 12.0163 0
    endloop
  endfacet
  facet normal -0.243625 -0.969869 0
    outer loop
      vertex 12.2146 12.0789 0
      vertex 12.3193 12.0526 3
      vertex 12.2146 12.0789 3
    endloop
  endfacet
  facet normal -0.243625 -0.969869 -0
    outer loop
      vertex 12.3193 12.0526 3
      vertex 12.2146 12.0789 0
      vertex 12.3193 12.0526 0
    endloop
  endfacet
  facet normal -0.146347 -0.989233 0
    outer loop
      vertex 12.1078 12.0947 0
      vertex 12.2146 12.0789 3
      vertex 12.1078 12.0947 3
    endloop
  endfacet
  facet normal -0.146347 -0.989233 -0
    outer loop
      vertex 12.2146 12.0789 3
      vertex 12.1078 12.0947 0
      vertex 12.2146 12.0789 0
    endloop
  endfacet
  facet normal -0.0491058 -0.998794 0
    outer loop
      vertex 12 12.1 0
      vertex 12.1078 12.0947 3
      vertex 12 12.1 3
    endloop
  endfacet
  facet normal -0.0491058 -0.998794 -0
    outer loop
      vertex 12.1078 12.0947 3
      vertex 12 12.1 0
      vertex 12.1078 12.0947 0
    endloop
  endfacet
  facet normal 0.0491058 -0.998794 0
    outer loop
      vertex 11.8922 12.0947 0
      vertex 12 12.1 3
      vertex 11.8922 12.0947 3
    endloop
  endfacet
  facet normal 0.0491058 -0.998794 0
    outer loop
      vertex 12 12.1 3
      vertex 11.8922 12.0947 0
      vertex 12 12.1 0
    endloop
  endfacet
  facet normal 0.146347 -0.989233 0
    outer loop
      vertex 11.7854 12.0789 0
      vertex 11.8922 12.0947 3
      vertex 11.7854 12.0789 3
    endloop
  endfacet
  facet normal 0.146347 -0.989233 0
    outer loop
      vertex 11.8922 12.0947 3
      vertex 11.7854 12.0789 0
      vertex 11.8922 12.0947 0
    endloop
  endfacet
  facet normal 0.243625 -0.969869 0
    outer loop
      vertex 11.6807 12.0526 0
      vertex 11.7854 12.0789 3
      vertex 11.6807 12.0526 3
    endloop
  endfacet
  facet normal 0.243625 -0.969869 0
    outer loop
      vertex 11.7854 12.0789 3
      vertex 11.6807 12.0526 0
      vertex 11.7854 12.0789 0
    endloop
  endfacet
  facet normal 0.33616 -0.941805 0
    outer loop
      vertex 11.579 12.0163 0
      vertex 11.6807 12.0526 3
      vertex 11.579 12.0163 3
    endloop
  endfacet
  facet normal 0.33616 -0.941805 0
    outer loop
      vertex 11.6807 12.0526 3
      vertex 11.579 12.0163 0
      vertex 11.6807 12.0526 0
    endloop
  endfacet
  facet normal 0.428206 -0.903681 0
    outer loop
      vertex 11.4815 11.9701 0
      vertex 11.579 12.0163 3
      vertex 11.4815 11.9701 3
    endloop
  endfacet
  facet normal 0.428206 -0.903681 0
    outer loop
      vertex 11.579 12.0163 3
      vertex 11.4815 11.9701 0
      vertex 11.579 12.0163 0
    endloop
  endfacet
  facet normal 0.514087 -0.857738 0
    outer loop
      vertex 11.3889 11.9146 0
      vertex 11.4815 11.9701 3
      vertex 11.3889 11.9146 3
    endloop
  endfacet
  facet normal 0.514087 -0.857738 0
    outer loop
      vertex 11.4815 11.9701 3
      vertex 11.3889 11.9146 0
      vertex 11.4815 11.9701 0
    endloop
  endfacet
  facet normal 0.595693 -0.803212 0
    outer loop
      vertex 11.3022 11.8503 0
      vertex 11.3889 11.9146 3
      vertex 11.3022 11.8503 3
    endloop
  endfacet
  facet normal 0.595693 -0.803212 0
    outer loop
      vertex 11.3889 11.9146 3
      vertex 11.3022 11.8503 0
      vertex 11.3889 11.9146 0
    endloop
  endfacet
  facet normal 0.671519 -0.740987 0
    outer loop
      vertex 11.2222 11.7778 0
      vertex 11.3022 11.8503 3
      vertex 11.2222 11.7778 3
    endloop
  endfacet
  facet normal 0.671519 -0.740987 0
    outer loop
      vertex 11.3022 11.8503 3
      vertex 11.2222 11.7778 0
      vertex 11.3022 11.8503 0
    endloop
  endfacet
  facet normal 0.740987 -0.671519 0
    outer loop
      vertex 11.1497 11.6978 3
      vertex 11.2222 11.7778 0
      vertex 11.2222 11.7778 3
    endloop
  endfacet
  facet normal 0.740987 -0.671519 0
    outer loop
      vertex 11.2222 11.7778 0
      vertex 11.1497 11.6978 3
      vertex 11.1497 11.6978 0
    endloop
  endfacet
  facet normal 0.803212 -0.595693 0
    outer loop
      vertex 11.0854 11.6111 3
      vertex 11.1497 11.6978 0
      vertex 11.1497 11.6978 3
    endloop
  endfacet
  facet normal 0.803212 -0.595693 0
    outer loop
      vertex 11.1497 11.6978 0
      vertex 11.0854 11.6111 3
      vertex 11.0854 11.6111 0
    endloop
  endfacet
  facet normal 0.857738 -0.514087 0
    outer loop
      vertex 11.0299 11.5185 3
      vertex 11.0854 11.6111 0
      vertex 11.0854 11.6111 3
    endloop
  endfacet
  facet normal 0.857738 -0.514087 0
    outer loop
      vertex 11.0854 11.6111 0
      vertex 11.0299 11.5185 3
      vertex 11.0299 11.5185 0
    endloop
  endfacet
  facet normal 0.903851 -0.427847 0
    outer loop
      vertex 10.9837 11.4209 3
      vertex 11.0299 11.5185 0
      vertex 11.0299 11.5185 3
    endloop
  endfacet
  facet normal 0.903851 -0.427847 0
    outer loop
      vertex 11.0299 11.5185 0
      vertex 10.9837 11.4209 3
      vertex 10.9837 11.4209 0
    endloop
  endfacet
  facet normal 0.9417 -0.336454 0
    outer loop
      vertex 10.9474 11.3193 3
      vertex 10.9837 11.4209 0
      vertex 10.9837 11.4209 3
    endloop
  endfacet
  facet normal 0.9417 -0.336454 0
    outer loop
      vertex 10.9837 11.4209 0
      vertex 10.9474 11.3193 3
      vertex 10.9474 11.3193 0
    endloop
  endfacet
  facet normal 0.969869 -0.243625 0
    outer loop
      vertex 10.9211 11.2146 3
      vertex 10.9474 11.3193 0
      vertex 10.9474 11.3193 3
    endloop
  endfacet
  facet normal 0.969869 -0.243625 0
    outer loop
      vertex 10.9474 11.3193 0
      vertex 10.9211 11.2146 3
      vertex 10.9211 11.2146 0
    endloop
  endfacet
  facet normal 0.989233 -0.146347 0
    outer loop
      vertex 10.9053 11.1078 3
      vertex 10.9211 11.2146 0
      vertex 10.9211 11.2146 3
    endloop
  endfacet
  facet normal 0.989233 -0.146347 0
    outer loop
      vertex 10.9211 11.2146 0
      vertex 10.9053 11.1078 3
      vertex 10.9053 11.1078 0
    endloop
  endfacet
  facet normal 0.998794 -0.0491058 0
    outer loop
      vertex 10.9 11 3
      vertex 10.9053 11.1078 0
      vertex 10.9053 11.1078 3
    endloop
  endfacet
  facet normal 0.998794 -0.0491058 0
    outer loop
      vertex 10.9053 11.1078 0
      vertex 10.9 11 3
      vertex 10.9 11 0
    endloop
  endfacet
  facet normal 0.998794 0.0491058 0
    outer loop
      vertex 10.9053 10.8922 3
      vertex 10.9 11 0
      vertex 10.9 11 3
    endloop
  endfacet
  facet normal 0.998794 0.0491058 0
    outer loop
      vertex 10.9 11 0
      vertex 10.9053 10.8922 3
      vertex 10.9053 10.8922 0
    endloop
  endfacet
  facet normal 0.989233 0.146347 0
    outer loop
      vertex 10.9211 10.7854 3
      vertex 10.9053 10.8922 0
      vertex 10.9053 10.8922 3
    endloop
  endfacet
  facet normal 0.989233 0.146347 0
    outer loop
      vertex 10.9053 10.8922 0
      vertex 10.9211 10.7854 3
      vertex 10.9211 10.7854 0
    endloop
  endfacet
  facet normal 0.969869 0.243625 0
    outer loop
      vertex 10.9474 10.6807 3
      vertex 10.9211 10.7854 0
      vertex 10.9211 10.7854 3
    endloop
  endfacet
  facet normal 0.969869 0.243625 0
    outer loop
      vertex 10.9211 10.7854 0
      vertex 10.9474 10.6807 3
      vertex 10.9474 10.6807 0
    endloop
  endfacet
  facet normal 0.941805 0.33616 0
    outer loop
      vertex 10.9837 10.579 3
      vertex 10.9474 10.6807 0
      vertex 10.9474 10.6807 3
    endloop
  endfacet
  facet normal 0.941805 0.33616 0
    outer loop
      vertex 10.9474 10.6807 0
      vertex 10.9837 10.579 3
      vertex 10.9837 10.579 0
    endloop
  endfacet
  facet normal 0.903681 0.428206 0
    outer loop
      vertex 11.0299 10.4815 3
      vertex 10.9837 10.579 0
      vertex 10.9837 10.579 3
    endloop
  endfacet
  facet normal 0.903681 0.428206 0
    outer loop
      vertex 10.9837 10.579 0
      vertex 11.0299 10.4815 3
      vertex 11.0299 10.4815 0
    endloop
  endfacet
  facet normal 0.857738 0.514087 0
    outer loop
      vertex 11.0854 10.3889 3
      vertex 11.0299 10.4815 0
      vertex 11.0299 10.4815 3
    endloop
  endfacet
  facet normal 0.857738 0.514087 0
    outer loop
      vertex 11.0299 10.4815 0
      vertex 11.0854 10.3889 3
      vertex 11.0854 10.3889 0
    endloop
  endfacet
  facet normal 0.803212 0.595693 0
    outer loop
      vertex 11.1497 10.3022 3
      vertex 11.0854 10.3889 0
      vertex 11.0854 10.3889 3
    endloop
  endfacet
  facet normal 0.803212 0.595693 0
    outer loop
      vertex 11.0854 10.3889 0
      vertex 11.1497 10.3022 3
      vertex 11.1497 10.3022 0
    endloop
  endfacet
  facet normal 0.740987 0.671519 0
    outer loop
      vertex 11.2222 10.2222 3
      vertex 11.1497 10.3022 0
      vertex 11.1497 10.3022 3
    endloop
  endfacet
  facet normal 0.740987 0.671519 0
    outer loop
      vertex 11.1497 10.3022 0
      vertex 11.2222 10.2222 3
      vertex 11.2222 10.2222 0
    endloop
  endfacet
  facet normal 0.671519 0.740987 -0
    outer loop
      vertex 11.3022 10.1497 0
      vertex 11.2222 10.2222 3
      vertex 11.3022 10.1497 3
    endloop
  endfacet
  facet normal 0.671519 0.740987 0
    outer loop
      vertex 11.2222 10.2222 3
      vertex 11.3022 10.1497 0
      vertex 11.2222 10.2222 0
    endloop
  endfacet
  facet normal 0.595693 0.803212 -0
    outer loop
      vertex 11.3889 10.0854 0
      vertex 11.3022 10.1497 3
      vertex 11.3889 10.0854 3
    endloop
  endfacet
  facet normal 0.595693 0.803212 0
    outer loop
      vertex 11.3022 10.1497 3
      vertex 11.3889 10.0854 0
      vertex 11.3022 10.1497 0
    endloop
  endfacet
  facet normal 0.514087 0.857738 -0
    outer loop
      vertex 11.4815 10.0299 0
      vertex 11.3889 10.0854 3
      vertex 11.4815 10.0299 3
    endloop
  endfacet
  facet normal 0.514087 0.857738 0
    outer loop
      vertex 11.3889 10.0854 3
      vertex 11.4815 10.0299 0
      vertex 11.3889 10.0854 0
    endloop
  endfacet
  facet normal 0.428054 0.903753 -0
    outer loop
      vertex 11.579 9.98372 0
      vertex 11.4815 10.0299 3
      vertex 11.579 9.98372 3
    endloop
  endfacet
  facet normal 0.428054 0.903753 0
    outer loop
      vertex 11.4815 10.0299 3
      vertex 11.579 9.98372 0
      vertex 11.4815 10.0299 0
    endloop
  endfacet
  facet normal 0.336653 0.941629 -0
    outer loop
      vertex 11.6807 9.94736 0
      vertex 11.579 9.98372 3
      vertex 11.6807 9.94736 3
    endloop
  endfacet
  facet normal 0.336653 0.941629 0
    outer loop
      vertex 11.579 9.98372 3
      vertex 11.6807 9.94736 0
      vertex 11.579 9.98372 0
    endloop
  endfacet
  facet normal 0.243015 0.970022 -0
    outer loop
      vertex 11.7854 9.92113 0
      vertex 11.6807 9.94736 3
      vertex 11.7854 9.92113 3
    endloop
  endfacet
  facet normal 0.243015 0.970022 0
    outer loop
      vertex 11.6807 9.94736 3
      vertex 11.7854 9.92113 0
      vertex 11.6807 9.94736 0
    endloop
  endfacet
  facet normal 0.14671 0.98918 -0
    outer loop
      vertex 11.8922 9.90529 0
      vertex 11.7854 9.92113 3
      vertex 11.8922 9.90529 3
    endloop
  endfacet
  facet normal 0.14671 0.98918 0
    outer loop
      vertex 11.7854 9.92113 3
      vertex 11.8922 9.90529 0
      vertex 11.7854 9.92113 0
    endloop
  endfacet
  facet normal 0.0491058 0.998794 -0
    outer loop
      vertex 12 9.89999 0
      vertex 11.8922 9.90529 3
      vertex 12 9.89999 3
    endloop
  endfacet
  facet normal 0.0491058 0.998794 0
    outer loop
      vertex 11.8922 9.90529 3
      vertex 12 9.89999 0
      vertex 11.8922 9.90529 0
    endloop
  endfacet
  facet normal -0.0491058 0.998794 0
    outer loop
      vertex 12.1078 9.90529 0
      vertex 12 9.89999 3
      vertex 12.1078 9.90529 3
    endloop
  endfacet
  facet normal -0.0491058 0.998794 0
    outer loop
      vertex 12 9.89999 3
      vertex 12.1078 9.90529 0
      vertex 12 9.89999 0
    endloop
  endfacet
  facet normal 0 -1 0
    outer loop
      vertex -5.5 12 0
      vertex -2.5 12 3
      vertex -5.5 12 3
    endloop
  endfacet
  facet normal 0 -1 -0
    outer loop
      vertex -2.5 12 3
      vertex -5.5 12 0
      vertex -2.5 12 0
    endloop
  endfacet
  facet normal 1 -0 0
    outer loop
      vertex -5.5 6 3
      vertex -5.5 12 0
      vertex -5.5 12 3
    endloop
  endfacet
  facet normal 1 0 0
    outer loop
      vertex -5.5 12 0
      vertex -5.5 6 3
      vertex -5.5 6 0
    endloop
  endfacet
  facet normal 0 1 -0
    outer loop
      vertex -2.5 6 0
      vertex -5.5 6 3
      vertex -2.5 6 3
    endloop
  endfacet
  facet normal 0 1 0
    outer loop
      vertex -5.5 6 3
      vertex -2.5 6 0
      vertex -5.5 6 0
    endloop
  endfacet
  facet normal -1 0 0
    outer loop
      vertex -2.5 6 0
      vertex -2.5 12 3
      vertex -2.5 12 0
    endloop
  endfacet
  facet normal -1 -0 0
    outer loop
      vertex -2.5 12 3
      vertex -2.5 6 0
      vertex -2.5 6 3
    endloop
  endfacet
  facet normal -0.146401 0.989225 0
    outer loop
      vertex 4.21458 -12.0789 0
      vertex 4.10782 -12.0947 4
      vertex 4.21458 -12.0789 4
    endloop
  endfacet
  facet normal -0.146401 0.989225 0
    outer loop
      vertex 4.10782 -12.0947 4
      vertex 4.21458 -12.0789 0
      vertex 4.10782 -12.0947 0
    endloop
  endfacet
  facet normal -0.24356 0.969886 0
    outer loop
      vertex 4.31931 -12.0526 0
      vertex 4.21458 -12.0789 4
      vertex 4.31931 -12.0526 4
    endloop
  endfacet
  facet normal -0.24356 0.969886 0
    outer loop
      vertex 4.21458 -12.0789 4
      vertex 4.31931 -12.0526 0
      vertex 4.21458 -12.0789 0
    endloop
  endfacet
  facet normal -0.336366 0.941731 0
    outer loop
      vertex 4.42094 -12.0163 0
      vertex 4.31931 -12.0526 4
      vertex 4.42094 -12.0163 4
    endloop
  endfacet
  facet normal -0.336366 0.941731 0
    outer loop
      vertex 4.31931 -12.0526 4
      vertex 4.42094 -12.0163 0
      vertex 4.31931 -12.0526 0
    endloop
  endfacet
  facet normal -0.427624 0.903957 0
    outer loop
      vertex 4.5 -11.9789 0
      vertex 4.42094 -12.0163 4
      vertex 4.5 -11.9789 4
    endloop
  endfacet
  facet normal -0.427624 0.903957 0
    outer loop
      vertex 4.42094 -12.0163 4
      vertex 4.5 -11.9789 0
      vertex 4.42094 -12.0163 0
    endloop
  endfacet
  facet normal 1 -0 0
    outer loop
      vertex 4.5 -12 4
      vertex 4.5 -11.9789 0
      vertex 4.5 -11.9789 4
    endloop
  endfacet
  facet normal 1 0 0
    outer loop
      vertex 4.5 -11.9789 0
      vertex 4.5 -12 4
      vertex 4.5 -12 0
    endloop
  endfacet
  facet normal 0 1 0
    outer loop
      vertex 7.5 -12 3
      vertex 7.5 -12 0
      vertex 6.4 -12 3
    endloop
  endfacet
  facet normal 0 1 -0
    outer loop
      vertex 6.4 -12 3
      vertex 4.5 -12 4
      vertex 6.4 -12 4
    endloop
  endfacet
  facet normal 0 1 0
    outer loop
      vertex 4.5 -12 0
      vertex 6.4 -12 3
      vertex 7.5 -12 0
    endloop
  endfacet
  facet normal 0 1 0
    outer loop
      vertex 6.4 -12 3
      vertex 4.5 -12 0
      vertex 4.5 -12 4
    endloop
  endfacet
  facet normal -1 0 0
    outer loop
      vertex 7.5 -12 0
      vertex 7.5 -6 3
      vertex 7.5 -6 0
    endloop
  endfacet
  facet normal -1 -0 0
    outer loop
      vertex 7.5 -6 3
      vertex 7.5 -12 0
      vertex 7.5 -12 3
    endloop
  endfacet
  facet normal 0 -1 0
    outer loop
      vertex 4.5 -6 0
      vertex 7.5 -6 3
      vertex 4.5 -6 3
    endloop
  endfacet
  facet normal 0 -1 -0
    outer loop
      vertex 7.5 -6 3
      vertex 4.5 -6 0
      vertex 7.5 -6 0
    endloop
  endfacet
  facet normal 1 0 0
    outer loop
      vertex 4.5 -10 4
      vertex 4.5 -10.0211 4
      vertex 4.5 -10 3
    endloop
  endfacet
  facet normal 1 -0 0
    outer loop
      vertex 4.5 -10 3
      vertex 4.5 -6 0
      vertex 4.5 -6 3
    endloop
  endfacet
  facet normal 1 0 0
    outer loop
      vertex 4.5 -10 3
      vertex 4.5 -10.0211 0
      vertex 4.5 -6 0
    endloop
  endfacet
  facet normal 1 0 0
    outer loop
      vertex 4.5 -10.0211 0
      vertex 4.5 -10 3
      vertex 4.5 -10.0211 4
    endloop
  endfacet
  facet normal -0.427567 -0.903984 -0
    outer loop
      vertex 4.42094 -9.98372 3
      vertex 4.42094 -9.98372 0
      vertex 4.45536 -10 3
    endloop
  endfacet
  facet normal -0.427337 -0.904092 0
    outer loop
      vertex 4.45536 -10 3
      vertex 4.5 -10.0211 4
      vertex 4.45536 -10 4
    endloop
  endfacet
  facet normal -0.427437 -0.904045 -1.81891e-06
    outer loop
      vertex 4.5 -10.0211 0
      vertex 4.45536 -10 3
      vertex 4.42094 -9.98372 0
    endloop
  endfacet
  facet normal -0.427337 -0.904092 0
    outer loop
      vertex 4.45536 -10 3
      vertex 4.5 -10.0211 0
      vertex 4.5 -10.0211 4
    endloop
  endfacet
  facet normal -0.336859 -0.941555 0
    outer loop
      vertex 4.31931 -9.94736 0
      vertex 4.42094 -9.98372 3
      vertex 4.31931 -9.94736 3
    endloop
  endfacet
  facet normal -0.336859 -0.941555 -0
    outer loop
      vertex 4.42094 -9.98372 3
      vertex 4.31931 -9.94736 0
      vertex 4.42094 -9.98372 0
    endloop
  endfacet
  facet normal -0.24295 -0.970039 0
    outer loop
      vertex 4.21458 -9.92113 0
      vertex 4.31931 -9.94736 3
      vertex 4.21458 -9.92113 3
    endloop
  endfacet
  facet normal -0.24295 -0.970039 -0
    outer loop
      vertex 4.31931 -9.94736 3
      vertex 4.21458 -9.92113 0
      vertex 4.31931 -9.94736 0
    endloop
  endfacet
  facet normal -0.146764 -0.989172 0
    outer loop
      vertex 4.10782 -9.90529 0
      vertex 4.21458 -9.92113 3
      vertex 4.10782 -9.90529 3
    endloop
  endfacet
  facet normal -0.146764 -0.989172 -0
    outer loop
      vertex 4.21458 -9.92113 3
      vertex 4.10782 -9.90529 0
      vertex 4.21458 -9.92113 0
    endloop
  endfacet
  facet normal -0.0490967 -0.998794 0
    outer loop
      vertex 4 -9.89999 0
      vertex 4.10782 -9.90529 3
      vertex 4 -9.89999 3
    endloop
  endfacet
  facet normal -0.0490967 -0.998794 -0
    outer loop
      vertex 4.10782 -9.90529 3
      vertex 4 -9.89999 0
      vertex 4.10782 -9.90529 0
    endloop
  endfacet
  facet normal 0.0490922 -0.998794 0
    outer loop
      vertex 3.89217 -9.90529 0
      vertex 4 -9.89999 3
      vertex 3.89217 -9.90529 3
    endloop
  endfacet
  facet normal 0.0490922 -0.998794 0
    outer loop
      vertex 4 -9.89999 3
      vertex 3.89217 -9.90529 0
      vertex 4 -9.89999 0
    endloop
  endfacet
  facet normal 0.14675 -0.989174 0
    outer loop
      vertex 3.7854 -9.92113 0
      vertex 3.89217 -9.90529 3
      vertex 3.7854 -9.92113 3
    endloop
  endfacet
  facet normal 0.14675 -0.989174 0
    outer loop
      vertex 3.89217 -9.90529 3
      vertex 3.7854 -9.92113 0
      vertex 3.89217 -9.90529 0
    endloop
  endfacet
  facet normal 0.242972 -0.970033 0
    outer loop
      vertex 3.68068 -9.94736 0
      vertex 3.7854 -9.92113 3
      vertex 3.68068 -9.94736 3
    endloop
  endfacet
  facet normal 0.242972 -0.970033 0
    outer loop
      vertex 3.7854 -9.92113 3
      vertex 3.68068 -9.94736 0
      vertex 3.7854 -9.92113 0
    endloop
  endfacet
  facet normal 0.336829 -0.941566 0
    outer loop
      vertex 3.57904 -9.98372 0
      vertex 3.68068 -9.94736 3
      vertex 3.57904 -9.98372 3
    endloop
  endfacet
  facet normal 0.336829 -0.941566 0
    outer loop
      vertex 3.68068 -9.94736 3
      vertex 3.57904 -9.98372 0
      vertex 3.68068 -9.94736 0
    endloop
  endfacet
  facet normal 0.427877 -0.903837 0
    outer loop
      vertex 3.48146 -10.0299 4
      vertex 3.54462 -10 3
      vertex 3.54462 -10 4
    endloop
  endfacet
  facet normal 0.427877 -0.903837 0
    outer loop
      vertex 3.48146 -10.0299 0
      vertex 3.54462 -10 3
      vertex 3.48146 -10.0299 4
    endloop
  endfacet
  facet normal 0.427768 -0.903889 2.81967e-06
    outer loop
      vertex 3.57904 -9.98372 0
      vertex 3.54462 -10 3
      vertex 3.48146 -10.0299 0
    endloop
  endfacet
  facet normal 0.427567 -0.903984 0
    outer loop
      vertex 3.54462 -10 3
      vertex 3.57904 -9.98372 0
      vertex 3.57904 -9.98372 3
    endloop
  endfacet
  facet normal 0.514128 -0.857714 0
    outer loop
      vertex 3.38887 -10.0854 0
      vertex 3.48146 -10.0299 4
      vertex 3.38887 -10.0854 4
    endloop
  endfacet
  facet normal 0.514128 -0.857714 0
    outer loop
      vertex 3.48146 -10.0299 4
      vertex 3.38887 -10.0854 0
      vertex 3.48146 -10.0299 0
    endloop
  endfacet
  facet normal 0.595604 -0.803278 0
    outer loop
      vertex 3.30215 -10.1497 0
      vertex 3.38887 -10.0854 4
      vertex 3.30215 -10.1497 4
    endloop
  endfacet
  facet normal 0.595604 -0.803278 0
    outer loop
      vertex 3.38887 -10.0854 4
      vertex 3.30215 -10.1497 0
      vertex 3.38887 -10.0854 0
    endloop
  endfacet
  facet normal 0.671612 -0.740903 0
    outer loop
      vertex 3.22217 -10.2222 0
      vertex 3.30215 -10.1497 4
      vertex 3.22217 -10.2222 4
    endloop
  endfacet
  facet normal 0.671612 -0.740903 0
    outer loop
      vertex 3.30215 -10.1497 4
      vertex 3.22217 -10.2222 0
      vertex 3.30215 -10.1497 0
    endloop
  endfacet
  facet normal 0.740987 -0.671519 0
    outer loop
      vertex 3.14967 -10.3022 4
      vertex 3.22217 -10.2222 0
      vertex 3.22217 -10.2222 4
    endloop
  endfacet
  facet normal 0.740987 -0.671519 0
    outer loop
      vertex 3.22217 -10.2222 0
      vertex 3.14967 -10.3022 4
      vertex 3.14967 -10.3022 0
    endloop
  endfacet
  facet normal 0.803212 -0.595693 0
    outer loop
      vertex 3.08537 -10.3889 4
      vertex 3.14967 -10.3022 0
      vertex 3.14967 -10.3022 4
    endloop
  endfacet
  facet normal 0.803212 -0.595693 0
    outer loop
      vertex 3.14967 -10.3022 0
      vertex 3.08537 -10.3889 4
      vertex 3.08537 -10.3889 0
    endloop
  endfacet
  facet normal 0.857779 -0.514019 0
    outer loop
      vertex 3.02988 -10.4815 4
      vertex 3.08537 -10.3889 0
      vertex 3.08537 -10.3889 4
    endloop
  endfacet
  facet normal 0.857779 -0.514019 0
    outer loop
      vertex 3.08537 -10.3889 0
      vertex 3.02988 -10.4815 4
      vertex 3.02988 -10.4815 0
    endloop
  endfacet
  facet normal 0.903825 -0.427903 0
    outer loop
      vertex 2.98372 -10.579 4
      vertex 3.02988 -10.4815 0
      vertex 3.02988 -10.4815 4
    endloop
  endfacet
  facet normal 0.903825 -0.427903 0
    outer loop
      vertex 3.02988 -10.4815 0
      vertex 2.98372 -10.579 4
      vertex 2.98372 -10.579 0
    endloop
  endfacet
  facet normal 0.941629 -0.336653 0
    outer loop
      vertex 2.94736 -10.6807 4
      vertex 2.98372 -10.579 0
      vertex 2.98372 -10.579 4
    endloop
  endfacet
  facet normal 0.941629 -0.336653 0
    outer loop
      vertex 2.98372 -10.579 0
      vertex 2.94736 -10.6807 4
      vertex 2.94736 -10.6807 0
    endloop
  endfacet
  facet normal 0.970022 -0.243015 0
    outer loop
      vertex 2.92113 -10.7854 4
      vertex 2.94736 -10.6807 0
      vertex 2.94736 -10.6807 4
    endloop
  endfacet
  facet normal 0.970022 -0.243015 0
    outer loop
      vertex 2.94736 -10.6807 0
      vertex 2.92113 -10.7854 4
      vertex 2.92113 -10.7854 0
    endloop
  endfacet
  facet normal 0.98918 -0.14671 0
    outer loop
      vertex 2.90529 -10.8922 4
      vertex 2.92113 -10.7854 0
      vertex 2.92113 -10.7854 4
    endloop
  endfacet
  facet normal 0.98918 -0.14671 0
    outer loop
      vertex 2.92113 -10.7854 0
      vertex 2.90529 -10.8922 4
      vertex 2.90529 -10.8922 0
    endloop
  endfacet
  facet normal 0.998794 -0.0491058 0
    outer loop
      vertex 2.89999 -11 4
      vertex 2.90529 -10.8922 0
      vertex 2.90529 -10.8922 4
    endloop
  endfacet
  facet normal 0.998794 -0.0491058 0
    outer loop
      vertex 2.90529 -10.8922 0
      vertex 2.89999 -11 4
      vertex 2.89999 -11 0
    endloop
  endfacet
  facet normal 0.998794 0.0491058 0
    outer loop
      vertex 2.90529 -11.1078 4
      vertex 2.89999 -11 0
      vertex 2.89999 -11 4
    endloop
  endfacet
  facet normal 0.998794 0.0491058 0
    outer loop
      vertex 2.89999 -11 0
      vertex 2.90529 -11.1078 4
      vertex 2.90529 -11.1078 0
    endloop
  endfacet
  facet normal 0.98918 0.14671 0
    outer loop
      vertex 2.92113 -11.2146 4
      vertex 2.90529 -11.1078 0
      vertex 2.90529 -11.1078 4
    endloop
  endfacet
  facet normal 0.98918 0.14671 0
    outer loop
      vertex 2.90529 -11.1078 0
      vertex 2.92113 -11.2146 4
      vertex 2.92113 -11.2146 0
    endloop
  endfacet
  facet normal 0.970022 0.243015 0
    outer loop
      vertex 2.94736 -11.3193 4
      vertex 2.92113 -11.2146 0
      vertex 2.92113 -11.2146 4
    endloop
  endfacet
  facet normal 0.970022 0.243015 0
    outer loop
      vertex 2.92113 -11.2146 0
      vertex 2.94736 -11.3193 4
      vertex 2.94736 -11.3193 0
    endloop
  endfacet
  facet normal 0.941524 0.336947 0
    outer loop
      vertex 2.98372 -11.4209 4
      vertex 2.94736 -11.3193 0
      vertex 2.94736 -11.3193 4
    endloop
  endfacet
  facet normal 0.941524 0.336947 0
    outer loop
      vertex 2.94736 -11.3193 0
      vertex 2.98372 -11.4209 4
      vertex 2.98372 -11.4209 0
    endloop
  endfacet
  facet normal 0.903994 0.427545 0
    outer loop
      vertex 3.02988 -11.5185 4
      vertex 2.98372 -11.4209 0
      vertex 2.98372 -11.4209 4
    endloop
  endfacet
  facet normal 0.903994 0.427545 0
    outer loop
      vertex 2.98372 -11.4209 0
      vertex 3.02988 -11.5185 4
      vertex 3.02988 -11.5185 0
    endloop
  endfacet
  facet normal 0.857779 0.514019 0
    outer loop
      vertex 3.08537 -11.6111 4
      vertex 3.02988 -11.5185 0
      vertex 3.02988 -11.5185 4
    endloop
  endfacet
  facet normal 0.857779 0.514019 0
    outer loop
      vertex 3.02988 -11.5185 0
      vertex 3.08537 -11.6111 4
      vertex 3.08537 -11.6111 0
    endloop
  endfacet
  facet normal 0.803212 0.595693 0
    outer loop
      vertex 3.14967 -11.6978 4
      vertex 3.08537 -11.6111 0
      vertex 3.08537 -11.6111 4
    endloop
  endfacet
  facet normal 0.803212 0.595693 0
    outer loop
      vertex 3.08537 -11.6111 0
      vertex 3.14967 -11.6978 4
      vertex 3.14967 -11.6978 0
    endloop
  endfacet
  facet normal 0.740987 0.671519 0
    outer loop
      vertex 3.22217 -11.7778 4
      vertex 3.14967 -11.6978 0
      vertex 3.14967 -11.6978 4
    endloop
  endfacet
  facet normal 0.740987 0.671519 0
    outer loop
      vertex 3.14967 -11.6978 0
      vertex 3.22217 -11.7778 4
      vertex 3.22217 -11.7778 0
    endloop
  endfacet
  facet normal 0.671612 0.740903 -0
    outer loop
      vertex 3.30215 -11.8503 0
      vertex 3.22217 -11.7778 4
      vertex 3.30215 -11.8503 4
    endloop
  endfacet
  facet normal 0.671612 0.740903 0
    outer loop
      vertex 3.22217 -11.7778 4
      vertex 3.30215 -11.8503 0
      vertex 3.22217 -11.7778 0
    endloop
  endfacet
  facet normal 0.595604 0.803278 -0
    outer loop
      vertex 3.38887 -11.9146 0
      vertex 3.30215 -11.8503 4
      vertex 3.38887 -11.9146 4
    endloop
  endfacet
  facet normal 0.595604 0.803278 0
    outer loop
      vertex 3.30215 -11.8503 4
      vertex 3.38887 -11.9146 0
      vertex 3.30215 -11.8503 0
    endloop
  endfacet
  facet normal 0.514128 0.857714 -0
    outer loop
      vertex 3.48146 -11.9701 0
      vertex 3.38887 -11.9146 4
      vertex 3.48146 -11.9701 4
    endloop
  endfacet
  facet normal 0.514128 0.857714 0
    outer loop
      vertex 3.38887 -11.9146 4
      vertex 3.48146 -11.9701 0
      vertex 3.38887 -11.9146 0
    endloop
  endfacet
  facet normal 0.427919 0.903817 -0
    outer loop
      vertex 3.57904 -12.0163 0
      vertex 3.48146 -11.9701 4
      vertex 3.57904 -12.0163 4
    endloop
  endfacet
  facet normal 0.427919 0.903817 0
    outer loop
      vertex 3.48146 -11.9701 4
      vertex 3.57904 -12.0163 0
      vertex 3.48146 -11.9701 0
    endloop
  endfacet
  facet normal 0.336336 0.941742 -0
    outer loop
      vertex 3.68068 -12.0526 0
      vertex 3.57904 -12.0163 4
      vertex 3.68068 -12.0526 4
    endloop
  endfacet
  facet normal 0.336336 0.941742 0
    outer loop
      vertex 3.57904 -12.0163 4
      vertex 3.68068 -12.0526 0
      vertex 3.57904 -12.0163 0
    endloop
  endfacet
  facet normal 0.243582 0.96988 -0
    outer loop
      vertex 3.7854 -12.0789 0
      vertex 3.68068 -12.0526 4
      vertex 3.7854 -12.0789 4
    endloop
  endfacet
  facet normal 0.243582 0.96988 0
    outer loop
      vertex 3.68068 -12.0526 4
      vertex 3.7854 -12.0789 0
      vertex 3.68068 -12.0526 0
    endloop
  endfacet
  facet normal 0.146387 0.989227 -0
    outer loop
      vertex 3.89217 -12.0947 0
      vertex 3.7854 -12.0789 4
      vertex 3.89217 -12.0947 4
    endloop
  endfacet
  facet normal 0.146387 0.989227 0
    outer loop
      vertex 3.7854 -12.0789 4
      vertex 3.89217 -12.0947 0
      vertex 3.7854 -12.0789 0
    endloop
  endfacet
  facet normal 0.0490922 0.998794 -0
    outer loop
      vertex 4 -12.1 0
      vertex 3.89217 -12.0947 4
      vertex 4 -12.1 4
    endloop
  endfacet
  facet normal 0.0490922 0.998794 0
    outer loop
      vertex 3.89217 -12.0947 4
      vertex 4 -12.1 0
      vertex 3.89217 -12.0947 0
    endloop
  endfacet
  facet normal -0.0490967 0.998794 0
    outer loop
      vertex 4.10782 -12.0947 0
      vertex 4 -12.1 4
      vertex 4.10782 -12.0947 4
    endloop
  endfacet
  facet normal -0.0490967 0.998794 0
    outer loop
      vertex 4 -12.1 4
      vertex 4.10782 -12.0947 0
      vertex 4 -12.1 0
    endloop
  endfacet
  facet normal 0 -1 0
    outer loop
      vertex -5.5 -6 0
      vertex -2.5 -6 3
      vertex -5.5 -6 3
    endloop
  endfacet
  facet normal 0 -1 -0
    outer loop
      vertex -2.5 -6 3
      vertex -5.5 -6 0
      vertex -2.5 -6 0
    endloop
  endfacet
  facet normal 1 0 0
    outer loop
      vertex -5.5 -10 4
      vertex -5.5 -12 4
      vertex -5.5 -10 3
    endloop
  endfacet
  facet normal 1 -0 0
    outer loop
      vertex -5.5 -10 3
      vertex -5.5 -6 0
      vertex -5.5 -6 3
    endloop
  endfacet
  facet normal 1 0 0
    outer loop
      vertex -5.5 -12 0
      vertex -5.5 -10 3
      vertex -5.5 -12 4
    endloop
  endfacet
  facet normal 1 0 0
    outer loop
      vertex -5.5 -10 3
      vertex -5.5 -12 0
      vertex -5.5 -6 0
    endloop
  endfacet
  facet normal 0 1 -0
    outer loop
      vertex -2.5 -12 0
      vertex -5.5 -12 4
      vertex -2.5 -12 4
    endloop
  endfacet
  facet normal 0 1 0
    outer loop
      vertex -5.5 -12 4
      vertex -2.5 -12 0
      vertex -5.5 -12 0
    endloop
  endfacet
  facet normal -1 0 0
    outer loop
      vertex -2.5 -6 0
      vertex -2.5 -10 3
      vertex -2.5 -6 3
    endloop
  endfacet
  facet normal -1 0 0
    outer loop
      vertex -2.5 -12 0
      vertex -2.5 -10 3
      vertex -2.5 -6 0
    endloop
  endfacet
  facet normal -1 0 0
    outer loop
      vertex -2.5 -12 4
      vertex -2.5 -10 3
      vertex -2.5 -12 0
    endloop
  endfacet
  facet normal -1 0 0
    outer loop
      vertex -2.5 -10 3
      vertex -2.5 -12 4
      vertex -2.5 -10 4
    endloop
  endfacet
  facet normal -0.146387 0.989227 0
    outer loop
      vertex -7.7854 -12.0789 0
      vertex -7.89217 -12.0947 4
      vertex -7.7854 -12.0789 4
    endloop
  endfacet
  facet normal -0.146387 0.989227 0
    outer loop
      vertex -7.89217 -12.0947 4
      vertex -7.7854 -12.0789 0
      vertex -7.89217 -12.0947 0
    endloop
  endfacet
  facet normal -0.243582 0.96988 0
    outer loop
      vertex -7.68068 -12.0526 0
      vertex -7.7854 -12.0789 4
      vertex -7.68068 -12.0526 4
    endloop
  endfacet
  facet normal -0.243582 0.96988 0
    outer loop
      vertex -7.7854 -12.0789 4
      vertex -7.68068 -12.0526 0
      vertex -7.7854 -12.0789 0
    endloop
  endfacet
  facet normal -0.336336 0.941742 0
    outer loop
      vertex -7.57904 -12.0163 0
      vertex -7.68068 -12.0526 4
      vertex -7.57904 -12.0163 4
    endloop
  endfacet
  facet normal -0.336336 0.941742 0
    outer loop
      vertex -7.68068 -12.0526 4
      vertex -7.57904 -12.0163 0
      vertex -7.68068 -12.0526 0
    endloop
  endfacet
  facet normal -0.427919 0.903817 0
    outer loop
      vertex -7.48146 -11.9701 0
      vertex -7.57904 -12.0163 4
      vertex -7.48146 -11.9701 4
    endloop
  endfacet
  facet normal -0.427919 0.903817 0
    outer loop
      vertex -7.57904 -12.0163 4
      vertex -7.48146 -11.9701 0
      vertex -7.57904 -12.0163 0
    endloop
  endfacet
  facet normal -0.514128 0.857714 0
    outer loop
      vertex -7.38887 -11.9146 0
      vertex -7.48146 -11.9701 4
      vertex -7.38887 -11.9146 4
    endloop
  endfacet
  facet normal -0.514128 0.857714 0
    outer loop
      vertex -7.48146 -11.9701 4
      vertex -7.38887 -11.9146 0
      vertex -7.48146 -11.9701 0
    endloop
  endfacet
  facet normal -0.595604 0.803278 0
    outer loop
      vertex -7.30215 -11.8503 0
      vertex -7.38887 -11.9146 4
      vertex -7.30215 -11.8503 4
    endloop
  endfacet
  facet normal -0.595604 0.803278 0
    outer loop
      vertex -7.38887 -11.9146 4
      vertex -7.30215 -11.8503 0
      vertex -7.38887 -11.9146 0
    endloop
  endfacet
  facet normal -0.671612 0.740903 0
    outer loop
      vertex -7.22217 -11.7778 0
      vertex -7.30215 -11.8503 4
      vertex -7.22217 -11.7778 4
    endloop
  endfacet
  facet normal -0.671612 0.740903 0
    outer loop
      vertex -7.30215 -11.8503 4
      vertex -7.22217 -11.7778 0
      vertex -7.30215 -11.8503 0
    endloop
  endfacet
  facet normal -0.740987 0.671519 0
    outer loop
      vertex -7.22217 -11.7778 0
      vertex -7.14967 -11.6978 4
      vertex -7.14967 -11.6978 0
    endloop
  endfacet
  facet normal -0.740987 0.671519 0
    outer loop
      vertex -7.14967 -11.6978 4
      vertex -7.22217 -11.7778 0
      vertex -7.22217 -11.7778 4
    endloop
  endfacet
  facet normal -0.803212 0.595693 0
    outer loop
      vertex -7.14967 -11.6978 0
      vertex -7.08537 -11.6111 4
      vertex -7.08537 -11.6111 0
    endloop
  endfacet
  facet normal -0.803212 0.595693 0
    outer loop
      vertex -7.08537 -11.6111 4
      vertex -7.14967 -11.6978 0
      vertex -7.14967 -11.6978 4
    endloop
  endfacet
  facet normal -0.857779 0.514019 0
    outer loop
      vertex -7.08537 -11.6111 0
      vertex -7.02988 -11.5185 4
      vertex -7.02988 -11.5185 0
    endloop
  endfacet
  facet normal -0.857779 0.514019 0
    outer loop
      vertex -7.02988 -11.5185 4
      vertex -7.08537 -11.6111 0
      vertex -7.08537 -11.6111 4
    endloop
  endfacet
  facet normal -0.903994 0.427545 0
    outer loop
      vertex -7.02988 -11.5185 0
      vertex -6.98372 -11.4209 4
      vertex -6.98372 -11.4209 0
    endloop
  endfacet
  facet normal -0.903994 0.427545 0
    outer loop
      vertex -6.98372 -11.4209 4
      vertex -7.02988 -11.5185 0
      vertex -7.02988 -11.5185 4
    endloop
  endfacet
  facet normal -0.941524 0.336947 0
    outer loop
      vertex -6.98372 -11.4209 0
      vertex -6.94736 -11.3193 4
      vertex -6.94736 -11.3193 0
    endloop
  endfacet
  facet normal -0.941524 0.336947 0
    outer loop
      vertex -6.94736 -11.3193 4
      vertex -6.98372 -11.4209 0
      vertex -6.98372 -11.4209 4
    endloop
  endfacet
  facet normal -0.970022 0.243015 0
    outer loop
      vertex -6.94736 -11.3193 0
      vertex -6.92113 -11.2146 4
      vertex -6.92113 -11.2146 0
    endloop
  endfacet
  facet normal -0.970022 0.243015 0
    outer loop
      vertex -6.92113 -11.2146 4
      vertex -6.94736 -11.3193 0
      vertex -6.94736 -11.3193 4
    endloop
  endfacet
  facet normal -0.98918 0.14671 0
    outer loop
      vertex -6.92113 -11.2146 0
      vertex -6.90529 -11.1078 4
      vertex -6.90529 -11.1078 0
    endloop
  endfacet
  facet normal -0.98918 0.14671 0
    outer loop
      vertex -6.90529 -11.1078 4
      vertex -6.92113 -11.2146 0
      vertex -6.92113 -11.2146 4
    endloop
  endfacet
  facet normal -0.998794 0.0491058 0
    outer loop
      vertex -6.90529 -11.1078 0
      vertex -6.89999 -11 4
      vertex -6.89999 -11 0
    endloop
  endfacet
  facet normal -0.998794 0.0491058 0
    outer loop
      vertex -6.89999 -11 4
      vertex -6.90529 -11.1078 0
      vertex -6.90529 -11.1078 4
    endloop
  endfacet
  facet normal -0.998794 -0.0491058 0
    outer loop
      vertex -6.89999 -11 0
      vertex -6.90529 -10.8922 4
      vertex -6.90529 -10.8922 0
    endloop
  endfacet
  facet normal -0.998794 -0.0491058 0
    outer loop
      vertex -6.90529 -10.8922 4
      vertex -6.89999 -11 0
      vertex -6.89999 -11 4
    endloop
  endfacet
  facet normal -0.98918 -0.14671 0
    outer loop
      vertex -6.90529 -10.8922 0
      vertex -6.92113 -10.7854 4
      vertex -6.92113 -10.7854 0
    endloop
  endfacet
  facet normal -0.98918 -0.14671 0
    outer loop
      vertex -6.92113 -10.7854 4
      vertex -6.90529 -10.8922 0
      vertex -6.90529 -10.8922 4
    endloop
  endfacet
  facet normal -0.970022 -0.243015 0
    outer loop
      vertex -6.92113 -10.7854 0
      vertex -6.94736 -10.6807 4
      vertex -6.94736 -10.6807 0
    endloop
  endfacet
  facet normal -0.970022 -0.243015 0
    outer loop
      vertex -6.94736 -10.6807 4
      vertex -6.92113 -10.7854 0
      vertex -6.92113 -10.7854 4
    endloop
  endfacet
  facet normal -0.941629 -0.336653 0
    outer loop
      vertex -6.94736 -10.6807 0
      vertex -6.98372 -10.579 4
      vertex -6.98372 -10.579 0
    endloop
  endfacet
  facet normal -0.941629 -0.336653 0
    outer loop
      vertex -6.98372 -10.579 4
      vertex -6.94736 -10.6807 0
      vertex -6.94736 -10.6807 4
    endloop
  endfacet
  facet normal -0.903825 -0.427903 0
    outer loop
      vertex -6.98372 -10.579 0
      vertex -7.02988 -10.4815 4
      vertex -7.02988 -10.4815 0
    endloop
  endfacet
  facet normal -0.903825 -0.427903 0
    outer loop
      vertex -7.02988 -10.4815 4
      vertex -6.98372 -10.579 0
      vertex -6.98372 -10.579 4
    endloop
  endfacet
  facet normal -0.857779 -0.514019 0
    outer loop
      vertex -7.02988 -10.4815 0
      vertex -7.08537 -10.3889 4
      vertex -7.08537 -10.3889 0
    endloop
  endfacet
  facet normal -0.857779 -0.514019 0
    outer loop
      vertex -7.08537 -10.3889 4
      vertex -7.02988 -10.4815 0
      vertex -7.02988 -10.4815 4
    endloop
  endfacet
  facet normal -0.803212 -0.595693 0
    outer loop
      vertex -7.08537 -10.3889 0
      vertex -7.14967 -10.3022 4
      vertex -7.14967 -10.3022 0
    endloop
  endfacet
  facet normal -0.803212 -0.595693 0
    outer loop
      vertex -7.14967 -10.3022 4
      vertex -7.08537 -10.3889 0
      vertex -7.08537 -10.3889 4
    endloop
  endfacet
  facet normal -0.740987 -0.671519 0
    outer loop
      vertex -7.14967 -10.3022 0
      vertex -7.22217 -10.2222 4
      vertex -7.22217 -10.2222 0
    endloop
  endfacet
  facet normal -0.740987 -0.671519 0
    outer loop
      vertex -7.22217 -10.2222 4
      vertex -7.14967 -10.3022 0
      vertex -7.14967 -10.3022 4
    endloop
  endfacet
  facet normal -0.671612 -0.740903 0
    outer loop
      vertex -7.30215 -10.1497 0
      vertex -7.22217 -10.2222 4
      vertex -7.30215 -10.1497 4
    endloop
  endfacet
  facet normal -0.671612 -0.740903 -0
    outer loop
      vertex -7.22217 -10.2222 4
      vertex -7.30215 -10.1497 0
      vertex -7.22217 -10.2222 0
    endloop
  endfacet
  facet normal -0.595604 -0.803278 0
    outer loop
      vertex -7.38887 -10.0854 0
      vertex -7.30215 -10.1497 4
      vertex -7.38887 -10.0854 4
    endloop
  endfacet
  facet normal -0.595604 -0.803278 -0
    outer loop
      vertex -7.30215 -10.1497 4
      vertex -7.38887 -10.0854 0
      vertex -7.30215 -10.1497 0
    endloop
  endfacet
  facet normal -0.514128 -0.857714 0
    outer loop
      vertex -7.48146 -10.0299 0
      vertex -7.38887 -10.0854 4
      vertex -7.48146 -10.0299 4
    endloop
  endfacet
  facet normal -0.514128 -0.857714 -0
    outer loop
      vertex -7.38887 -10.0854 4
      vertex -7.48146 -10.0299 0
      vertex -7.38887 -10.0854 0
    endloop
  endfacet
  facet normal -0.427567 -0.903984 -0
    outer loop
      vertex -7.57904 -9.98372 3
      vertex -7.57904 -9.98372 0
      vertex -7.54462 -10 3
    endloop
  endfacet
  facet normal -0.427877 -0.903837 0
    outer loop
      vertex -7.54462 -10 3
      vertex -7.48146 -10.0299 4
      vertex -7.54462 -10 4
    endloop
  endfacet
  facet normal -0.427768 -0.903889 2.81967e-06
    outer loop
      vertex -7.48146 -10.0299 0
      vertex -7.54462 -10 3
      vertex -7.57904 -9.98372 0
    endloop
  endfacet
  facet normal -0.427877 -0.903837 0
    outer loop
      vertex -7.54462 -10 3
      vertex -7.48146 -10.0299 0
      vertex -7.48146 -10.0299 4
    endloop
  endfacet
  facet normal -0.336829 -0.941566 0
    outer loop
      vertex -7.68068 -9.94736 0
      vertex -7.57904 -9.98372 3
      vertex -7.68068 -9.94736 3
    endloop
  endfacet
  facet normal -0.336829 -0.941566 -0
    outer loop
      vertex -7.57904 -9.98372 3
      vertex -7.68068 -9.94736 0
      vertex -7.57904 -9.98372 0
    endloop
  endfacet
  facet normal -0.242972 -0.970033 0
    outer loop
      vertex -7.7854 -9.92113 0
      vertex -7.68068 -9.94736 3
      vertex -7.7854 -9.92113 3
    endloop
  endfacet
  facet normal -0.242972 -0.970033 -0
    outer loop
      vertex -7.68068 -9.94736 3
      vertex -7.7854 -9.92113 0
      vertex -7.68068 -9.94736 0
    endloop
  endfacet
  facet normal -0.14675 -0.989174 0
    outer loop
      vertex -7.89217 -9.90529 0
      vertex -7.7854 -9.92113 3
      vertex -7.89217 -9.90529 3
    endloop
  endfacet
  facet normal -0.14675 -0.989174 -0
    outer loop
      vertex -7.7854 -9.92113 3
      vertex -7.89217 -9.90529 0
      vertex -7.7854 -9.92113 0
    endloop
  endfacet
  facet normal -0.0490922 -0.998794 0
    outer loop
      vertex -8 -9.89999 0
      vertex -7.89217 -9.90529 3
      vertex -8 -9.89999 3
    endloop
  endfacet
  facet normal -0.0490922 -0.998794 -0
    outer loop
      vertex -7.89217 -9.90529 3
      vertex -8 -9.89999 0
      vertex -7.89217 -9.90529 0
    endloop
  endfacet
  facet normal 0.0490967 -0.998794 0
    outer loop
      vertex -8.10782 -9.90529 0
      vertex -8 -9.89999 3
      vertex -8.10782 -9.90529 3
    endloop
  endfacet
  facet normal 0.0490967 -0.998794 0
    outer loop
      vertex -8 -9.89999 3
      vertex -8.10782 -9.90529 0
      vertex -8 -9.89999 0
    endloop
  endfacet
  facet normal 0.146764 -0.989172 0
    outer loop
      vertex -8.21458 -9.92113 0
      vertex -8.10782 -9.90529 3
      vertex -8.21458 -9.92113 3
    endloop
  endfacet
  facet normal 0.146764 -0.989172 0
    outer loop
      vertex -8.10782 -9.90529 3
      vertex -8.21458 -9.92113 0
      vertex -8.10782 -9.90529 0
    endloop
  endfacet
  facet normal 0.24295 -0.970039 0
    outer loop
      vertex -8.31931 -9.94736 0
      vertex -8.21458 -9.92113 3
      vertex -8.31931 -9.94736 3
    endloop
  endfacet
  facet normal 0.24295 -0.970039 0
    outer loop
      vertex -8.21458 -9.92113 3
      vertex -8.31931 -9.94736 0
      vertex -8.21458 -9.92113 0
    endloop
  endfacet
  facet normal 0.336859 -0.941555 0
    outer loop
      vertex -8.42094 -9.98372 0
      vertex -8.31931 -9.94736 3
      vertex -8.42094 -9.98372 3
    endloop
  endfacet
  facet normal 0.336859 -0.941555 0
    outer loop
      vertex -8.31931 -9.94736 3
      vertex -8.42094 -9.98372 0
      vertex -8.31931 -9.94736 0
    endloop
  endfacet
  facet normal 0.427877 -0.903837 0
    outer loop
      vertex -8.51852 -10.0299 4
      vertex -8.45536 -10 3
      vertex -8.45536 -10 4
    endloop
  endfacet
  facet normal 0.427877 -0.903837 0
    outer loop
      vertex -8.51852 -10.0299 0
      vertex -8.45536 -10 3
      vertex -8.51852 -10.0299 4
    endloop
  endfacet
  facet normal 0.427768 -0.903889 2.81967e-06
    outer loop
      vertex -8.42094 -9.98372 0
      vertex -8.45536 -10 3
      vertex -8.51852 -10.0299 0
    endloop
  endfacet
  facet normal 0.427567 -0.903984 0
    outer loop
      vertex -8.45536 -10 3
      vertex -8.42094 -9.98372 0
      vertex -8.42094 -9.98372 3
    endloop
  endfacet
  facet normal 0.514128 -0.857714 0
    outer loop
      vertex -8.61111 -10.0854 0
      vertex -8.51852 -10.0299 4
      vertex -8.61111 -10.0854 4
    endloop
  endfacet
  facet normal 0.514128 -0.857714 0
    outer loop
      vertex -8.51852 -10.0299 4
      vertex -8.61111 -10.0854 0
      vertex -8.51852 -10.0299 0
    endloop
  endfacet
  facet normal 0.595604 -0.803278 0
    outer loop
      vertex -8.69783 -10.1497 0
      vertex -8.61111 -10.0854 4
      vertex -8.69783 -10.1497 4
    endloop
  endfacet
  facet normal 0.595604 -0.803278 0
    outer loop
      vertex -8.61111 -10.0854 4
      vertex -8.69783 -10.1497 0
      vertex -8.61111 -10.0854 0
    endloop
  endfacet
  facet normal 0.671566 -0.740945 0
    outer loop
      vertex -8.77782 -10.2222 0
      vertex -8.69783 -10.1497 4
      vertex -8.77782 -10.2222 4
    endloop
  endfacet
  facet normal 0.671566 -0.740945 0
    outer loop
      vertex -8.69783 -10.1497 4
      vertex -8.77782 -10.2222 0
      vertex -8.69783 -10.1497 0
    endloop
  endfacet
  facet normal 0.741033 -0.671469 0
    outer loop
      vertex -8.85031 -10.3022 4
      vertex -8.77782 -10.2222 0
      vertex -8.77782 -10.2222 4
    endloop
  endfacet
  facet normal 0.741033 -0.671469 0
    outer loop
      vertex -8.77782 -10.2222 0
      vertex -8.85031 -10.3022 4
      vertex -8.85031 -10.3022 0
    endloop
  endfacet
  facet normal 0.803212 -0.595693 0
    outer loop
      vertex -8.91461 -10.3889 4
      vertex -8.85031 -10.3022 0
      vertex -8.85031 -10.3022 4
    endloop
  endfacet
  facet normal 0.803212 -0.595693 0
    outer loop
      vertex -8.85031 -10.3022 0
      vertex -8.91461 -10.3889 4
      vertex -8.91461 -10.3889 0
    endloop
  endfacet
  facet normal 0.857738 -0.514087 0
    outer loop
      vertex -8.97011 -10.4815 4
      vertex -8.91461 -10.3889 0
      vertex -8.91461 -10.3889 4
    endloop
  endfacet
  facet normal 0.857738 -0.514087 0
    outer loop
      vertex -8.91461 -10.3889 0
      vertex -8.97011 -10.4815 4
      vertex -8.97011 -10.4815 0
    endloop
  endfacet
  facet normal 0.903825 -0.427903 0
    outer loop
      vertex -9.01627 -10.579 4
      vertex -8.97011 -10.4815 0
      vertex -8.97011 -10.4815 4
    endloop
  endfacet
  facet normal 0.903825 -0.427903 0
    outer loop
      vertex -8.97011 -10.4815 0
      vertex -9.01627 -10.579 4
      vertex -9.01627 -10.579 0
    endloop
  endfacet
  facet normal 0.941629 -0.336653 0
    outer loop
      vertex -9.05263 -10.6807 4
      vertex -9.01627 -10.579 0
      vertex -9.01627 -10.579 4
    endloop
  endfacet
  facet normal 0.941629 -0.336653 0
    outer loop
      vertex -9.01627 -10.579 0
      vertex -9.05263 -10.6807 4
      vertex -9.05263 -10.6807 0
    endloop
  endfacet
  facet normal 0.970022 -0.243015 0
    outer loop
      vertex -9.07886 -10.7854 4
      vertex -9.05263 -10.6807 0
      vertex -9.05263 -10.6807 4
    endloop
  endfacet
  facet normal 0.970022 -0.243015 0
    outer loop
      vertex -9.05263 -10.6807 0
      vertex -9.07886 -10.7854 4
      vertex -9.07886 -10.7854 0
    endloop
  endfacet
  facet normal 0.98918 -0.14671 0
    outer loop
      vertex -9.0947 -10.8922 4
      vertex -9.07886 -10.7854 0
      vertex -9.07886 -10.7854 4
    endloop
  endfacet
  facet normal 0.98918 -0.14671 0
    outer loop
      vertex -9.07886 -10.7854 0
      vertex -9.0947 -10.8922 4
      vertex -9.0947 -10.8922 0
    endloop
  endfacet
  facet normal 0.998798 -0.0490134 0
    outer loop
      vertex -9.09999 -11 4
      vertex -9.0947 -10.8922 0
      vertex -9.0947 -10.8922 4
    endloop
  endfacet
  facet normal 0.998798 -0.0490134 0
    outer loop
      vertex -9.0947 -10.8922 0
      vertex -9.09999 -11 4
      vertex -9.09999 -11 0
    endloop
  endfacet
  facet normal 0.998798 0.0490134 0
    outer loop
      vertex -9.0947 -11.1078 4
      vertex -9.09999 -11 0
      vertex -9.09999 -11 4
    endloop
  endfacet
  facet normal 0.998798 0.0490134 0
    outer loop
      vertex -9.09999 -11 0
      vertex -9.0947 -11.1078 4
      vertex -9.0947 -11.1078 0
    endloop
  endfacet
  facet normal 0.98918 0.14671 0
    outer loop
      vertex -9.07886 -11.2146 4
      vertex -9.0947 -11.1078 0
      vertex -9.0947 -11.1078 4
    endloop
  endfacet
  facet normal 0.98918 0.14671 0
    outer loop
      vertex -9.0947 -11.1078 0
      vertex -9.07886 -11.2146 4
      vertex -9.07886 -11.2146 0
    endloop
  endfacet
  facet normal 0.970022 0.243015 0
    outer loop
      vertex -9.05263 -11.3193 4
      vertex -9.07886 -11.2146 0
      vertex -9.07886 -11.2146 4
    endloop
  endfacet
  facet normal 0.970022 0.243015 0
    outer loop
      vertex -9.07886 -11.2146 0
      vertex -9.05263 -11.3193 4
      vertex -9.05263 -11.3193 0
    endloop
  endfacet
  facet normal 0.941524 0.336947 0
    outer loop
      vertex -9.01627 -11.4209 4
      vertex -9.05263 -11.3193 0
      vertex -9.05263 -11.3193 4
    endloop
  endfacet
  facet normal 0.941524 0.336947 0
    outer loop
      vertex -9.05263 -11.3193 0
      vertex -9.01627 -11.4209 4
      vertex -9.01627 -11.4209 0
    endloop
  endfacet
  facet normal 0.903994 0.427545 0
    outer loop
      vertex -8.97011 -11.5185 4
      vertex -9.01627 -11.4209 0
      vertex -9.01627 -11.4209 4
    endloop
  endfacet
  facet normal 0.903994 0.427545 0
    outer loop
      vertex -9.01627 -11.4209 0
      vertex -8.97011 -11.5185 4
      vertex -8.97011 -11.5185 0
    endloop
  endfacet
  facet normal 0.857738 0.514087 0
    outer loop
      vertex -8.91461 -11.6111 4
      vertex -8.97011 -11.5185 0
      vertex -8.97011 -11.5185 4
    endloop
  endfacet
  facet normal 0.857738 0.514087 0
    outer loop
      vertex -8.97011 -11.5185 0
      vertex -8.91461 -11.6111 4
      vertex -8.91461 -11.6111 0
    endloop
  endfacet
  facet normal 0.803212 0.595693 0
    outer loop
      vertex -8.85031 -11.6978 4
      vertex -8.91461 -11.6111 0
      vertex -8.91461 -11.6111 4
    endloop
  endfacet
  facet normal 0.803212 0.595693 0
    outer loop
      vertex -8.91461 -11.6111 0
      vertex -8.85031 -11.6978 4
      vertex -8.85031 -11.6978 0
    endloop
  endfacet
  facet normal 0.741033 0.671469 0
    outer loop
      vertex -8.77782 -11.7778 4
      vertex -8.85031 -11.6978 0
      vertex -8.85031 -11.6978 4
    endloop
  endfacet
  facet normal 0.741033 0.671469 0
    outer loop
      vertex -8.85031 -11.6978 0
      vertex -8.77782 -11.7778 4
      vertex -8.77782 -11.7778 0
    endloop
  endfacet
  facet normal 0.671566 0.740945 -0
    outer loop
      vertex -8.69783 -11.8503 0
      vertex -8.77782 -11.7778 4
      vertex -8.69783 -11.8503 4
    endloop
  endfacet
  facet normal 0.671566 0.740945 0
    outer loop
      vertex -8.77782 -11.7778 4
      vertex -8.69783 -11.8503 0
      vertex -8.77782 -11.7778 0
    endloop
  endfacet
  facet normal 0.595604 0.803278 -0
    outer loop
      vertex -8.61111 -11.9146 0
      vertex -8.69783 -11.8503 4
      vertex -8.61111 -11.9146 4
    endloop
  endfacet
  facet normal 0.595604 0.803278 0
    outer loop
      vertex -8.69783 -11.8503 4
      vertex -8.61111 -11.9146 0
      vertex -8.69783 -11.8503 0
    endloop
  endfacet
  facet normal 0.514128 0.857714 -0
    outer loop
      vertex -8.51852 -11.9701 0
      vertex -8.61111 -11.9146 4
      vertex -8.51852 -11.9701 4
    endloop
  endfacet
  facet normal 0.514128 0.857714 0
    outer loop
      vertex -8.61111 -11.9146 4
      vertex -8.51852 -11.9701 0
      vertex -8.61111 -11.9146 0
    endloop
  endfacet
  facet normal 0.427919 0.903817 -0
    outer loop
      vertex -8.42094 -12.0163 0
      vertex -8.51852 -11.9701 4
      vertex -8.42094 -12.0163 4
    endloop
  endfacet
  facet normal 0.427919 0.903817 0
    outer loop
      vertex -8.51852 -11.9701 4
      vertex -8.42094 -12.0163 0
      vertex -8.51852 -11.9701 0
    endloop
  endfacet
  facet normal 0.336366 0.941731 -0
    outer loop
      vertex -8.31931 -12.0526 0
      vertex -8.42094 -12.0163 4
      vertex -8.31931 -12.0526 4
    endloop
  endfacet
  facet normal 0.336366 0.941731 0
    outer loop
      vertex -8.42094 -12.0163 4
      vertex -8.31931 -12.0526 0
      vertex -8.42094 -12.0163 0
    endloop
  endfacet
  facet normal 0.24356 0.969886 -0
    outer loop
      vertex -8.21458 -12.0789 0
      vertex -8.31931 -12.0526 4
      vertex -8.21458 -12.0789 4
    endloop
  endfacet
  facet normal 0.24356 0.969886 0
    outer loop
      vertex -8.31931 -12.0526 4
      vertex -8.21458 -12.0789 0
      vertex -8.31931 -12.0526 0
    endloop
  endfacet
  facet normal 0.146401 0.989225 -0
    outer loop
      vertex -8.10782 -12.0947 0
      vertex -8.21458 -12.0789 4
      vertex -8.10782 -12.0947 4
    endloop
  endfacet
  facet normal 0.146401 0.989225 0
    outer loop
      vertex -8.21458 -12.0789 4
      vertex -8.10782 -12.0947 0
      vertex -8.21458 -12.0789 0
    endloop
  endfacet
  facet normal 0.0490967 0.998794 -0
    outer loop
      vertex -8 -12.1 0
      vertex -8.10782 -12.0947 4
      vertex -8 -12.1 4
    endloop
  endfacet
  facet normal 0.0490967 0.998794 0
    outer loop
      vertex -8.10782 -12.0947 4
      vertex -8 -12.1 0
      vertex -8.10782 -12.0947 0
    endloop
  endfacet
  facet normal -0.0490922 0.998794 0
    outer loop
      vertex -7.89217 -12.0947 0
      vertex -8 -12.1 4
      vertex -7.89217 -12.0947 4
    endloop
  endfacet
  facet normal -0.0490922 0.998794 0
    outer loop
      vertex -8 -12.1 4
      vertex -7.89217 -12.0947 0
      vertex -8 -12.1 0
    endloop
  endfacet
  facet normal -0.146347 0.989233 0
    outer loop
      vertex 12.2146 -12.0789 0
      vertex 12.1078 -12.0947 3
      vertex 12.2146 -12.0789 3
    endloop
  endfacet
  facet normal -0.146347 0.989233 0
    outer loop
      vertex 12.1078 -12.0947 3
      vertex 12.2146 -12.0789 0
      vertex 12.1078 -12.0947 0
    endloop
  endfacet
  facet normal -0.243625 0.969869 0
    outer loop
      vertex 12.3193 -12.0526 0
      vertex 12.2146 -12.0789 3
      vertex 12.3193 -12.0526 3
    endloop
  endfacet
  facet normal -0.243625 0.969869 0
    outer loop
      vertex 12.2146 -12.0789 3
      vertex 12.3193 -12.0526 0
      vertex 12.2146 -12.0789 0
    endloop
  endfacet
  facet normal -0.336454 0.9417 0
    outer loop
      vertex 12.4209 -12.0163 0
      vertex 12.3193 -12.0526 3
      vertex 12.4209 -12.0163 3
    endloop
  endfacet
  facet normal -0.336454 0.9417 0
    outer loop
      vertex 12.3193 -12.0526 3
      vertex 12.4209 -12.0163 0
      vertex 12.3193 -12.0526 0
    endloop
  endfacet
  facet normal -0.427847 0.903851 0
    outer loop
      vertex 12.5185 -11.9701 0
      vertex 12.4209 -12.0163 3
      vertex 12.5185 -11.9701 3
    endloop
  endfacet
  facet normal -0.427847 0.903851 0
    outer loop
      vertex 12.4209 -12.0163 3
      vertex 12.5185 -11.9701 0
      vertex 12.4209 -12.0163 0
    endloop
  endfacet
  facet normal -0.514087 0.857738 0
    outer loop
      vertex 12.6111 -11.9146 0
      vertex 12.5185 -11.9701 3
      vertex 12.6111 -11.9146 3
    endloop
  endfacet
  facet normal -0.514087 0.857738 0
    outer loop
      vertex 12.5185 -11.9701 3
      vertex 12.6111 -11.9146 0
      vertex 12.5185 -11.9701 0
    endloop
  endfacet
  facet normal -0.595693 0.803212 0
    outer loop
      vertex 12.6978 -11.8503 0
      vertex 12.6111 -11.9146 3
      vertex 12.6978 -11.8503 3
    endloop
  endfacet
  facet normal -0.595693 0.803212 0
    outer loop
      vertex 12.6111 -11.9146 3
      vertex 12.6978 -11.8503 0
      vertex 12.6111 -11.9146 0
    endloop
  endfacet
  facet normal -0.671519 0.740987 0
    outer loop
      vertex 12.7778 -11.7778 0
      vertex 12.6978 -11.8503 3
      vertex 12.7778 -11.7778 3
    endloop
  endfacet
  facet normal -0.671519 0.740987 0
    outer loop
      vertex 12.6978 -11.8503 3
      vertex 12.7778 -11.7778 0
      vertex 12.6978 -11.8503 0
    endloop
  endfacet
  facet normal -0.740987 0.671519 0
    outer loop
      vertex 12.7778 -11.7778 0
      vertex 12.8503 -11.6978 3
      vertex 12.8503 -11.6978 0
    endloop
  endfacet
  facet normal -0.740987 0.671519 0
    outer loop
      vertex 12.8503 -11.6978 3
      vertex 12.7778 -11.7778 0
      vertex 12.7778 -11.7778 3
    endloop
  endfacet
  facet normal -0.803212 0.595693 0
    outer loop
      vertex 12.8503 -11.6978 0
      vertex 12.9146 -11.6111 3
      vertex 12.9146 -11.6111 0
    endloop
  endfacet
  facet normal -0.803212 0.595693 0
    outer loop
      vertex 12.9146 -11.6111 3
      vertex 12.8503 -11.6978 0
      vertex 12.8503 -11.6978 3
    endloop
  endfacet
  facet normal -0.857738 0.514087 0
    outer loop
      vertex 12.9146 -11.6111 0
      vertex 12.9701 -11.5185 3
      vertex 12.9701 -11.5185 0
    endloop
  endfacet
  facet normal -0.857738 0.514087 0
    outer loop
      vertex 12.9701 -11.5185 3
      vertex 12.9146 -11.6111 0
      vertex 12.9146 -11.6111 3
    endloop
  endfacet
  facet normal -0.903851 0.427847 0
    outer loop
      vertex 12.9701 -11.5185 0
      vertex 13.0163 -11.4209 3
      vertex 13.0163 -11.4209 0
    endloop
  endfacet
  facet normal -0.903851 0.427847 0
    outer loop
      vertex 13.0163 -11.4209 3
      vertex 12.9701 -11.5185 0
      vertex 12.9701 -11.5185 3
    endloop
  endfacet
  facet normal -0.9417 0.336454 0
    outer loop
      vertex 13.0163 -11.4209 0
      vertex 13.0526 -11.3193 3
      vertex 13.0526 -11.3193 0
    endloop
  endfacet
  facet normal -0.9417 0.336454 0
    outer loop
      vertex 13.0526 -11.3193 3
      vertex 13.0163 -11.4209 0
      vertex 13.0163 -11.4209 3
    endloop
  endfacet
  facet normal -0.969869 0.243625 0
    outer loop
      vertex 13.0526 -11.3193 0
      vertex 13.0789 -11.2146 3
      vertex 13.0789 -11.2146 0
    endloop
  endfacet
  facet normal -0.969869 0.243625 0
    outer loop
      vertex 13.0789 -11.2146 3
      vertex 13.0526 -11.3193 0
      vertex 13.0526 -11.3193 3
    endloop
  endfacet
  facet normal -0.989233 0.146347 0
    outer loop
      vertex 13.0789 -11.2146 0
      vertex 13.0947 -11.1078 3
      vertex 13.0947 -11.1078 0
    endloop
  endfacet
  facet normal -0.989233 0.146347 0
    outer loop
      vertex 13.0947 -11.1078 3
      vertex 13.0789 -11.2146 0
      vertex 13.0789 -11.2146 3
    endloop
  endfacet
  facet normal -0.998794 0.0491058 0
    outer loop
      vertex 13.0947 -11.1078 0
      vertex 13.1 -11 3
      vertex 13.1 -11 0
    endloop
  endfacet
  facet normal -0.998794 0.0491058 0
    outer loop
      vertex 13.1 -11 3
      vertex 13.0947 -11.1078 0
      vertex 13.0947 -11.1078 3
    endloop
  endfacet
  facet normal -0.998794 -0.0491058 0
    outer loop
      vertex 13.1 -11 0
      vertex 13.0947 -10.8922 3
      vertex 13.0947 -10.8922 0
    endloop
  endfacet
  facet normal -0.998794 -0.0491058 0
    outer loop
      vertex 13.0947 -10.8922 3
      vertex 13.1 -11 0
      vertex 13.1 -11 3
    endloop
  endfacet
  facet normal -0.989233 -0.146347 0
    outer loop
      vertex 13.0947 -10.8922 0
      vertex 13.0789 -10.7854 3
      vertex 13.0789 -10.7854 0
    endloop
  endfacet
  facet normal -0.989233 -0.146347 0
    outer loop
      vertex 13.0789 -10.7854 3
      vertex 13.0947 -10.8922 0
      vertex 13.0947 -10.8922 3
    endloop
  endfacet
  facet normal -0.969869 -0.243625 0
    outer loop
      vertex 13.0789 -10.7854 0
      vertex 13.0526 -10.6807 3
      vertex 13.0526 -10.6807 0
    endloop
  endfacet
  facet normal -0.969869 -0.243625 0
    outer loop
      vertex 13.0526 -10.6807 3
      vertex 13.0789 -10.7854 0
      vertex 13.0789 -10.7854 3
    endloop
  endfacet
  facet normal -0.941805 -0.33616 0
    outer loop
      vertex 13.0526 -10.6807 0
      vertex 13.0163 -10.579 3
      vertex 13.0163 -10.579 0
    endloop
  endfacet
  facet normal -0.941805 -0.33616 0
    outer loop
      vertex 13.0163 -10.579 3
      vertex 13.0526 -10.6807 0
      vertex 13.0526 -10.6807 3
    endloop
  endfacet
  facet normal -0.903681 -0.428206 0
    outer loop
      vertex 13.0163 -10.579 0
      vertex 12.9701 -10.4815 3
      vertex 12.9701 -10.4815 0
    endloop
  endfacet
  facet normal -0.903681 -0.428206 0
    outer loop
      vertex 12.9701 -10.4815 3
      vertex 13.0163 -10.579 0
      vertex 13.0163 -10.579 3
    endloop
  endfacet
  facet normal -0.857738 -0.514087 0
    outer loop
      vertex 12.9701 -10.4815 0
      vertex 12.9146 -10.3889 3
      vertex 12.9146 -10.3889 0
    endloop
  endfacet
  facet normal -0.857738 -0.514087 0
    outer loop
      vertex 12.9146 -10.3889 3
      vertex 12.9701 -10.4815 0
      vertex 12.9701 -10.4815 3
    endloop
  endfacet
  facet normal -0.803212 -0.595693 0
    outer loop
      vertex 12.9146 -10.3889 0
      vertex 12.8503 -10.3022 3
      vertex 12.8503 -10.3022 0
    endloop
  endfacet
  facet normal -0.803212 -0.595693 0
    outer loop
      vertex 12.8503 -10.3022 3
      vertex 12.9146 -10.3889 0
      vertex 12.9146 -10.3889 3
    endloop
  endfacet
  facet normal -0.740987 -0.671519 0
    outer loop
      vertex 12.8503 -10.3022 0
      vertex 12.7778 -10.2222 3
      vertex 12.7778 -10.2222 0
    endloop
  endfacet
  facet normal -0.740987 -0.671519 0
    outer loop
      vertex 12.7778 -10.2222 3
      vertex 12.8503 -10.3022 0
      vertex 12.8503 -10.3022 3
    endloop
  endfacet
  facet normal -0.671519 -0.740987 0
    outer loop
      vertex 12.6978 -10.1497 0
      vertex 12.7778 -10.2222 3
      vertex 12.6978 -10.1497 3
    endloop
  endfacet
  facet normal -0.671519 -0.740987 -0
    outer loop
      vertex 12.7778 -10.2222 3
      vertex 12.6978 -10.1497 0
      vertex 12.7778 -10.2222 0
    endloop
  endfacet
  facet normal -0.595693 -0.803212 0
    outer loop
      vertex 12.6111 -10.0854 0
      vertex 12.6978 -10.1497 3
      vertex 12.6111 -10.0854 3
    endloop
  endfacet
  facet normal -0.595693 -0.803212 -0
    outer loop
      vertex 12.6978 -10.1497 3
      vertex 12.6111 -10.0854 0
      vertex 12.6978 -10.1497 0
    endloop
  endfacet
  facet normal -0.514087 -0.857738 0
    outer loop
      vertex 12.5185 -10.0299 0
      vertex 12.6111 -10.0854 3
      vertex 12.5185 -10.0299 3
    endloop
  endfacet
  facet normal -0.514087 -0.857738 -0
    outer loop
      vertex 12.6111 -10.0854 3
      vertex 12.5185 -10.0299 0
      vertex 12.6111 -10.0854 0
    endloop
  endfacet
  facet normal -0.427696 -0.903923 0
    outer loop
      vertex 12.4209 -9.98372 0
      vertex 12.5185 -10.0299 3
      vertex 12.4209 -9.98372 3
    endloop
  endfacet
  facet normal -0.427696 -0.903923 -0
    outer loop
      vertex 12.5185 -10.0299 3
      vertex 12.4209 -9.98372 0
      vertex 12.5185 -10.0299 0
    endloop
  endfacet
  facet normal -0.336947 -0.941524 0
    outer loop
      vertex 12.3193 -9.94736 0
      vertex 12.4209 -9.98372 3
      vertex 12.3193 -9.94736 3
    endloop
  endfacet
  facet normal -0.336947 -0.941524 -0
    outer loop
      vertex 12.4209 -9.98372 3
      vertex 12.3193 -9.94736 0
      vertex 12.4209 -9.98372 0
    endloop
  endfacet
  facet normal -0.243015 -0.970022 0
    outer loop
      vertex 12.2146 -9.92113 0
      vertex 12.3193 -9.94736 3
      vertex 12.2146 -9.92113 3
    endloop
  endfacet
  facet normal -0.243015 -0.970022 -0
    outer loop
      vertex 12.3193 -9.94736 3
      vertex 12.2146 -9.92113 0
      vertex 12.3193 -9.94736 0
    endloop
  endfacet
  facet normal -0.14671 -0.98918 0
    outer loop
      vertex 12.1078 -9.90529 0
      vertex 12.2146 -9.92113 3
      vertex 12.1078 -9.90529 3
    endloop
  endfacet
  facet normal -0.14671 -0.98918 -0
    outer loop
      vertex 12.2146 -9.92113 3
      vertex 12.1078 -9.90529 0
      vertex 12.2146 -9.92113 0
    endloop
  endfacet
  facet normal -0.0491058 -0.998794 0
    outer loop
      vertex 12 -9.89999 0
      vertex 12.1078 -9.90529 3
      vertex 12 -9.89999 3
    endloop
  endfacet
  facet normal -0.0491058 -0.998794 -0
    outer loop
      vertex 12.1078 -9.90529 3
      vertex 12 -9.89999 0
      vertex 12.1078 -9.90529 0
    endloop
  endfacet
  facet normal 0.0491058 -0.998794 0
    outer loop
      vertex 11.8922 -9.90529 0
      vertex 12 -9.89999 3
      vertex 11.8922 -9.90529 3
    endloop
  endfacet
  facet normal 0.0491058 -0.998794 0
    outer loop
      vertex 12 -9.89999 3
      vertex 11.8922 -9.90529 0
      vertex 12 -9.89999 0
    endloop
  endfacet
  facet normal 0.14671 -0.98918 0
    outer loop
      vertex 11.7854 -9.92113 0
      vertex 11.8922 -9.90529 3
      vertex 11.7854 -9.92113 3
    endloop
  endfacet
  facet normal 0.14671 -0.98918 0
    outer loop
      vertex 11.8922 -9.90529 3
      vertex 11.7854 -9.92113 0
      vertex 11.8922 -9.90529 0
    endloop
  endfacet
  facet normal 0.243015 -0.970022 0
    outer loop
      vertex 11.6807 -9.94736 0
      vertex 11.7854 -9.92113 3
      vertex 11.6807 -9.94736 3
    endloop
  endfacet
  facet normal 0.243015 -0.970022 0
    outer loop
      vertex 11.7854 -9.92113 3
      vertex 11.6807 -9.94736 0
      vertex 11.7854 -9.92113 0
    endloop
  endfacet
  facet normal 0.336653 -0.941629 0
    outer loop
      vertex 11.579 -9.98372 0
      vertex 11.6807 -9.94736 3
      vertex 11.579 -9.98372 3
    endloop
  endfacet
  facet normal 0.336653 -0.941629 0
    outer loop
      vertex 11.6807 -9.94736 3
      vertex 11.579 -9.98372 0
      vertex 11.6807 -9.94736 0
    endloop
  endfacet
  facet normal 0.428054 -0.903753 0
    outer loop
      vertex 11.4815 -10.0299 0
      vertex 11.579 -9.98372 3
      vertex 11.4815 -10.0299 3
    endloop
  endfacet
  facet normal 0.428054 -0.903753 0
    outer loop
      vertex 11.579 -9.98372 3
      vertex 11.4815 -10.0299 0
      vertex 11.579 -9.98372 0
    endloop
  endfacet
  facet normal 0.514087 -0.857738 0
    outer loop
      vertex 11.3889 -10.0854 0
      vertex 11.4815 -10.0299 3
      vertex 11.3889 -10.0854 3
    endloop
  endfacet
  facet normal 0.514087 -0.857738 0
    outer loop
      vertex 11.4815 -10.0299 3
      vertex 11.3889 -10.0854 0
      vertex 11.4815 -10.0299 0
    endloop
  endfacet
  facet normal 0.595693 -0.803212 0
    outer loop
      vertex 11.3022 -10.1497 0
      vertex 11.3889 -10.0854 3
      vertex 11.3022 -10.1497 3
    endloop
  endfacet
  facet normal 0.595693 -0.803212 0
    outer loop
      vertex 11.3889 -10.0854 3
      vertex 11.3022 -10.1497 0
      vertex 11.3889 -10.0854 0
    endloop
  endfacet
  facet normal 0.671519 -0.740987 0
    outer loop
      vertex 11.2222 -10.2222 0
      vertex 11.3022 -10.1497 3
      vertex 11.2222 -10.2222 3
    endloop
  endfacet
  facet normal 0.671519 -0.740987 0
    outer loop
      vertex 11.3022 -10.1497 3
      vertex 11.2222 -10.2222 0
      vertex 11.3022 -10.1497 0
    endloop
  endfacet
  facet normal 0.740987 -0.671519 0
    outer loop
      vertex 11.1497 -10.3022 3
      vertex 11.2222 -10.2222 0
      vertex 11.2222 -10.2222 3
    endloop
  endfacet
  facet normal 0.740987 -0.671519 0
    outer loop
      vertex 11.2222 -10.2222 0
      vertex 11.1497 -10.3022 3
      vertex 11.1497 -10.3022 0
    endloop
  endfacet
  facet normal 0.803212 -0.595693 0
    outer loop
      vertex 11.0854 -10.3889 3
      vertex 11.1497 -10.3022 0
      vertex 11.1497 -10.3022 3
    endloop
  endfacet
  facet normal 0.803212 -0.595693 0
    outer loop
      vertex 11.1497 -10.3022 0
      vertex 11.0854 -10.3889 3
      vertex 11.0854 -10.3889 0
    endloop
  endfacet
  facet normal 0.857738 -0.514087 0
    outer loop
      vertex 11.0299 -10.4815 3
      vertex 11.0854 -10.3889 0
      vertex 11.0854 -10.3889 3
    endloop
  endfacet
  facet normal 0.857738 -0.514087 0
    outer loop
      vertex 11.0854 -10.3889 0
      vertex 11.0299 -10.4815 3
      vertex 11.0299 -10.4815 0
    endloop
  endfacet
  facet normal 0.903681 -0.428206 0
    outer loop
      vertex 10.9837 -10.579 3
      vertex 11.0299 -10.4815 0
      vertex 11.0299 -10.4815 3
    endloop
  endfacet
  facet normal 0.903681 -0.428206 0
    outer loop
      vertex 11.0299 -10.4815 0
      vertex 10.9837 -10.579 3
      vertex 10.9837 -10.579 0
    endloop
  endfacet
  facet normal 0.941805 -0.33616 0
    outer loop
      vertex 10.9474 -10.6807 3
      vertex 10.9837 -10.579 0
      vertex 10.9837 -10.579 3
    endloop
  endfacet
  facet normal 0.941805 -0.33616 0
    outer loop
      vertex 10.9837 -10.579 0
      vertex 10.9474 -10.6807 3
      vertex 10.9474 -10.6807 0
    endloop
  endfacet
  facet normal 0.969869 -0.243625 0
    outer loop
      vertex 10.9211 -10.7854 3
      vertex 10.9474 -10.6807 0
      vertex 10.9474 -10.6807 3
    endloop
  endfacet
  facet normal 0.969869 -0.243625 0
    outer loop
      vertex 10.9474 -10.6807 0
      vertex 10.9211 -10.7854 3
      vertex 10.9211 -10.7854 0
    endloop
  endfacet
  facet normal 0.989233 -0.146347 0
    outer loop
      vertex 10.9053 -10.8922 3
      vertex 10.9211 -10.7854 0
      vertex 10.9211 -10.7854 3
    endloop
  endfacet
  facet normal 0.989233 -0.146347 0
    outer loop
      vertex 10.9211 -10.7854 0
      vertex 10.9053 -10.8922 3
      vertex 10.9053 -10.8922 0
    endloop
  endfacet
  facet normal 0.998794 -0.0491058 0
    outer loop
      vertex 10.9 -11 3
      vertex 10.9053 -10.8922 0
      vertex 10.9053 -10.8922 3
    endloop
  endfacet
  facet normal 0.998794 -0.0491058 0
    outer loop
      vertex 10.9053 -10.8922 0
      vertex 10.9 -11 3
      vertex 10.9 -11 0
    endloop
  endfacet
  facet normal 0.998794 0.0491058 0
    outer loop
      vertex 10.9053 -11.1078 3
      vertex 10.9 -11 0
      vertex 10.9 -11 3
    endloop
  endfacet
  facet normal 0.998794 0.0491058 0
    outer loop
      vertex 10.9 -11 0
      vertex 10.9053 -11.1078 3
      vertex 10.9053 -11.1078 0
    endloop
  endfacet
  facet normal 0.989233 0.146347 0
    outer loop
      vertex 10.9211 -11.2146 3
      vertex 10.9053 -11.1078 0
      vertex 10.9053 -11.1078 3
    endloop
  endfacet
  facet normal 0.989233 0.146347 0
    outer loop
      vertex 10.9053 -11.1078 0
      vertex 10.9211 -11.2146 3
      vertex 10.9211 -11.2146 0
    endloop
  endfacet
  facet normal 0.969869 0.243625 0
    outer loop
      vertex 10.9474 -11.3193 3
      vertex 10.9211 -11.2146 0
      vertex 10.9211 -11.2146 3
    endloop
  endfacet
  facet normal 0.969869 0.243625 0
    outer loop
      vertex 10.9211 -11.2146 0
      vertex 10.9474 -11.3193 3
      vertex 10.9474 -11.3193 0
    endloop
  endfacet
  facet normal 0.9417 0.336454 0
    outer loop
      vertex 10.9837 -11.4209 3
      vertex 10.9474 -11.3193 0
      vertex 10.9474 -11.3193 3
    endloop
  endfacet
  facet normal 0.9417 0.336454 0
    outer loop
      vertex 10.9474 -11.3193 0
      vertex 10.9837 -11.4209 3
      vertex 10.9837 -11.4209 0
    endloop
  endfacet
  facet normal 0.903851 0.427847 0
    outer loop
      vertex 11.0299 -11.5185 3
      vertex 10.9837 -11.4209 0
      vertex 10.9837 -11.4209 3
    endloop
  endfacet
  facet normal 0.903851 0.427847 0
    outer loop
      vertex 10.9837 -11.4209 0
      vertex 11.0299 -11.5185 3
      vertex 11.0299 -11.5185 0
    endloop
  endfacet
  facet normal 0.857738 0.514087 0
    outer loop
      vertex 11.0854 -11.6111 3
      vertex 11.0299 -11.5185 0
      vertex 11.0299 -11.5185 3
    endloop
  endfacet
  facet normal 0.857738 0.514087 0
    outer loop
      vertex 11.0299 -11.5185 0
      vertex 11.0854 -11.6111 3
      vertex 11.0854 -11.6111 0
    endloop
  endfacet
  facet normal 0.803212 0.595693 0
    outer loop
      vertex 11.1497 -11.6978 3
      vertex 11.0854 -11.6111 0
      vertex 11.0854 -11.6111 3
    endloop
  endfacet
  facet normal 0.803212 0.595693 0
    outer loop
      vertex 11.0854 -11.6111 0
      vertex 11.1497 -11.6978 3
      vertex 11.1497 -11.6978 0
    endloop
  endfacet
  facet normal 0.740987 0.671519 0
    outer loop
      vertex 11.2222 -11.7778 3
      vertex 11.1497 -11.6978 0
      vertex 11.1497 -11.6978 3
    endloop
  endfacet
  facet normal 0.740987 0.671519 0
    outer loop
      vertex 11.1497 -11.6978 0
      vertex 11.2222 -11.7778 3
      vertex 11.2222 -11.7778 0
    endloop
  endfacet
  facet normal 0.671519 0.740987 -0
    outer loop
      vertex 11.3022 -11.8503 0
      vertex 11.2222 -11.7778 3
      vertex 11.3022 -11.8503 3
    endloop
  endfacet
  facet normal 0.671519 0.740987 0
    outer loop
      vertex 11.2222 -11.7778 3
      vertex 11.3022 -11.8503 0
      vertex 11.2222 -11.7778 0
    endloop
  endfacet
  facet normal 0.595693 0.803212 -0
    outer loop
      vertex 11.3889 -11.9146 0
      vertex 11.3022 -11.8503 3
      vertex 11.3889 -11.9146 3
    endloop
  endfacet
  facet normal 0.595693 0.803212 0
    outer loop
      vertex 11.3022 -11.8503 3
      vertex 11.3889 -11.9146 0
      vertex 11.3022 -11.8503 0
    endloop
  endfacet
  facet normal 0.514087 0.857738 -0
    outer loop
      vertex 11.4815 -11.9701 0
      vertex 11.3889 -11.9146 3
      vertex 11.4815 -11.9701 3
    endloop
  endfacet
  facet normal 0.514087 0.857738 0
    outer loop
      vertex 11.3889 -11.9146 3
      vertex 11.4815 -11.9701 0
      vertex 11.3889 -11.9146 0
    endloop
  endfacet
  facet normal 0.428206 0.903681 -0
    outer loop
      vertex 11.579 -12.0163 0
      vertex 11.4815 -11.9701 3
      vertex 11.579 -12.0163 3
    endloop
  endfacet
  facet normal 0.428206 0.903681 0
    outer loop
      vertex 11.4815 -11.9701 3
      vertex 11.579 -12.0163 0
      vertex 11.4815 -11.9701 0
    endloop
  endfacet
  facet normal 0.33616 0.941805 -0
    outer loop
      vertex 11.6807 -12.0526 0
      vertex 11.579 -12.0163 3
      vertex 11.6807 -12.0526 3
    endloop
  endfacet
  facet normal 0.33616 0.941805 0
    outer loop
      vertex 11.579 -12.0163 3
      vertex 11.6807 -12.0526 0
      vertex 11.579 -12.0163 0
    endloop
  endfacet
  facet normal 0.243625 0.969869 -0
    outer loop
      vertex 11.7854 -12.0789 0
      vertex 11.6807 -12.0526 3
      vertex 11.7854 -12.0789 3
    endloop
  endfacet
  facet normal 0.243625 0.969869 0
    outer loop
      vertex 11.6807 -12.0526 3
      vertex 11.7854 -12.0789 0
      vertex 11.6807 -12.0526 0
    endloop
  endfacet
  facet normal 0.146347 0.989233 -0
    outer loop
      vertex 11.8922 -12.0947 0
      vertex 11.7854 -12.0789 3
      vertex 11.8922 -12.0947 3
    endloop
  endfacet
  facet normal 0.146347 0.989233 0
    outer loop
      vertex 11.7854 -12.0789 3
      vertex 11.8922 -12.0947 0
      vertex 11.7854 -12.0789 0
    endloop
  endfacet
  facet normal 0.0491058 0.998794 -0
    outer loop
      vertex 12 -12.1 0
      vertex 11.8922 -12.0947 3
      vertex 12 -12.1 3
    endloop
  endfacet
  facet normal 0.0491058 0.998794 0
    outer loop
      vertex 11.8922 -12.0947 3
      vertex 12 -12.1 0
      vertex 11.8922 -12.0947 0
    endloop
  endfacet
  facet normal -0.0491058 0.998794 0
    outer loop
      vertex 12.1078 -12.0947 0
      vertex 12 -12.1 3
      vertex 12.1078 -12.0947 3
    endloop
  endfacet
  facet normal -0.0491058 0.998794 0
    outer loop
      vertex 12 -12.1 3
      vertex 12.1078 -12.0947 0
      vertex 12 -12.1 0
    endloop
  endfacet
endsolid OpenSCAD_Model
