solid OpenSCAD_Model
  facet normal 0.803137 -0.595794 0
    outer loop
      vertex 18.692 -18.1376 3
      vertex 18.9259 -17.8223 0
      vertex 18.9259 -17.8223 3
    endloop
  endfacet
  facet normal 0.803137 -0.595794 0
    outer loop
      vertex 18.9259 -17.8223 0
      vertex 18.692 -18.1376 3
      vertex 18.692 -18.1376 0
    endloop
  endfacet
  facet normal -0.989176 -0.146733 0
    outer loop
      vertex -19.5231 -16.3804 0
      vertex -19.5807 -15.9921 3
      vertex -19.5807 -15.9921 0
    endloop
  endfacet
  facet normal -0.989176 -0.146733 0
    outer loop
      vertex -19.5807 -15.9921 3
      vertex -19.5231 -16.3804 0
      vertex -19.5231 -16.3804 3
    endloop
  endfacet
  facet normal -1 0 0
    outer loop
      vertex -19.6 -15.6 0
      vertex -19.6 15.6 3
      vertex -19.6 15.6 0
    endloop
  endfacet
  facet normal -1 -0 0
    outer loop
      vertex -19.6 15.6 3
      vertex -19.6 -15.6 0
      vertex -19.6 -15.6 3
    endloop
  endfacet
  facet normal -0.998791 -0.0491626 0
    outer loop
      vertex -19.5807 -15.9921 0
      vertex -19.6 -15.6 3
      vertex -19.6 -15.6 0
    endloop
  endfacet
  facet normal -0.998791 -0.0491626 0
    outer loop
      vertex -19.6 -15.6 3
      vertex -19.5807 -15.9921 0
      vertex -19.5807 -15.9921 3
    endloop
  endfacet
  facet normal -0.595794 -0.803137 0
    outer loop
      vertex -18.1376 -18.692 0
      vertex -17.8223 -18.9259 3
      vertex -18.1376 -18.692 3
    endloop
  endfacet
  facet normal -0.595794 -0.803137 -0
    outer loop
      vertex -17.8223 -18.9259 3
      vertex -18.1376 -18.692 0
      vertex -17.8223 -18.9259 0
    endloop
  endfacet
  facet normal 0.514084 0.85774 -0
    outer loop
      vertex 17.8223 18.9259 0
      vertex 17.4856 19.1277 3
      vertex 17.8223 18.9259 3
    endloop
  endfacet
  facet normal 0.514084 0.85774 0
    outer loop
      vertex 17.4856 19.1277 3
      vertex 17.8223 18.9259 0
      vertex 17.4856 19.1277 0
    endloop
  endfacet
  facet normal -0.671607 0.740908 0
    outer loop
      vertex -18.1376 18.692 0
      vertex -18.4284 18.4284 3
      vertex -18.1376 18.692 3
    endloop
  endfacet
  facet normal -0.671607 0.740908 0
    outer loop
      vertex -18.4284 18.4284 3
      vertex -18.1376 18.692 0
      vertex -18.4284 18.4284 0
    endloop
  endfacet
  facet normal -0.0491626 0.998791 0
    outer loop
      vertex -15.6 19.6 0
      vertex -15.9921 19.5807 3
      vertex -15.6 19.6 3
    endloop
  endfacet
  facet normal -0.0491626 0.998791 0
    outer loop
      vertex -15.9921 19.5807 3
      vertex -15.6 19.6 0
      vertex -15.9921 19.5807 0
    endloop
  endfacet
  facet normal -0.998791 0.0491626 0
    outer loop
      vertex -19.6 15.6 0
      vertex -19.5807 15.9921 3
      vertex -19.5807 15.9921 0
    endloop
  endfacet
  facet normal -0.998791 0.0491626 0
    outer loop
      vertex -19.5807 15.9921 3
      vertex -19.6 15.6 0
      vertex -19.6 15.6 3
    endloop
  endfacet
  facet normal 0.989176 -0.146733 0
    outer loop
      vertex 19.5231 -16.3804 3
      vertex 19.5807 -15.9921 0
      vertex 19.5807 -15.9921 3
    endloop
  endfacet
  facet normal 0.989176 -0.146733 0
    outer loop
      vertex 19.5807 -15.9921 0
      vertex 19.5231 -16.3804 3
      vertex 19.5231 -16.3804 0
    endloop
  endfacet
  facet normal -0.970007 0.243075 0
    outer loop
      vertex -19.5231 16.3804 0
      vertex -19.4277 16.7611 3
      vertex -19.4277 16.7611 0
    endloop
  endfacet
  facet normal -0.970007 0.243075 0
    outer loop
      vertex -19.4277 16.7611 3
      vertex -19.5231 16.3804 0
      vertex -19.5231 16.3804 3
    endloop
  endfacet
  facet normal 0.740908 -0.671607 0
    outer loop
      vertex 18.4284 -18.4284 3
      vertex 18.692 -18.1376 0
      vertex 18.692 -18.1376 3
    endloop
  endfacet
  facet normal 0.740908 -0.671607 0
    outer loop
      vertex 18.692 -18.1376 0
      vertex 18.4284 -18.4284 3
      vertex 18.4284 -18.4284 0
    endloop
  endfacet
  facet normal -0.514084 0.85774 0
    outer loop
      vertex -17.4856 19.1277 0
      vertex -17.8223 18.9259 3
      vertex -17.4856 19.1277 3
    endloop
  endfacet
  facet normal -0.514084 0.85774 0
    outer loop
      vertex -17.8223 18.9259 3
      vertex -17.4856 19.1277 0
      vertex -17.8223 18.9259 0
    endloop
  endfacet
  facet normal -0.85774 0.514084 0
    outer loop
      vertex -19.1277 17.4856 0
      vertex -18.9259 17.8223 3
      vertex -18.9259 17.8223 0
    endloop
  endfacet
  facet normal -0.85774 0.514084 0
    outer loop
      vertex -18.9259 17.8223 3
      vertex -19.1277 17.4856 0
      vertex -19.1277 17.4856 3
    endloop
  endfacet
  facet normal -0.0491626 -0.998791 0
    outer loop
      vertex -15.9921 -19.5807 0
      vertex -15.6 -19.6 3
      vertex -15.9921 -19.5807 3
    endloop
  endfacet
  facet normal -0.0491626 -0.998791 -0
    outer loop
      vertex -15.6 -19.6 3
      vertex -15.9921 -19.5807 0
      vertex -15.6 -19.6 0
    endloop
  endfacet
  facet normal 0.0491626 0.998791 -0
    outer loop
      vertex 15.9921 19.5807 0
      vertex 15.6 19.6 3
      vertex 15.9921 19.5807 3
    endloop
  endfacet
  facet normal 0.0491626 0.998791 0
    outer loop
      vertex 15.6 19.6 3
      vertex 15.9921 19.5807 0
      vertex 15.6 19.6 0
    endloop
  endfacet
  facet normal -0.904044 -0.42744 0
    outer loop
      vertex -19.1277 -17.4856 0
      vertex -19.2955 -17.1307 3
      vertex -19.2955 -17.1307 0
    endloop
  endfacet
  facet normal -0.904044 -0.42744 0
    outer loop
      vertex -19.2955 -17.1307 3
      vertex -19.1277 -17.4856 0
      vertex -19.1277 -17.4856 3
    endloop
  endfacet
  facet normal -0.42744 -0.904044 0
    outer loop
      vertex -17.4856 -19.1277 0
      vertex -17.1307 -19.2955 3
      vertex -17.4856 -19.1277 3
    endloop
  endfacet
  facet normal -0.42744 -0.904044 -0
    outer loop
      vertex -17.1307 -19.2955 3
      vertex -17.4856 -19.1277 0
      vertex -17.1307 -19.2955 0
    endloop
  endfacet
  facet normal 0.998791 0.0491626 0
    outer loop
      vertex 19.6 15.6 3
      vertex 19.5807 15.9921 0
      vertex 19.5807 15.9921 3
    endloop
  endfacet
  facet normal 0.998791 0.0491626 0
    outer loop
      vertex 19.5807 15.9921 0
      vertex 19.6 15.6 3
      vertex 19.6 15.6 0
    endloop
  endfacet
  facet normal -0.904044 0.42744 0
    outer loop
      vertex -19.2955 17.1307 0
      vertex -19.1277 17.4856 3
      vertex -19.1277 17.4856 0
    endloop
  endfacet
  facet normal -0.904044 0.42744 0
    outer loop
      vertex -19.1277 17.4856 3
      vertex -19.2955 17.1307 0
      vertex -19.2955 17.1307 3
    endloop
  endfacet
  facet normal 1 -0 0
    outer loop
      vertex 19.6 -15.6 3
      vertex 19.6 15.6 0
      vertex 19.6 15.6 3
    endloop
  endfacet
  facet normal 1 0 0
    outer loop
      vertex 19.6 15.6 0
      vertex 19.6 -15.6 3
      vertex 19.6 -15.6 0
    endloop
  endfacet
  facet normal -0.671607 -0.740908 0
    outer loop
      vertex -18.4284 -18.4284 0
      vertex -18.1376 -18.692 3
      vertex -18.4284 -18.4284 3
    endloop
  endfacet
  facet normal -0.671607 -0.740908 -0
    outer loop
      vertex -18.1376 -18.692 3
      vertex -18.4284 -18.4284 0
      vertex -18.1376 -18.692 0
    endloop
  endfacet
  facet normal 0 1 -0
    outer loop
      vertex 15.6 19.6 0
      vertex -15.6 19.6 3
      vertex 15.6 19.6 3
    endloop
  endfacet
  facet normal 0 1 0
    outer loop
      vertex -15.6 19.6 3
      vertex 15.6 19.6 0
      vertex -15.6 19.6 0
    endloop
  endfacet
  facet normal 0.336788 -0.94158 0
    outer loop
      vertex 16.7611 -19.4277 0
      vertex 17.1307 -19.2955 3
      vertex 16.7611 -19.4277 3
    endloop
  endfacet
  facet normal 0.336788 -0.94158 0
    outer loop
      vertex 17.1307 -19.2955 3
      vertex 16.7611 -19.4277 0
      vertex 17.1307 -19.2955 0
    endloop
  endfacet
  facet normal -0.336788 -0.94158 0
    outer loop
      vertex -17.1307 -19.2955 0
      vertex -16.7611 -19.4277 3
      vertex -17.1307 -19.2955 3
    endloop
  endfacet
  facet normal -0.336788 -0.94158 -0
    outer loop
      vertex -16.7611 -19.4277 3
      vertex -17.1307 -19.2955 0
      vertex -16.7611 -19.4277 0
    endloop
  endfacet
  facet normal 0.998791 -0.0491626 0
    outer loop
      vertex 19.5807 -15.9921 3
      vertex 19.6 -15.6 0
      vertex 19.6 -15.6 3
    endloop
  endfacet
  facet normal 0.998791 -0.0491626 0
    outer loop
      vertex 19.6 -15.6 0
      vertex 19.5807 -15.9921 3
      vertex 19.5807 -15.9921 0
    endloop
  endfacet
  facet normal -0.94158 0.336788 0
    outer loop
      vertex -19.4277 16.7611 0
      vertex -19.2955 17.1307 3
      vertex -19.2955 17.1307 0
    endloop
  endfacet
  facet normal -0.94158 0.336788 0
    outer loop
      vertex -19.2955 17.1307 3
      vertex -19.4277 16.7611 0
      vertex -19.4277 16.7611 3
    endloop
  endfacet
  facet normal 0.85774 0.514084 0
    outer loop
      vertex 19.1277 17.4856 3
      vertex 18.9259 17.8223 0
      vertex 18.9259 17.8223 3
    endloop
  endfacet
  facet normal 0.85774 0.514084 0
    outer loop
      vertex 18.9259 17.8223 0
      vertex 19.1277 17.4856 3
      vertex 19.1277 17.4856 0
    endloop
  endfacet
  facet normal 0.243075 -0.970007 0
    outer loop
      vertex 16.3804 -19.5231 0
      vertex 16.7611 -19.4277 3
      vertex 16.3804 -19.5231 3
    endloop
  endfacet
  facet normal 0.243075 -0.970007 0
    outer loop
      vertex 16.7611 -19.4277 3
      vertex 16.3804 -19.5231 0
      vertex 16.7611 -19.4277 0
    endloop
  endfacet
  facet normal -0.740908 -0.671607 0
    outer loop
      vertex -18.4284 -18.4284 0
      vertex -18.692 -18.1376 3
      vertex -18.692 -18.1376 0
    endloop
  endfacet
  facet normal -0.740908 -0.671607 0
    outer loop
      vertex -18.692 -18.1376 3
      vertex -18.4284 -18.4284 0
      vertex -18.4284 -18.4284 3
    endloop
  endfacet
  facet normal -0.803137 0.595794 0
    outer loop
      vertex -18.9259 17.8223 0
      vertex -18.692 18.1376 3
      vertex -18.692 18.1376 0
    endloop
  endfacet
  facet normal -0.803137 0.595794 0
    outer loop
      vertex -18.692 18.1376 3
      vertex -18.9259 17.8223 0
      vertex -18.9259 17.8223 3
    endloop
  endfacet
  facet normal 0 -1 0
    outer loop
      vertex -15.6 -19.6 0
      vertex 15.6 -19.6 3
      vertex -15.6 -19.6 3
    endloop
  endfacet
  facet normal 0 -1 -0
    outer loop
      vertex 15.6 -19.6 3
      vertex -15.6 -19.6 0
      vertex 15.6 -19.6 0
    endloop
  endfacet
  facet normal 0.970007 -0.243075 0
    outer loop
      vertex 19.4277 -16.7611 3
      vertex 19.5231 -16.3804 0
      vertex 19.5231 -16.3804 3
    endloop
  endfacet
  facet normal 0.970007 -0.243075 0
    outer loop
      vertex 19.5231 -16.3804 0
      vertex 19.4277 -16.7611 3
      vertex 19.4277 -16.7611 0
    endloop
  endfacet
  facet normal -0.243075 -0.970007 0
    outer loop
      vertex -16.7611 -19.4277 0
      vertex -16.3804 -19.5231 3
      vertex -16.7611 -19.4277 3
    endloop
  endfacet
  facet normal -0.243075 -0.970007 -0
    outer loop
      vertex -16.3804 -19.5231 3
      vertex -16.7611 -19.4277 0
      vertex -16.3804 -19.5231 0
    endloop
  endfacet
  facet normal 0.989176 0.146733 0
    outer loop
      vertex 19.5807 15.9921 3
      vertex 19.5231 16.3804 0
      vertex 19.5231 16.3804 3
    endloop
  endfacet
  facet normal 0.989176 0.146733 0
    outer loop
      vertex 19.5231 16.3804 0
      vertex 19.5807 15.9921 3
      vertex 19.5807 15.9921 0
    endloop
  endfacet
  facet normal -0.85774 -0.514084 0
    outer loop
      vertex -18.9259 -17.8223 0
      vertex -19.1277 -17.4856 3
      vertex -19.1277 -17.4856 0
    endloop
  endfacet
  facet normal -0.85774 -0.514084 0
    outer loop
      vertex -19.1277 -17.4856 3
      vertex -18.9259 -17.8223 0
      vertex -18.9259 -17.8223 3
    endloop
  endfacet
  facet normal -0.94158 -0.336788 0
    outer loop
      vertex -19.2955 -17.1307 0
      vertex -19.4277 -16.7611 3
      vertex -19.4277 -16.7611 0
    endloop
  endfacet
  facet normal -0.94158 -0.336788 0
    outer loop
      vertex -19.4277 -16.7611 3
      vertex -19.2955 -17.1307 0
      vertex -19.2955 -17.1307 3
    endloop
  endfacet
  facet normal 0.146733 0.989176 -0
    outer loop
      vertex 16.3804 19.5231 0
      vertex 15.9921 19.5807 3
      vertex 16.3804 19.5231 3
    endloop
  endfacet
  facet normal 0.146733 0.989176 0
    outer loop
      vertex 15.9921 19.5807 3
      vertex 16.3804 19.5231 0
      vertex 15.9921 19.5807 0
    endloop
  endfacet
  facet normal 0.42744 -0.904044 0
    outer loop
      vertex 17.1307 -19.2955 0
      vertex 17.4856 -19.1277 3
      vertex 17.1307 -19.2955 3
    endloop
  endfacet
  facet normal 0.42744 -0.904044 0
    outer loop
      vertex 17.4856 -19.1277 3
      vertex 17.1307 -19.2955 0
      vertex 17.4856 -19.1277 0
    endloop
  endfacet
  facet normal -0.514084 -0.85774 0
    outer loop
      vertex -17.8223 -18.9259 0
      vertex -17.4856 -19.1277 3
      vertex -17.8223 -18.9259 3
    endloop
  endfacet
  facet normal -0.514084 -0.85774 -0
    outer loop
      vertex -17.4856 -19.1277 3
      vertex -17.8223 -18.9259 0
      vertex -17.4856 -19.1277 0
    endloop
  endfacet
  facet normal -0.146733 0.989176 0
    outer loop
      vertex -15.9921 19.5807 0
      vertex -16.3804 19.5231 3
      vertex -15.9921 19.5807 3
    endloop
  endfacet
  facet normal -0.146733 0.989176 0
    outer loop
      vertex -16.3804 19.5231 3
      vertex -15.9921 19.5807 0
      vertex -16.3804 19.5231 0
    endloop
  endfacet
  facet normal -0.42744 0.904044 0
    outer loop
      vertex -17.1307 19.2955 0
      vertex -17.4856 19.1277 3
      vertex -17.1307 19.2955 3
    endloop
  endfacet
  facet normal -0.42744 0.904044 0
    outer loop
      vertex -17.4856 19.1277 3
      vertex -17.1307 19.2955 0
      vertex -17.4856 19.1277 0
    endloop
  endfacet
  facet normal 0 0 1
    outer loop
      vertex -8.01183 -7.61339 3
      vertex -9.35553 -10.3873 3
      vertex -9.34999 -10.5 3
    endloop
  endfacet
  facet normal 0 0 1
    outer loop
      vertex -8.93587 -8.03207 3
      vertex -9.37209 -10.2756 3
      vertex -9.35553 -10.3873 3
    endloop
  endfacet
  facet normal 0 0 1
    outer loop
      vertex -8.93587 -8.03207 3
      vertex -9.39951 -10.1662 3
      vertex -9.37209 -10.2756 3
    endloop
  endfacet
  facet normal 0 0 1
    outer loop
      vertex -8.93587 -8.03207 3
      vertex -9.43753 -10.0599 3
      vertex -9.39951 -10.1662 3
    endloop
  endfacet
  facet normal 0 0 1
    outer loop
      vertex -9.77045 -9.61102 3
      vertex -9.1869 -8.07774 3
      vertex -9.44121 -8.0986 3
    endloop
  endfacet
  facet normal 0 0 1
    outer loop
      vertex -8.93587 -8.03207 3
      vertex -9.48578 -9.95789 3
      vertex -9.43753 -10.0599 3
    endloop
  endfacet
  facet normal 0 0 1
    outer loop
      vertex -8.93587 -8.03207 3
      vertex -9.54381 -9.86108 3
      vertex -9.48578 -9.95789 3
    endloop
  endfacet
  facet normal 0 0 1
    outer loop
      vertex -8.93587 -8.03207 3
      vertex -9.61102 -9.77045 3
      vertex -9.54381 -9.86108 3
    endloop
  endfacet
  facet normal 0 0 1
    outer loop
      vertex -9.1869 -8.07774 3
      vertex -9.68681 -9.68681 3
      vertex -9.61102 -9.77045 3
    endloop
  endfacet
  facet normal 0 0 1
    outer loop
      vertex -9.95789 -9.48578 3
      vertex -9.44121 -8.0986 3
      vertex -9.69632 -8.09442 3
    endloop
  endfacet
  facet normal 0 0 1
    outer loop
      vertex -9.1869 -8.07774 3
      vertex -9.77045 -9.61102 3
      vertex -9.68681 -9.68681 3
    endloop
  endfacet
  facet normal 0 0 1
    outer loop
      vertex -9.44121 -8.0986 3
      vertex -9.86108 -9.54381 3
      vertex -9.77045 -9.61102 3
    endloop
  endfacet
  facet normal 0 0 1
    outer loop
      vertex -10.1662 -9.39951 3
      vertex -9.69632 -8.09442 3
      vertex -9.9498 -8.06526 3
    endloop
  endfacet
  facet normal 0 0 1
    outer loop
      vertex -9.44121 -8.0986 3
      vertex -9.95789 -9.48578 3
      vertex -9.86108 -9.54381 3
    endloop
  endfacet
  facet normal 0 0 1
    outer loop
      vertex -9.69632 -8.09442 3
      vertex -10.0599 -9.43753 3
      vertex -9.95789 -9.48578 3
    endloop
  endfacet
  facet normal 0 0 1
    outer loop
      vertex -9.69632 -8.09442 3
      vertex -10.1662 -9.39951 3
      vertex -10.0599 -9.43753 3
    endloop
  endfacet
  facet normal 0 0 1
    outer loop
      vertex -10.2756 -9.37209 3
      vertex -9.9498 -8.06526 3
      vertex -10.1992 -8.0114 3
    endloop
  endfacet
  facet normal 0 0 1
    outer loop
      vertex -9.9498 -8.06526 3
      vertex -10.2756 -9.37209 3
      vertex -10.1662 -9.39951 3
    endloop
  endfacet
  facet normal 0 0 1
    outer loop
      vertex -10.1992 -8.0114 3
      vertex -10.3873 -9.35553 3
      vertex -10.2756 -9.37209 3
    endloop
  endfacet
  facet normal 0 0 1
    outer loop
      vertex -10.5 -9.34999 3
      vertex -10.1992 -8.0114 3
      vertex -10.4421 -7.93335 3
    endloop
  endfacet
  facet normal 0 0 1
    outer loop
      vertex -10.1992 -8.0114 3
      vertex -10.5 -9.34999 3
      vertex -10.3873 -9.35553 3
    endloop
  endfacet
  facet normal 0 0 1
    outer loop
      vertex -10.4421 -7.93335 3
      vertex -10.6127 -9.35553 3
      vertex -10.5 -9.34999 3
    endloop
  endfacet
  facet normal 0 0 1
    outer loop
      vertex -10.7243 -9.37209 3
      vertex -10.4421 -7.93335 3
      vertex -10.6762 -7.83186 3
    endloop
  endfacet
  facet normal 0 0 1
    outer loop
      vertex -10.4421 -7.93335 3
      vertex -10.7243 -9.37209 3
      vertex -10.6127 -9.35553 3
    endloop
  endfacet
  facet normal 0 0 1
    outer loop
      vertex -10.6762 -7.83186 3
      vertex -10.8338 -9.39951 3
      vertex -10.7243 -9.37209 3
    endloop
  endfacet
  facet normal 0 0 1
    outer loop
      vertex -10.9401 -9.43753 3
      vertex -10.6762 -7.83186 3
      vertex -10.8992 -7.70792 3
    endloop
  endfacet
  facet normal 0 0 1
    outer loop
      vertex -10.6762 -7.83186 3
      vertex -10.9401 -9.43753 3
      vertex -10.8338 -9.39951 3
    endloop
  endfacet
  facet normal 0 0 1
    outer loop
      vertex -10.8992 -7.70792 3
      vertex -11.0421 -9.48578 3
      vertex -10.9401 -9.43753 3
    endloop
  endfacet
  facet normal 0 0 1
    outer loop
      vertex -11.1091 -7.56271 3
      vertex -11.0421 -9.48578 3
      vertex -10.8992 -7.70792 3
    endloop
  endfacet
  facet normal 0 0 1
    outer loop
      vertex -11.1091 -7.56271 3
      vertex -11.1389 -9.54381 3
      vertex -11.0421 -9.48578 3
    endloop
  endfacet
  facet normal 0 0 1
    outer loop
      vertex -11.1091 -7.56271 3
      vertex -11.2295 -9.61102 3
      vertex -11.1389 -9.54381 3
    endloop
  endfacet
  facet normal 0 0 1
    outer loop
      vertex -11.3036 -7.39764 3
      vertex -11.2295 -9.61102 3
      vertex -11.1091 -7.56271 3
    endloop
  endfacet
  facet normal 0 0 1
    outer loop
      vertex -11.3036 -7.39764 3
      vertex -11.3132 -9.68681 3
      vertex -11.2295 -9.61102 3
    endloop
  endfacet
  facet normal 0 0 1
    outer loop
      vertex -11.3036 -7.39764 3
      vertex -11.389 -9.77045 3
      vertex -11.3132 -9.68681 3
    endloop
  endfacet
  facet normal 0 0 1
    outer loop
      vertex -11.481 -7.21429 3
      vertex -11.389 -9.77045 3
      vertex -11.3036 -7.39764 3
    endloop
  endfacet
  facet normal 0 0 1
    outer loop
      vertex -11.389 -9.77045 3
      vertex -11.481 -7.21429 3
      vertex -11.4562 -9.86108 3
    endloop
  endfacet
  facet normal 0 0 1
    outer loop
      vertex -11.6397 -7.01443 3
      vertex -11.4562 -9.86108 3
      vertex -11.481 -7.21429 3
    endloop
  endfacet
  facet normal 0 0 1
    outer loop
      vertex -11.4562 -9.86108 3
      vertex -11.6397 -7.01443 3
      vertex -11.5142 -9.95789 3
    endloop
  endfacet
  facet normal 0 0 1
    outer loop
      vertex -11.7779 -6.79999 3
      vertex -11.5142 -9.95789 3
      vertex -11.6397 -7.01443 3
    endloop
  endfacet
  facet normal 0 0 1
    outer loop
      vertex -11.5142 -9.95789 3
      vertex -11.7779 -6.79999 3
      vertex -11.5625 -10.0599 3
    endloop
  endfacet
  facet normal 0 0 1
    outer loop
      vertex -11.5625 -10.0599 3
      vertex -11.7779 -6.79999 3
      vertex -11.6005 -10.1662 3
    endloop
  endfacet
  facet normal 0 0 1
    outer loop
      vertex -11.8945 -6.57303 3
      vertex -11.6005 -10.1662 3
      vertex -11.7779 -6.79999 3
    endloop
  endfacet
  facet normal 0 0 1
    outer loop
      vertex -11.6005 -10.1662 3
      vertex -11.8945 -6.57303 3
      vertex -11.6279 -10.2756 3
    endloop
  endfacet
  facet normal 0 0 1
    outer loop
      vertex -11.9883 -6.33574 3
      vertex -11.6279 -10.2756 3
      vertex -11.8945 -6.57303 3
    endloop
  endfacet
  facet normal -0 0 1
    outer loop
      vertex -9.43753 10.0599 3
      vertex -8.45323 7.86824 3
      vertex -9.39951 10.1662 3
    endloop
  endfacet
  facet normal 0 0 1
    outer loop
      vertex -8.45323 7.86824 3
      vertex -9.43753 10.0599 3
      vertex -8.69054 7.96201 3
    endloop
  endfacet
  facet normal -0 0 1
    outer loop
      vertex -9.48578 9.95789 3
      vertex -8.69054 7.96201 3
      vertex -9.43753 10.0599 3
    endloop
  endfacet
  facet normal -0 0 1
    outer loop
      vertex -9.54381 9.86108 3
      vertex -8.69054 7.96201 3
      vertex -9.48578 9.95789 3
    endloop
  endfacet
  facet normal 0 0 1
    outer loop
      vertex -8.69054 7.96201 3
      vertex -9.54381 9.86108 3
      vertex -8.93587 8.03207 3
    endloop
  endfacet
  facet normal -0 0 1
    outer loop
      vertex -9.61102 9.77045 3
      vertex -8.93587 8.03207 3
      vertex -9.54381 9.86108 3
    endloop
  endfacet
  facet normal 0 0 1
    outer loop
      vertex -8.93587 8.03207 3
      vertex -9.61102 9.77045 3
      vertex -9.1869 8.07774 3
    endloop
  endfacet
  facet normal -0 0 1
    outer loop
      vertex -9.68681 9.68681 3
      vertex -9.1869 8.07774 3
      vertex -9.61102 9.77045 3
    endloop
  endfacet
  facet normal -0 0 1
    outer loop
      vertex -9.77045 9.61102 3
      vertex -9.1869 8.07774 3
      vertex -9.68681 9.68681 3
    endloop
  endfacet
  facet normal 0 0 1
    outer loop
      vertex -9.1869 8.07774 3
      vertex -9.77045 9.61102 3
      vertex -9.44121 8.0986 3
    endloop
  endfacet
  facet normal -0 0 1
    outer loop
      vertex -9.86108 9.54381 3
      vertex -9.44121 8.0986 3
      vertex -9.77045 9.61102 3
    endloop
  endfacet
  facet normal -0 0 1
    outer loop
      vertex -9.95789 9.48578 3
      vertex -9.44121 8.0986 3
      vertex -9.86108 9.54381 3
    endloop
  endfacet
  facet normal 0 0 1
    outer loop
      vertex -9.44121 8.0986 3
      vertex -9.95789 9.48578 3
      vertex -9.69632 8.09442 3
    endloop
  endfacet
  facet normal -0 0 1
    outer loop
      vertex -10.0599 9.43753 3
      vertex -9.69632 8.09442 3
      vertex -9.95789 9.48578 3
    endloop
  endfacet
  facet normal -0 0 1
    outer loop
      vertex -10.1662 9.39951 3
      vertex -9.69632 8.09442 3
      vertex -10.0599 9.43753 3
    endloop
  endfacet
  facet normal 0 0 1
    outer loop
      vertex -9.69632 8.09442 3
      vertex -10.1662 9.39951 3
      vertex -9.9498 8.06526 3
    endloop
  endfacet
  facet normal -0 0 1
    outer loop
      vertex -10.2756 9.37209 3
      vertex -9.9498 8.06526 3
      vertex -10.1662 9.39951 3
    endloop
  endfacet
  facet normal 0 0 1
    outer loop
      vertex -9.9498 8.06526 3
      vertex -10.2756 9.37209 3
      vertex -10.1992 8.0114 3
    endloop
  endfacet
  facet normal -0 0 1
    outer loop
      vertex -10.3873 9.35553 3
      vertex -10.1992 8.0114 3
      vertex -10.2756 9.37209 3
    endloop
  endfacet
  facet normal -0 0 1
    outer loop
      vertex -10.5 9.34999 3
      vertex -10.1992 8.0114 3
      vertex -10.3873 9.35553 3
    endloop
  endfacet
  facet normal 0 0 1
    outer loop
      vertex -10.1992 8.0114 3
      vertex -10.5 9.34999 3
      vertex -10.4421 7.93335 3
    endloop
  endfacet
  facet normal 0 0 1
    outer loop
      vertex -10.6127 9.35553 3
      vertex -10.4421 7.93335 3
      vertex -10.5 9.34999 3
    endloop
  endfacet
  facet normal 0 0 1
    outer loop
      vertex -10.7243 9.37209 3
      vertex -10.4421 7.93335 3
      vertex -10.6127 9.35553 3
    endloop
  endfacet
  facet normal 0 0 1
    outer loop
      vertex -10.4421 7.93335 3
      vertex -10.7243 9.37209 3
      vertex -10.6762 7.83186 3
    endloop
  endfacet
  facet normal 0 0 1
    outer loop
      vertex -10.8338 9.39951 3
      vertex -10.6762 7.83186 3
      vertex -10.7243 9.37209 3
    endloop
  endfacet
  facet normal 0 0 1
    outer loop
      vertex -10.9401 9.43753 3
      vertex -10.6762 7.83186 3
      vertex -10.8338 9.39951 3
    endloop
  endfacet
  facet normal 0 0 1
    outer loop
      vertex -10.6762 7.83186 3
      vertex -10.9401 9.43753 3
      vertex -10.8992 7.70792 3
    endloop
  endfacet
  facet normal 0 0 1
    outer loop
      vertex -11.0421 9.48578 3
      vertex -10.8992 7.70792 3
      vertex -10.9401 9.43753 3
    endloop
  endfacet
  facet normal 0 0 1
    outer loop
      vertex -11.0421 9.48578 3
      vertex -11.1091 7.56271 3
      vertex -10.8992 7.70792 3
    endloop
  endfacet
  facet normal 0 0 1
    outer loop
      vertex -11.1389 9.54381 3
      vertex -11.1091 7.56271 3
      vertex -11.0421 9.48578 3
    endloop
  endfacet
  facet normal 0 0 1
    outer loop
      vertex -11.2295 9.61102 3
      vertex -11.1091 7.56271 3
      vertex -11.1389 9.54381 3
    endloop
  endfacet
  facet normal 0 0 1
    outer loop
      vertex -11.2295 9.61102 3
      vertex -11.3036 7.39764 3
      vertex -11.1091 7.56271 3
    endloop
  endfacet
  facet normal 0 0 1
    outer loop
      vertex -11.3132 9.68681 3
      vertex -11.3036 7.39764 3
      vertex -11.2295 9.61102 3
    endloop
  endfacet
  facet normal 0 0 1
    outer loop
      vertex -11.389 9.77045 3
      vertex -11.3036 7.39764 3
      vertex -11.3132 9.68681 3
    endloop
  endfacet
  facet normal 0 0 1
    outer loop
      vertex -11.481 7.21429 3
      vertex -11.389 9.77045 3
      vertex -11.4562 9.86108 3
    endloop
  endfacet
  facet normal 0 0 1
    outer loop
      vertex -11.389 9.77045 3
      vertex -11.481 7.21429 3
      vertex -11.3036 7.39764 3
    endloop
  endfacet
  facet normal 0 0 1
    outer loop
      vertex -11.6397 7.01443 3
      vertex -11.4562 9.86108 3
      vertex -11.5142 9.95789 3
    endloop
  endfacet
  facet normal 0 0 1
    outer loop
      vertex -11.7779 6.79999 3
      vertex -11.5142 9.95789 3
      vertex -11.5625 10.0599 3
    endloop
  endfacet
  facet normal 0 0 1
    outer loop
      vertex -11.7779 6.79999 3
      vertex -11.5625 10.0599 3
      vertex -11.6005 10.1662 3
    endloop
  endfacet
  facet normal 0 0 1
    outer loop
      vertex -11.8945 6.57303 3
      vertex -11.6005 10.1662 3
      vertex -11.6279 10.2756 3
    endloop
  endfacet
  facet normal 0 0 1
    outer loop
      vertex -11.4562 9.86108 3
      vertex -11.6397 7.01443 3
      vertex -11.481 7.21429 3
    endloop
  endfacet
  facet normal 0 0 1
    outer loop
      vertex -19.6 15.6 3
      vertex -11.6279 10.2756 3
      vertex -11.6445 10.3873 3
    endloop
  endfacet
  facet normal 0 0 1
    outer loop
      vertex -19.6 15.6 3
      vertex -11.6445 10.3873 3
      vertex -11.65 10.5 3
    endloop
  endfacet
  facet normal 0 0 1
    outer loop
      vertex -11.5142 9.95789 3
      vertex -11.7779 6.79999 3
      vertex -11.6397 7.01443 3
    endloop
  endfacet
  facet normal 0 0 1
    outer loop
      vertex -3.96864 2.12128 3
      vertex -7.41287 3.98555 3
      vertex -4.15746 1.72206 3
    endloop
  endfacet
  facet normal 0 0 1
    outer loop
      vertex -4.5 0 3
      vertex -6.94852 -5.16063 3
      vertex -6.92766 -5.41492 3
    endloop
  endfacet
  facet normal -0 0 1
    outer loop
      vertex -7.57149 3.78569 3
      vertex -4.15746 1.72206 3
      vertex -7.41287 3.98555 3
    endloop
  endfacet
  facet normal 0 0 1
    outer loop
      vertex -4.5 0 3
      vertex -6.99419 -4.90959 3
      vertex -6.94852 -5.16063 3
    endloop
  endfacet
  facet normal -0 0 1
    outer loop
      vertex -7.74893 3.60234 3
      vertex -4.15746 1.72206 3
      vertex -7.57149 3.78569 3
    endloop
  endfacet
  facet normal 0 0 1
    outer loop
      vertex -4.5 0 3
      vertex -7.06425 -4.66425 3
      vertex -6.99419 -4.90959 3
    endloop
  endfacet
  facet normal 0 0 1
    outer loop
      vertex -4.15746 1.72206 3
      vertex -7.74893 3.60234 3
      vertex -4.30623 1.30627 3
    endloop
  endfacet
  facet normal 0 0 1
    outer loop
      vertex -4.5 0 3
      vertex -7.15802 -4.42696 3
      vertex -7.06425 -4.66425 3
    endloop
  endfacet
  facet normal -0 0 1
    outer loop
      vertex -7.9435 3.43727 3
      vertex -4.30623 1.30627 3
      vertex -7.74893 3.60234 3
    endloop
  endfacet
  facet normal 0 0 1
    outer loop
      vertex -4.5 0 3
      vertex -7.27461 -4.2 3
      vertex -7.15802 -4.42696 3
    endloop
  endfacet
  facet normal 0 0 1
    outer loop
      vertex -4.30623 1.30627 3
      vertex -7.9435 3.43727 3
      vertex -4.41353 0.877899 3
    endloop
  endfacet
  facet normal 0 0 1
    outer loop
      vertex -4.5 0 3
      vertex -7.41287 -3.98555 3
      vertex -7.27461 -4.2 3
    endloop
  endfacet
  facet normal -0 0 1
    outer loop
      vertex -8.15329 3.29207 3
      vertex -4.41353 0.877899 3
      vertex -7.9435 3.43727 3
    endloop
  endfacet
  facet normal 0 0 1
    outer loop
      vertex -4.5 0 3
      vertex -7.57149 -3.78569 3
      vertex -7.41287 -3.98555 3
    endloop
  endfacet
  facet normal 0 0 1
    outer loop
      vertex -4.41353 0.877899 3
      vertex -8.15329 3.29207 3
      vertex -4.47832 0.441071 3
    endloop
  endfacet
  facet normal 0 0 1
    outer loop
      vertex -4.5 0 3
      vertex -7.74893 -3.60234 3
      vertex -7.57149 -3.78569 3
    endloop
  endfacet
  facet normal -0 0 1
    outer loop
      vertex -8.37633 3.16812 3
      vertex -4.47832 0.441071 3
      vertex -8.15329 3.29207 3
    endloop
  endfacet
  facet normal 0 0 1
    outer loop
      vertex -4.5 0 3
      vertex -7.9435 -3.43727 3
      vertex -7.74893 -3.60234 3
    endloop
  endfacet
  facet normal -0 0 1
    outer loop
      vertex -8.61043 3.06664 3
      vertex -4.47832 0.441071 3
      vertex -8.37633 3.16812 3
    endloop
  endfacet
  facet normal 0 0 1
    outer loop
      vertex -4.5 0 3
      vertex -8.15329 -3.29207 3
      vertex -7.9435 -3.43727 3
    endloop
  endfacet
  facet normal 0 0 1
    outer loop
      vertex -4.47832 0.441071 3
      vertex -8.61043 3.06664 3
      vertex -4.5 0 3
    endloop
  endfacet
  facet normal 0 0 1
    outer loop
      vertex -4.5 0 3
      vertex -8.37633 -3.16812 3
      vertex -8.15329 -3.29207 3
    endloop
  endfacet
  facet normal 0 0 1
    outer loop
      vertex -8.61043 -3.06664 3
      vertex -4.5 0 3
      vertex -8.61043 3.06664 3
    endloop
  endfacet
  facet normal 0 0 1
    outer loop
      vertex -4.5 0 3
      vertex -8.61043 -3.06664 3
      vertex -8.37633 -3.16812 3
    endloop
  endfacet
  facet normal -0 0 1
    outer loop
      vertex -8.85335 2.98859 3
      vertex -8.61043 -3.06664 3
      vertex -8.61043 3.06664 3
    endloop
  endfacet
  facet normal 0 0 1
    outer loop
      vertex -8.85335 2.98859 3
      vertex -8.85335 -2.98859 3
      vertex -8.61043 -3.06664 3
    endloop
  endfacet
  facet normal -0 0 1
    outer loop
      vertex -9.10274 2.93472 3
      vertex -8.85335 -2.98859 3
      vertex -8.85335 2.98859 3
    endloop
  endfacet
  facet normal 0 0 1
    outer loop
      vertex -9.10274 2.93472 3
      vertex -9.10274 -2.93472 3
      vertex -8.85335 -2.98859 3
    endloop
  endfacet
  facet normal -0 0 1
    outer loop
      vertex -9.35622 2.90556 3
      vertex -9.10274 -2.93472 3
      vertex -9.10274 2.93472 3
    endloop
  endfacet
  facet normal 0 0 1
    outer loop
      vertex -9.35622 2.90556 3
      vertex -9.35622 -2.90556 3
      vertex -9.10274 -2.93472 3
    endloop
  endfacet
  facet normal -0 0 1
    outer loop
      vertex -9.61134 2.90138 3
      vertex -9.35622 -2.90556 3
      vertex -9.35622 2.90556 3
    endloop
  endfacet
  facet normal 0 0 1
    outer loop
      vertex -9.61134 2.90138 3
      vertex -9.61134 -2.90138 3
      vertex -9.35622 -2.90556 3
    endloop
  endfacet
  facet normal 0 0 1
    outer loop
      vertex -9.86565 2.92224 3
      vertex -9.61134 -2.90138 3
      vertex -9.61134 2.90138 3
    endloop
  endfacet
  facet normal 0 0 1
    outer loop
      vertex -9.86565 2.92224 3
      vertex -9.86565 -2.92224 3
      vertex -9.61134 -2.90138 3
    endloop
  endfacet
  facet normal 0 0 1
    outer loop
      vertex -10.1167 2.96791 3
      vertex -9.86565 -2.92224 3
      vertex -9.86565 2.92224 3
    endloop
  endfacet
  facet normal 0 0 1
    outer loop
      vertex -10.1167 2.96791 3
      vertex -10.1167 -2.96791 3
      vertex -9.86565 -2.92224 3
    endloop
  endfacet
  facet normal 0 0 1
    outer loop
      vertex -10.362 3.03798 3
      vertex -10.1167 -2.96791 3
      vertex -10.1167 2.96791 3
    endloop
  endfacet
  facet normal 0 0 1
    outer loop
      vertex -10.362 3.03798 3
      vertex -10.362 -3.03798 3
      vertex -10.1167 -2.96791 3
    endloop
  endfacet
  facet normal 0 0 1
    outer loop
      vertex -10.5993 3.13174 3
      vertex -10.362 -3.03798 3
      vertex -10.362 3.03798 3
    endloop
  endfacet
  facet normal 0 0 1
    outer loop
      vertex -10.5993 3.13174 3
      vertex -10.5993 -3.13174 3
      vertex -10.362 -3.03798 3
    endloop
  endfacet
  facet normal 0 0 1
    outer loop
      vertex -10.8263 3.24832 3
      vertex -10.5993 -3.13174 3
      vertex -10.5993 3.13174 3
    endloop
  endfacet
  facet normal 0 0 1
    outer loop
      vertex -10.8263 3.24832 3
      vertex -10.8263 -3.24832 3
      vertex -10.5993 -3.13174 3
    endloop
  endfacet
  facet normal 0 0 1
    outer loop
      vertex -11.0407 3.3866 3
      vertex -10.8263 -3.24832 3
      vertex -10.8263 3.24832 3
    endloop
  endfacet
  facet normal 0 0 1
    outer loop
      vertex -11.0407 3.3866 3
      vertex -11.0407 -3.3866 3
      vertex -10.8263 -3.24832 3
    endloop
  endfacet
  facet normal 0 0 1
    outer loop
      vertex -11.2406 3.54521 3
      vertex -11.0407 -3.3866 3
      vertex -11.0407 3.3866 3
    endloop
  endfacet
  facet normal 0 0 1
    outer loop
      vertex -11.2406 3.54521 3
      vertex -11.2406 -3.54521 3
      vertex -11.0407 -3.3866 3
    endloop
  endfacet
  facet normal 0 0 1
    outer loop
      vertex -11.4239 3.72266 3
      vertex -11.2406 -3.54521 3
      vertex -11.2406 3.54521 3
    endloop
  endfacet
  facet normal 0 0 1
    outer loop
      vertex -11.4239 3.72266 3
      vertex -11.4239 -3.72266 3
      vertex -11.2406 -3.54521 3
    endloop
  endfacet
  facet normal 0 0 1
    outer loop
      vertex -11.589 3.91721 3
      vertex -11.4239 -3.72266 3
      vertex -11.4239 3.72266 3
    endloop
  endfacet
  facet normal 0 0 1
    outer loop
      vertex -11.589 3.91721 3
      vertex -11.589 -3.91721 3
      vertex -11.4239 -3.72266 3
    endloop
  endfacet
  facet normal 0 0 1
    outer loop
      vertex -11.7342 4.12701 3
      vertex -11.589 -3.91721 3
      vertex -11.589 3.91721 3
    endloop
  endfacet
  facet normal 0 0 1
    outer loop
      vertex -11.7342 4.12701 3
      vertex -11.7342 -4.12701 3
      vertex -11.589 -3.91721 3
    endloop
  endfacet
  facet normal 0 0 1
    outer loop
      vertex -11.8581 4.35004 3
      vertex -11.7342 -4.12701 3
      vertex -11.7342 4.12701 3
    endloop
  endfacet
  facet normal 0 0 1
    outer loop
      vertex -11.8581 4.35004 3
      vertex -11.8581 -4.35004 3
      vertex -11.7342 -4.12701 3
    endloop
  endfacet
  facet normal 0 0 1
    outer loop
      vertex -11.9596 4.58414 3
      vertex -11.8581 -4.35004 3
      vertex -11.8581 4.35004 3
    endloop
  endfacet
  facet normal 0 0 1
    outer loop
      vertex -11.9596 4.58414 3
      vertex -11.9596 -4.58414 3
      vertex -11.8581 -4.35004 3
    endloop
  endfacet
  facet normal 0 0 1
    outer loop
      vertex -12.0377 4.82706 3
      vertex -11.9596 -4.58414 3
      vertex -11.9596 4.58414 3
    endloop
  endfacet
  facet normal 0 0 1
    outer loop
      vertex -12.0377 4.82706 3
      vertex -12.0377 -4.82706 3
      vertex -11.9596 -4.58414 3
    endloop
  endfacet
  facet normal 0 0 1
    outer loop
      vertex -19.6 15.6 3
      vertex -12.0377 4.82706 3
      vertex -12.0915 5.07646 3
    endloop
  endfacet
  facet normal 0 0 1
    outer loop
      vertex -12.0377 4.82706 3
      vertex -19.6 15.6 3
      vertex -12.0377 -4.82706 3
    endloop
  endfacet
  facet normal 0 0 1
    outer loop
      vertex -19.6 15.6 3
      vertex -12.0915 5.07646 3
      vertex -12.1207 5.32994 3
    endloop
  endfacet
  facet normal 0 0 1
    outer loop
      vertex -19.6 -15.6 3
      vertex -12.0377 -4.82706 3
      vertex -19.6 15.6 3
    endloop
  endfacet
  facet normal 0 0 1
    outer loop
      vertex -19.6 15.6 3
      vertex -12.1207 5.32994 3
      vertex -12.1249 5.58507 3
    endloop
  endfacet
  facet normal 0 0 1
    outer loop
      vertex -12.0377 -4.82706 3
      vertex -19.6 -15.6 3
      vertex -12.0915 -5.07646 3
    endloop
  endfacet
  facet normal 0 0 1
    outer loop
      vertex -6.93184 -5.67004 3
      vertex -4.5 0 3
      vertex -6.92766 -5.41492 3
    endloop
  endfacet
  facet normal 0 0 1
    outer loop
      vertex -6.961 -5.92352 3
      vertex -4.5 0 3
      vertex -6.93184 -5.67004 3
    endloop
  endfacet
  facet normal 0 0 1
    outer loop
      vertex -4.5 0 3
      vertex -6.961 -5.92352 3
      vertex -6.89951 -14.2662 3
    endloop
  endfacet
  facet normal -0 0 1
    outer loop
      vertex -7.01486 -6.17293 3
      vertex -6.89951 -14.2662 3
      vertex -6.961 -5.92352 3
    endloop
  endfacet
  facet normal 0 0 1
    outer loop
      vertex -6.89951 -14.2662 3
      vertex -7.01486 -6.17293 3
      vertex -6.93753 -14.1599 3
    endloop
  endfacet
  facet normal -0 0 1
    outer loop
      vertex -7.09291 -6.41585 3
      vertex -6.93753 -14.1599 3
      vertex -7.01486 -6.17293 3
    endloop
  endfacet
  facet normal 0 0 1
    outer loop
      vertex -6.93753 -14.1599 3
      vertex -7.09291 -6.41585 3
      vertex -6.98578 -14.0579 3
    endloop
  endfacet
  facet normal -0 0 1
    outer loop
      vertex -7.1944 -6.64995 3
      vertex -6.98578 -14.0579 3
      vertex -7.09291 -6.41585 3
    endloop
  endfacet
  facet normal 0 0 1
    outer loop
      vertex -6.98578 -14.0579 3
      vertex -7.1944 -6.64995 3
      vertex -7.04381 -13.9611 3
    endloop
  endfacet
  facet normal -0 0 1
    outer loop
      vertex -7.31834 -6.87297 3
      vertex -7.04381 -13.9611 3
      vertex -7.1944 -6.64995 3
    endloop
  endfacet
  facet normal 0 0 1
    outer loop
      vertex -7.04381 -13.9611 3
      vertex -7.31834 -6.87297 3
      vertex -7.11102 -13.8704 3
    endloop
  endfacet
  facet normal -0 0 1
    outer loop
      vertex -7.46355 -7.08278 3
      vertex -7.11102 -13.8704 3
      vertex -7.31834 -6.87297 3
    endloop
  endfacet
  facet normal 0 0 1
    outer loop
      vertex -7.11102 -13.8704 3
      vertex -7.46355 -7.08278 3
      vertex -7.18681 -13.7868 3
    endloop
  endfacet
  facet normal -0 0 1
    outer loop
      vertex -7.62863 -7.27733 3
      vertex -7.18681 -13.7868 3
      vertex -7.46355 -7.08278 3
    endloop
  endfacet
  facet normal 0 0 1
    outer loop
      vertex -7.18681 -13.7868 3
      vertex -7.62863 -7.27733 3
      vertex -7.27045 -13.711 3
    endloop
  endfacet
  facet normal 0 0 1
    outer loop
      vertex -7.27045 -13.711 3
      vertex -7.62863 -7.27733 3
      vertex -7.36108 -13.6438 3
    endloop
  endfacet
  facet normal -0 0 1
    outer loop
      vertex -7.81197 -7.45477 3
      vertex -7.36108 -13.6438 3
      vertex -7.62863 -7.27733 3
    endloop
  endfacet
  facet normal 0 0 1
    outer loop
      vertex -7.36108 -13.6438 3
      vertex -7.81197 -7.45477 3
      vertex -7.45789 -13.5858 3
    endloop
  endfacet
  facet normal -0 0 1
    outer loop
      vertex -8.01183 -7.61339 3
      vertex -7.45789 -13.5858 3
      vertex -7.81197 -7.45477 3
    endloop
  endfacet
  facet normal -0 0 1
    outer loop
      vertex -9.34999 -10.5 3
      vertex -7.45789 -13.5858 3
      vertex -8.01183 -7.61339 3
    endloop
  endfacet
  facet normal 0 0 1
    outer loop
      vertex -7.45789 -13.5858 3
      vertex -9.34999 -10.5 3
      vertex -7.55991 -13.5375 3
    endloop
  endfacet
  facet normal -0 0 1
    outer loop
      vertex -9.35553 -10.6127 3
      vertex -7.55991 -13.5375 3
      vertex -9.34999 -10.5 3
    endloop
  endfacet
  facet normal 0 0 1
    outer loop
      vertex -7.55991 -13.5375 3
      vertex -9.35553 -10.6127 3
      vertex -7.66617 -13.4995 3
    endloop
  endfacet
  facet normal -0 0 1
    outer loop
      vertex -9.37209 -10.7243 3
      vertex -7.66617 -13.4995 3
      vertex -9.35553 -10.6127 3
    endloop
  endfacet
  facet normal 0 0 1
    outer loop
      vertex -7.66617 -13.4995 3
      vertex -9.37209 -10.7243 3
      vertex -7.77563 -13.4721 3
    endloop
  endfacet
  facet normal -0 0 1
    outer loop
      vertex -9.39951 -10.8338 3
      vertex -7.77563 -13.4721 3
      vertex -9.37209 -10.7243 3
    endloop
  endfacet
  facet normal 0 0 1
    outer loop
      vertex -9.35553 -10.3873 3
      vertex -8.01183 -7.61339 3
      vertex -8.22627 -7.75166 3
    endloop
  endfacet
  facet normal 0 0 1
    outer loop
      vertex -7.77563 -13.4721 3
      vertex -9.39951 -10.8338 3
      vertex -7.88727 -13.4555 3
    endloop
  endfacet
  facet normal -0 0 1
    outer loop
      vertex -9.43753 -10.9401 3
      vertex -7.88727 -13.4555 3
      vertex -9.39951 -10.8338 3
    endloop
  endfacet
  facet normal 0 0 1
    outer loop
      vertex -9.35553 -10.3873 3
      vertex -8.22627 -7.75166 3
      vertex -8.45323 -7.86824 3
    endloop
  endfacet
  facet normal 0 0 1
    outer loop
      vertex -7.88727 -13.4555 3
      vertex -9.43753 -10.9401 3
      vertex -8 -13.45 3
    endloop
  endfacet
  facet normal 0 0 1
    outer loop
      vertex -8 -13.45 3
      vertex -9.48578 -11.0421 3
      vertex -8.11272 -13.4555 3
    endloop
  endfacet
  facet normal 0 0 1
    outer loop
      vertex -9.35553 -10.3873 3
      vertex -8.45323 -7.86824 3
      vertex -8.69054 -7.96201 3
    endloop
  endfacet
  facet normal -0 0 1
    outer loop
      vertex -9.48578 -11.0421 3
      vertex -8 -13.45 3
      vertex -9.43753 -10.9401 3
    endloop
  endfacet
  facet normal 0 0 1
    outer loop
      vertex -8.11272 -13.4555 3
      vertex -9.54381 -11.1389 3
      vertex -8.22435 -13.4721 3
    endloop
  endfacet
  facet normal -0 0 1
    outer loop
      vertex -9.61102 -11.2295 3
      vertex -8.22435 -13.4721 3
      vertex -9.54381 -11.1389 3
    endloop
  endfacet
  facet normal 0 0 1
    outer loop
      vertex -9.35553 -10.3873 3
      vertex -8.69054 -7.96201 3
      vertex -8.93587 -8.03207 3
    endloop
  endfacet
  facet normal -0 0 1
    outer loop
      vertex -9.54381 -11.1389 3
      vertex -8.11272 -13.4555 3
      vertex -9.48578 -11.0421 3
    endloop
  endfacet
  facet normal -0 0 1
    outer loop
      vertex -9.68681 -11.3132 3
      vertex -8.33382 -13.4995 3
      vertex -9.61102 -11.2295 3
    endloop
  endfacet
  facet normal 0 0 1
    outer loop
      vertex -8.33382 -13.4995 3
      vertex -9.68681 -11.3132 3
      vertex -8.44008 -13.5375 3
    endloop
  endfacet
  facet normal -0 0 1
    outer loop
      vertex -9.77045 -11.389 3
      vertex -8.44008 -13.5375 3
      vertex -9.68681 -11.3132 3
    endloop
  endfacet
  facet normal 0 0 1
    outer loop
      vertex -8.44008 -13.5375 3
      vertex -9.77045 -11.389 3
      vertex -8.5421 -13.5858 3
    endloop
  endfacet
  facet normal -0 0 1
    outer loop
      vertex -9.86108 -11.4562 3
      vertex -8.5421 -13.5858 3
      vertex -9.77045 -11.389 3
    endloop
  endfacet
  facet normal 0 0 1
    outer loop
      vertex -8.5421 -13.5858 3
      vertex -9.86108 -11.4562 3
      vertex -8.6389 -13.6438 3
    endloop
  endfacet
  facet normal 0 0 1
    outer loop
      vertex -9.61102 -9.77045 3
      vertex -8.93587 -8.03207 3
      vertex -9.1869 -8.07774 3
    endloop
  endfacet
  facet normal 0 0 1
    outer loop
      vertex 7.45789 -13.5858 3
      vertex 2.58748 -10.7451 3
      vertex 2.59999 -11 3
    endloop
  endfacet
  facet normal 0 0 1
    outer loop
      vertex 7.01486 -6.17293 3
      vertex 2.55003 -10.4928 3
      vertex 2.58748 -10.7451 3
    endloop
  endfacet
  facet normal 0 0 1
    outer loop
      vertex 1.64941 -8.99016 3
      vertex 6.961 -5.92352 3
      vertex 2.12128 -3.96864 3
    endloop
  endfacet
  facet normal 0 0 1
    outer loop
      vertex 7.01486 -6.17293 3
      vertex 2.48804 -10.2453 3
      vertex 2.55003 -10.4928 3
    endloop
  endfacet
  facet normal 0 0 1
    outer loop
      vertex 7.01486 -6.17293 3
      vertex 2.40208 -10.005 3
      vertex 2.48804 -10.2453 3
    endloop
  endfacet
  facet normal 0 0 1
    outer loop
      vertex 7.01486 -6.17293 3
      vertex 2.29298 -9.77437 3
      vertex 2.40208 -10.005 3
    endloop
  endfacet
  facet normal 0 0 1
    outer loop
      vertex 7.01486 -6.17293 3
      vertex 2.16182 -9.55551 3
      vertex 2.29298 -9.77437 3
    endloop
  endfacet
  facet normal 0 0 1
    outer loop
      vertex 6.961 -5.92352 3
      vertex 1.64941 -8.99016 3
      vertex 7.01486 -6.17293 3
    endloop
  endfacet
  facet normal 0 0 1
    outer loop
      vertex 7.01486 -6.17293 3
      vertex 2.00983 -9.35057 3
      vertex 2.16182 -9.55551 3
    endloop
  endfacet
  facet normal 0 0 1
    outer loop
      vertex 7.01486 -6.17293 3
      vertex 1.83847 -9.16151 3
      vertex 2.00983 -9.35057 3
    endloop
  endfacet
  facet normal 0 0 1
    outer loop
      vertex 1.44447 -8.83817 3
      vertex 2.12128 -3.96864 3
      vertex 1.72206 -4.15746 3
    endloop
  endfacet
  facet normal 0 0 1
    outer loop
      vertex 7.01486 -6.17293 3
      vertex 1.64941 -8.99016 3
      vertex 1.83847 -9.16151 3
    endloop
  endfacet
  facet normal 0 0 1
    outer loop
      vertex 2.12128 -3.96864 3
      vertex 1.44447 -8.83817 3
      vertex 1.64941 -8.99016 3
    endloop
  endfacet
  facet normal 0 0 1
    outer loop
      vertex 1.22562 -8.707 3
      vertex 1.72206 -4.15746 3
      vertex 1.30627 -4.30623 3
    endloop
  endfacet
  facet normal 0 0 1
    outer loop
      vertex 1.72206 -4.15746 3
      vertex 1.22562 -8.707 3
      vertex 1.44447 -8.83817 3
    endloop
  endfacet
  facet normal 0 0 1
    outer loop
      vertex 1.30627 -4.30623 3
      vertex 0.994965 -8.5979 3
      vertex 1.22562 -8.707 3
    endloop
  endfacet
  facet normal -0 0 1
    outer loop
      vertex 0.877899 -4.41353 3
      vertex 0.994965 -8.5979 3
      vertex 1.30627 -4.30623 3
    endloop
  endfacet
  facet normal 0 0 1
    outer loop
      vertex 0.877899 -4.41353 3
      vertex 0.75473 -8.51195 3
      vertex 0.994965 -8.5979 3
    endloop
  endfacet
  facet normal 0 0 1
    outer loop
      vertex 0.877899 -4.41353 3
      vertex 0.507233 -8.44995 3
      vertex 0.75473 -8.51195 3
    endloop
  endfacet
  facet normal -0 0 1
    outer loop
      vertex 0.441071 -4.47832 3
      vertex 0.507233 -8.44995 3
      vertex 0.877899 -4.41353 3
    endloop
  endfacet
  facet normal 0 0 1
    outer loop
      vertex 0.441071 -4.47832 3
      vertex 0.254837 -8.41251 3
      vertex 0.507233 -8.44995 3
    endloop
  endfacet
  facet normal -0 0 1
    outer loop
      vertex 0 -4.5 3
      vertex 0.254837 -8.41251 3
      vertex 0.441071 -4.47832 3
    endloop
  endfacet
  facet normal 0 0 1
    outer loop
      vertex 0 -4.5 3
      vertex 0 -8.39999 3
      vertex 0.254837 -8.41251 3
    endloop
  endfacet
  facet normal 0 0 1
    outer loop
      vertex 0 -4.5 3
      vertex -0.254837 -8.41251 3
      vertex 0 -8.39999 3
    endloop
  endfacet
  facet normal 0 0 1
    outer loop
      vertex -0.441071 -4.47832 3
      vertex -0.254837 -8.41251 3
      vertex 0 -4.5 3
    endloop
  endfacet
  facet normal 0 0 1
    outer loop
      vertex -0.441071 -4.47832 3
      vertex -0.507233 -8.44995 3
      vertex -0.254837 -8.41251 3
    endloop
  endfacet
  facet normal 0 0 1
    outer loop
      vertex -0.877899 -4.41353 3
      vertex -0.507233 -8.44995 3
      vertex -0.441071 -4.47832 3
    endloop
  endfacet
  facet normal 0 0 1
    outer loop
      vertex -0.507233 -8.44995 3
      vertex -0.877899 -4.41353 3
      vertex -0.75473 -8.51195 3
    endloop
  endfacet
  facet normal 0 0 1
    outer loop
      vertex -0.877899 -4.41353 3
      vertex -0.994965 -8.5979 3
      vertex -0.75473 -8.51195 3
    endloop
  endfacet
  facet normal 0 0 1
    outer loop
      vertex -1.30627 -4.30623 3
      vertex -0.994965 -8.5979 3
      vertex -0.877899 -4.41353 3
    endloop
  endfacet
  facet normal 0 0 1
    outer loop
      vertex -0.994965 -8.5979 3
      vertex -1.30627 -4.30623 3
      vertex -1.22562 -8.707 3
    endloop
  endfacet
  facet normal 0 0 1
    outer loop
      vertex -1.72206 -4.15746 3
      vertex -1.22562 -8.707 3
      vertex -1.30627 -4.30623 3
    endloop
  endfacet
  facet normal 0 0 1
    outer loop
      vertex -1.22562 -8.707 3
      vertex -1.72206 -4.15746 3
      vertex -1.44447 -8.83817 3
    endloop
  endfacet
  facet normal 0 0 1
    outer loop
      vertex -2.12128 -3.96864 3
      vertex -1.44447 -8.83817 3
      vertex -1.72206 -4.15746 3
    endloop
  endfacet
  facet normal 0 0 1
    outer loop
      vertex -1.44447 -8.83817 3
      vertex -2.12128 -3.96864 3
      vertex -1.64941 -8.99016 3
    endloop
  endfacet
  facet normal 0 0 1
    outer loop
      vertex -1.64941 -8.99016 3
      vertex -2.12128 -3.96864 3
      vertex -1.83847 -9.16151 3
    endloop
  endfacet
  facet normal 0 0 1
    outer loop
      vertex -2.50006 -3.74161 3
      vertex -1.83847 -9.16151 3
      vertex -2.12128 -3.96864 3
    endloop
  endfacet
  facet normal 0 0 1
    outer loop
      vertex -1.83847 -9.16151 3
      vertex -2.50006 -3.74161 3
      vertex -2.00983 -9.35057 3
    endloop
  endfacet
  facet normal 0 0 1
    outer loop
      vertex -2.85477 -3.47855 3
      vertex -2.00983 -9.35057 3
      vertex -2.50006 -3.74161 3
    endloop
  endfacet
  facet normal 0 0 1
    outer loop
      vertex -2.00983 -9.35057 3
      vertex -2.85477 -3.47855 3
      vertex -2.16182 -9.55551 3
    endloop
  endfacet
  facet normal 0 0 1
    outer loop
      vertex -3.18198 -3.18198 3
      vertex -2.16182 -9.55551 3
      vertex -2.85477 -3.47855 3
    endloop
  endfacet
  facet normal 0 0 1
    outer loop
      vertex -2.16182 -9.55551 3
      vertex -3.18198 -3.18198 3
      vertex -2.29298 -9.77437 3
    endloop
  endfacet
  facet normal 0 0 1
    outer loop
      vertex -3.47855 -2.85477 3
      vertex -2.29298 -9.77437 3
      vertex -3.18198 -3.18198 3
    endloop
  endfacet
  facet normal 0 0 1
    outer loop
      vertex -2.29298 -9.77437 3
      vertex -3.47855 -2.85477 3
      vertex -2.40208 -10.005 3
    endloop
  endfacet
  facet normal 0 0 1
    outer loop
      vertex -6.84999 -14.6 3
      vertex -2.40208 -10.005 3
      vertex -3.47855 -2.85477 3
    endloop
  endfacet
  facet normal 0 0 1
    outer loop
      vertex -2.40208 -10.005 3
      vertex -6.84999 -14.6 3
      vertex -2.48804 -10.2453 3
    endloop
  endfacet
  facet normal 0 0 1
    outer loop
      vertex 10.9401 -11.5625 3
      vertex 9.14445 -14.4873 3
      vertex 9.14999 -14.6 3
    endloop
  endfacet
  facet normal 0 0 1
    outer loop
      vertex 9.34999 -10.5 3
      vertex 9.1279 -14.3756 3
      vertex 9.14445 -14.4873 3
    endloop
  endfacet
  facet normal 0 0 1
    outer loop
      vertex 9.34999 -10.5 3
      vertex 9.10048 -14.2662 3
      vertex 9.1279 -14.3756 3
    endloop
  endfacet
  facet normal 0 0 1
    outer loop
      vertex 9.34999 -10.5 3
      vertex 9.06245 -14.1599 3
      vertex 9.10048 -14.2662 3
    endloop
  endfacet
  facet normal 0 0 1
    outer loop
      vertex 9.34999 -10.5 3
      vertex 9.01421 -14.0579 3
      vertex 9.06245 -14.1599 3
    endloop
  endfacet
  facet normal 0 0 1
    outer loop
      vertex 9.34999 -10.5 3
      vertex 8.95618 -13.9611 3
      vertex 9.01421 -14.0579 3
    endloop
  endfacet
  facet normal 0 0 1
    outer loop
      vertex 9.39951 -10.1662 3
      vertex 8.22627 -7.75166 3
      vertex 9.37209 -10.2756 3
    endloop
  endfacet
  facet normal 0 0 1
    outer loop
      vertex 9.34999 -10.5 3
      vertex 8.88896 -13.8704 3
      vertex 8.95618 -13.9611 3
    endloop
  endfacet
  facet normal 0 0 1
    outer loop
      vertex 9.34999 -10.5 3
      vertex 8.81317 -13.7868 3
      vertex 8.88896 -13.8704 3
    endloop
  endfacet
  facet normal 0 0 1
    outer loop
      vertex 9.34999 -10.5 3
      vertex 8.72954 -13.711 3
      vertex 8.81317 -13.7868 3
    endloop
  endfacet
  facet normal 0 0 1
    outer loop
      vertex 9.37209 -10.2756 3
      vertex 8.22627 -7.75166 3
      vertex 9.35553 -10.3873 3
    endloop
  endfacet
  facet normal 0 0 1
    outer loop
      vertex 9.34999 -10.5 3
      vertex 8.6389 -13.6438 3
      vertex 8.72954 -13.711 3
    endloop
  endfacet
  facet normal 0 0 1
    outer loop
      vertex 9.34999 -10.5 3
      vertex 8.5421 -13.5858 3
      vertex 8.6389 -13.6438 3
    endloop
  endfacet
  facet normal 0 0 1
    outer loop
      vertex 8.01183 -7.61339 3
      vertex 9.35553 -10.3873 3
      vertex 8.22627 -7.75166 3
    endloop
  endfacet
  facet normal 0 0 1
    outer loop
      vertex 9.34999 -10.5 3
      vertex 8.44008 -13.5375 3
      vertex 8.5421 -13.5858 3
    endloop
  endfacet
  facet normal 0 0 1
    outer loop
      vertex 9.34999 -10.5 3
      vertex 8.33382 -13.4995 3
      vertex 8.44008 -13.5375 3
    endloop
  endfacet
  facet normal 0 0 1
    outer loop
      vertex 9.35553 -10.3873 3
      vertex 8.01183 -7.61339 3
      vertex 9.34999 -10.5 3
    endloop
  endfacet
  facet normal 0 0 1
    outer loop
      vertex 9.34999 -10.5 3
      vertex 8.22435 -13.4721 3
      vertex 8.33382 -13.4995 3
    endloop
  endfacet
  facet normal 0 0 1
    outer loop
      vertex 9.34999 -10.5 3
      vertex 8.11272 -13.4555 3
      vertex 8.22435 -13.4721 3
    endloop
  endfacet
  facet normal 0 0 1
    outer loop
      vertex 2.58748 -10.7451 3
      vertex 9.34999 -10.5 3
      vertex 8.01183 -7.61339 3
    endloop
  endfacet
  facet normal 0 0 1
    outer loop
      vertex 9.34999 -10.5 3
      vertex 8 -13.45 3
      vertex 8.11272 -13.4555 3
    endloop
  endfacet
  facet normal 0 0 1
    outer loop
      vertex 9.34999 -10.5 3
      vertex 7.88727 -13.4555 3
      vertex 8 -13.45 3
    endloop
  endfacet
  facet normal 0 0 1
    outer loop
      vertex 2.58748 -10.7451 3
      vertex 8.01183 -7.61339 3
      vertex 7.81197 -7.45477 3
    endloop
  endfacet
  facet normal 0 0 1
    outer loop
      vertex 9.34999 -10.5 3
      vertex 7.77563 -13.4721 3
      vertex 7.88727 -13.4555 3
    endloop
  endfacet
  facet normal 0 0 1
    outer loop
      vertex 9.34999 -10.5 3
      vertex 7.66617 -13.4995 3
      vertex 7.77563 -13.4721 3
    endloop
  endfacet
  facet normal 0 0 1
    outer loop
      vertex 2.58748 -10.7451 3
      vertex 7.81197 -7.45477 3
      vertex 7.62863 -7.27733 3
    endloop
  endfacet
  facet normal 0 0 1
    outer loop
      vertex 9.34999 -10.5 3
      vertex 7.55991 -13.5375 3
      vertex 7.66617 -13.4995 3
    endloop
  endfacet
  facet normal 0 0 1
    outer loop
      vertex 2.58748 -10.7451 3
      vertex 7.62863 -7.27733 3
      vertex 7.46355 -7.08278 3
    endloop
  endfacet
  facet normal -0 0 1
    outer loop
      vertex 2.58748 -10.7451 3
      vertex 7.45789 -13.5858 3
      vertex 9.34999 -10.5 3
    endloop
  endfacet
  facet normal 0 0 1
    outer loop
      vertex 9.34999 -10.5 3
      vertex 7.45789 -13.5858 3
      vertex 7.55991 -13.5375 3
    endloop
  endfacet
  facet normal 0 0 1
    outer loop
      vertex 2.58748 -10.7451 3
      vertex 7.46355 -7.08278 3
      vertex 7.31834 -6.87297 3
    endloop
  endfacet
  facet normal 0 0 1
    outer loop
      vertex 7.45789 -13.5858 3
      vertex 2.59999 -11 3
      vertex 7.36108 -13.6438 3
    endloop
  endfacet
  facet normal 0 0 1
    outer loop
      vertex 2.58748 -10.7451 3
      vertex 7.31834 -6.87297 3
      vertex 7.1944 -6.64995 3
    endloop
  endfacet
  facet normal 0 0 1
    outer loop
      vertex 7.36108 -13.6438 3
      vertex 2.59999 -11 3
      vertex 7.27045 -13.711 3
    endloop
  endfacet
  facet normal -0 0 1
    outer loop
      vertex 2.58748 -11.2548 3
      vertex 7.27045 -13.711 3
      vertex 2.59999 -11 3
    endloop
  endfacet
  facet normal 0 0 1
    outer loop
      vertex 2.58748 -10.7451 3
      vertex 7.1944 -6.64995 3
      vertex 7.09291 -6.41585 3
    endloop
  endfacet
  facet normal 0 0 1
    outer loop
      vertex 7.27045 -13.711 3
      vertex 2.58748 -11.2548 3
      vertex 7.18681 -13.7868 3
    endloop
  endfacet
  facet normal 0 0 1
    outer loop
      vertex 2.58748 -10.7451 3
      vertex 7.09291 -6.41585 3
      vertex 7.01486 -6.17293 3
    endloop
  endfacet
  facet normal -0 0 1
    outer loop
      vertex 2.55003 -11.5072 3
      vertex 7.18681 -13.7868 3
      vertex 2.58748 -11.2548 3
    endloop
  endfacet
  facet normal 0 0 1
    outer loop
      vertex 6.93184 -5.67004 3
      vertex 2.50006 -3.74161 3
      vertex 6.961 -5.92352 3
    endloop
  endfacet
  facet normal 0 0 1
    outer loop
      vertex 7.18681 -13.7868 3
      vertex 2.55003 -11.5072 3
      vertex 7.11102 -13.8704 3
    endloop
  endfacet
  facet normal -0 0 1
    outer loop
      vertex 2.50006 -3.74161 3
      vertex 6.93184 -5.67004 3
      vertex 2.85477 -3.47855 3
    endloop
  endfacet
  facet normal 0 0 1
    outer loop
      vertex 2.85477 -3.47855 3
      vertex 6.93184 -5.67004 3
      vertex 6.92766 -5.41492 3
    endloop
  endfacet
  facet normal -0 0 1
    outer loop
      vertex 2.48804 -11.7547 3
      vertex 7.11102 -13.8704 3
      vertex 2.55003 -11.5072 3
    endloop
  endfacet
  facet normal -0 0 1
    outer loop
      vertex 2.29298 9.77437 3
      vertex 7.31834 6.87297 3
      vertex 2.40208 10.005 3
    endloop
  endfacet
  facet normal 0 0 1
    outer loop
      vertex 7.31834 6.87297 3
      vertex 2.29298 9.77437 3
      vertex 7.1944 6.64995 3
    endloop
  endfacet
  facet normal -0 0 1
    outer loop
      vertex 2.16182 9.55551 3
      vertex 7.1944 6.64995 3
      vertex 2.29298 9.77437 3
    endloop
  endfacet
  facet normal 0 0 1
    outer loop
      vertex 7.1944 6.64995 3
      vertex 2.16182 9.55551 3
      vertex 7.09291 6.41585 3
    endloop
  endfacet
  facet normal -0 0 1
    outer loop
      vertex 2.00983 9.35057 3
      vertex 7.09291 6.41585 3
      vertex 2.16182 9.55551 3
    endloop
  endfacet
  facet normal 0 0 1
    outer loop
      vertex 7.09291 6.41585 3
      vertex 2.00983 9.35057 3
      vertex 7.01486 6.17293 3
    endloop
  endfacet
  facet normal -0 0 1
    outer loop
      vertex 1.83847 9.16151 3
      vertex 7.01486 6.17293 3
      vertex 2.00983 9.35057 3
    endloop
  endfacet
  facet normal 0 0 1
    outer loop
      vertex 7.01486 6.17293 3
      vertex 2.50006 3.74161 3
      vertex 2.85477 3.47855 3
    endloop
  endfacet
  facet normal -0 0 1
    outer loop
      vertex 1.64941 8.99016 3
      vertex 7.01486 6.17293 3
      vertex 1.83847 9.16151 3
    endloop
  endfacet
  facet normal 0 0 1
    outer loop
      vertex 7.01486 6.17293 3
      vertex 2.12128 3.96864 3
      vertex 2.50006 3.74161 3
    endloop
  endfacet
  facet normal 0 0 1
    outer loop
      vertex 7.01486 6.17293 3
      vertex 1.64941 8.99016 3
      vertex 2.12128 3.96864 3
    endloop
  endfacet
  facet normal -0 0 1
    outer loop
      vertex 1.44447 8.83817 3
      vertex 2.12128 3.96864 3
      vertex 1.64941 8.99016 3
    endloop
  endfacet
  facet normal 0 0 1
    outer loop
      vertex 2.12128 3.96864 3
      vertex 1.44447 8.83817 3
      vertex 1.72206 4.15746 3
    endloop
  endfacet
  facet normal -0 0 1
    outer loop
      vertex 1.22562 8.707 3
      vertex 1.72206 4.15746 3
      vertex 1.44447 8.83817 3
    endloop
  endfacet
  facet normal 0 0 1
    outer loop
      vertex 1.72206 4.15746 3
      vertex 1.22562 8.707 3
      vertex 1.30627 4.30623 3
    endloop
  endfacet
  facet normal -0 0 1
    outer loop
      vertex 0.994965 8.5979 3
      vertex 1.30627 4.30623 3
      vertex 1.22562 8.707 3
    endloop
  endfacet
  facet normal 0 0 1
    outer loop
      vertex 0.994965 8.5979 3
      vertex 0.877899 4.41353 3
      vertex 1.30627 4.30623 3
    endloop
  endfacet
  facet normal -0 0 1
    outer loop
      vertex 0.75473 8.51195 3
      vertex 0.877899 4.41353 3
      vertex 0.994965 8.5979 3
    endloop
  endfacet
  facet normal -0 0 1
    outer loop
      vertex 0.507233 8.44995 3
      vertex 0.877899 4.41353 3
      vertex 0.75473 8.51195 3
    endloop
  endfacet
  facet normal 0 0 1
    outer loop
      vertex 0.507233 8.44995 3
      vertex 0.441071 4.47832 3
      vertex 0.877899 4.41353 3
    endloop
  endfacet
  facet normal -0 0 1
    outer loop
      vertex 0.254837 8.41251 3
      vertex 0.441071 4.47832 3
      vertex 0.507233 8.44995 3
    endloop
  endfacet
  facet normal 0 0 1
    outer loop
      vertex 0 4.5 3
      vertex 0.254837 8.41251 3
      vertex 0 8.39999 3
    endloop
  endfacet
  facet normal 0 0 1
    outer loop
      vertex 0.254837 8.41251 3
      vertex 0 4.5 3
      vertex 0.441071 4.47832 3
    endloop
  endfacet
  facet normal 0 0 1
    outer loop
      vertex -0.254837 8.41251 3
      vertex 0 4.5 3
      vertex 0 8.39999 3
    endloop
  endfacet
  facet normal 0 0 1
    outer loop
      vertex -0.254837 8.41251 3
      vertex -0.441071 4.47832 3
      vertex 0 4.5 3
    endloop
  endfacet
  facet normal 0 0 1
    outer loop
      vertex -0.507233 8.44995 3
      vertex -0.441071 4.47832 3
      vertex -0.254837 8.41251 3
    endloop
  endfacet
  facet normal 0 0 1
    outer loop
      vertex -0.877899 4.41353 3
      vertex -0.507233 8.44995 3
      vertex -0.75473 8.51195 3
    endloop
  endfacet
  facet normal 0 0 1
    outer loop
      vertex -0.507233 8.44995 3
      vertex -0.877899 4.41353 3
      vertex -0.441071 4.47832 3
    endloop
  endfacet
  facet normal 0 0 1
    outer loop
      vertex -0.994965 8.5979 3
      vertex -0.877899 4.41353 3
      vertex -0.75473 8.51195 3
    endloop
  endfacet
  facet normal 0 0 1
    outer loop
      vertex -1.30627 4.30623 3
      vertex -0.994965 8.5979 3
      vertex -1.22562 8.707 3
    endloop
  endfacet
  facet normal 0 0 1
    outer loop
      vertex -0.994965 8.5979 3
      vertex -1.30627 4.30623 3
      vertex -0.877899 4.41353 3
    endloop
  endfacet
  facet normal 0 0 1
    outer loop
      vertex -1.72206 4.15746 3
      vertex -1.22562 8.707 3
      vertex -1.44447 8.83817 3
    endloop
  endfacet
  facet normal 0 0 1
    outer loop
      vertex -2.12128 3.96864 3
      vertex -1.44447 8.83817 3
      vertex -1.64941 8.99016 3
    endloop
  endfacet
  facet normal 0 0 1
    outer loop
      vertex -1.22562 8.707 3
      vertex -1.72206 4.15746 3
      vertex -1.30627 4.30623 3
    endloop
  endfacet
  facet normal 0 0 1
    outer loop
      vertex -6.961 5.92352 3
      vertex -1.64941 8.99016 3
      vertex -1.83847 9.16151 3
    endloop
  endfacet
  facet normal 0 0 1
    outer loop
      vertex -7.01486 6.17293 3
      vertex -1.83847 9.16151 3
      vertex -2.00983 9.35057 3
    endloop
  endfacet
  facet normal 0 0 1
    outer loop
      vertex -1.44447 8.83817 3
      vertex -2.12128 3.96864 3
      vertex -1.72206 4.15746 3
    endloop
  endfacet
  facet normal 0 0 1
    outer loop
      vertex -7.09291 6.41585 3
      vertex -2.00983 9.35057 3
      vertex -2.16182 9.55551 3
    endloop
  endfacet
  facet normal 0 0 1
    outer loop
      vertex -7.1944 6.64995 3
      vertex -2.16182 9.55551 3
      vertex -2.29298 9.77437 3
    endloop
  endfacet
  facet normal 0 0 1
    outer loop
      vertex -7.31834 6.87297 3
      vertex -2.29298 9.77437 3
      vertex -2.40208 10.005 3
    endloop
  endfacet
  facet normal 0 0 1
    outer loop
      vertex -7.46355 7.08278 3
      vertex -2.40208 10.005 3
      vertex -2.48804 10.2453 3
    endloop
  endfacet
  facet normal 0 0 1
    outer loop
      vertex -1.83847 9.16151 3
      vertex -7.01486 6.17293 3
      vertex -6.961 5.92352 3
    endloop
  endfacet
  facet normal 0 0 1
    outer loop
      vertex -7.62863 7.27733 3
      vertex -2.48804 10.2453 3
      vertex -2.55003 10.4928 3
    endloop
  endfacet
  facet normal 0 0 1
    outer loop
      vertex -7.81197 7.45477 3
      vertex -2.55003 10.4928 3
      vertex -2.58748 10.7451 3
    endloop
  endfacet
  facet normal 0 0 1
    outer loop
      vertex -9.34999 10.5 3
      vertex -2.58748 10.7451 3
      vertex -2.59999 11 3
    endloop
  endfacet
  facet normal 0 0 1
    outer loop
      vertex -1.64941 8.99016 3
      vertex -6.961 5.92352 3
      vertex -2.12128 3.96864 3
    endloop
  endfacet
  facet normal 0 0 1
    outer loop
      vertex 19.6 -15.6 3
      vertex 11.6445 -10.3873 3
      vertex 11.65 -10.5 3
    endloop
  endfacet
  facet normal 0 0 1
    outer loop
      vertex 11.5142 -9.95789 3
      vertex 11.7779 -6.79999 3
      vertex 11.6397 -7.01443 3
    endloop
  endfacet
  facet normal 0 0 1
    outer loop
      vertex 11.8945 -6.57303 3
      vertex 11.6279 -10.2756 3
      vertex 11.6445 -10.3873 3
    endloop
  endfacet
  facet normal 0 0 1
    outer loop
      vertex 11.8945 -6.57303 3
      vertex 11.6005 -10.1662 3
      vertex 11.6279 -10.2756 3
    endloop
  endfacet
  facet normal 0 0 1
    outer loop
      vertex 11.7779 -6.79999 3
      vertex 11.5625 -10.0599 3
      vertex 11.6005 -10.1662 3
    endloop
  endfacet
  facet normal 0 0 1
    outer loop
      vertex 11.7779 -6.79999 3
      vertex 11.5142 -9.95789 3
      vertex 11.5625 -10.0599 3
    endloop
  endfacet
  facet normal 0 0 1
    outer loop
      vertex 11.4562 -9.86108 3
      vertex 11.6397 -7.01443 3
      vertex 11.481 -7.21429 3
    endloop
  endfacet
  facet normal 0 0 1
    outer loop
      vertex 11.6397 -7.01443 3
      vertex 11.4562 -9.86108 3
      vertex 11.5142 -9.95789 3
    endloop
  endfacet
  facet normal 0 0 1
    outer loop
      vertex 11.481 -7.21429 3
      vertex 11.389 -9.77045 3
      vertex 11.4562 -9.86108 3
    endloop
  endfacet
  facet normal 0 0 1
    outer loop
      vertex 11.481 -7.21429 3
      vertex 11.3132 -9.68681 3
      vertex 11.389 -9.77045 3
    endloop
  endfacet
  facet normal -0 0 1
    outer loop
      vertex 11.3036 -7.39764 3
      vertex 11.3132 -9.68681 3
      vertex 11.481 -7.21429 3
    endloop
  endfacet
  facet normal 0 0 1
    outer loop
      vertex 11.3036 -7.39764 3
      vertex 11.2295 -9.61102 3
      vertex 11.3132 -9.68681 3
    endloop
  endfacet
  facet normal -0 0 1
    outer loop
      vertex 11.1091 -7.56271 3
      vertex 11.2295 -9.61102 3
      vertex 11.3036 -7.39764 3
    endloop
  endfacet
  facet normal 0 0 1
    outer loop
      vertex 11.2295 -9.61102 3
      vertex 11.1091 -7.56271 3
      vertex 11.1389 -9.54381 3
    endloop
  endfacet
  facet normal 0 0 1
    outer loop
      vertex 11.1091 -7.56271 3
      vertex 11.0421 -9.48578 3
      vertex 11.1389 -9.54381 3
    endloop
  endfacet
  facet normal -0 0 1
    outer loop
      vertex 10.8992 -7.70792 3
      vertex 11.0421 -9.48578 3
      vertex 11.1091 -7.56271 3
    endloop
  endfacet
  facet normal 0 0 1
    outer loop
      vertex 11.0421 -9.48578 3
      vertex 10.8992 -7.70792 3
      vertex 10.9401 -9.43753 3
    endloop
  endfacet
  facet normal -0 0 1
    outer loop
      vertex 10.6762 -7.83186 3
      vertex 10.9401 -9.43753 3
      vertex 10.8992 -7.70792 3
    endloop
  endfacet
  facet normal 0 0 1
    outer loop
      vertex 10.9401 -9.43753 3
      vertex 10.6762 -7.83186 3
      vertex 10.8338 -9.39951 3
    endloop
  endfacet
  facet normal 0 0 1
    outer loop
      vertex 10.8338 -9.39951 3
      vertex 10.6762 -7.83186 3
      vertex 10.7243 -9.37209 3
    endloop
  endfacet
  facet normal -0 0 1
    outer loop
      vertex 10.4421 -7.93335 3
      vertex 10.7243 -9.37209 3
      vertex 10.6762 -7.83186 3
    endloop
  endfacet
  facet normal 0 0 1
    outer loop
      vertex 10.7243 -9.37209 3
      vertex 10.4421 -7.93335 3
      vertex 10.6127 -9.35553 3
    endloop
  endfacet
  facet normal 0 0 1
    outer loop
      vertex 10.6127 -9.35553 3
      vertex 10.4421 -7.93335 3
      vertex 10.5 -9.34999 3
    endloop
  endfacet
  facet normal -0 0 1
    outer loop
      vertex 10.1992 -8.0114 3
      vertex 10.5 -9.34999 3
      vertex 10.4421 -7.93335 3
    endloop
  endfacet
  facet normal 0 0 1
    outer loop
      vertex 10.5 -9.34999 3
      vertex 10.1992 -8.0114 3
      vertex 10.3873 -9.35553 3
    endloop
  endfacet
  facet normal 0 0 1
    outer loop
      vertex 10.3873 -9.35553 3
      vertex 10.1992 -8.0114 3
      vertex 10.2756 -9.37209 3
    endloop
  endfacet
  facet normal -0 0 1
    outer loop
      vertex 9.9498 -8.06526 3
      vertex 10.2756 -9.37209 3
      vertex 10.1992 -8.0114 3
    endloop
  endfacet
  facet normal 0 0 1
    outer loop
      vertex 10.2756 -9.37209 3
      vertex 9.9498 -8.06526 3
      vertex 10.1662 -9.39951 3
    endloop
  endfacet
  facet normal -0 0 1
    outer loop
      vertex 9.69632 -8.09442 3
      vertex 10.1662 -9.39951 3
      vertex 9.9498 -8.06526 3
    endloop
  endfacet
  facet normal 0 0 1
    outer loop
      vertex 10.1662 -9.39951 3
      vertex 9.69632 -8.09442 3
      vertex 10.0599 -9.43753 3
    endloop
  endfacet
  facet normal 0 0 1
    outer loop
      vertex 10.0599 -9.43753 3
      vertex 9.69632 -8.09442 3
      vertex 9.95789 -9.48578 3
    endloop
  endfacet
  facet normal -0 0 1
    outer loop
      vertex 9.44121 -8.0986 3
      vertex 9.95789 -9.48578 3
      vertex 9.69632 -8.09442 3
    endloop
  endfacet
  facet normal 0 0 1
    outer loop
      vertex 9.95789 -9.48578 3
      vertex 9.44121 -8.0986 3
      vertex 9.86108 -9.54381 3
    endloop
  endfacet
  facet normal 0 0 1
    outer loop
      vertex 9.86108 -9.54381 3
      vertex 9.44121 -8.0986 3
      vertex 9.77045 -9.61102 3
    endloop
  endfacet
  facet normal 0 0 1
    outer loop
      vertex 9.1869 -8.07774 3
      vertex 9.77045 -9.61102 3
      vertex 9.44121 -8.0986 3
    endloop
  endfacet
  facet normal 0 0 1
    outer loop
      vertex 9.77045 -9.61102 3
      vertex 9.1869 -8.07774 3
      vertex 9.68681 -9.68681 3
    endloop
  endfacet
  facet normal 0 0 1
    outer loop
      vertex 9.68681 -9.68681 3
      vertex 9.1869 -8.07774 3
      vertex 9.61102 -9.77045 3
    endloop
  endfacet
  facet normal 0 0 1
    outer loop
      vertex 8.93587 -8.03207 3
      vertex 9.61102 -9.77045 3
      vertex 9.1869 -8.07774 3
    endloop
  endfacet
  facet normal 0 0 1
    outer loop
      vertex 9.61102 -9.77045 3
      vertex 8.93587 -8.03207 3
      vertex 9.54381 -9.86108 3
    endloop
  endfacet
  facet normal 0 0 1
    outer loop
      vertex 8.69054 -7.96201 3
      vertex 9.54381 -9.86108 3
      vertex 8.93587 -8.03207 3
    endloop
  endfacet
  facet normal 0 0 1
    outer loop
      vertex 9.54381 -9.86108 3
      vertex 8.69054 -7.96201 3
      vertex 9.48578 -9.95789 3
    endloop
  endfacet
  facet normal 0 0 1
    outer loop
      vertex 9.48578 -9.95789 3
      vertex 8.69054 -7.96201 3
      vertex 9.43753 -10.0599 3
    endloop
  endfacet
  facet normal 0 0 1
    outer loop
      vertex 8.45323 -7.86824 3
      vertex 9.43753 -10.0599 3
      vertex 8.69054 -7.96201 3
    endloop
  endfacet
  facet normal 0 0 1
    outer loop
      vertex 9.43753 -10.0599 3
      vertex 8.45323 -7.86824 3
      vertex 9.39951 -10.1662 3
    endloop
  endfacet
  facet normal 0 0 1
    outer loop
      vertex 12.0377 4.82706 3
      vertex 19.6 15.6 3
      vertex 12.0915 5.07646 3
    endloop
  endfacet
  facet normal 0 0 1
    outer loop
      vertex 19.6 -15.6 3
      vertex 12.1207 -5.32994 3
      vertex 12.1249 -5.58507 3
    endloop
  endfacet
  facet normal 0 0 1
    outer loop
      vertex 19.6 15.6 3
      vertex 12.0377 4.82706 3
      vertex 19.6 -15.6 3
    endloop
  endfacet
  facet normal 0 0 1
    outer loop
      vertex 19.6 -15.6 3
      vertex 12.0915 -5.07646 3
      vertex 12.1207 -5.32994 3
    endloop
  endfacet
  facet normal -0 0 1
    outer loop
      vertex 12.0377 -4.82706 3
      vertex 19.6 -15.6 3
      vertex 12.0377 4.82706 3
    endloop
  endfacet
  facet normal 0 0 1
    outer loop
      vertex 19.6 -15.6 3
      vertex 12.0377 -4.82706 3
      vertex 12.0915 -5.07646 3
    endloop
  endfacet
  facet normal -0 0 1
    outer loop
      vertex 11.9596 4.58414 3
      vertex 12.0377 -4.82706 3
      vertex 12.0377 4.82706 3
    endloop
  endfacet
  facet normal 0 0 1
    outer loop
      vertex 11.9596 4.58414 3
      vertex 11.9596 -4.58414 3
      vertex 12.0377 -4.82706 3
    endloop
  endfacet
  facet normal -0 0 1
    outer loop
      vertex 11.8581 4.35004 3
      vertex 11.9596 -4.58414 3
      vertex 11.9596 4.58414 3
    endloop
  endfacet
  facet normal 0 0 1
    outer loop
      vertex 11.8581 4.35004 3
      vertex 11.8581 -4.35004 3
      vertex 11.9596 -4.58414 3
    endloop
  endfacet
  facet normal -0 0 1
    outer loop
      vertex 11.7342 4.12701 3
      vertex 11.8581 -4.35004 3
      vertex 11.8581 4.35004 3
    endloop
  endfacet
  facet normal 0 0 1
    outer loop
      vertex 11.7342 4.12701 3
      vertex 11.7342 -4.12701 3
      vertex 11.8581 -4.35004 3
    endloop
  endfacet
  facet normal -0 0 1
    outer loop
      vertex 11.589 3.91721 3
      vertex 11.7342 -4.12701 3
      vertex 11.7342 4.12701 3
    endloop
  endfacet
  facet normal 0 0 1
    outer loop
      vertex 11.589 3.91721 3
      vertex 11.589 -3.91721 3
      vertex 11.7342 -4.12701 3
    endloop
  endfacet
  facet normal -0 0 1
    outer loop
      vertex 11.4239 3.72266 3
      vertex 11.589 -3.91721 3
      vertex 11.589 3.91721 3
    endloop
  endfacet
  facet normal 0 0 1
    outer loop
      vertex 11.4239 3.72266 3
      vertex 11.4239 -3.72266 3
      vertex 11.589 -3.91721 3
    endloop
  endfacet
  facet normal -0 0 1
    outer loop
      vertex 11.2406 3.54521 3
      vertex 11.4239 -3.72266 3
      vertex 11.4239 3.72266 3
    endloop
  endfacet
  facet normal 0 0 1
    outer loop
      vertex 11.2406 3.54521 3
      vertex 11.2406 -3.54521 3
      vertex 11.4239 -3.72266 3
    endloop
  endfacet
  facet normal -0 0 1
    outer loop
      vertex 11.0407 3.3866 3
      vertex 11.2406 -3.54521 3
      vertex 11.2406 3.54521 3
    endloop
  endfacet
  facet normal 0 0 1
    outer loop
      vertex 11.0407 3.3866 3
      vertex 11.0407 -3.3866 3
      vertex 11.2406 -3.54521 3
    endloop
  endfacet
  facet normal -0 0 1
    outer loop
      vertex 10.8263 3.24832 3
      vertex 11.0407 -3.3866 3
      vertex 11.0407 3.3866 3
    endloop
  endfacet
  facet normal 0 0 1
    outer loop
      vertex 10.8263 3.24832 3
      vertex 10.8263 -3.24832 3
      vertex 11.0407 -3.3866 3
    endloop
  endfacet
  facet normal -0 0 1
    outer loop
      vertex 10.5993 3.13174 3
      vertex 10.8263 -3.24832 3
      vertex 10.8263 3.24832 3
    endloop
  endfacet
  facet normal 0 0 1
    outer loop
      vertex 10.5993 3.13174 3
      vertex 10.5993 -3.13174 3
      vertex 10.8263 -3.24832 3
    endloop
  endfacet
  facet normal -0 0 1
    outer loop
      vertex 10.362 3.03798 3
      vertex 10.5993 -3.13174 3
      vertex 10.5993 3.13174 3
    endloop
  endfacet
  facet normal 0 0 1
    outer loop
      vertex 10.362 3.03798 3
      vertex 10.362 -3.03798 3
      vertex 10.5993 -3.13174 3
    endloop
  endfacet
  facet normal -0 0 1
    outer loop
      vertex 10.1167 2.96791 3
      vertex 10.362 -3.03798 3
      vertex 10.362 3.03798 3
    endloop
  endfacet
  facet normal 0 0 1
    outer loop
      vertex 10.1167 2.96791 3
      vertex 10.1167 -2.96791 3
      vertex 10.362 -3.03798 3
    endloop
  endfacet
  facet normal -0 0 1
    outer loop
      vertex 9.86565 2.92224 3
      vertex 10.1167 -2.96791 3
      vertex 10.1167 2.96791 3
    endloop
  endfacet
  facet normal 0 0 1
    outer loop
      vertex 9.86565 2.92224 3
      vertex 9.86565 -2.92224 3
      vertex 10.1167 -2.96791 3
    endloop
  endfacet
  facet normal -0 0 1
    outer loop
      vertex 9.61134 2.90138 3
      vertex 9.86565 -2.92224 3
      vertex 9.86565 2.92224 3
    endloop
  endfacet
  facet normal 0 0 1
    outer loop
      vertex 9.61134 2.90138 3
      vertex 9.61134 -2.90138 3
      vertex 9.86565 -2.92224 3
    endloop
  endfacet
  facet normal 0 0 1
    outer loop
      vertex 9.35622 2.90556 3
      vertex 9.61134 -2.90138 3
      vertex 9.61134 2.90138 3
    endloop
  endfacet
  facet normal 0 0 1
    outer loop
      vertex 9.35622 2.90556 3
      vertex 9.35622 -2.90556 3
      vertex 9.61134 -2.90138 3
    endloop
  endfacet
  facet normal 0 0 1
    outer loop
      vertex 9.10274 2.93472 3
      vertex 9.35622 -2.90556 3
      vertex 9.35622 2.90556 3
    endloop
  endfacet
  facet normal 0 0 1
    outer loop
      vertex 9.10274 2.93472 3
      vertex 9.10274 -2.93472 3
      vertex 9.35622 -2.90556 3
    endloop
  endfacet
  facet normal 0 0 1
    outer loop
      vertex 8.85335 2.98859 3
      vertex 9.10274 -2.93472 3
      vertex 9.10274 2.93472 3
    endloop
  endfacet
  facet normal 0 0 1
    outer loop
      vertex 8.85335 2.98859 3
      vertex 8.85335 -2.98859 3
      vertex 9.10274 -2.93472 3
    endloop
  endfacet
  facet normal 0 0 1
    outer loop
      vertex 8.61043 3.06664 3
      vertex 8.85335 -2.98859 3
      vertex 8.85335 2.98859 3
    endloop
  endfacet
  facet normal 0 0 1
    outer loop
      vertex 8.61043 3.06664 3
      vertex 8.61043 -3.06664 3
      vertex 8.85335 -2.98859 3
    endloop
  endfacet
  facet normal 0 0 1
    outer loop
      vertex 4.47832 0.441071 3
      vertex 8.61043 3.06664 3
      vertex 8.37633 3.16812 3
    endloop
  endfacet
  facet normal 0 0 1
    outer loop
      vertex 8.61043 3.06664 3
      vertex 4.5 0 3
      vertex 8.61043 -3.06664 3
    endloop
  endfacet
  facet normal 0 0 1
    outer loop
      vertex 4.47832 0.441071 3
      vertex 8.37633 3.16812 3
      vertex 8.15329 3.29207 3
    endloop
  endfacet
  facet normal -0 0 1
    outer loop
      vertex 4.47832 -0.441071 3
      vertex 8.61043 -3.06664 3
      vertex 4.5 0 3
    endloop
  endfacet
  facet normal 0 0 1
    outer loop
      vertex 4.41353 0.877899 3
      vertex 8.15329 3.29207 3
      vertex 7.9435 3.43727 3
    endloop
  endfacet
  facet normal 0 0 1
    outer loop
      vertex 8.61043 -3.06664 3
      vertex 4.47832 -0.441071 3
      vertex 8.37633 -3.16812 3
    endloop
  endfacet
  facet normal 0 0 1
    outer loop
      vertex 4.30623 1.30627 3
      vertex 7.9435 3.43727 3
      vertex 7.74893 3.60234 3
    endloop
  endfacet
  facet normal 0 0 1
    outer loop
      vertex 8.37633 -3.16812 3
      vertex 4.47832 -0.441071 3
      vertex 8.15329 -3.29207 3
    endloop
  endfacet
  facet normal 0 0 1
    outer loop
      vertex 4.15746 1.72206 3
      vertex 7.74893 3.60234 3
      vertex 7.57149 3.78569 3
    endloop
  endfacet
  facet normal -0 0 1
    outer loop
      vertex 4.41353 -0.877899 3
      vertex 8.15329 -3.29207 3
      vertex 4.47832 -0.441071 3
    endloop
  endfacet
  facet normal 0 0 1
    outer loop
      vertex 4.15746 1.72206 3
      vertex 7.57149 3.78569 3
      vertex 7.41287 3.98555 3
    endloop
  endfacet
  facet normal 0 0 1
    outer loop
      vertex 8.15329 -3.29207 3
      vertex 4.41353 -0.877899 3
      vertex 7.9435 -3.43727 3
    endloop
  endfacet
  facet normal 0 0 1
    outer loop
      vertex 3.96864 2.12128 3
      vertex 7.41287 3.98555 3
      vertex 7.27461 4.2 3
    endloop
  endfacet
  facet normal -0 0 1
    outer loop
      vertex 4.30623 -1.30627 3
      vertex 7.9435 -3.43727 3
      vertex 4.41353 -0.877899 3
    endloop
  endfacet
  facet normal 0 0 1
    outer loop
      vertex 3.74161 2.50006 3
      vertex 7.27461 4.2 3
      vertex 7.15802 4.42696 3
    endloop
  endfacet
  facet normal 0 0 1
    outer loop
      vertex 7.9435 -3.43727 3
      vertex 4.30623 -1.30627 3
      vertex 7.74893 -3.60234 3
    endloop
  endfacet
  facet normal 0 0 1
    outer loop
      vertex 3.74161 2.50006 3
      vertex 7.15802 4.42696 3
      vertex 7.06425 4.66425 3
    endloop
  endfacet
  facet normal -0 0 1
    outer loop
      vertex 4.15746 -1.72206 3
      vertex 7.74893 -3.60234 3
      vertex 4.30623 -1.30627 3
    endloop
  endfacet
  facet normal 0 0 1
    outer loop
      vertex 3.47855 2.85477 3
      vertex 7.06425 4.66425 3
      vertex 6.99419 4.90959 3
    endloop
  endfacet
  facet normal 0 0 1
    outer loop
      vertex 7.74893 -3.60234 3
      vertex 4.15746 -1.72206 3
      vertex 7.57149 -3.78569 3
    endloop
  endfacet
  facet normal 0 0 1
    outer loop
      vertex 3.18198 3.18198 3
      vertex 6.99419 4.90959 3
      vertex 6.94852 5.16063 3
    endloop
  endfacet
  facet normal 0 0 1
    outer loop
      vertex 7.57149 -3.78569 3
      vertex 4.15746 -1.72206 3
      vertex 7.41287 -3.98555 3
    endloop
  endfacet
  facet normal 0 0 1
    outer loop
      vertex 2.85477 3.47855 3
      vertex 6.94852 5.16063 3
      vertex 6.92766 5.41492 3
    endloop
  endfacet
  facet normal -0 0 1
    outer loop
      vertex 3.96864 -2.12128 3
      vertex 7.41287 -3.98555 3
      vertex 4.15746 -1.72206 3
    endloop
  endfacet
  facet normal 0 0 1
    outer loop
      vertex 15.6 19.6 3
      vertex 19.6 15.6 3
      vertex 19.5807 15.9921 3
    endloop
  endfacet
  facet normal 0 0 1
    outer loop
      vertex 12.1207 5.32994 3
      vertex 19.6 15.6 3
      vertex 12.1249 5.58507 3
    endloop
  endfacet
  facet normal 0 0 1
    outer loop
      vertex 15.6 19.6 3
      vertex 19.5807 15.9921 3
      vertex 19.5231 16.3804 3
    endloop
  endfacet
  facet normal 0 0 1
    outer loop
      vertex 12.0915 5.07646 3
      vertex 19.6 15.6 3
      vertex 12.1207 5.32994 3
    endloop
  endfacet
  facet normal 0 0 1
    outer loop
      vertex 15.6 19.6 3
      vertex 19.5231 16.3804 3
      vertex 19.4277 16.7611 3
    endloop
  endfacet
  facet normal -0 0 1
    outer loop
      vertex 12.104 -5.83936 3
      vertex 19.6 -15.6 3
      vertex 12.1249 -5.58507 3
    endloop
  endfacet
  facet normal 0 0 1
    outer loop
      vertex 15.6 19.6 3
      vertex 19.4277 16.7611 3
      vertex 19.2955 17.1307 3
    endloop
  endfacet
  facet normal -0 0 1
    outer loop
      vertex 12.0583 -6.09039 3
      vertex 19.6 -15.6 3
      vertex 12.104 -5.83936 3
    endloop
  endfacet
  facet normal 0 0 1
    outer loop
      vertex 15.6 19.6 3
      vertex 19.2955 17.1307 3
      vertex 19.1277 17.4856 3
    endloop
  endfacet
  facet normal -0 0 1
    outer loop
      vertex 11.9883 -6.33574 3
      vertex 19.6 -15.6 3
      vertex 12.0583 -6.09039 3
    endloop
  endfacet
  facet normal 0 0 1
    outer loop
      vertex 15.6 19.6 3
      vertex 19.1277 17.4856 3
      vertex 18.9259 17.8223 3
    endloop
  endfacet
  facet normal -0 0 1
    outer loop
      vertex 11.6445 -10.3873 3
      vertex 19.6 -15.6 3
      vertex 11.9883 -6.33574 3
    endloop
  endfacet
  facet normal 0 0 1
    outer loop
      vertex 15.6 19.6 3
      vertex 18.9259 17.8223 3
      vertex 18.692 18.1376 3
    endloop
  endfacet
  facet normal -0 0 1
    outer loop
      vertex 11.6445 -10.6127 3
      vertex 19.6 -15.6 3
      vertex 11.65 -10.5 3
    endloop
  endfacet
  facet normal 0 0 1
    outer loop
      vertex 15.6 19.6 3
      vertex 18.692 18.1376 3
      vertex 18.4284 18.4284 3
    endloop
  endfacet
  facet normal -0 0 1
    outer loop
      vertex 11.6279 -10.7243 3
      vertex 19.6 -15.6 3
      vertex 11.6445 -10.6127 3
    endloop
  endfacet
  facet normal 0 0 1
    outer loop
      vertex 15.6 19.6 3
      vertex 18.4284 18.4284 3
      vertex 18.1376 18.692 3
    endloop
  endfacet
  facet normal -0 0 1
    outer loop
      vertex 11.6005 -10.8338 3
      vertex 19.6 -15.6 3
      vertex 11.6279 -10.7243 3
    endloop
  endfacet
  facet normal 0 0 1
    outer loop
      vertex 15.6 19.6 3
      vertex 18.1376 18.692 3
      vertex 17.8223 18.9259 3
    endloop
  endfacet
  facet normal -0 0 1
    outer loop
      vertex 11.5625 -10.9401 3
      vertex 19.6 -15.6 3
      vertex 11.6005 -10.8338 3
    endloop
  endfacet
  facet normal 0 0 1
    outer loop
      vertex 15.6 19.6 3
      vertex 17.8223 18.9259 3
      vertex 17.4856 19.1277 3
    endloop
  endfacet
  facet normal -0 0 1
    outer loop
      vertex 11.5142 -11.0421 3
      vertex 19.6 -15.6 3
      vertex 11.5625 -10.9401 3
    endloop
  endfacet
  facet normal 0 0 1
    outer loop
      vertex 15.6 19.6 3
      vertex 17.4856 19.1277 3
      vertex 17.1307 19.2955 3
    endloop
  endfacet
  facet normal -0 0 1
    outer loop
      vertex 11.4562 -11.1389 3
      vertex 19.6 -15.6 3
      vertex 11.5142 -11.0421 3
    endloop
  endfacet
  facet normal 0 0 1
    outer loop
      vertex 15.6 19.6 3
      vertex 17.1307 19.2955 3
      vertex 16.7611 19.4277 3
    endloop
  endfacet
  facet normal -0 0 1
    outer loop
      vertex 11.389 -11.2295 3
      vertex 19.6 -15.6 3
      vertex 11.4562 -11.1389 3
    endloop
  endfacet
  facet normal 0 0 1
    outer loop
      vertex 15.6 19.6 3
      vertex 16.7611 19.4277 3
      vertex 16.3804 19.5231 3
    endloop
  endfacet
  facet normal -0 0 1
    outer loop
      vertex 11.3132 -11.3132 3
      vertex 19.6 -15.6 3
      vertex 11.389 -11.2295 3
    endloop
  endfacet
  facet normal 0 0 1
    outer loop
      vertex 15.6 19.6 3
      vertex 16.3804 19.5231 3
      vertex 15.9921 19.5807 3
    endloop
  endfacet
  facet normal 0 -0 1
    outer loop
      vertex 15.6 -19.6 3
      vertex 19.6 -15.6 3
      vertex 11.3132 -11.3132 3
    endloop
  endfacet
  facet normal 0 0 1
    outer loop
      vertex 19.6 15.6 3
      vertex 15.6 19.6 3
      vertex 11.3132 11.3132 3
    endloop
  endfacet
  facet normal 0 0 1
    outer loop
      vertex 19.5807 -15.9921 3
      vertex 15.6 -19.6 3
      vertex 19.5231 -16.3804 3
    endloop
  endfacet
  facet normal 0 0 1
    outer loop
      vertex 19.5231 -16.3804 3
      vertex 15.6 -19.6 3
      vertex 19.4277 -16.7611 3
    endloop
  endfacet
  facet normal 0 0 1
    outer loop
      vertex 19.6 15.6 3
      vertex 12.104 5.83936 3
      vertex 12.1249 5.58507 3
    endloop
  endfacet
  facet normal 0 0 1
    outer loop
      vertex 19.6 15.6 3
      vertex 12.0583 6.09039 3
      vertex 12.104 5.83936 3
    endloop
  endfacet
  facet normal 0 0 1
    outer loop
      vertex 19.6 15.6 3
      vertex 11.6445 10.3873 3
      vertex 11.6279 10.2756 3
    endloop
  endfacet
  facet normal 0 0 1
    outer loop
      vertex 19.6 15.6 3
      vertex 11.9883 6.33574 3
      vertex 12.0583 6.09039 3
    endloop
  endfacet
  facet normal 0 0 1
    outer loop
      vertex 19.6 15.6 3
      vertex 11.6279 10.2756 3
      vertex 11.9883 6.33574 3
    endloop
  endfacet
  facet normal 0 0 1
    outer loop
      vertex 19.6 15.6 3
      vertex 11.65 10.5 3
      vertex 11.6445 10.3873 3
    endloop
  endfacet
  facet normal 0 0 1
    outer loop
      vertex 19.6 15.6 3
      vertex 11.6445 10.6127 3
      vertex 11.65 10.5 3
    endloop
  endfacet
  facet normal 0 0 1
    outer loop
      vertex 19.6 15.6 3
      vertex 11.6279 10.7243 3
      vertex 11.6445 10.6127 3
    endloop
  endfacet
  facet normal 0 0 1
    outer loop
      vertex 19.6 15.6 3
      vertex 11.6005 10.8338 3
      vertex 11.6279 10.7243 3
    endloop
  endfacet
  facet normal 0 0 1
    outer loop
      vertex 19.6 15.6 3
      vertex 11.5625 10.9401 3
      vertex 11.6005 10.8338 3
    endloop
  endfacet
  facet normal 0 0 1
    outer loop
      vertex 19.6 15.6 3
      vertex 11.5142 11.0421 3
      vertex 11.5625 10.9401 3
    endloop
  endfacet
  facet normal 0 0 1
    outer loop
      vertex 19.6 15.6 3
      vertex 11.4562 11.1389 3
      vertex 11.5142 11.0421 3
    endloop
  endfacet
  facet normal 0 0 1
    outer loop
      vertex 19.6 15.6 3
      vertex 11.389 11.2295 3
      vertex 11.4562 11.1389 3
    endloop
  endfacet
  facet normal 0 0 1
    outer loop
      vertex 19.6 15.6 3
      vertex 11.3132 11.3132 3
      vertex 11.389 11.2295 3
    endloop
  endfacet
  facet normal 0 0 1
    outer loop
      vertex 15.6 19.6 3
      vertex 11.2295 11.389 3
      vertex 11.3132 11.3132 3
    endloop
  endfacet
  facet normal 0 0 1
    outer loop
      vertex 15.6 19.6 3
      vertex 11.1389 11.4562 3
      vertex 11.2295 11.389 3
    endloop
  endfacet
  facet normal 0 0 1
    outer loop
      vertex 15.6 19.6 3
      vertex 11.0421 11.5142 3
      vertex 11.1389 11.4562 3
    endloop
  endfacet
  facet normal 0 0 1
    outer loop
      vertex 15.6 19.6 3
      vertex 10.9401 11.5625 3
      vertex 11.0421 11.5142 3
    endloop
  endfacet
  facet normal 0 0 1
    outer loop
      vertex 15.6 19.6 3
      vertex 10.8338 11.6005 3
      vertex 10.9401 11.5625 3
    endloop
  endfacet
  facet normal 0 0 1
    outer loop
      vertex 15.6 19.6 3
      vertex 10.7243 11.6279 3
      vertex 10.8338 11.6005 3
    endloop
  endfacet
  facet normal 0 0 1
    outer loop
      vertex 15.6 19.6 3
      vertex 10.6127 11.6445 3
      vertex 10.7243 11.6279 3
    endloop
  endfacet
  facet normal 0 0 1
    outer loop
      vertex 15.6 19.6 3
      vertex 10.5 11.65 3
      vertex 10.6127 11.6445 3
    endloop
  endfacet
  facet normal 0 0 1
    outer loop
      vertex 15.6 19.6 3
      vertex 10.3873 11.6445 3
      vertex 10.5 11.65 3
    endloop
  endfacet
  facet normal 0 0 1
    outer loop
      vertex 15.6 19.6 3
      vertex 10.2756 11.6279 3
      vertex 10.3873 11.6445 3
    endloop
  endfacet
  facet normal 0 0 1
    outer loop
      vertex 15.6 19.6 3
      vertex 10.1662 11.6005 3
      vertex 10.2756 11.6279 3
    endloop
  endfacet
  facet normal 0 0 1
    outer loop
      vertex 15.6 19.6 3
      vertex 10.0599 11.5625 3
      vertex 10.1662 11.6005 3
    endloop
  endfacet
  facet normal -0 0 1
    outer loop
      vertex 1.64941 13.0098 3
      vertex 10.0599 11.5625 3
      vertex 15.6 19.6 3
    endloop
  endfacet
  facet normal -0 -0 1
    outer loop
      vertex 1.83847 12.8385 3
      vertex 10.0599 11.5625 3
      vertex 1.64941 13.0098 3
    endloop
  endfacet
  facet normal 0 0 1
    outer loop
      vertex 10.0599 11.5625 3
      vertex 1.83847 12.8385 3
      vertex 9.95789 11.5142 3
    endloop
  endfacet
  facet normal -0 -0 1
    outer loop
      vertex 2.00983 12.6494 3
      vertex 9.95789 11.5142 3
      vertex 1.83847 12.8385 3
    endloop
  endfacet
  facet normal 0 0 1
    outer loop
      vertex 9.95789 11.5142 3
      vertex 2.00983 12.6494 3
      vertex 9.86108 11.4562 3
    endloop
  endfacet
  facet normal 0 0 1
    outer loop
      vertex 9.86108 11.4562 3
      vertex 2.00983 12.6494 3
      vertex 9.77045 11.389 3
    endloop
  endfacet
  facet normal 0 0 1
    outer loop
      vertex 2.59999 11 3
      vertex 9.34999 10.5 3
      vertex 9.35553 10.6127 3
    endloop
  endfacet
  facet normal 0 0 1
    outer loop
      vertex 9.34999 10.5 3
      vertex 8.93587 8.03207 3
      vertex 9.1869 8.07774 3
    endloop
  endfacet
  facet normal 0 0 1
    outer loop
      vertex 2.59999 11 3
      vertex 9.35553 10.6127 3
      vertex 9.37209 10.7243 3
    endloop
  endfacet
  facet normal 0 0 1
    outer loop
      vertex 9.34999 10.5 3
      vertex 8.69054 7.96201 3
      vertex 8.93587 8.03207 3
    endloop
  endfacet
  facet normal 0 0 1
    outer loop
      vertex 9.34999 10.5 3
      vertex 8.45323 7.86824 3
      vertex 8.69054 7.96201 3
    endloop
  endfacet
  facet normal 0 0 1
    outer loop
      vertex 2.58748 11.2548 3
      vertex 9.37209 10.7243 3
      vertex 9.39951 10.8338 3
    endloop
  endfacet
  facet normal 0 0 1
    outer loop
      vertex 9.34999 10.5 3
      vertex 8.22627 7.75166 3
      vertex 8.45323 7.86824 3
    endloop
  endfacet
  facet normal 0 0 1
    outer loop
      vertex 2.55003 11.5072 3
      vertex 9.39951 10.8338 3
      vertex 9.43753 10.9401 3
    endloop
  endfacet
  facet normal 0 0 1
    outer loop
      vertex 9.34999 10.5 3
      vertex 8.01183 7.61339 3
      vertex 8.22627 7.75166 3
    endloop
  endfacet
  facet normal -0 0 1
    outer loop
      vertex 2.58748 10.7451 3
      vertex 9.34999 10.5 3
      vertex 2.59999 11 3
    endloop
  endfacet
  facet normal 0 0 1
    outer loop
      vertex 9.34999 10.5 3
      vertex 2.58748 10.7451 3
      vertex 8.01183 7.61339 3
    endloop
  endfacet
  facet normal 0 0 1
    outer loop
      vertex 2.48804 11.7547 3
      vertex 9.43753 10.9401 3
      vertex 9.48578 11.0421 3
    endloop
  endfacet
  facet normal 0 0 1
    outer loop
      vertex 8.01183 7.61339 3
      vertex 2.58748 10.7451 3
      vertex 7.81197 7.45477 3
    endloop
  endfacet
  facet normal -0 0 1
    outer loop
      vertex 2.55003 10.4928 3
      vertex 7.81197 7.45477 3
      vertex 2.58748 10.7451 3
    endloop
  endfacet
  facet normal 0 0 1
    outer loop
      vertex 7.81197 7.45477 3
      vertex 2.55003 10.4928 3
      vertex 7.62863 7.27733 3
    endloop
  endfacet
  facet normal 0 0 1
    outer loop
      vertex 7.41287 -3.98555 3
      vertex 3.96864 -2.12128 3
      vertex 7.27461 -4.2 3
    endloop
  endfacet
  facet normal 0 0 1
    outer loop
      vertex 7.15802 -4.42696 3
      vertex 3.74161 -2.50006 3
      vertex 7.06425 -4.66425 3
    endloop
  endfacet
  facet normal -0 0 1
    outer loop
      vertex 3.47855 -2.85477 3
      vertex 7.06425 -4.66425 3
      vertex 3.74161 -2.50006 3
    endloop
  endfacet
  facet normal 0 0 1
    outer loop
      vertex 7.06425 -4.66425 3
      vertex 3.47855 -2.85477 3
      vertex 6.99419 -4.90959 3
    endloop
  endfacet
  facet normal -0 0 1
    outer loop
      vertex 3.74161 -2.50006 3
      vertex 7.27461 -4.2 3
      vertex 3.96864 -2.12128 3
    endloop
  endfacet
  facet normal 0 0 1
    outer loop
      vertex 2.85477 3.47855 3
      vertex 6.92766 5.41492 3
      vertex 6.93184 5.67004 3
    endloop
  endfacet
  facet normal 0 0 1
    outer loop
      vertex 2.85477 3.47855 3
      vertex 6.93184 5.67004 3
      vertex 6.961 5.92352 3
    endloop
  endfacet
  facet normal 0 0 1
    outer loop
      vertex 2.85477 3.47855 3
      vertex 6.961 5.92352 3
      vertex 7.01486 6.17293 3
    endloop
  endfacet
  facet normal -0 0 1
    outer loop
      vertex 2.40208 10.005 3
      vertex 7.46355 7.08278 3
      vertex 2.48804 10.2453 3
    endloop
  endfacet
  facet normal 0 0 1
    outer loop
      vertex 8.61043 3.06664 3
      vertex 4.47832 0.441071 3
      vertex 4.5 0 3
    endloop
  endfacet
  facet normal 0 0 1
    outer loop
      vertex 7.62863 7.27733 3
      vertex 2.48804 10.2453 3
      vertex 7.46355 7.08278 3
    endloop
  endfacet
  facet normal 0 0 1
    outer loop
      vertex 8.15329 3.29207 3
      vertex 4.41353 0.877899 3
      vertex 4.47832 0.441071 3
    endloop
  endfacet
  facet normal 0 0 1
    outer loop
      vertex 7.9435 3.43727 3
      vertex 4.30623 1.30627 3
      vertex 4.41353 0.877899 3
    endloop
  endfacet
  facet normal -0 0 1
    outer loop
      vertex 2.48804 10.2453 3
      vertex 7.62863 7.27733 3
      vertex 2.55003 10.4928 3
    endloop
  endfacet
  facet normal 0 0 1
    outer loop
      vertex 7.74893 3.60234 3
      vertex 4.15746 1.72206 3
      vertex 4.30623 1.30627 3
    endloop
  endfacet
  facet normal 0 0 1
    outer loop
      vertex 7.41287 3.98555 3
      vertex 3.96864 2.12128 3
      vertex 4.15746 1.72206 3
    endloop
  endfacet
  facet normal 0 0 1
    outer loop
      vertex 2.48804 11.7547 3
      vertex 9.48578 11.0421 3
      vertex 9.54381 11.1389 3
    endloop
  endfacet
  facet normal 0 0 1
    outer loop
      vertex 7.27461 4.2 3
      vertex 3.74161 2.50006 3
      vertex 3.96864 2.12128 3
    endloop
  endfacet
  facet normal 0 0 1
    outer loop
      vertex 7.06425 4.66425 3
      vertex 3.47855 2.85477 3
      vertex 3.74161 2.50006 3
    endloop
  endfacet
  facet normal -0 -0 1
    outer loop
      vertex 2.16182 12.4445 3
      vertex 9.77045 11.389 3
      vertex 2.00983 12.6494 3
    endloop
  endfacet
  facet normal 0 0 1
    outer loop
      vertex 7.46355 7.08278 3
      vertex 2.40208 10.005 3
      vertex 7.31834 6.87297 3
    endloop
  endfacet
  facet normal 0 0 1
    outer loop
      vertex 6.99419 4.90959 3
      vertex 3.18198 3.18198 3
      vertex 3.47855 2.85477 3
    endloop
  endfacet
  facet normal 0 0 1
    outer loop
      vertex 6.94852 5.16063 3
      vertex 2.85477 3.47855 3
      vertex 3.18198 3.18198 3
    endloop
  endfacet
  facet normal 0 0 1
    outer loop
      vertex 9.37209 10.7243 3
      vertex 2.58748 11.2548 3
      vertex 2.59999 11 3
    endloop
  endfacet
  facet normal 0 0 1
    outer loop
      vertex 9.39951 10.8338 3
      vertex 2.55003 11.5072 3
      vertex 2.58748 11.2548 3
    endloop
  endfacet
  facet normal 0 0 1
    outer loop
      vertex 9.43753 10.9401 3
      vertex 2.48804 11.7547 3
      vertex 2.55003 11.5072 3
    endloop
  endfacet
  facet normal 0 0 1
    outer loop
      vertex 9.54381 11.1389 3
      vertex 2.40208 11.995 3
      vertex 2.48804 11.7547 3
    endloop
  endfacet
  facet normal 0 0 1
    outer loop
      vertex 9.61102 11.2295 3
      vertex 2.40208 11.995 3
      vertex 9.54381 11.1389 3
    endloop
  endfacet
  facet normal -0 -0 1
    outer loop
      vertex 2.40208 11.995 3
      vertex 9.61102 11.2295 3
      vertex 2.29298 12.2256 3
    endloop
  endfacet
  facet normal 0 0 1
    outer loop
      vertex 9.68681 11.3132 3
      vertex 2.29298 12.2256 3
      vertex 9.61102 11.2295 3
    endloop
  endfacet
  facet normal -0 -0 1
    outer loop
      vertex 2.29298 12.2256 3
      vertex 9.68681 11.3132 3
      vertex 2.16182 12.4445 3
    endloop
  endfacet
  facet normal 0 0 1
    outer loop
      vertex 9.77045 11.389 3
      vertex 2.16182 12.4445 3
      vertex 9.68681 11.3132 3
    endloop
  endfacet
  facet normal 0 0 1
    outer loop
      vertex 15.6 19.6 3
      vertex 1.44447 13.1618 3
      vertex 1.64941 13.0098 3
    endloop
  endfacet
  facet normal 0 0 1
    outer loop
      vertex 15.6 19.6 3
      vertex 1.22562 13.293 3
      vertex 1.44447 13.1618 3
    endloop
  endfacet
  facet normal 0 0 1
    outer loop
      vertex 15.6 19.6 3
      vertex 0.994965 13.4021 3
      vertex 1.22562 13.293 3
    endloop
  endfacet
  facet normal 0 0 1
    outer loop
      vertex 15.6 19.6 3
      vertex 0.75473 13.488 3
      vertex 0.994965 13.4021 3
    endloop
  endfacet
  facet normal 0 0 1
    outer loop
      vertex 15.6 19.6 3
      vertex 0.507233 13.55 3
      vertex 0.75473 13.488 3
    endloop
  endfacet
  facet normal 0 0 1
    outer loop
      vertex 15.6 19.6 3
      vertex 0.254837 13.5875 3
      vertex 0.507233 13.55 3
    endloop
  endfacet
  facet normal 0 0 1
    outer loop
      vertex 15.6 19.6 3
      vertex 0 13.6 3
      vertex 0.254837 13.5875 3
    endloop
  endfacet
  facet normal -0 0 1
    outer loop
      vertex -15.6 19.6 3
      vertex 0 13.6 3
      vertex 15.6 19.6 3
    endloop
  endfacet
  facet normal 0 0 1
    outer loop
      vertex 0 13.6 3
      vertex -15.6 19.6 3
      vertex -0.254837 13.5875 3
    endloop
  endfacet
  facet normal 0 0 1
    outer loop
      vertex -0.254837 13.5875 3
      vertex -15.6 19.6 3
      vertex -0.507233 13.55 3
    endloop
  endfacet
  facet normal 0 0 1
    outer loop
      vertex -0.507233 13.55 3
      vertex -15.6 19.6 3
      vertex -0.75473 13.488 3
    endloop
  endfacet
  facet normal 0 0 1
    outer loop
      vertex -2.12128 3.96864 3
      vertex -6.961 5.92352 3
      vertex -2.50006 3.74161 3
    endloop
  endfacet
  facet normal 0 0 1
    outer loop
      vertex -9.37209 10.7243 3
      vertex -2.59999 11 3
      vertex -2.58748 11.2548 3
    endloop
  endfacet
  facet normal -0 -0 1
    outer loop
      vertex -6.93184 5.67004 3
      vertex -2.50006 3.74161 3
      vertex -6.961 5.92352 3
    endloop
  endfacet
  facet normal 0 0 1
    outer loop
      vertex -2.50006 3.74161 3
      vertex -6.93184 5.67004 3
      vertex -2.85477 3.47855 3
    endloop
  endfacet
  facet normal -0 0 1
    outer loop
      vertex -6.94852 5.16063 3
      vertex -2.85477 3.47855 3
      vertex -6.92766 5.41492 3
    endloop
  endfacet
  facet normal 0 0 1
    outer loop
      vertex -9.39951 10.8338 3
      vertex -2.58748 11.2548 3
      vertex -2.55003 11.5072 3
    endloop
  endfacet
  facet normal 0 0 1
    outer loop
      vertex -2.85477 3.47855 3
      vertex -6.94852 5.16063 3
      vertex -3.18198 3.18198 3
    endloop
  endfacet
  facet normal 0 0 1
    outer loop
      vertex -3.18198 3.18198 3
      vertex -6.99419 4.90959 3
      vertex -3.47855 2.85477 3
    endloop
  endfacet
  facet normal -0 0 1
    outer loop
      vertex -7.06425 4.66425 3
      vertex -3.47855 2.85477 3
      vertex -6.99419 4.90959 3
    endloop
  endfacet
  facet normal 0 0 1
    outer loop
      vertex -3.74161 2.50006 3
      vertex -7.27461 4.2 3
      vertex -3.96864 2.12128 3
    endloop
  endfacet
  facet normal -0 0 1
    outer loop
      vertex -7.27461 4.2 3
      vertex -3.74161 2.50006 3
      vertex -7.15802 4.42696 3
    endloop
  endfacet
  facet normal 0 0 1
    outer loop
      vertex -4.5 0 3
      vertex -6.85553 -14.4873 3
      vertex -6.84999 -14.6 3
    endloop
  endfacet
  facet normal 0 0 1
    outer loop
      vertex -4.5 0 3
      vertex -6.87209 -14.3756 3
      vertex -6.85553 -14.4873 3
    endloop
  endfacet
  facet normal 0 0 1
    outer loop
      vertex -4.5 0 3
      vertex -6.89951 -14.2662 3
      vertex -6.87209 -14.3756 3
    endloop
  endfacet
  facet normal -0 0 1
    outer loop
      vertex -7.41287 3.98555 3
      vertex -3.96864 2.12128 3
      vertex -7.27461 4.2 3
    endloop
  endfacet
  facet normal 0 0 1
    outer loop
      vertex -3.47855 2.85477 3
      vertex -7.06425 4.66425 3
      vertex -3.74161 2.50006 3
    endloop
  endfacet
  facet normal 0 0 1
    outer loop
      vertex -9.43753 10.9401 3
      vertex -2.55003 11.5072 3
      vertex -2.48804 11.7547 3
    endloop
  endfacet
  facet normal 0 0 1
    outer loop
      vertex -9.54381 11.1389 3
      vertex -2.48804 11.7547 3
      vertex -2.40208 11.995 3
    endloop
  endfacet
  facet normal 0 0 1
    outer loop
      vertex -9.61102 11.2295 3
      vertex -2.40208 11.995 3
      vertex -2.29298 12.2256 3
    endloop
  endfacet
  facet normal 0 0 1
    outer loop
      vertex -9.68681 11.3132 3
      vertex -2.29298 12.2256 3
      vertex -2.16182 12.4445 3
    endloop
  endfacet
  facet normal -0 0 1
    outer loop
      vertex -7.15802 4.42696 3
      vertex -3.74161 2.50006 3
      vertex -7.06425 4.66425 3
    endloop
  endfacet
  facet normal -0 0 1
    outer loop
      vertex -6.99419 4.90959 3
      vertex -3.18198 3.18198 3
      vertex -6.94852 5.16063 3
    endloop
  endfacet
  facet normal -0 -0 1
    outer loop
      vertex -6.92766 5.41492 3
      vertex -2.85477 3.47855 3
      vertex -6.93184 5.67004 3
    endloop
  endfacet
  facet normal 0 0 1
    outer loop
      vertex -9.77045 11.389 3
      vertex -2.16182 12.4445 3
      vertex -2.00983 12.6494 3
    endloop
  endfacet
  facet normal 0 0 1
    outer loop
      vertex -2.00983 9.35057 3
      vertex -7.09291 6.41585 3
      vertex -7.01486 6.17293 3
    endloop
  endfacet
  facet normal 0 0 1
    outer loop
      vertex -2.16182 9.55551 3
      vertex -7.1944 6.64995 3
      vertex -7.09291 6.41585 3
    endloop
  endfacet
  facet normal 0 0 1
    outer loop
      vertex -2.29298 9.77437 3
      vertex -7.31834 6.87297 3
      vertex -7.1944 6.64995 3
    endloop
  endfacet
  facet normal 0 0 1
    outer loop
      vertex -9.95789 11.5142 3
      vertex -2.00983 12.6494 3
      vertex -1.83847 12.8385 3
    endloop
  endfacet
  facet normal 0 0 1
    outer loop
      vertex -2.40208 10.005 3
      vertex -7.46355 7.08278 3
      vertex -7.31834 6.87297 3
    endloop
  endfacet
  facet normal 0 0 1
    outer loop
      vertex -2.48804 10.2453 3
      vertex -7.62863 7.27733 3
      vertex -7.46355 7.08278 3
    endloop
  endfacet
  facet normal 0 0 1
    outer loop
      vertex -2.55003 10.4928 3
      vertex -7.81197 7.45477 3
      vertex -7.62863 7.27733 3
    endloop
  endfacet
  facet normal 0 0 1
    outer loop
      vertex -10.0599 11.5625 3
      vertex -1.83847 12.8385 3
      vertex -1.64941 13.0098 3
    endloop
  endfacet
  facet normal 0 0 1
    outer loop
      vertex -2.58748 10.7451 3
      vertex -9.34999 10.5 3
      vertex -8.01183 7.61339 3
    endloop
  endfacet
  facet normal 0 0 1
    outer loop
      vertex -2.58748 10.7451 3
      vertex -8.01183 7.61339 3
      vertex -7.81197 7.45477 3
    endloop
  endfacet
  facet normal -0 0 1
    outer loop
      vertex -9.35553 10.3873 3
      vertex -8.01183 7.61339 3
      vertex -9.34999 10.5 3
    endloop
  endfacet
  facet normal 0 0 1
    outer loop
      vertex -8.01183 7.61339 3
      vertex -9.35553 10.3873 3
      vertex -8.22627 7.75166 3
    endloop
  endfacet
  facet normal 0 0 1
    outer loop
      vertex -15.6 19.6 3
      vertex -1.64941 13.0098 3
      vertex -1.44447 13.1618 3
    endloop
  endfacet
  facet normal -0 0 1
    outer loop
      vertex -9.37209 10.2756 3
      vertex -8.22627 7.75166 3
      vertex -9.35553 10.3873 3
    endloop
  endfacet
  facet normal -0 0 1
    outer loop
      vertex -9.39951 10.1662 3
      vertex -8.22627 7.75166 3
      vertex -9.37209 10.2756 3
    endloop
  endfacet
  facet normal 0 0 1
    outer loop
      vertex -8.22627 7.75166 3
      vertex -9.39951 10.1662 3
      vertex -8.45323 7.86824 3
    endloop
  endfacet
  facet normal 0 0 1
    outer loop
      vertex -15.6 19.6 3
      vertex -1.44447 13.1618 3
      vertex -1.22562 13.293 3
    endloop
  endfacet
  facet normal 0 0 1
    outer loop
      vertex -15.6 19.6 3
      vertex -1.22562 13.293 3
      vertex -0.994965 13.4021 3
    endloop
  endfacet
  facet normal 0 0 1
    outer loop
      vertex -0.75473 13.488 3
      vertex -15.6 19.6 3
      vertex -0.994965 13.4021 3
    endloop
  endfacet
  facet normal 0 0 1
    outer loop
      vertex -2.59999 11 3
      vertex -9.35553 10.6127 3
      vertex -9.34999 10.5 3
    endloop
  endfacet
  facet normal 0 0 1
    outer loop
      vertex -2.59999 11 3
      vertex -9.37209 10.7243 3
      vertex -9.35553 10.6127 3
    endloop
  endfacet
  facet normal 0 0 1
    outer loop
      vertex -2.58748 11.2548 3
      vertex -9.39951 10.8338 3
      vertex -9.37209 10.7243 3
    endloop
  endfacet
  facet normal 0 0 1
    outer loop
      vertex -2.55003 11.5072 3
      vertex -9.43753 10.9401 3
      vertex -9.39951 10.8338 3
    endloop
  endfacet
  facet normal 0 0 1
    outer loop
      vertex -2.48804 11.7547 3
      vertex -9.48578 11.0421 3
      vertex -9.43753 10.9401 3
    endloop
  endfacet
  facet normal 0 0 1
    outer loop
      vertex -2.48804 11.7547 3
      vertex -9.54381 11.1389 3
      vertex -9.48578 11.0421 3
    endloop
  endfacet
  facet normal 0 0 1
    outer loop
      vertex -2.40208 11.995 3
      vertex -9.61102 11.2295 3
      vertex -9.54381 11.1389 3
    endloop
  endfacet
  facet normal 0 0 1
    outer loop
      vertex -2.29298 12.2256 3
      vertex -9.68681 11.3132 3
      vertex -9.61102 11.2295 3
    endloop
  endfacet
  facet normal 0 0 1
    outer loop
      vertex -2.16182 12.4445 3
      vertex -9.77045 11.389 3
      vertex -9.68681 11.3132 3
    endloop
  endfacet
  facet normal 0 0 1
    outer loop
      vertex -2.00983 12.6494 3
      vertex -9.86108 11.4562 3
      vertex -9.77045 11.389 3
    endloop
  endfacet
  facet normal 0 0 1
    outer loop
      vertex -1.64941 13.0098 3
      vertex -15.6 19.6 3
      vertex -10.0599 11.5625 3
    endloop
  endfacet
  facet normal 0 0 1
    outer loop
      vertex -2.00983 12.6494 3
      vertex -9.95789 11.5142 3
      vertex -9.86108 11.4562 3
    endloop
  endfacet
  facet normal 0 0 1
    outer loop
      vertex -1.83847 12.8385 3
      vertex -10.0599 11.5625 3
      vertex -9.95789 11.5142 3
    endloop
  endfacet
  facet normal 0 0 1
    outer loop
      vertex -10.0599 11.5625 3
      vertex -15.6 19.6 3
      vertex -10.1662 11.6005 3
    endloop
  endfacet
  facet normal 0 0 1
    outer loop
      vertex -10.1662 11.6005 3
      vertex -15.6 19.6 3
      vertex -10.2756 11.6279 3
    endloop
  endfacet
  facet normal 0 0 1
    outer loop
      vertex -10.2756 11.6279 3
      vertex -15.6 19.6 3
      vertex -10.3873 11.6445 3
    endloop
  endfacet
  facet normal 0 0 1
    outer loop
      vertex -10.3873 11.6445 3
      vertex -15.6 19.6 3
      vertex -10.5 11.65 3
    endloop
  endfacet
  facet normal 0 0 1
    outer loop
      vertex -10.5 11.65 3
      vertex -15.6 19.6 3
      vertex -10.6127 11.6445 3
    endloop
  endfacet
  facet normal 0 0 1
    outer loop
      vertex -10.6127 11.6445 3
      vertex -15.6 19.6 3
      vertex -10.7243 11.6279 3
    endloop
  endfacet
  facet normal 0 0 1
    outer loop
      vertex -11.6005 10.1662 3
      vertex -11.8945 6.57303 3
      vertex -11.7779 6.79999 3
    endloop
  endfacet
  facet normal 0 0 1
    outer loop
      vertex -19.6 15.6 3
      vertex -11.65 10.5 3
      vertex -11.6445 10.6127 3
    endloop
  endfacet
  facet normal 0 0 1
    outer loop
      vertex -11.6279 10.2756 3
      vertex -11.9883 6.33574 3
      vertex -11.8945 6.57303 3
    endloop
  endfacet
  facet normal 0 0 1
    outer loop
      vertex -11.6279 10.2756 3
      vertex -19.6 15.6 3
      vertex -11.9883 6.33574 3
    endloop
  endfacet
  facet normal 0 0 1
    outer loop
      vertex -11.9883 6.33574 3
      vertex -19.6 15.6 3
      vertex -12.0583 6.09039 3
    endloop
  endfacet
  facet normal 0 0 1
    outer loop
      vertex -12.104 5.83936 3
      vertex -19.6 15.6 3
      vertex -12.1249 5.58507 3
    endloop
  endfacet
  facet normal 0 0 1
    outer loop
      vertex -12.0583 6.09039 3
      vertex -19.6 15.6 3
      vertex -12.104 5.83936 3
    endloop
  endfacet
  facet normal 0 0 1
    outer loop
      vertex -11.6279 10.7243 3
      vertex -19.6 15.6 3
      vertex -11.6445 10.6127 3
    endloop
  endfacet
  facet normal 0 0 1
    outer loop
      vertex -11.6005 10.8338 3
      vertex -19.6 15.6 3
      vertex -11.6279 10.7243 3
    endloop
  endfacet
  facet normal 0 0 1
    outer loop
      vertex -11.5625 10.9401 3
      vertex -19.6 15.6 3
      vertex -11.6005 10.8338 3
    endloop
  endfacet
  facet normal 0 0 1
    outer loop
      vertex -11.5142 11.0421 3
      vertex -19.6 15.6 3
      vertex -11.5625 10.9401 3
    endloop
  endfacet
  facet normal 0 0 1
    outer loop
      vertex -11.4562 11.1389 3
      vertex -19.6 15.6 3
      vertex -11.5142 11.0421 3
    endloop
  endfacet
  facet normal 0 0 1
    outer loop
      vertex -11.389 11.2295 3
      vertex -19.6 15.6 3
      vertex -11.4562 11.1389 3
    endloop
  endfacet
  facet normal 0 0 1
    outer loop
      vertex -11.3132 11.3132 3
      vertex -19.6 15.6 3
      vertex -11.389 11.2295 3
    endloop
  endfacet
  facet normal -0 0 1
    outer loop
      vertex -19.6 15.6 3
      vertex -11.3132 11.3132 3
      vertex -15.6 19.6 3
    endloop
  endfacet
  facet normal 0 0 1
    outer loop
      vertex -11.2295 11.389 3
      vertex -15.6 19.6 3
      vertex -11.3132 11.3132 3
    endloop
  endfacet
  facet normal 0 0 1
    outer loop
      vertex -11.1389 11.4562 3
      vertex -15.6 19.6 3
      vertex -11.2295 11.389 3
    endloop
  endfacet
  facet normal 0 0 1
    outer loop
      vertex -11.0421 11.5142 3
      vertex -15.6 19.6 3
      vertex -11.1389 11.4562 3
    endloop
  endfacet
  facet normal 0 0 1
    outer loop
      vertex -10.9401 11.5625 3
      vertex -15.6 19.6 3
      vertex -11.0421 11.5142 3
    endloop
  endfacet
  facet normal 0 0 1
    outer loop
      vertex -10.8338 11.6005 3
      vertex -15.6 19.6 3
      vertex -10.9401 11.5625 3
    endloop
  endfacet
  facet normal 0 0 1
    outer loop
      vertex -10.7243 11.6279 3
      vertex -15.6 19.6 3
      vertex -10.8338 11.6005 3
    endloop
  endfacet
  facet normal 0 0 1
    outer loop
      vertex 19.2955 -17.1307 3
      vertex 15.6 -19.6 3
      vertex 19.1277 -17.4856 3
    endloop
  endfacet
  facet normal 0 0 1
    outer loop
      vertex 19.1277 -17.4856 3
      vertex 15.6 -19.6 3
      vertex 18.9259 -17.8223 3
    endloop
  endfacet
  facet normal 0 0 1
    outer loop
      vertex 18.9259 -17.8223 3
      vertex 15.6 -19.6 3
      vertex 18.692 -18.1376 3
    endloop
  endfacet
  facet normal 0 0 1
    outer loop
      vertex 19.6 -15.6 3
      vertex 15.6 -19.6 3
      vertex 19.5807 -15.9921 3
    endloop
  endfacet
  facet normal 0 0 1
    outer loop
      vertex 11.6445 -10.3873 3
      vertex 11.9883 -6.33574 3
      vertex 11.8945 -6.57303 3
    endloop
  endfacet
  facet normal 0 0 1
    outer loop
      vertex 11.6005 -10.1662 3
      vertex 11.8945 -6.57303 3
      vertex 11.7779 -6.79999 3
    endloop
  endfacet
  facet normal 0 0 1
    outer loop
      vertex 18.692 -18.1376 3
      vertex 15.6 -19.6 3
      vertex 18.4284 -18.4284 3
    endloop
  endfacet
  facet normal 0 0 1
    outer loop
      vertex 18.4284 -18.4284 3
      vertex 15.6 -19.6 3
      vertex 18.1376 -18.692 3
    endloop
  endfacet
  facet normal 0 0 1
    outer loop
      vertex 18.1376 -18.692 3
      vertex 15.6 -19.6 3
      vertex 17.8223 -18.9259 3
    endloop
  endfacet
  facet normal 0 0 1
    outer loop
      vertex 17.8223 -18.9259 3
      vertex 15.6 -19.6 3
      vertex 17.4856 -19.1277 3
    endloop
  endfacet
  facet normal 0 0 1
    outer loop
      vertex 17.4856 -19.1277 3
      vertex 15.6 -19.6 3
      vertex 17.1307 -19.2955 3
    endloop
  endfacet
  facet normal 0 0 1
    outer loop
      vertex 17.1307 -19.2955 3
      vertex 15.6 -19.6 3
      vertex 16.7611 -19.4277 3
    endloop
  endfacet
  facet normal 0 0 1
    outer loop
      vertex 16.7611 -19.4277 3
      vertex 15.6 -19.6 3
      vertex 16.3804 -19.5231 3
    endloop
  endfacet
  facet normal 0 0 1
    outer loop
      vertex 16.3804 -19.5231 3
      vertex 15.6 -19.6 3
      vertex 15.9921 -19.5807 3
    endloop
  endfacet
  facet normal 0 0 1
    outer loop
      vertex 19.4277 -16.7611 3
      vertex 15.6 -19.6 3
      vertex 19.2955 -17.1307 3
    endloop
  endfacet
  facet normal -0 0 1
    outer loop
      vertex 11.2295 -11.389 3
      vertex 15.6 -19.6 3
      vertex 11.3132 -11.3132 3
    endloop
  endfacet
  facet normal -0 0 1
    outer loop
      vertex 11.1389 -11.4562 3
      vertex 15.6 -19.6 3
      vertex 11.2295 -11.389 3
    endloop
  endfacet
  facet normal 0 0 1
    outer loop
      vertex 9.14445 -14.7127 3
      vertex 11.1389 -11.4562 3
      vertex 11.0421 -11.5142 3
    endloop
  endfacet
  facet normal 0 0 1
    outer loop
      vertex 9.14999 -14.6 3
      vertex 11.0421 -11.5142 3
      vertex 10.9401 -11.5625 3
    endloop
  endfacet
  facet normal 0 0 1
    outer loop
      vertex 9.14445 -14.4873 3
      vertex 10.9401 -11.5625 3
      vertex 10.8338 -11.6005 3
    endloop
  endfacet
  facet normal 0 0 1
    outer loop
      vertex 9.14445 -14.4873 3
      vertex 10.8338 -11.6005 3
      vertex 10.7243 -11.6279 3
    endloop
  endfacet
  facet normal 0 0 1
    outer loop
      vertex 9.14445 -14.4873 3
      vertex 10.7243 -11.6279 3
      vertex 10.6127 -11.6445 3
    endloop
  endfacet
  facet normal 0 0 1
    outer loop
      vertex 9.14445 -14.4873 3
      vertex 10.6127 -11.6445 3
      vertex 10.5 -11.65 3
    endloop
  endfacet
  facet normal 0 0 1
    outer loop
      vertex 9.14445 -14.4873 3
      vertex 10.5 -11.65 3
      vertex 10.3873 -11.6445 3
    endloop
  endfacet
  facet normal 0 0 1
    outer loop
      vertex 9.14445 -14.4873 3
      vertex 10.3873 -11.6445 3
      vertex 10.2756 -11.6279 3
    endloop
  endfacet
  facet normal 0 0 1
    outer loop
      vertex 9.14445 -14.4873 3
      vertex 10.2756 -11.6279 3
      vertex 10.1662 -11.6005 3
    endloop
  endfacet
  facet normal 0 0 1
    outer loop
      vertex 9.14445 -14.4873 3
      vertex 10.1662 -11.6005 3
      vertex 10.0599 -11.5625 3
    endloop
  endfacet
  facet normal 0 0 1
    outer loop
      vertex 9.14445 -14.4873 3
      vertex 10.0599 -11.5625 3
      vertex 9.95789 -11.5142 3
    endloop
  endfacet
  facet normal 0 0 1
    outer loop
      vertex 9.14445 -14.4873 3
      vertex 9.95789 -11.5142 3
      vertex 9.86108 -11.4562 3
    endloop
  endfacet
  facet normal 0 0 1
    outer loop
      vertex 9.14445 -14.4873 3
      vertex 9.86108 -11.4562 3
      vertex 9.77045 -11.389 3
    endloop
  endfacet
  facet normal 0 0 1
    outer loop
      vertex 9.14445 -14.4873 3
      vertex 9.77045 -11.389 3
      vertex 9.68681 -11.3132 3
    endloop
  endfacet
  facet normal 0 0 1
    outer loop
      vertex 9.14445 -14.4873 3
      vertex 9.68681 -11.3132 3
      vertex 9.61102 -11.2295 3
    endloop
  endfacet
  facet normal 0 0 1
    outer loop
      vertex 9.14445 -14.4873 3
      vertex 9.61102 -11.2295 3
      vertex 9.54381 -11.1389 3
    endloop
  endfacet
  facet normal 0 0 1
    outer loop
      vertex 8.22627 -7.75166 3
      vertex 9.39951 -10.1662 3
      vertex 8.45323 -7.86824 3
    endloop
  endfacet
  facet normal 0 0 1
    outer loop
      vertex 9.14445 -14.4873 3
      vertex 9.35553 -10.6127 3
      vertex 9.34999 -10.5 3
    endloop
  endfacet
  facet normal 0 0 1
    outer loop
      vertex 9.14445 -14.4873 3
      vertex 9.37209 -10.7243 3
      vertex 9.35553 -10.6127 3
    endloop
  endfacet
  facet normal 0 0 1
    outer loop
      vertex 9.14445 -14.4873 3
      vertex 9.39951 -10.8338 3
      vertex 9.37209 -10.7243 3
    endloop
  endfacet
  facet normal 0 0 1
    outer loop
      vertex 9.14445 -14.4873 3
      vertex 9.43753 -10.9401 3
      vertex 9.39951 -10.8338 3
    endloop
  endfacet
  facet normal 0 0 1
    outer loop
      vertex 9.14445 -14.4873 3
      vertex 9.48578 -11.0421 3
      vertex 9.43753 -10.9401 3
    endloop
  endfacet
  facet normal 0 0 1
    outer loop
      vertex 9.14445 -14.4873 3
      vertex 9.54381 -11.1389 3
      vertex 9.48578 -11.0421 3
    endloop
  endfacet
  facet normal 0 0 1
    outer loop
      vertex 11.0421 -11.5142 3
      vertex 9.14999 -14.6 3
      vertex 9.14445 -14.7127 3
    endloop
  endfacet
  facet normal 0 0 1
    outer loop
      vertex 11.1389 -11.4562 3
      vertex 9.14445 -14.7127 3
      vertex 15.6 -19.6 3
    endloop
  endfacet
  facet normal -0 0 1
    outer loop
      vertex 9.1279 -14.8243 3
      vertex 15.6 -19.6 3
      vertex 9.14445 -14.7127 3
    endloop
  endfacet
  facet normal -0 0 1
    outer loop
      vertex 9.10048 -14.9338 3
      vertex 15.6 -19.6 3
      vertex 9.1279 -14.8243 3
    endloop
  endfacet
  facet normal -0 0 1
    outer loop
      vertex 9.06245 -15.0401 3
      vertex 15.6 -19.6 3
      vertex 9.10048 -14.9338 3
    endloop
  endfacet
  facet normal -0 0 1
    outer loop
      vertex 9.01421 -15.1421 3
      vertex 15.6 -19.6 3
      vertex 9.06245 -15.0401 3
    endloop
  endfacet
  facet normal -0 0 1
    outer loop
      vertex 8.95618 -15.2389 3
      vertex 15.6 -19.6 3
      vertex 9.01421 -15.1421 3
    endloop
  endfacet
  facet normal -0 0 1
    outer loop
      vertex 8.88896 -15.3295 3
      vertex 15.6 -19.6 3
      vertex 8.95618 -15.2389 3
    endloop
  endfacet
  facet normal -0 0 1
    outer loop
      vertex 8.81317 -15.4132 3
      vertex 15.6 -19.6 3
      vertex 8.88896 -15.3295 3
    endloop
  endfacet
  facet normal -0 0 1
    outer loop
      vertex 8.72954 -15.489 3
      vertex 15.6 -19.6 3
      vertex 8.81317 -15.4132 3
    endloop
  endfacet
  facet normal -0 0 1
    outer loop
      vertex 8.6389 -15.5562 3
      vertex 15.6 -19.6 3
      vertex 8.72954 -15.489 3
    endloop
  endfacet
  facet normal -0 0 1
    outer loop
      vertex 8.5421 -15.6142 3
      vertex 15.6 -19.6 3
      vertex 8.6389 -15.5562 3
    endloop
  endfacet
  facet normal -0 0 1
    outer loop
      vertex 8.44008 -15.6625 3
      vertex 15.6 -19.6 3
      vertex 8.5421 -15.6142 3
    endloop
  endfacet
  facet normal -0 0 1
    outer loop
      vertex 8.33382 -15.7005 3
      vertex 15.6 -19.6 3
      vertex 8.44008 -15.6625 3
    endloop
  endfacet
  facet normal -0 0 1
    outer loop
      vertex 8.22435 -15.7279 3
      vertex 15.6 -19.6 3
      vertex 8.33382 -15.7005 3
    endloop
  endfacet
  facet normal -0 0 1
    outer loop
      vertex 8.11272 -15.7445 3
      vertex 15.6 -19.6 3
      vertex 8.22435 -15.7279 3
    endloop
  endfacet
  facet normal -0 0 1
    outer loop
      vertex 8 -15.75 3
      vertex 15.6 -19.6 3
      vertex 8.11272 -15.7445 3
    endloop
  endfacet
  facet normal 0 0 1
    outer loop
      vertex 7.88727 -15.7445 3
      vertex 15.6 -19.6 3
      vertex 8 -15.75 3
    endloop
  endfacet
  facet normal 0 0 1
    outer loop
      vertex 7.77563 -15.7279 3
      vertex 15.6 -19.6 3
      vertex 7.88727 -15.7445 3
    endloop
  endfacet
  facet normal 0 0 1
    outer loop
      vertex 7.66617 -15.7005 3
      vertex 15.6 -19.6 3
      vertex 7.77563 -15.7279 3
    endloop
  endfacet
  facet normal 0 0 1
    outer loop
      vertex -7.66617 -15.7005 3
      vertex 7.66617 -15.7005 3
      vertex 7.55991 -15.6625 3
    endloop
  endfacet
  facet normal 0 0 1
    outer loop
      vertex -7.55991 -15.6625 3
      vertex 7.55991 -15.6625 3
      vertex 7.45789 -15.6142 3
    endloop
  endfacet
  facet normal 0 0 1
    outer loop
      vertex 7.27461 -4.2 3
      vertex 3.74161 -2.50006 3
      vertex 7.15802 -4.42696 3
    endloop
  endfacet
  facet normal -0 0 1
    outer loop
      vertex 3.18198 -3.18198 3
      vertex 6.99419 -4.90959 3
      vertex 3.47855 -2.85477 3
    endloop
  endfacet
  facet normal 0 0 1
    outer loop
      vertex 6.99419 -4.90959 3
      vertex 3.18198 -3.18198 3
      vertex 6.94852 -5.16063 3
    endloop
  endfacet
  facet normal -0 0 1
    outer loop
      vertex 2.85477 -3.47855 3
      vertex 6.94852 -5.16063 3
      vertex 3.18198 -3.18198 3
    endloop
  endfacet
  facet normal 0 0 1
    outer loop
      vertex 7.11102 -13.8704 3
      vertex 2.48804 -11.7547 3
      vertex 7.04381 -13.9611 3
    endloop
  endfacet
  facet normal 0 0 1
    outer loop
      vertex 7.04381 -13.9611 3
      vertex 2.48804 -11.7547 3
      vertex 6.98578 -14.0579 3
    endloop
  endfacet
  facet normal -0 0 1
    outer loop
      vertex 2.40208 -11.995 3
      vertex 6.98578 -14.0579 3
      vertex 2.48804 -11.7547 3
    endloop
  endfacet
  facet normal 0 0 1
    outer loop
      vertex 6.98578 -14.0579 3
      vertex 2.40208 -11.995 3
      vertex 6.93753 -14.1599 3
    endloop
  endfacet
  facet normal -0 0 1
    outer loop
      vertex 2.29298 -12.2256 3
      vertex 6.93753 -14.1599 3
      vertex 2.40208 -11.995 3
    endloop
  endfacet
  facet normal 0 0 1
    outer loop
      vertex 6.93753 -14.1599 3
      vertex 2.29298 -12.2256 3
      vertex 6.89951 -14.2662 3
    endloop
  endfacet
  facet normal 0 0 1
    outer loop
      vertex 6.94852 -5.16063 3
      vertex 2.85477 -3.47855 3
      vertex 6.92766 -5.41492 3
    endloop
  endfacet
  facet normal -0 0 1
    outer loop
      vertex 2.12128 -3.96864 3
      vertex 6.961 -5.92352 3
      vertex 2.50006 -3.74161 3
    endloop
  endfacet
  facet normal -0 0 1
    outer loop
      vertex 2.16182 -12.4445 3
      vertex 6.89951 -14.2662 3
      vertex 2.29298 -12.2256 3
    endloop
  endfacet
  facet normal 0 0 1
    outer loop
      vertex 6.89951 -14.2662 3
      vertex 2.16182 -12.4445 3
      vertex 6.87209 -14.3756 3
    endloop
  endfacet
  facet normal 0 0 1
    outer loop
      vertex 6.87209 -14.3756 3
      vertex 2.16182 -12.4445 3
      vertex 6.85553 -14.4873 3
    endloop
  endfacet
  facet normal -0 0 1
    outer loop
      vertex 2.00983 -12.6494 3
      vertex 6.85553 -14.4873 3
      vertex 2.16182 -12.4445 3
    endloop
  endfacet
  facet normal 0 0 1
    outer loop
      vertex 6.85553 -14.4873 3
      vertex 2.00983 -12.6494 3
      vertex 6.84999 -14.6 3
    endloop
  endfacet
  facet normal -0 0 1
    outer loop
      vertex 1.83847 -12.8385 3
      vertex 6.84999 -14.6 3
      vertex 2.00983 -12.6494 3
    endloop
  endfacet
  facet normal 0 0 1
    outer loop
      vertex 6.84999 -14.6 3
      vertex 1.83847 -12.8385 3
      vertex 6.85553 -14.7127 3
    endloop
  endfacet
  facet normal 0 0 1
    outer loop
      vertex 6.85553 -14.7127 3
      vertex 1.83847 -12.8385 3
      vertex 6.87209 -14.8243 3
    endloop
  endfacet
  facet normal -0 0 1
    outer loop
      vertex 1.64941 -13.0098 3
      vertex 6.87209 -14.8243 3
      vertex 1.83847 -12.8385 3
    endloop
  endfacet
  facet normal 0 0 1
    outer loop
      vertex 6.87209 -14.8243 3
      vertex 1.64941 -13.0098 3
      vertex 6.89951 -14.9338 3
    endloop
  endfacet
  facet normal -0 0 1
    outer loop
      vertex 1.44447 -13.1618 3
      vertex 6.89951 -14.9338 3
      vertex 1.64941 -13.0098 3
    endloop
  endfacet
  facet normal 0 0 1
    outer loop
      vertex 6.89951 -14.9338 3
      vertex 1.44447 -13.1618 3
      vertex 6.93753 -15.0401 3
    endloop
  endfacet
  facet normal -0 0 1
    outer loop
      vertex 1.22562 -13.293 3
      vertex 6.93753 -15.0401 3
      vertex 1.44447 -13.1618 3
    endloop
  endfacet
  facet normal 0 0 1
    outer loop
      vertex 6.93753 -15.0401 3
      vertex 1.22562 -13.293 3
      vertex 6.98578 -15.1421 3
    endloop
  endfacet
  facet normal -0 0 1
    outer loop
      vertex 0.994965 -13.4021 3
      vertex 6.98578 -15.1421 3
      vertex 1.22562 -13.293 3
    endloop
  endfacet
  facet normal 0 0 1
    outer loop
      vertex 6.98578 -15.1421 3
      vertex 0.994965 -13.4021 3
      vertex 7.04381 -15.2389 3
    endloop
  endfacet
  facet normal 0 0 1
    outer loop
      vertex 7.04381 -15.2389 3
      vertex 0.994965 -13.4021 3
      vertex 7.11102 -15.3295 3
    endloop
  endfacet
  facet normal -0 0 1
    outer loop
      vertex 0.75473 -13.488 3
      vertex 7.11102 -15.3295 3
      vertex 0.994965 -13.4021 3
    endloop
  endfacet
  facet normal 0 0 1
    outer loop
      vertex 7.11102 -15.3295 3
      vertex 0.75473 -13.488 3
      vertex 7.18681 -15.4132 3
    endloop
  endfacet
  facet normal -0 0 1
    outer loop
      vertex 0.507233 -13.55 3
      vertex 7.18681 -15.4132 3
      vertex 0.75473 -13.488 3
    endloop
  endfacet
  facet normal 0 0 1
    outer loop
      vertex 7.18681 -15.4132 3
      vertex 0.507233 -13.55 3
      vertex 7.27045 -15.489 3
    endloop
  endfacet
  facet normal -0 0 1
    outer loop
      vertex 0.254837 -13.5875 3
      vertex 7.27045 -15.489 3
      vertex 0.507233 -13.55 3
    endloop
  endfacet
  facet normal 0 0 1
    outer loop
      vertex 7.27045 -15.489 3
      vertex 0.254837 -13.5875 3
      vertex 7.36108 -15.5562 3
    endloop
  endfacet
  facet normal -0 0 1
    outer loop
      vertex 0 -13.6 3
      vertex 7.36108 -15.5562 3
      vertex 0.254837 -13.5875 3
    endloop
  endfacet
  facet normal 0 0 1
    outer loop
      vertex 7.36108 -15.5562 3
      vertex 0 -13.6 3
      vertex 7.45789 -15.6142 3
    endloop
  endfacet
  facet normal 0 0 1
    outer loop
      vertex 7.45789 -15.6142 3
      vertex 0 -13.6 3
      vertex -7.45789 -15.6142 3
    endloop
  endfacet
  facet normal 0 0 1
    outer loop
      vertex -7.36108 -15.5562 3
      vertex 0 -13.6 3
      vertex -0.254837 -13.5875 3
    endloop
  endfacet
  facet normal 0 0 1
    outer loop
      vertex -7.27045 -15.489 3
      vertex -0.254837 -13.5875 3
      vertex -0.507233 -13.55 3
    endloop
  endfacet
  facet normal 0 0 1
    outer loop
      vertex -7.18681 -15.4132 3
      vertex -0.507233 -13.55 3
      vertex -0.75473 -13.488 3
    endloop
  endfacet
  facet normal 0 0 1
    outer loop
      vertex -7.11102 -15.3295 3
      vertex -0.75473 -13.488 3
      vertex -0.994965 -13.4021 3
    endloop
  endfacet
  facet normal 0 0 1
    outer loop
      vertex -2.48804 -10.2453 3
      vertex -6.84999 -14.6 3
      vertex -2.55003 -10.4928 3
    endloop
  endfacet
  facet normal 0 0 1
    outer loop
      vertex -2.55003 -10.4928 3
      vertex -6.84999 -14.6 3
      vertex -2.58748 -10.7451 3
    endloop
  endfacet
  facet normal 0 0 1
    outer loop
      vertex -2.58748 -10.7451 3
      vertex -6.84999 -14.6 3
      vertex -2.59999 -11 3
    endloop
  endfacet
  facet normal 0 0 1
    outer loop
      vertex -6.84999 -14.6 3
      vertex -3.47855 -2.85477 3
      vertex -3.74161 -2.50006 3
    endloop
  endfacet
  facet normal 0 0 1
    outer loop
      vertex -6.84999 -14.6 3
      vertex -3.74161 -2.50006 3
      vertex -3.96864 -2.12128 3
    endloop
  endfacet
  facet normal 0 0 1
    outer loop
      vertex -2.59999 -11 3
      vertex -6.84999 -14.6 3
      vertex -2.58748 -11.2548 3
    endloop
  endfacet
  facet normal 0 0 1
    outer loop
      vertex -6.84999 -14.6 3
      vertex -3.96864 -2.12128 3
      vertex -4.15746 -1.72206 3
    endloop
  endfacet
  facet normal 0 0 1
    outer loop
      vertex -6.84999 -14.6 3
      vertex -4.15746 -1.72206 3
      vertex -4.30623 -1.30627 3
    endloop
  endfacet
  facet normal 0 0 1
    outer loop
      vertex -6.84999 -14.6 3
      vertex -4.30623 -1.30627 3
      vertex -4.41353 -0.877899 3
    endloop
  endfacet
  facet normal 0 0 1
    outer loop
      vertex -6.84999 -14.6 3
      vertex -4.47832 -0.441071 3
      vertex -4.5 0 3
    endloop
  endfacet
  facet normal 0 0 1
    outer loop
      vertex -6.84999 -14.6 3
      vertex -4.41353 -0.877899 3
      vertex -4.47832 -0.441071 3
    endloop
  endfacet
  facet normal 0 0 1
    outer loop
      vertex -2.58748 -11.2548 3
      vertex -6.84999 -14.6 3
      vertex -2.55003 -11.5072 3
    endloop
  endfacet
  facet normal 0 0 1
    outer loop
      vertex -6.84999 -14.6 3
      vertex -2.48804 -11.7547 3
      vertex -2.55003 -11.5072 3
    endloop
  endfacet
  facet normal 0 0 1
    outer loop
      vertex -6.84999 -14.6 3
      vertex -2.40208 -11.995 3
      vertex -2.48804 -11.7547 3
    endloop
  endfacet
  facet normal 0 0 1
    outer loop
      vertex -6.84999 -14.6 3
      vertex -2.29298 -12.2256 3
      vertex -2.40208 -11.995 3
    endloop
  endfacet
  facet normal 0 0 1
    outer loop
      vertex -6.84999 -14.6 3
      vertex -2.16182 -12.4445 3
      vertex -2.29298 -12.2256 3
    endloop
  endfacet
  facet normal 0 0 1
    outer loop
      vertex -6.84999 -14.6 3
      vertex -2.00983 -12.6494 3
      vertex -2.16182 -12.4445 3
    endloop
  endfacet
  facet normal 0 0 1
    outer loop
      vertex -6.84999 -14.6 3
      vertex -1.83847 -12.8385 3
      vertex -2.00983 -12.6494 3
    endloop
  endfacet
  facet normal 0 0 1
    outer loop
      vertex -6.85553 -14.7127 3
      vertex -1.83847 -12.8385 3
      vertex -6.84999 -14.6 3
    endloop
  endfacet
  facet normal 0 0 1
    outer loop
      vertex -1.83847 -12.8385 3
      vertex -6.85553 -14.7127 3
      vertex -1.64941 -13.0098 3
    endloop
  endfacet
  facet normal 0 0 1
    outer loop
      vertex -6.87209 -14.8243 3
      vertex -1.64941 -13.0098 3
      vertex -6.85553 -14.7127 3
    endloop
  endfacet
  facet normal 0 0 1
    outer loop
      vertex -6.89951 -14.9338 3
      vertex -1.64941 -13.0098 3
      vertex -6.87209 -14.8243 3
    endloop
  endfacet
  facet normal 0 0 1
    outer loop
      vertex -1.64941 -13.0098 3
      vertex -6.89951 -14.9338 3
      vertex -1.44447 -13.1618 3
    endloop
  endfacet
  facet normal 0 0 1
    outer loop
      vertex -6.93753 -15.0401 3
      vertex -1.44447 -13.1618 3
      vertex -6.89951 -14.9338 3
    endloop
  endfacet
  facet normal 0 0 1
    outer loop
      vertex -1.44447 -13.1618 3
      vertex -6.93753 -15.0401 3
      vertex -1.22562 -13.293 3
    endloop
  endfacet
  facet normal 0 0 1
    outer loop
      vertex -6.98578 -15.1421 3
      vertex -1.22562 -13.293 3
      vertex -6.93753 -15.0401 3
    endloop
  endfacet
  facet normal 0 0 1
    outer loop
      vertex -1.22562 -13.293 3
      vertex -6.98578 -15.1421 3
      vertex -0.994965 -13.4021 3
    endloop
  endfacet
  facet normal 0 0 1
    outer loop
      vertex -7.04381 -15.2389 3
      vertex -0.994965 -13.4021 3
      vertex -6.98578 -15.1421 3
    endloop
  endfacet
  facet normal 0 0 1
    outer loop
      vertex -7.11102 -15.3295 3
      vertex -0.994965 -13.4021 3
      vertex -7.04381 -15.2389 3
    endloop
  endfacet
  facet normal 0 0 1
    outer loop
      vertex -0.75473 -13.488 3
      vertex -7.11102 -15.3295 3
      vertex -7.18681 -15.4132 3
    endloop
  endfacet
  facet normal 0 0 1
    outer loop
      vertex -0.507233 -13.55 3
      vertex -7.18681 -15.4132 3
      vertex -7.27045 -15.489 3
    endloop
  endfacet
  facet normal 0 0 1
    outer loop
      vertex -0.254837 -13.5875 3
      vertex -7.27045 -15.489 3
      vertex -7.36108 -15.5562 3
    endloop
  endfacet
  facet normal 0 0 1
    outer loop
      vertex 0 -13.6 3
      vertex -7.36108 -15.5562 3
      vertex -7.45789 -15.6142 3
    endloop
  endfacet
  facet normal 0 0 1
    outer loop
      vertex -7.55991 -15.6625 3
      vertex 7.45789 -15.6142 3
      vertex -7.45789 -15.6142 3
    endloop
  endfacet
  facet normal 0 0 1
    outer loop
      vertex 7.55991 -15.6625 3
      vertex -7.55991 -15.6625 3
      vertex -7.66617 -15.7005 3
    endloop
  endfacet
  facet normal 0 0 1
    outer loop
      vertex 7.66617 -15.7005 3
      vertex -7.66617 -15.7005 3
      vertex 15.6 -19.6 3
    endloop
  endfacet
  facet normal 0 0 1
    outer loop
      vertex -15.6 -19.6 3
      vertex -7.66617 -15.7005 3
      vertex -7.77563 -15.7279 3
    endloop
  endfacet
  facet normal 0 0 1
    outer loop
      vertex -15.6 -19.6 3
      vertex -7.77563 -15.7279 3
      vertex -7.88727 -15.7445 3
    endloop
  endfacet
  facet normal 0 0 1
    outer loop
      vertex -15.6 -19.6 3
      vertex -7.88727 -15.7445 3
      vertex -8 -15.75 3
    endloop
  endfacet
  facet normal 0 0 1
    outer loop
      vertex -15.6 -19.6 3
      vertex -8 -15.75 3
      vertex -8.11272 -15.7445 3
    endloop
  endfacet
  facet normal 0 0 1
    outer loop
      vertex -15.6 -19.6 3
      vertex -8.11272 -15.7445 3
      vertex -8.22435 -15.7279 3
    endloop
  endfacet
  facet normal 0 0 1
    outer loop
      vertex -8.22435 -13.4721 3
      vertex -9.61102 -11.2295 3
      vertex -8.33382 -13.4995 3
    endloop
  endfacet
  facet normal -0 0 1
    outer loop
      vertex -9.95789 -11.5142 3
      vertex -8.6389 -13.6438 3
      vertex -9.86108 -11.4562 3
    endloop
  endfacet
  facet normal 0 0 1
    outer loop
      vertex -8.6389 -13.6438 3
      vertex -9.95789 -11.5142 3
      vertex -8.72954 -13.711 3
    endloop
  endfacet
  facet normal -0 0 1
    outer loop
      vertex -10.0599 -11.5625 3
      vertex -8.72954 -13.711 3
      vertex -9.95789 -11.5142 3
    endloop
  endfacet
  facet normal 0 0 1
    outer loop
      vertex -8.72954 -13.711 3
      vertex -10.0599 -11.5625 3
      vertex -8.81317 -13.7868 3
    endloop
  endfacet
  facet normal -0 0 1
    outer loop
      vertex -10.1662 -11.6005 3
      vertex -8.81317 -13.7868 3
      vertex -10.0599 -11.5625 3
    endloop
  endfacet
  facet normal 0 0 1
    outer loop
      vertex -8.81317 -13.7868 3
      vertex -10.1662 -11.6005 3
      vertex -8.88896 -13.8704 3
    endloop
  endfacet
  facet normal -0 0 1
    outer loop
      vertex -10.2756 -11.6279 3
      vertex -8.88896 -13.8704 3
      vertex -10.1662 -11.6005 3
    endloop
  endfacet
  facet normal 0 0 1
    outer loop
      vertex -8.88896 -13.8704 3
      vertex -10.2756 -11.6279 3
      vertex -8.95618 -13.9611 3
    endloop
  endfacet
  facet normal -0 0 1
    outer loop
      vertex -10.3873 -11.6445 3
      vertex -8.95618 -13.9611 3
      vertex -10.2756 -11.6279 3
    endloop
  endfacet
  facet normal 0 0 1
    outer loop
      vertex -8.95618 -13.9611 3
      vertex -10.3873 -11.6445 3
      vertex -9.01421 -14.0579 3
    endloop
  endfacet
  facet normal -0 0 1
    outer loop
      vertex -10.5 -11.65 3
      vertex -9.01421 -14.0579 3
      vertex -10.3873 -11.6445 3
    endloop
  endfacet
  facet normal 0 0 1
    outer loop
      vertex -9.01421 -14.0579 3
      vertex -10.5 -11.65 3
      vertex -9.06245 -14.1599 3
    endloop
  endfacet
  facet normal 0 0 1
    outer loop
      vertex -10.6127 -11.6445 3
      vertex -9.06245 -14.1599 3
      vertex -10.5 -11.65 3
    endloop
  endfacet
  facet normal 0 0 1
    outer loop
      vertex -9.06245 -14.1599 3
      vertex -10.6127 -11.6445 3
      vertex -9.10048 -14.2662 3
    endloop
  endfacet
  facet normal 0 0 1
    outer loop
      vertex -10.7243 -11.6279 3
      vertex -9.10048 -14.2662 3
      vertex -10.6127 -11.6445 3
    endloop
  endfacet
  facet normal 0 0 1
    outer loop
      vertex -9.10048 -14.2662 3
      vertex -10.7243 -11.6279 3
      vertex -9.1279 -14.3756 3
    endloop
  endfacet
  facet normal 0 0 1
    outer loop
      vertex -10.8338 -11.6005 3
      vertex -9.1279 -14.3756 3
      vertex -10.7243 -11.6279 3
    endloop
  endfacet
  facet normal 0 0 1
    outer loop
      vertex -9.1279 -14.3756 3
      vertex -10.8338 -11.6005 3
      vertex -9.14445 -14.4873 3
    endloop
  endfacet
  facet normal 0 0 1
    outer loop
      vertex -10.9401 -11.5625 3
      vertex -9.14445 -14.4873 3
      vertex -10.8338 -11.6005 3
    endloop
  endfacet
  facet normal 0 0 1
    outer loop
      vertex -9.14445 -14.4873 3
      vertex -10.9401 -11.5625 3
      vertex -9.14999 -14.6 3
    endloop
  endfacet
  facet normal 0 0 1
    outer loop
      vertex -11.0421 -11.5142 3
      vertex -9.14999 -14.6 3
      vertex -10.9401 -11.5625 3
    endloop
  endfacet
  facet normal 0 0 1
    outer loop
      vertex -9.14999 -14.6 3
      vertex -11.0421 -11.5142 3
      vertex -9.14445 -14.7127 3
    endloop
  endfacet
  facet normal 0 0 1
    outer loop
      vertex -11.1389 -11.4562 3
      vertex -9.14445 -14.7127 3
      vertex -11.0421 -11.5142 3
    endloop
  endfacet
  facet normal 0 0 1
    outer loop
      vertex -15.6 -19.6 3
      vertex -9.14445 -14.7127 3
      vertex -11.1389 -11.4562 3
    endloop
  endfacet
  facet normal 0 0 1
    outer loop
      vertex -9.14445 -14.7127 3
      vertex -15.6 -19.6 3
      vertex -9.1279 -14.8243 3
    endloop
  endfacet
  facet normal 0 0 1
    outer loop
      vertex -9.1279 -14.8243 3
      vertex -15.6 -19.6 3
      vertex -9.10048 -14.9338 3
    endloop
  endfacet
  facet normal 0 0 1
    outer loop
      vertex -9.10048 -14.9338 3
      vertex -15.6 -19.6 3
      vertex -9.06245 -15.0401 3
    endloop
  endfacet
  facet normal 0 0 1
    outer loop
      vertex -15.6 -19.6 3
      vertex -11.1389 -11.4562 3
      vertex -11.2295 -11.389 3
    endloop
  endfacet
  facet normal 0 0 1
    outer loop
      vertex -15.6 -19.6 3
      vertex -11.2295 -11.389 3
      vertex -11.3132 -11.3132 3
    endloop
  endfacet
  facet normal 0 0 1
    outer loop
      vertex -9.06245 -15.0401 3
      vertex -15.6 -19.6 3
      vertex -9.01421 -15.1421 3
    endloop
  endfacet
  facet normal 0 0 1
    outer loop
      vertex -19.6 -15.6 3
      vertex -11.3132 -11.3132 3
      vertex -11.389 -11.2295 3
    endloop
  endfacet
  facet normal 0 0 1
    outer loop
      vertex -19.6 -15.6 3
      vertex -11.389 -11.2295 3
      vertex -11.4562 -11.1389 3
    endloop
  endfacet
  facet normal 0 0 1
    outer loop
      vertex -19.6 -15.6 3
      vertex -11.6279 -10.2756 3
      vertex -11.9883 -6.33574 3
    endloop
  endfacet
  facet normal 0 0 1
    outer loop
      vertex -11.6279 -10.2756 3
      vertex -19.6 -15.6 3
      vertex -11.6445 -10.3873 3
    endloop
  endfacet
  facet normal 0 0 1
    outer loop
      vertex -11.6445 -10.3873 3
      vertex -19.6 -15.6 3
      vertex -11.65 -10.5 3
    endloop
  endfacet
  facet normal 0 0 1
    outer loop
      vertex -19.6 -15.6 3
      vertex -11.9883 -6.33574 3
      vertex -12.0583 -6.09039 3
    endloop
  endfacet
  facet normal 0 0 1
    outer loop
      vertex -19.6 -15.6 3
      vertex -12.0583 -6.09039 3
      vertex -12.104 -5.83936 3
    endloop
  endfacet
  facet normal 0 0 1
    outer loop
      vertex -12.0915 -5.07646 3
      vertex -19.6 -15.6 3
      vertex -12.1207 -5.32994 3
    endloop
  endfacet
  facet normal 0 0 1
    outer loop
      vertex -12.1207 -5.32994 3
      vertex -19.6 -15.6 3
      vertex -12.1249 -5.58507 3
    endloop
  endfacet
  facet normal 0 0 1
    outer loop
      vertex -7.66617 -15.7005 3
      vertex -15.6 -19.6 3
      vertex 15.6 -19.6 3
    endloop
  endfacet
  facet normal 0 0 1
    outer loop
      vertex -8.33382 -15.7005 3
      vertex -15.6 -19.6 3
      vertex -8.22435 -15.7279 3
    endloop
  endfacet
  facet normal 0 0 1
    outer loop
      vertex -8.44008 -15.6625 3
      vertex -15.6 -19.6 3
      vertex -8.33382 -15.7005 3
    endloop
  endfacet
  facet normal 0 0 1
    outer loop
      vertex -8.5421 -15.6142 3
      vertex -15.6 -19.6 3
      vertex -8.44008 -15.6625 3
    endloop
  endfacet
  facet normal 0 0 1
    outer loop
      vertex -8.6389 -15.5562 3
      vertex -15.6 -19.6 3
      vertex -8.5421 -15.6142 3
    endloop
  endfacet
  facet normal 0 0 1
    outer loop
      vertex -8.72954 -15.489 3
      vertex -15.6 -19.6 3
      vertex -8.6389 -15.5562 3
    endloop
  endfacet
  facet normal 0 0 1
    outer loop
      vertex -8.81317 -15.4132 3
      vertex -15.6 -19.6 3
      vertex -8.72954 -15.489 3
    endloop
  endfacet
  facet normal 0 0 1
    outer loop
      vertex -8.88896 -15.3295 3
      vertex -15.6 -19.6 3
      vertex -8.81317 -15.4132 3
    endloop
  endfacet
  facet normal 0 0 1
    outer loop
      vertex -8.95618 -15.2389 3
      vertex -15.6 -19.6 3
      vertex -8.88896 -15.3295 3
    endloop
  endfacet
  facet normal 0 0 1
    outer loop
      vertex -9.01421 -15.1421 3
      vertex -15.6 -19.6 3
      vertex -8.95618 -15.2389 3
    endloop
  endfacet
  facet normal 0 0 1
    outer loop
      vertex -19.6 -15.6 3
      vertex -11.4562 -11.1389 3
      vertex -11.5142 -11.0421 3
    endloop
  endfacet
  facet normal 0 0 1
    outer loop
      vertex -19.6 -15.6 3
      vertex -11.5142 -11.0421 3
      vertex -11.5625 -10.9401 3
    endloop
  endfacet
  facet normal 0 0 1
    outer loop
      vertex -19.6 -15.6 3
      vertex -11.5625 -10.9401 3
      vertex -11.6005 -10.8338 3
    endloop
  endfacet
  facet normal 0 0 1
    outer loop
      vertex -19.6 -15.6 3
      vertex -11.6005 -10.8338 3
      vertex -11.6279 -10.7243 3
    endloop
  endfacet
  facet normal 0 0 1
    outer loop
      vertex -19.6 -15.6 3
      vertex -11.6279 -10.7243 3
      vertex -11.6445 -10.6127 3
    endloop
  endfacet
  facet normal 0 0 1
    outer loop
      vertex -12.1249 -5.58507 3
      vertex -19.6 -15.6 3
      vertex -12.104 -5.83936 3
    endloop
  endfacet
  facet normal 0 0 1
    outer loop
      vertex -19.6 15.6 3
      vertex -15.6 19.6 3
      vertex -15.9921 19.5807 3
    endloop
  endfacet
  facet normal 0 0 1
    outer loop
      vertex -11.65 -10.5 3
      vertex -19.6 -15.6 3
      vertex -11.6445 -10.6127 3
    endloop
  endfacet
  facet normal 0 0 1
    outer loop
      vertex -19.6 15.6 3
      vertex -15.9921 19.5807 3
      vertex -16.3804 19.5231 3
    endloop
  endfacet
  facet normal 0 0 1
    outer loop
      vertex -11.3132 -11.3132 3
      vertex -19.6 -15.6 3
      vertex -15.6 -19.6 3
    endloop
  endfacet
  facet normal 0 0 1
    outer loop
      vertex -19.6 15.6 3
      vertex -16.3804 19.5231 3
      vertex -16.7611 19.4277 3
    endloop
  endfacet
  facet normal 0 0 1
    outer loop
      vertex -15.6 -19.6 3
      vertex -19.6 -15.6 3
      vertex -15.9921 -19.5807 3
    endloop
  endfacet
  facet normal 0 0 1
    outer loop
      vertex -19.6 15.6 3
      vertex -16.7611 19.4277 3
      vertex -17.1307 19.2955 3
    endloop
  endfacet
  facet normal 0 0 1
    outer loop
      vertex -15.9921 -19.5807 3
      vertex -19.6 -15.6 3
      vertex -16.3804 -19.5231 3
    endloop
  endfacet
  facet normal 0 0 1
    outer loop
      vertex -19.6 15.6 3
      vertex -17.1307 19.2955 3
      vertex -17.4856 19.1277 3
    endloop
  endfacet
  facet normal 0 0 1
    outer loop
      vertex -16.3804 -19.5231 3
      vertex -19.6 -15.6 3
      vertex -16.7611 -19.4277 3
    endloop
  endfacet
  facet normal 0 0 1
    outer loop
      vertex -19.6 15.6 3
      vertex -17.4856 19.1277 3
      vertex -17.8223 18.9259 3
    endloop
  endfacet
  facet normal 0 0 1
    outer loop
      vertex -16.7611 -19.4277 3
      vertex -19.6 -15.6 3
      vertex -17.1307 -19.2955 3
    endloop
  endfacet
  facet normal 0 0 1
    outer loop
      vertex -19.6 15.6 3
      vertex -17.8223 18.9259 3
      vertex -18.1376 18.692 3
    endloop
  endfacet
  facet normal 0 0 1
    outer loop
      vertex -17.1307 -19.2955 3
      vertex -19.6 -15.6 3
      vertex -17.4856 -19.1277 3
    endloop
  endfacet
  facet normal 0 0 1
    outer loop
      vertex -19.6 15.6 3
      vertex -18.1376 18.692 3
      vertex -18.4284 18.4284 3
    endloop
  endfacet
  facet normal 0 0 1
    outer loop
      vertex -17.4856 -19.1277 3
      vertex -19.6 -15.6 3
      vertex -17.8223 -18.9259 3
    endloop
  endfacet
  facet normal 0 0 1
    outer loop
      vertex -19.6 15.6 3
      vertex -18.4284 18.4284 3
      vertex -18.692 18.1376 3
    endloop
  endfacet
  facet normal 0 0 1
    outer loop
      vertex -17.8223 -18.9259 3
      vertex -19.6 -15.6 3
      vertex -18.1376 -18.692 3
    endloop
  endfacet
  facet normal 0 0 1
    outer loop
      vertex -19.6 15.6 3
      vertex -18.692 18.1376 3
      vertex -18.9259 17.8223 3
    endloop
  endfacet
  facet normal 0 0 1
    outer loop
      vertex -18.1376 -18.692 3
      vertex -19.6 -15.6 3
      vertex -18.4284 -18.4284 3
    endloop
  endfacet
  facet normal 0 0 1
    outer loop
      vertex -19.6 15.6 3
      vertex -18.9259 17.8223 3
      vertex -19.1277 17.4856 3
    endloop
  endfacet
  facet normal 0 0 1
    outer loop
      vertex -18.4284 -18.4284 3
      vertex -19.6 -15.6 3
      vertex -18.692 -18.1376 3
    endloop
  endfacet
  facet normal 0 0 1
    outer loop
      vertex -19.6 15.6 3
      vertex -19.1277 17.4856 3
      vertex -19.2955 17.1307 3
    endloop
  endfacet
  facet normal 0 0 1
    outer loop
      vertex -18.692 -18.1376 3
      vertex -19.6 -15.6 3
      vertex -18.9259 -17.8223 3
    endloop
  endfacet
  facet normal 0 0 1
    outer loop
      vertex -19.6 15.6 3
      vertex -19.2955 17.1307 3
      vertex -19.4277 16.7611 3
    endloop
  endfacet
  facet normal 0 0 1
    outer loop
      vertex -18.9259 -17.8223 3
      vertex -19.6 -15.6 3
      vertex -19.1277 -17.4856 3
    endloop
  endfacet
  facet normal 0 0 1
    outer loop
      vertex -19.6 15.6 3
      vertex -19.4277 16.7611 3
      vertex -19.5231 16.3804 3
    endloop
  endfacet
  facet normal 0 0 1
    outer loop
      vertex -19.1277 -17.4856 3
      vertex -19.6 -15.6 3
      vertex -19.2955 -17.1307 3
    endloop
  endfacet
  facet normal 0 0 1
    outer loop
      vertex -19.6 15.6 3
      vertex -19.5231 16.3804 3
      vertex -19.5807 15.9921 3
    endloop
  endfacet
  facet normal 0 0 1
    outer loop
      vertex -19.2955 -17.1307 3
      vertex -19.6 -15.6 3
      vertex -19.4277 -16.7611 3
    endloop
  endfacet
  facet normal 0 0 1
    outer loop
      vertex -19.4277 -16.7611 3
      vertex -19.6 -15.6 3
      vertex -19.5231 -16.3804 3
    endloop
  endfacet
  facet normal 0 0 1
    outer loop
      vertex -19.5231 -16.3804 3
      vertex -19.6 -15.6 3
      vertex -19.5807 -15.9921 3
    endloop
  endfacet
  facet normal 0 0 1
    outer loop
      vertex 11.9883 6.33574 3
      vertex 11.6279 10.2756 3
      vertex 11.8945 6.57303 3
    endloop
  endfacet
  facet normal -0 0 1
    outer loop
      vertex 11.6005 10.1662 3
      vertex 11.8945 6.57303 3
      vertex 11.6279 10.2756 3
    endloop
  endfacet
  facet normal 0 0 1
    outer loop
      vertex 11.8945 6.57303 3
      vertex 11.6005 10.1662 3
      vertex 11.7779 6.79999 3
    endloop
  endfacet
  facet normal -0 0 1
    outer loop
      vertex 11.5625 10.0599 3
      vertex 11.7779 6.79999 3
      vertex 11.6005 10.1662 3
    endloop
  endfacet
  facet normal -0 0 1
    outer loop
      vertex 11.5142 9.95789 3
      vertex 11.7779 6.79999 3
      vertex 11.5625 10.0599 3
    endloop
  endfacet
  facet normal 0 0 1
    outer loop
      vertex 11.7779 6.79999 3
      vertex 11.5142 9.95789 3
      vertex 11.6397 7.01443 3
    endloop
  endfacet
  facet normal -0 0 1
    outer loop
      vertex 11.4562 9.86108 3
      vertex 11.6397 7.01443 3
      vertex 11.5142 9.95789 3
    endloop
  endfacet
  facet normal 0 0 1
    outer loop
      vertex 11.6397 7.01443 3
      vertex 11.4562 9.86108 3
      vertex 11.481 7.21429 3
    endloop
  endfacet
  facet normal -0 0 1
    outer loop
      vertex 11.389 9.77045 3
      vertex 11.481 7.21429 3
      vertex 11.4562 9.86108 3
    endloop
  endfacet
  facet normal -0 0 1
    outer loop
      vertex 11.3132 9.68681 3
      vertex 11.481 7.21429 3
      vertex 11.389 9.77045 3
    endloop
  endfacet
  facet normal 0 0 1
    outer loop
      vertex 11.3132 9.68681 3
      vertex 11.3036 7.39764 3
      vertex 11.481 7.21429 3
    endloop
  endfacet
  facet normal -0 0 1
    outer loop
      vertex 11.2295 9.61102 3
      vertex 11.3036 7.39764 3
      vertex 11.3132 9.68681 3
    endloop
  endfacet
  facet normal 0 0 1
    outer loop
      vertex 11.1091 7.56271 3
      vertex 11.2295 9.61102 3
      vertex 11.1389 9.54381 3
    endloop
  endfacet
  facet normal 0 0 1
    outer loop
      vertex 11.2295 9.61102 3
      vertex 11.1091 7.56271 3
      vertex 11.3036 7.39764 3
    endloop
  endfacet
  facet normal -0 0 1
    outer loop
      vertex 11.0421 9.48578 3
      vertex 11.1091 7.56271 3
      vertex 11.1389 9.54381 3
    endloop
  endfacet
  facet normal 0 0 1
    outer loop
      vertex 10.8992 7.70792 3
      vertex 11.0421 9.48578 3
      vertex 10.9401 9.43753 3
    endloop
  endfacet
  facet normal 0 0 1
    outer loop
      vertex 11.0421 9.48578 3
      vertex 10.8992 7.70792 3
      vertex 11.1091 7.56271 3
    endloop
  endfacet
  facet normal 0 0 1
    outer loop
      vertex 10.6762 7.83186 3
      vertex 10.9401 9.43753 3
      vertex 10.8338 9.39951 3
    endloop
  endfacet
  facet normal 0 0 1
    outer loop
      vertex 10.6762 7.83186 3
      vertex 10.8338 9.39951 3
      vertex 10.7243 9.37209 3
    endloop
  endfacet
  facet normal 0 0 1
    outer loop
      vertex 10.9401 9.43753 3
      vertex 10.6762 7.83186 3
      vertex 10.8992 7.70792 3
    endloop
  endfacet
  facet normal 0 0 1
    outer loop
      vertex 10.4421 7.93335 3
      vertex 10.7243 9.37209 3
      vertex 10.6127 9.35553 3
    endloop
  endfacet
  facet normal 0 0 1
    outer loop
      vertex 10.4421 7.93335 3
      vertex 10.6127 9.35553 3
      vertex 10.5 9.34999 3
    endloop
  endfacet
  facet normal 0 0 1
    outer loop
      vertex 10.7243 9.37209 3
      vertex 10.4421 7.93335 3
      vertex 10.6762 7.83186 3
    endloop
  endfacet
  facet normal 0 0 1
    outer loop
      vertex 10.1992 8.0114 3
      vertex 10.5 9.34999 3
      vertex 10.3873 9.35553 3
    endloop
  endfacet
  facet normal 0 0 1
    outer loop
      vertex 10.1992 8.0114 3
      vertex 10.3873 9.35553 3
      vertex 10.2756 9.37209 3
    endloop
  endfacet
  facet normal 0 0 1
    outer loop
      vertex 10.5 9.34999 3
      vertex 10.1992 8.0114 3
      vertex 10.4421 7.93335 3
    endloop
  endfacet
  facet normal 0 0 1
    outer loop
      vertex 9.9498 8.06526 3
      vertex 10.2756 9.37209 3
      vertex 10.1662 9.39951 3
    endloop
  endfacet
  facet normal 0 0 1
    outer loop
      vertex 9.69632 8.09442 3
      vertex 10.1662 9.39951 3
      vertex 10.0599 9.43753 3
    endloop
  endfacet
  facet normal 0 0 1
    outer loop
      vertex 9.69632 8.09442 3
      vertex 10.0599 9.43753 3
      vertex 9.95789 9.48578 3
    endloop
  endfacet
  facet normal 0 0 1
    outer loop
      vertex 10.2756 9.37209 3
      vertex 9.9498 8.06526 3
      vertex 10.1992 8.0114 3
    endloop
  endfacet
  facet normal 0 0 1
    outer loop
      vertex 9.44121 8.0986 3
      vertex 9.95789 9.48578 3
      vertex 9.86108 9.54381 3
    endloop
  endfacet
  facet normal 0 0 1
    outer loop
      vertex 9.44121 8.0986 3
      vertex 9.86108 9.54381 3
      vertex 9.77045 9.61102 3
    endloop
  endfacet
  facet normal 0 0 1
    outer loop
      vertex 10.1662 9.39951 3
      vertex 9.69632 8.09442 3
      vertex 9.9498 8.06526 3
    endloop
  endfacet
  facet normal 0 0 1
    outer loop
      vertex 9.1869 8.07774 3
      vertex 9.77045 9.61102 3
      vertex 9.68681 9.68681 3
    endloop
  endfacet
  facet normal 0 0 1
    outer loop
      vertex 9.1869 8.07774 3
      vertex 9.68681 9.68681 3
      vertex 9.61102 9.77045 3
    endloop
  endfacet
  facet normal 0 0 1
    outer loop
      vertex 9.1869 8.07774 3
      vertex 9.61102 9.77045 3
      vertex 9.54381 9.86108 3
    endloop
  endfacet
  facet normal 0 0 1
    outer loop
      vertex 9.1869 8.07774 3
      vertex 9.54381 9.86108 3
      vertex 9.48578 9.95789 3
    endloop
  endfacet
  facet normal 0 0 1
    outer loop
      vertex 9.95789 9.48578 3
      vertex 9.44121 8.0986 3
      vertex 9.69632 8.09442 3
    endloop
  endfacet
  facet normal 0 0 1
    outer loop
      vertex 9.1869 8.07774 3
      vertex 9.48578 9.95789 3
      vertex 9.43753 10.0599 3
    endloop
  endfacet
  facet normal 0 0 1
    outer loop
      vertex 9.1869 8.07774 3
      vertex 9.43753 10.0599 3
      vertex 9.39951 10.1662 3
    endloop
  endfacet
  facet normal 0 0 1
    outer loop
      vertex 9.1869 8.07774 3
      vertex 9.39951 10.1662 3
      vertex 9.37209 10.2756 3
    endloop
  endfacet
  facet normal 0 0 1
    outer loop
      vertex 9.1869 8.07774 3
      vertex 9.37209 10.2756 3
      vertex 9.35553 10.3873 3
    endloop
  endfacet
  facet normal 0 0 1
    outer loop
      vertex 9.1869 8.07774 3
      vertex 9.35553 10.3873 3
      vertex 9.34999 10.5 3
    endloop
  endfacet
  facet normal 0 0 1
    outer loop
      vertex 9.77045 9.61102 3
      vertex 9.1869 8.07774 3
      vertex 9.44121 8.0986 3
    endloop
  endfacet
  facet normal 0.904044 0.42744 0
    outer loop
      vertex 19.2955 17.1307 3
      vertex 19.1277 17.4856 0
      vertex 19.1277 17.4856 3
    endloop
  endfacet
  facet normal 0.904044 0.42744 0
    outer loop
      vertex 19.1277 17.4856 0
      vertex 19.2955 17.1307 3
      vertex 19.2955 17.1307 0
    endloop
  endfacet
  facet normal 0.595794 -0.803137 0
    outer loop
      vertex 17.8223 -18.9259 0
      vertex 18.1376 -18.692 3
      vertex 17.8223 -18.9259 3
    endloop
  endfacet
  facet normal 0.595794 -0.803137 0
    outer loop
      vertex 18.1376 -18.692 3
      vertex 17.8223 -18.9259 0
      vertex 18.1376 -18.692 0
    endloop
  endfacet
  facet normal 0.336788 0.94158 -0
    outer loop
      vertex 17.1307 19.2955 0
      vertex 16.7611 19.4277 3
      vertex 17.1307 19.2955 3
    endloop
  endfacet
  facet normal 0.336788 0.94158 0
    outer loop
      vertex 16.7611 19.4277 3
      vertex 17.1307 19.2955 0
      vertex 16.7611 19.4277 0
    endloop
  endfacet
  facet normal -0.740908 0.671607 0
    outer loop
      vertex -18.692 18.1376 0
      vertex -18.4284 18.4284 3
      vertex -18.4284 18.4284 0
    endloop
  endfacet
  facet normal -0.740908 0.671607 0
    outer loop
      vertex -18.4284 18.4284 3
      vertex -18.692 18.1376 0
      vertex -18.692 18.1376 3
    endloop
  endfacet
  facet normal -0.989176 0.146733 0
    outer loop
      vertex -19.5807 15.9921 0
      vertex -19.5231 16.3804 3
      vertex -19.5231 16.3804 0
    endloop
  endfacet
  facet normal -0.989176 0.146733 0
    outer loop
      vertex -19.5231 16.3804 3
      vertex -19.5807 15.9921 0
      vertex -19.5807 15.9921 3
    endloop
  endfacet
  facet normal -0.970007 -0.243075 0
    outer loop
      vertex -19.4277 -16.7611 0
      vertex -19.5231 -16.3804 3
      vertex -19.5231 -16.3804 0
    endloop
  endfacet
  facet normal -0.970007 -0.243075 0
    outer loop
      vertex -19.5231 -16.3804 3
      vertex -19.4277 -16.7611 0
      vertex -19.4277 -16.7611 3
    endloop
  endfacet
  facet normal 0.42744 0.904044 -0
    outer loop
      vertex 17.4856 19.1277 0
      vertex 17.1307 19.2955 3
      vertex 17.4856 19.1277 3
    endloop
  endfacet
  facet normal 0.42744 0.904044 0
    outer loop
      vertex 17.1307 19.2955 3
      vertex 17.4856 19.1277 0
      vertex 17.1307 19.2955 0
    endloop
  endfacet
  facet normal 0.671607 0.740908 -0
    outer loop
      vertex 18.4284 18.4284 0
      vertex 18.1376 18.692 3
      vertex 18.4284 18.4284 3
    endloop
  endfacet
  facet normal 0.671607 0.740908 0
    outer loop
      vertex 18.1376 18.692 3
      vertex 18.4284 18.4284 0
      vertex 18.1376 18.692 0
    endloop
  endfacet
  facet normal -0.595794 0.803137 0
    outer loop
      vertex -17.8223 18.9259 0
      vertex -18.1376 18.692 3
      vertex -17.8223 18.9259 3
    endloop
  endfacet
  facet normal -0.595794 0.803137 0
    outer loop
      vertex -18.1376 18.692 3
      vertex -17.8223 18.9259 0
      vertex -18.1376 18.692 0
    endloop
  endfacet
  facet normal -0.336788 0.94158 0
    outer loop
      vertex -16.7611 19.4277 0
      vertex -17.1307 19.2955 3
      vertex -16.7611 19.4277 3
    endloop
  endfacet
  facet normal -0.336788 0.94158 0
    outer loop
      vertex -17.1307 19.2955 3
      vertex -16.7611 19.4277 0
      vertex -17.1307 19.2955 0
    endloop
  endfacet
  facet normal 0.671607 -0.740908 0
    outer loop
      vertex 18.1376 -18.692 0
      vertex 18.4284 -18.4284 3
      vertex 18.1376 -18.692 3
    endloop
  endfacet
  facet normal 0.671607 -0.740908 0
    outer loop
      vertex 18.4284 -18.4284 3
      vertex 18.1376 -18.692 0
      vertex 18.4284 -18.4284 0
    endloop
  endfacet
  facet normal 0.803137 0.595794 0
    outer loop
      vertex 18.9259 17.8223 3
      vertex 18.692 18.1376 0
      vertex 18.692 18.1376 3
    endloop
  endfacet
  facet normal 0.803137 0.595794 0
    outer loop
      vertex 18.692 18.1376 0
      vertex 18.9259 17.8223 3
      vertex 18.9259 17.8223 0
    endloop
  endfacet
  facet normal 0.85774 -0.514084 0
    outer loop
      vertex 18.9259 -17.8223 3
      vertex 19.1277 -17.4856 0
      vertex 19.1277 -17.4856 3
    endloop
  endfacet
  facet normal 0.85774 -0.514084 0
    outer loop
      vertex 19.1277 -17.4856 0
      vertex 18.9259 -17.8223 3
      vertex 18.9259 -17.8223 0
    endloop
  endfacet
  facet normal 0.904044 -0.42744 0
    outer loop
      vertex 19.1277 -17.4856 3
      vertex 19.2955 -17.1307 0
      vertex 19.2955 -17.1307 3
    endloop
  endfacet
  facet normal 0.904044 -0.42744 0
    outer loop
      vertex 19.2955 -17.1307 0
      vertex 19.1277 -17.4856 3
      vertex 19.1277 -17.4856 0
    endloop
  endfacet
  facet normal 0.243075 0.970007 -0
    outer loop
      vertex 16.7611 19.4277 0
      vertex 16.3804 19.5231 3
      vertex 16.7611 19.4277 3
    endloop
  endfacet
  facet normal 0.243075 0.970007 0
    outer loop
      vertex 16.3804 19.5231 3
      vertex 16.7611 19.4277 0
      vertex 16.3804 19.5231 0
    endloop
  endfacet
  facet normal 0.970007 0.243075 0
    outer loop
      vertex 19.5231 16.3804 3
      vertex 19.4277 16.7611 0
      vertex 19.4277 16.7611 3
    endloop
  endfacet
  facet normal 0.970007 0.243075 0
    outer loop
      vertex 19.4277 16.7611 0
      vertex 19.5231 16.3804 3
      vertex 19.5231 16.3804 0
    endloop
  endfacet
  facet normal -0.243075 0.970007 0
    outer loop
      vertex -16.3804 19.5231 0
      vertex -16.7611 19.4277 3
      vertex -16.3804 19.5231 3
    endloop
  endfacet
  facet normal -0.243075 0.970007 0
    outer loop
      vertex -16.7611 19.4277 3
      vertex -16.3804 19.5231 0
      vertex -16.7611 19.4277 0
    endloop
  endfacet
  facet normal 0.514084 -0.85774 0
    outer loop
      vertex 17.4856 -19.1277 0
      vertex 17.8223 -18.9259 3
      vertex 17.4856 -19.1277 3
    endloop
  endfacet
  facet normal 0.514084 -0.85774 0
    outer loop
      vertex 17.8223 -18.9259 3
      vertex 17.4856 -19.1277 0
      vertex 17.8223 -18.9259 0
    endloop
  endfacet
  facet normal 0.0491626 -0.998791 0
    outer loop
      vertex 15.6 -19.6 0
      vertex 15.9921 -19.5807 3
      vertex 15.6 -19.6 3
    endloop
  endfacet
  facet normal 0.0491626 -0.998791 0
    outer loop
      vertex 15.9921 -19.5807 3
      vertex 15.6 -19.6 0
      vertex 15.9921 -19.5807 0
    endloop
  endfacet
  facet normal 0.146733 -0.989176 0
    outer loop
      vertex 15.9921 -19.5807 0
      vertex 16.3804 -19.5231 3
      vertex 15.9921 -19.5807 3
    endloop
  endfacet
  facet normal 0.146733 -0.989176 0
    outer loop
      vertex 16.3804 -19.5231 3
      vertex 15.9921 -19.5807 0
      vertex 16.3804 -19.5231 0
    endloop
  endfacet
  facet normal 0.94158 -0.336788 0
    outer loop
      vertex 19.2955 -17.1307 3
      vertex 19.4277 -16.7611 0
      vertex 19.4277 -16.7611 3
    endloop
  endfacet
  facet normal 0.94158 -0.336788 0
    outer loop
      vertex 19.4277 -16.7611 0
      vertex 19.2955 -17.1307 3
      vertex 19.2955 -17.1307 0
    endloop
  endfacet
  facet normal 0.595794 0.803137 -0
    outer loop
      vertex 18.1376 18.692 0
      vertex 17.8223 18.9259 3
      vertex 18.1376 18.692 3
    endloop
  endfacet
  facet normal 0.595794 0.803137 0
    outer loop
      vertex 17.8223 18.9259 3
      vertex 18.1376 18.692 0
      vertex 17.8223 18.9259 0
    endloop
  endfacet
  facet normal 0.94158 0.336788 0
    outer loop
      vertex 19.4277 16.7611 3
      vertex 19.2955 17.1307 0
      vertex 19.2955 17.1307 3
    endloop
  endfacet
  facet normal 0.94158 0.336788 0
    outer loop
      vertex 19.2955 17.1307 0
      vertex 19.4277 16.7611 3
      vertex 19.4277 16.7611 0
    endloop
  endfacet
  facet normal 0.740908 0.671607 0
    outer loop
      vertex 18.692 18.1376 3
      vertex 18.4284 18.4284 0
      vertex 18.4284 18.4284 3
    endloop
  endfacet
  facet normal 0.740908 0.671607 0
    outer loop
      vertex 18.4284 18.4284 0
      vertex 18.692 18.1376 3
      vertex 18.692 18.1376 0
    endloop
  endfacet
  facet normal -0.146733 -0.989176 0
    outer loop
      vertex -16.3804 -19.5231 0
      vertex -15.9921 -19.5807 3
      vertex -16.3804 -19.5231 3
    endloop
  endfacet
  facet normal -0.146733 -0.989176 -0
    outer loop
      vertex -15.9921 -19.5807 3
      vertex -16.3804 -19.5231 0
      vertex -15.9921 -19.5807 0
    endloop
  endfacet
  facet normal -0.803137 -0.595794 0
    outer loop
      vertex -18.692 -18.1376 0
      vertex -18.9259 -17.8223 3
      vertex -18.9259 -17.8223 0
    endloop
  endfacet
  facet normal -0.803137 -0.595794 0
    outer loop
      vertex -18.9259 -17.8223 3
      vertex -18.692 -18.1376 0
      vertex -18.692 -18.1376 3
    endloop
  endfacet
  facet normal 0 0 -1
    outer loop
      vertex -8.01183 7.61339 0
      vertex -9.35553 10.3873 0
      vertex -9.34999 10.5 0
    endloop
  endfacet
  facet normal 0 0 -1
    outer loop
      vertex -8.93587 8.03207 0
      vertex -9.37209 10.2756 0
      vertex -9.35553 10.3873 0
    endloop
  endfacet
  facet normal 0 0 -1
    outer loop
      vertex -8.93587 8.03207 0
      vertex -9.39951 10.1662 0
      vertex -9.37209 10.2756 0
    endloop
  endfacet
  facet normal 0 0 -1
    outer loop
      vertex -8.93587 8.03207 0
      vertex -9.43753 10.0599 0
      vertex -9.39951 10.1662 0
    endloop
  endfacet
  facet normal 0 0 -1
    outer loop
      vertex -9.77045 9.61102 0
      vertex -9.1869 8.07774 0
      vertex -9.44121 8.0986 0
    endloop
  endfacet
  facet normal 0 0 -1
    outer loop
      vertex -8.93587 8.03207 0
      vertex -9.48578 9.95789 0
      vertex -9.43753 10.0599 0
    endloop
  endfacet
  facet normal 0 0 -1
    outer loop
      vertex -8.93587 8.03207 0
      vertex -9.54381 9.86108 0
      vertex -9.48578 9.95789 0
    endloop
  endfacet
  facet normal 0 0 -1
    outer loop
      vertex -8.93587 8.03207 0
      vertex -9.61102 9.77045 0
      vertex -9.54381 9.86108 0
    endloop
  endfacet
  facet normal 0 0 -1
    outer loop
      vertex -9.1869 8.07774 0
      vertex -9.68681 9.68681 0
      vertex -9.61102 9.77045 0
    endloop
  endfacet
  facet normal 0 0 -1
    outer loop
      vertex -9.95789 9.48578 0
      vertex -9.44121 8.0986 0
      vertex -9.69632 8.09442 0
    endloop
  endfacet
  facet normal 0 0 -1
    outer loop
      vertex -9.1869 8.07774 0
      vertex -9.77045 9.61102 0
      vertex -9.68681 9.68681 0
    endloop
  endfacet
  facet normal 0 0 -1
    outer loop
      vertex -9.44121 8.0986 0
      vertex -9.86108 9.54381 0
      vertex -9.77045 9.61102 0
    endloop
  endfacet
  facet normal 0 0 -1
    outer loop
      vertex -10.1662 9.39951 0
      vertex -9.69632 8.09442 0
      vertex -9.9498 8.06526 0
    endloop
  endfacet
  facet normal 0 0 -1
    outer loop
      vertex -9.44121 8.0986 0
      vertex -9.95789 9.48578 0
      vertex -9.86108 9.54381 0
    endloop
  endfacet
  facet normal 0 0 -1
    outer loop
      vertex -9.69632 8.09442 0
      vertex -10.0599 9.43753 0
      vertex -9.95789 9.48578 0
    endloop
  endfacet
  facet normal 0 0 -1
    outer loop
      vertex -9.69632 8.09442 0
      vertex -10.1662 9.39951 0
      vertex -10.0599 9.43753 0
    endloop
  endfacet
  facet normal 0 0 -1
    outer loop
      vertex -10.2756 9.37209 0
      vertex -9.9498 8.06526 0
      vertex -10.1992 8.0114 0
    endloop
  endfacet
  facet normal 0 0 -1
    outer loop
      vertex -9.9498 8.06526 0
      vertex -10.2756 9.37209 0
      vertex -10.1662 9.39951 0
    endloop
  endfacet
  facet normal 0 0 -1
    outer loop
      vertex -10.1992 8.0114 0
      vertex -10.3873 9.35553 0
      vertex -10.2756 9.37209 0
    endloop
  endfacet
  facet normal 0 0 -1
    outer loop
      vertex -10.5 9.34999 0
      vertex -10.1992 8.0114 0
      vertex -10.4421 7.93335 0
    endloop
  endfacet
  facet normal 0 0 -1
    outer loop
      vertex -10.1992 8.0114 0
      vertex -10.5 9.34999 0
      vertex -10.3873 9.35553 0
    endloop
  endfacet
  facet normal 0 0 -1
    outer loop
      vertex -10.4421 7.93335 0
      vertex -10.6127 9.35553 0
      vertex -10.5 9.34999 0
    endloop
  endfacet
  facet normal 0 0 -1
    outer loop
      vertex -10.7243 9.37209 0
      vertex -10.4421 7.93335 0
      vertex -10.6762 7.83186 0
    endloop
  endfacet
  facet normal 0 0 -1
    outer loop
      vertex -10.4421 7.93335 0
      vertex -10.7243 9.37209 0
      vertex -10.6127 9.35553 0
    endloop
  endfacet
  facet normal 0 0 -1
    outer loop
      vertex -10.6762 7.83186 0
      vertex -10.8338 9.39951 0
      vertex -10.7243 9.37209 0
    endloop
  endfacet
  facet normal 0 0 -1
    outer loop
      vertex -10.9401 9.43753 0
      vertex -10.6762 7.83186 0
      vertex -10.8992 7.70792 0
    endloop
  endfacet
  facet normal 0 0 -1
    outer loop
      vertex -10.6762 7.83186 0
      vertex -10.9401 9.43753 0
      vertex -10.8338 9.39951 0
    endloop
  endfacet
  facet normal 0 0 -1
    outer loop
      vertex -10.8992 7.70792 0
      vertex -11.0421 9.48578 0
      vertex -10.9401 9.43753 0
    endloop
  endfacet
  facet normal 0 0 -1
    outer loop
      vertex -11.1091 7.56271 0
      vertex -11.0421 9.48578 0
      vertex -10.8992 7.70792 0
    endloop
  endfacet
  facet normal 0 0 -1
    outer loop
      vertex -11.1091 7.56271 0
      vertex -11.1389 9.54381 0
      vertex -11.0421 9.48578 0
    endloop
  endfacet
  facet normal 0 0 -1
    outer loop
      vertex -11.1091 7.56271 0
      vertex -11.2295 9.61102 0
      vertex -11.1389 9.54381 0
    endloop
  endfacet
  facet normal 0 0 -1
    outer loop
      vertex -11.3036 7.39764 0
      vertex -11.2295 9.61102 0
      vertex -11.1091 7.56271 0
    endloop
  endfacet
  facet normal 0 0 -1
    outer loop
      vertex -11.3036 7.39764 0
      vertex -11.3132 9.68681 0
      vertex -11.2295 9.61102 0
    endloop
  endfacet
  facet normal 0 0 -1
    outer loop
      vertex -11.3036 7.39764 0
      vertex -11.389 9.77045 0
      vertex -11.3132 9.68681 0
    endloop
  endfacet
  facet normal 0 0 -1
    outer loop
      vertex -11.481 7.21429 0
      vertex -11.389 9.77045 0
      vertex -11.3036 7.39764 0
    endloop
  endfacet
  facet normal -0 0 -1
    outer loop
      vertex -11.389 9.77045 0
      vertex -11.481 7.21429 0
      vertex -11.4562 9.86108 0
    endloop
  endfacet
  facet normal 0 0 -1
    outer loop
      vertex -11.6397 7.01443 0
      vertex -11.4562 9.86108 0
      vertex -11.481 7.21429 0
    endloop
  endfacet
  facet normal -0 0 -1
    outer loop
      vertex -11.4562 9.86108 0
      vertex -11.6397 7.01443 0
      vertex -11.5142 9.95789 0
    endloop
  endfacet
  facet normal 0 0 -1
    outer loop
      vertex -11.7779 6.79999 0
      vertex -11.5142 9.95789 0
      vertex -11.6397 7.01443 0
    endloop
  endfacet
  facet normal -0 0 -1
    outer loop
      vertex -11.5142 9.95789 0
      vertex -11.7779 6.79999 0
      vertex -11.5625 10.0599 0
    endloop
  endfacet
  facet normal -0 0 -1
    outer loop
      vertex -11.5625 10.0599 0
      vertex -11.7779 6.79999 0
      vertex -11.6005 10.1662 0
    endloop
  endfacet
  facet normal 0 0 -1
    outer loop
      vertex -11.8945 6.57303 0
      vertex -11.6005 10.1662 0
      vertex -11.7779 6.79999 0
    endloop
  endfacet
  facet normal -0 0 -1
    outer loop
      vertex -11.6005 10.1662 0
      vertex -11.8945 6.57303 0
      vertex -11.6279 10.2756 0
    endloop
  endfacet
  facet normal 0 0 -1
    outer loop
      vertex -11.9883 6.33574 0
      vertex -11.6279 10.2756 0
      vertex -11.8945 6.57303 0
    endloop
  endfacet
  facet normal -0 0 -1
    outer loop
      vertex -3.96864 -2.12128 0
      vertex -7.41287 -3.98555 0
      vertex -4.15746 -1.72206 0
    endloop
  endfacet
  facet normal 0 0 -1
    outer loop
      vertex -4.5 0 0
      vertex -6.94852 5.16063 0
      vertex -6.92766 5.41492 0
    endloop
  endfacet
  facet normal 0 0 -1
    outer loop
      vertex -7.57149 -3.78569 0
      vertex -4.15746 -1.72206 0
      vertex -7.41287 -3.98555 0
    endloop
  endfacet
  facet normal 0 0 -1
    outer loop
      vertex -4.5 0 0
      vertex -6.99419 4.90959 0
      vertex -6.94852 5.16063 0
    endloop
  endfacet
  facet normal 0 0 -1
    outer loop
      vertex -7.74893 -3.60234 0
      vertex -4.15746 -1.72206 0
      vertex -7.57149 -3.78569 0
    endloop
  endfacet
  facet normal 0 0 -1
    outer loop
      vertex -4.5 0 0
      vertex -7.06425 4.66425 0
      vertex -6.99419 4.90959 0
    endloop
  endfacet
  facet normal -0 0 -1
    outer loop
      vertex -4.15746 -1.72206 0
      vertex -7.74893 -3.60234 0
      vertex -4.30623 -1.30627 0
    endloop
  endfacet
  facet normal 0 0 -1
    outer loop
      vertex -4.5 0 0
      vertex -7.15802 4.42696 0
      vertex -7.06425 4.66425 0
    endloop
  endfacet
  facet normal 0 0 -1
    outer loop
      vertex -7.9435 -3.43727 0
      vertex -4.30623 -1.30627 0
      vertex -7.74893 -3.60234 0
    endloop
  endfacet
  facet normal 0 0 -1
    outer loop
      vertex -4.5 0 0
      vertex -7.27461 4.2 0
      vertex -7.15802 4.42696 0
    endloop
  endfacet
  facet normal -0 0 -1
    outer loop
      vertex -4.30623 -1.30627 0
      vertex -7.9435 -3.43727 0
      vertex -4.41353 -0.877899 0
    endloop
  endfacet
  facet normal 0 0 -1
    outer loop
      vertex -4.5 0 0
      vertex -7.41287 3.98555 0
      vertex -7.27461 4.2 0
    endloop
  endfacet
  facet normal 0 0 -1
    outer loop
      vertex -8.15329 -3.29207 0
      vertex -4.41353 -0.877899 0
      vertex -7.9435 -3.43727 0
    endloop
  endfacet
  facet normal 0 0 -1
    outer loop
      vertex -4.5 0 0
      vertex -7.57149 3.78569 0
      vertex -7.41287 3.98555 0
    endloop
  endfacet
  facet normal -0 0 -1
    outer loop
      vertex -4.41353 -0.877899 0
      vertex -8.15329 -3.29207 0
      vertex -4.47832 -0.441071 0
    endloop
  endfacet
  facet normal 0 0 -1
    outer loop
      vertex -4.5 0 0
      vertex -7.74893 3.60234 0
      vertex -7.57149 3.78569 0
    endloop
  endfacet
  facet normal 0 0 -1
    outer loop
      vertex -8.37633 -3.16812 0
      vertex -4.47832 -0.441071 0
      vertex -8.15329 -3.29207 0
    endloop
  endfacet
  facet normal 0 0 -1
    outer loop
      vertex -4.5 0 0
      vertex -7.9435 3.43727 0
      vertex -7.74893 3.60234 0
    endloop
  endfacet
  facet normal 0 0 -1
    outer loop
      vertex -8.61043 -3.06664 0
      vertex -4.47832 -0.441071 0
      vertex -8.37633 -3.16812 0
    endloop
  endfacet
  facet normal 0 0 -1
    outer loop
      vertex -4.5 0 0
      vertex -8.15329 3.29207 0
      vertex -7.9435 3.43727 0
    endloop
  endfacet
  facet normal -0 0 -1
    outer loop
      vertex -4.47832 -0.441071 0
      vertex -8.61043 -3.06664 0
      vertex -4.5 0 0
    endloop
  endfacet
  facet normal 0 0 -1
    outer loop
      vertex -4.5 0 0
      vertex -8.37633 3.16812 0
      vertex -8.15329 3.29207 0
    endloop
  endfacet
  facet normal 0 0 -1
    outer loop
      vertex -8.61043 3.06664 0
      vertex -4.5 0 0
      vertex -8.61043 -3.06664 0
    endloop
  endfacet
  facet normal 0 0 -1
    outer loop
      vertex -4.5 0 0
      vertex -8.61043 3.06664 0
      vertex -8.37633 3.16812 0
    endloop
  endfacet
  facet normal 0 0 -1
    outer loop
      vertex -8.85335 -2.98859 0
      vertex -8.61043 3.06664 0
      vertex -8.61043 -3.06664 0
    endloop
  endfacet
  facet normal 0 0 -1
    outer loop
      vertex -8.85335 -2.98859 0
      vertex -8.85335 2.98859 0
      vertex -8.61043 3.06664 0
    endloop
  endfacet
  facet normal 0 0 -1
    outer loop
      vertex -9.10274 -2.93472 0
      vertex -8.85335 2.98859 0
      vertex -8.85335 -2.98859 0
    endloop
  endfacet
  facet normal 0 0 -1
    outer loop
      vertex -9.10274 -2.93472 0
      vertex -9.10274 2.93472 0
      vertex -8.85335 2.98859 0
    endloop
  endfacet
  facet normal 0 0 -1
    outer loop
      vertex -9.35622 -2.90556 0
      vertex -9.10274 2.93472 0
      vertex -9.10274 -2.93472 0
    endloop
  endfacet
  facet normal 0 0 -1
    outer loop
      vertex -9.35622 -2.90556 0
      vertex -9.35622 2.90556 0
      vertex -9.10274 2.93472 0
    endloop
  endfacet
  facet normal 0 0 -1
    outer loop
      vertex -9.61134 -2.90138 0
      vertex -9.35622 2.90556 0
      vertex -9.35622 -2.90556 0
    endloop
  endfacet
  facet normal 0 0 -1
    outer loop
      vertex -9.61134 -2.90138 0
      vertex -9.61134 2.90138 0
      vertex -9.35622 2.90556 0
    endloop
  endfacet
  facet normal 0 0 -1
    outer loop
      vertex -9.86565 -2.92224 0
      vertex -9.61134 2.90138 0
      vertex -9.61134 -2.90138 0
    endloop
  endfacet
  facet normal 0 0 -1
    outer loop
      vertex -9.86565 -2.92224 0
      vertex -9.86565 2.92224 0
      vertex -9.61134 2.90138 0
    endloop
  endfacet
  facet normal 0 0 -1
    outer loop
      vertex -10.1167 -2.96791 0
      vertex -9.86565 2.92224 0
      vertex -9.86565 -2.92224 0
    endloop
  endfacet
  facet normal 0 0 -1
    outer loop
      vertex -10.1167 -2.96791 0
      vertex -10.1167 2.96791 0
      vertex -9.86565 2.92224 0
    endloop
  endfacet
  facet normal 0 0 -1
    outer loop
      vertex -10.362 -3.03798 0
      vertex -10.1167 2.96791 0
      vertex -10.1167 -2.96791 0
    endloop
  endfacet
  facet normal 0 0 -1
    outer loop
      vertex -10.362 -3.03798 0
      vertex -10.362 3.03798 0
      vertex -10.1167 2.96791 0
    endloop
  endfacet
  facet normal 0 0 -1
    outer loop
      vertex -10.5993 -3.13174 0
      vertex -10.362 3.03798 0
      vertex -10.362 -3.03798 0
    endloop
  endfacet
  facet normal 0 0 -1
    outer loop
      vertex -10.5993 -3.13174 0
      vertex -10.5993 3.13174 0
      vertex -10.362 3.03798 0
    endloop
  endfacet
  facet normal 0 0 -1
    outer loop
      vertex -10.8263 -3.24832 0
      vertex -10.5993 3.13174 0
      vertex -10.5993 -3.13174 0
    endloop
  endfacet
  facet normal 0 0 -1
    outer loop
      vertex -10.8263 -3.24832 0
      vertex -10.8263 3.24832 0
      vertex -10.5993 3.13174 0
    endloop
  endfacet
  facet normal 0 0 -1
    outer loop
      vertex -11.0407 -3.3866 0
      vertex -10.8263 3.24832 0
      vertex -10.8263 -3.24832 0
    endloop
  endfacet
  facet normal 0 0 -1
    outer loop
      vertex -11.0407 -3.3866 0
      vertex -11.0407 3.3866 0
      vertex -10.8263 3.24832 0
    endloop
  endfacet
  facet normal 0 0 -1
    outer loop
      vertex -11.2406 -3.54521 0
      vertex -11.0407 3.3866 0
      vertex -11.0407 -3.3866 0
    endloop
  endfacet
  facet normal 0 0 -1
    outer loop
      vertex -11.2406 -3.54521 0
      vertex -11.2406 3.54521 0
      vertex -11.0407 3.3866 0
    endloop
  endfacet
  facet normal 0 0 -1
    outer loop
      vertex -11.4239 -3.72266 0
      vertex -11.2406 3.54521 0
      vertex -11.2406 -3.54521 0
    endloop
  endfacet
  facet normal 0 0 -1
    outer loop
      vertex -11.4239 -3.72266 0
      vertex -11.4239 3.72266 0
      vertex -11.2406 3.54521 0
    endloop
  endfacet
  facet normal 0 0 -1
    outer loop
      vertex -11.589 -3.91721 0
      vertex -11.4239 3.72266 0
      vertex -11.4239 -3.72266 0
    endloop
  endfacet
  facet normal 0 0 -1
    outer loop
      vertex -11.589 -3.91721 0
      vertex -11.589 3.91721 0
      vertex -11.4239 3.72266 0
    endloop
  endfacet
  facet normal 0 0 -1
    outer loop
      vertex -11.7342 -4.12701 0
      vertex -11.589 3.91721 0
      vertex -11.589 -3.91721 0
    endloop
  endfacet
  facet normal 0 0 -1
    outer loop
      vertex -11.7342 -4.12701 0
      vertex -11.7342 4.12701 0
      vertex -11.589 3.91721 0
    endloop
  endfacet
  facet normal 0 0 -1
    outer loop
      vertex -11.8581 -4.35004 0
      vertex -11.7342 4.12701 0
      vertex -11.7342 -4.12701 0
    endloop
  endfacet
  facet normal 0 0 -1
    outer loop
      vertex -11.8581 -4.35004 0
      vertex -11.8581 4.35004 0
      vertex -11.7342 4.12701 0
    endloop
  endfacet
  facet normal 0 0 -1
    outer loop
      vertex -11.9596 -4.58414 0
      vertex -11.8581 4.35004 0
      vertex -11.8581 -4.35004 0
    endloop
  endfacet
  facet normal 0 0 -1
    outer loop
      vertex -11.9596 -4.58414 0
      vertex -11.9596 4.58414 0
      vertex -11.8581 4.35004 0
    endloop
  endfacet
  facet normal 0 0 -1
    outer loop
      vertex -12.0377 -4.82706 0
      vertex -11.9596 4.58414 0
      vertex -11.9596 -4.58414 0
    endloop
  endfacet
  facet normal 0 0 -1
    outer loop
      vertex -12.0377 -4.82706 0
      vertex -12.0377 4.82706 0
      vertex -11.9596 4.58414 0
    endloop
  endfacet
  facet normal 0 0 -1
    outer loop
      vertex -19.6 -15.6 0
      vertex -12.0377 -4.82706 0
      vertex -12.0915 -5.07646 0
    endloop
  endfacet
  facet normal -0 0 -1
    outer loop
      vertex -12.0377 -4.82706 0
      vertex -19.6 -15.6 0
      vertex -12.0377 4.82706 0
    endloop
  endfacet
  facet normal 0 0 -1
    outer loop
      vertex -19.6 -15.6 0
      vertex -12.0915 -5.07646 0
      vertex -12.1207 -5.32994 0
    endloop
  endfacet
  facet normal 0 0 -1
    outer loop
      vertex -19.6 15.6 0
      vertex -12.0377 4.82706 0
      vertex -19.6 -15.6 0
    endloop
  endfacet
  facet normal 0 0 -1
    outer loop
      vertex -19.6 -15.6 0
      vertex -12.1207 -5.32994 0
      vertex -12.1249 -5.58507 0
    endloop
  endfacet
  facet normal 0 0 -1
    outer loop
      vertex -12.0377 4.82706 0
      vertex -19.6 15.6 0
      vertex -12.0915 5.07646 0
    endloop
  endfacet
  facet normal 0 0 -1
    outer loop
      vertex -2.85477 -3.47855 0
      vertex -6.93184 -5.67004 0
      vertex -6.92766 -5.41492 0
    endloop
  endfacet
  facet normal -0 0 -1
    outer loop
      vertex -2.55003 -11.5072 0
      vertex -7.18681 -13.7868 0
      vertex -2.58748 -11.2548 0
    endloop
  endfacet
  facet normal 0 0 -1
    outer loop
      vertex -2.55003 -10.4928 0
      vertex -6.961 -5.92352 0
      vertex -6.93184 -5.67004 0
    endloop
  endfacet
  facet normal 0 0 -1
    outer loop
      vertex -7.27045 -13.711 0
      vertex -2.58748 -11.2548 0
      vertex -7.18681 -13.7868 0
    endloop
  endfacet
  facet normal 0 0 -1
    outer loop
      vertex -2.55003 -10.4928 0
      vertex -7.01486 -6.17293 0
      vertex -6.961 -5.92352 0
    endloop
  endfacet
  facet normal -0 0 -1
    outer loop
      vertex -2.58748 -11.2548 0
      vertex -7.27045 -13.711 0
      vertex -2.59999 -11 0
    endloop
  endfacet
  facet normal 0 0 -1
    outer loop
      vertex -2.55003 -10.4928 0
      vertex -7.09291 -6.41585 0
      vertex -7.01486 -6.17293 0
    endloop
  endfacet
  facet normal 0 0 -1
    outer loop
      vertex -7.36108 -13.6438 0
      vertex -2.59999 -11 0
      vertex -7.27045 -13.711 0
    endloop
  endfacet
  facet normal 0 0 -1
    outer loop
      vertex -7.45789 -13.5858 0
      vertex -2.59999 -11 0
      vertex -7.36108 -13.6438 0
    endloop
  endfacet
  facet normal 0 0 -1
    outer loop
      vertex -2.55003 -10.4928 0
      vertex -7.1944 -6.64995 0
      vertex -7.09291 -6.41585 0
    endloop
  endfacet
  facet normal -0 0 -1
    outer loop
      vertex -2.59999 -11 0
      vertex -7.45789 -13.5858 0
      vertex -2.58748 -10.7451 0
    endloop
  endfacet
  facet normal 0 0 -1
    outer loop
      vertex -2.55003 -10.4928 0
      vertex -7.31834 -6.87297 0
      vertex -7.1944 -6.64995 0
    endloop
  endfacet
  facet normal 0 0 -1
    outer loop
      vertex -9.34999 -10.5 0
      vertex -2.58748 -10.7451 0
      vertex -7.45789 -13.5858 0
    endloop
  endfacet
  facet normal 0 -0 -1
    outer loop
      vertex -8.01183 -7.61339 0
      vertex -2.58748 -10.7451 0
      vertex -9.34999 -10.5 0
    endloop
  endfacet
  facet normal 0 0 -1
    outer loop
      vertex -2.55003 -10.4928 0
      vertex -7.46355 -7.08278 0
      vertex -7.31834 -6.87297 0
    endloop
  endfacet
  facet normal 0 0 -1
    outer loop
      vertex -9.34999 -10.5 0
      vertex -7.45789 -13.5858 0
      vertex -7.55991 -13.5375 0
    endloop
  endfacet
  facet normal 0 0 -1
    outer loop
      vertex -2.55003 -10.4928 0
      vertex -7.62863 -7.27733 0
      vertex -7.46355 -7.08278 0
    endloop
  endfacet
  facet normal 0 0 -1
    outer loop
      vertex -9.35553 -10.6127 0
      vertex -7.55991 -13.5375 0
      vertex -7.66617 -13.4995 0
    endloop
  endfacet
  facet normal 0 0 -1
    outer loop
      vertex -9.37209 -10.7243 0
      vertex -7.66617 -13.4995 0
      vertex -7.77563 -13.4721 0
    endloop
  endfacet
  facet normal 0 0 -1
    outer loop
      vertex -2.55003 -10.4928 0
      vertex -7.81197 -7.45477 0
      vertex -7.62863 -7.27733 0
    endloop
  endfacet
  facet normal 0 0 -1
    outer loop
      vertex -9.39951 -10.8338 0
      vertex -7.77563 -13.4721 0
      vertex -7.88727 -13.4555 0
    endloop
  endfacet
  facet normal 0 0 -1
    outer loop
      vertex -9.43753 -10.9401 0
      vertex -7.88727 -13.4555 0
      vertex -8 -13.45 0
    endloop
  endfacet
  facet normal 0 0 -1
    outer loop
      vertex -2.55003 -10.4928 0
      vertex -8.01183 -7.61339 0
      vertex -7.81197 -7.45477 0
    endloop
  endfacet
  facet normal 0 0 -1
    outer loop
      vertex -9.48578 -11.0421 0
      vertex -8 -13.45 0
      vertex -8.11272 -13.4555 0
    endloop
  endfacet
  facet normal 0 0 -1
    outer loop
      vertex -9.54381 -11.1389 0
      vertex -8.11272 -13.4555 0
      vertex -8.22435 -13.4721 0
    endloop
  endfacet
  facet normal 0 0 -1
    outer loop
      vertex -2.58748 -10.7451 0
      vertex -8.01183 -7.61339 0
      vertex -2.55003 -10.4928 0
    endloop
  endfacet
  facet normal 0 0 -1
    outer loop
      vertex -9.61102 -11.2295 0
      vertex -8.22435 -13.4721 0
      vertex -8.33382 -13.4995 0
    endloop
  endfacet
  facet normal 0 0 -1
    outer loop
      vertex -9.68681 -11.3132 0
      vertex -8.33382 -13.4995 0
      vertex -8.44008 -13.5375 0
    endloop
  endfacet
  facet normal 0 0 -1
    outer loop
      vertex -9.35553 -10.3873 0
      vertex -8.01183 -7.61339 0
      vertex -9.34999 -10.5 0
    endloop
  endfacet
  facet normal 0 0 -1
    outer loop
      vertex -9.77045 -11.389 0
      vertex -8.44008 -13.5375 0
      vertex -8.5421 -13.5858 0
    endloop
  endfacet
  facet normal 0 0 -1
    outer loop
      vertex -9.86108 -11.4562 0
      vertex -8.5421 -13.5858 0
      vertex -8.6389 -13.6438 0
    endloop
  endfacet
  facet normal 0 0 -1
    outer loop
      vertex -7.55991 -13.5375 0
      vertex -9.35553 -10.6127 0
      vertex -9.34999 -10.5 0
    endloop
  endfacet
  facet normal 0 0 -1
    outer loop
      vertex -9.95789 -11.5142 0
      vertex -8.6389 -13.6438 0
      vertex -8.72954 -13.711 0
    endloop
  endfacet
  facet normal 0 0 -1
    outer loop
      vertex -10.0599 -11.5625 0
      vertex -8.72954 -13.711 0
      vertex -8.81317 -13.7868 0
    endloop
  endfacet
  facet normal 0 0 -1
    outer loop
      vertex -10.1662 -11.6005 0
      vertex -8.81317 -13.7868 0
      vertex -8.88896 -13.8704 0
    endloop
  endfacet
  facet normal 0 0 -1
    outer loop
      vertex -8.01183 -7.61339 0
      vertex -9.35553 -10.3873 0
      vertex -8.22627 -7.75166 0
    endloop
  endfacet
  facet normal 0 0 -1
    outer loop
      vertex -10.2756 -11.6279 0
      vertex -8.88896 -13.8704 0
      vertex -8.95618 -13.9611 0
    endloop
  endfacet
  facet normal 0 0 -1
    outer loop
      vertex -10.3873 -11.6445 0
      vertex -8.95618 -13.9611 0
      vertex -9.01421 -14.0579 0
    endloop
  endfacet
  facet normal 0 0 -1
    outer loop
      vertex -10.5 -11.65 0
      vertex -9.01421 -14.0579 0
      vertex -9.06245 -14.1599 0
    endloop
  endfacet
  facet normal 0 0 -1
    outer loop
      vertex -10.6127 -11.6445 0
      vertex -9.06245 -14.1599 0
      vertex -9.10048 -14.2662 0
    endloop
  endfacet
  facet normal 0 0 -1
    outer loop
      vertex -10.7243 -11.6279 0
      vertex -9.10048 -14.2662 0
      vertex -9.1279 -14.3756 0
    endloop
  endfacet
  facet normal 0 0 -1
    outer loop
      vertex -10.8338 -11.6005 0
      vertex -9.1279 -14.3756 0
      vertex -9.14445 -14.4873 0
    endloop
  endfacet
  facet normal 0 0 -1
    outer loop
      vertex -10.9401 -11.5625 0
      vertex -9.14445 -14.4873 0
      vertex -9.14999 -14.6 0
    endloop
  endfacet
  facet normal 0 0 -1
    outer loop
      vertex -9.37209 -10.2756 0
      vertex -8.22627 -7.75166 0
      vertex -9.35553 -10.3873 0
    endloop
  endfacet
  facet normal 0 0 -1
    outer loop
      vertex -9.43753 -10.0599 0
      vertex -8.45323 -7.86824 0
      vertex -9.39951 -10.1662 0
    endloop
  endfacet
  facet normal 0 0 -1
    outer loop
      vertex -8.45323 -7.86824 0
      vertex -9.43753 -10.0599 0
      vertex -8.69054 -7.96201 0
    endloop
  endfacet
  facet normal 0 0 -1
    outer loop
      vertex -9.48578 -9.95789 0
      vertex -8.69054 -7.96201 0
      vertex -9.43753 -10.0599 0
    endloop
  endfacet
  facet normal 0 0 -1
    outer loop
      vertex -9.54381 -9.86108 0
      vertex -8.69054 -7.96201 0
      vertex -9.48578 -9.95789 0
    endloop
  endfacet
  facet normal 0 0 -1
    outer loop
      vertex -8.69054 -7.96201 0
      vertex -9.54381 -9.86108 0
      vertex -8.93587 -8.03207 0
    endloop
  endfacet
  facet normal 0 0 -1
    outer loop
      vertex -9.61102 -9.77045 0
      vertex -8.93587 -8.03207 0
      vertex -9.54381 -9.86108 0
    endloop
  endfacet
  facet normal 0 0 -1
    outer loop
      vertex -8.93587 -8.03207 0
      vertex -9.61102 -9.77045 0
      vertex -9.1869 -8.07774 0
    endloop
  endfacet
  facet normal 0 0 -1
    outer loop
      vertex -9.68681 -9.68681 0
      vertex -9.1869 -8.07774 0
      vertex -9.61102 -9.77045 0
    endloop
  endfacet
  facet normal 0 0 -1
    outer loop
      vertex -9.77045 -9.61102 0
      vertex -9.1869 -8.07774 0
      vertex -9.68681 -9.68681 0
    endloop
  endfacet
  facet normal 0 0 -1
    outer loop
      vertex -9.1869 -8.07774 0
      vertex -9.77045 -9.61102 0
      vertex -9.44121 -8.0986 0
    endloop
  endfacet
  facet normal 0 0 -1
    outer loop
      vertex -9.86108 -9.54381 0
      vertex -9.44121 -8.0986 0
      vertex -9.77045 -9.61102 0
    endloop
  endfacet
  facet normal 0 0 -1
    outer loop
      vertex -9.95789 -9.48578 0
      vertex -9.44121 -8.0986 0
      vertex -9.86108 -9.54381 0
    endloop
  endfacet
  facet normal -0 0 -1
    outer loop
      vertex -9.44121 -8.0986 0
      vertex -9.95789 -9.48578 0
      vertex -9.69632 -8.09442 0
    endloop
  endfacet
  facet normal 0 0 -1
    outer loop
      vertex -10.0599 -9.43753 0
      vertex -9.69632 -8.09442 0
      vertex -9.95789 -9.48578 0
    endloop
  endfacet
  facet normal 0 0 -1
    outer loop
      vertex -10.1662 -9.39951 0
      vertex -9.69632 -8.09442 0
      vertex -10.0599 -9.43753 0
    endloop
  endfacet
  facet normal -0 0 -1
    outer loop
      vertex -9.69632 -8.09442 0
      vertex -10.1662 -9.39951 0
      vertex -9.9498 -8.06526 0
    endloop
  endfacet
  facet normal 0 0 -1
    outer loop
      vertex -10.2756 -9.37209 0
      vertex -9.9498 -8.06526 0
      vertex -10.1662 -9.39951 0
    endloop
  endfacet
  facet normal -0 0 -1
    outer loop
      vertex -9.9498 -8.06526 0
      vertex -10.2756 -9.37209 0
      vertex -10.1992 -8.0114 0
    endloop
  endfacet
  facet normal 0 0 -1
    outer loop
      vertex -10.3873 -9.35553 0
      vertex -10.1992 -8.0114 0
      vertex -10.2756 -9.37209 0
    endloop
  endfacet
  facet normal 0 0 -1
    outer loop
      vertex -10.5 -9.34999 0
      vertex -10.1992 -8.0114 0
      vertex -10.3873 -9.35553 0
    endloop
  endfacet
  facet normal -0 0 -1
    outer loop
      vertex -10.1992 -8.0114 0
      vertex -10.5 -9.34999 0
      vertex -10.4421 -7.93335 0
    endloop
  endfacet
  facet normal 0 0 -1
    outer loop
      vertex -10.6127 -9.35553 0
      vertex -10.4421 -7.93335 0
      vertex -10.5 -9.34999 0
    endloop
  endfacet
  facet normal 0 0 -1
    outer loop
      vertex -10.7243 -9.37209 0
      vertex -10.4421 -7.93335 0
      vertex -10.6127 -9.35553 0
    endloop
  endfacet
  facet normal -0 0 -1
    outer loop
      vertex -10.4421 -7.93335 0
      vertex -10.7243 -9.37209 0
      vertex -10.6762 -7.83186 0
    endloop
  endfacet
  facet normal 0 0 -1
    outer loop
      vertex -10.8338 -9.39951 0
      vertex -10.6762 -7.83186 0
      vertex -10.7243 -9.37209 0
    endloop
  endfacet
  facet normal 0 0 -1
    outer loop
      vertex -10.9401 -9.43753 0
      vertex -10.6762 -7.83186 0
      vertex -10.8338 -9.39951 0
    endloop
  endfacet
  facet normal -0 0 -1
    outer loop
      vertex -10.6762 -7.83186 0
      vertex -10.9401 -9.43753 0
      vertex -10.8992 -7.70792 0
    endloop
  endfacet
  facet normal 0 0 -1
    outer loop
      vertex -11.0421 -9.48578 0
      vertex -10.8992 -7.70792 0
      vertex -10.9401 -9.43753 0
    endloop
  endfacet
  facet normal 0 0 -1
    outer loop
      vertex -11.0421 -9.48578 0
      vertex -11.1091 -7.56271 0
      vertex -10.8992 -7.70792 0
    endloop
  endfacet
  facet normal 0 0 -1
    outer loop
      vertex -11.1389 -9.54381 0
      vertex -11.1091 -7.56271 0
      vertex -11.0421 -9.48578 0
    endloop
  endfacet
  facet normal 0 0 -1
    outer loop
      vertex -11.2295 -9.61102 0
      vertex -11.1091 -7.56271 0
      vertex -11.1389 -9.54381 0
    endloop
  endfacet
  facet normal 0 0 -1
    outer loop
      vertex -11.2295 -9.61102 0
      vertex -11.3036 -7.39764 0
      vertex -11.1091 -7.56271 0
    endloop
  endfacet
  facet normal 0 0 -1
    outer loop
      vertex -11.3132 -9.68681 0
      vertex -11.3036 -7.39764 0
      vertex -11.2295 -9.61102 0
    endloop
  endfacet
  facet normal 0 0 -1
    outer loop
      vertex -11.389 -9.77045 0
      vertex -11.3036 -7.39764 0
      vertex -11.3132 -9.68681 0
    endloop
  endfacet
  facet normal 0 0 -1
    outer loop
      vertex -11.481 -7.21429 0
      vertex -11.389 -9.77045 0
      vertex -11.4562 -9.86108 0
    endloop
  endfacet
  facet normal 0 0 -1
    outer loop
      vertex -11.389 -9.77045 0
      vertex -11.481 -7.21429 0
      vertex -11.3036 -7.39764 0
    endloop
  endfacet
  facet normal 0 0 -1
    outer loop
      vertex -11.6397 -7.01443 0
      vertex -11.4562 -9.86108 0
      vertex -11.5142 -9.95789 0
    endloop
  endfacet
  facet normal 0 0 -1
    outer loop
      vertex -11.7779 -6.79999 0
      vertex -11.5142 -9.95789 0
      vertex -11.5625 -10.0599 0
    endloop
  endfacet
  facet normal 0 0 -1
    outer loop
      vertex -11.7779 -6.79999 0
      vertex -11.5625 -10.0599 0
      vertex -11.6005 -10.1662 0
    endloop
  endfacet
  facet normal 0 0 -1
    outer loop
      vertex -11.8945 -6.57303 0
      vertex -11.6005 -10.1662 0
      vertex -11.6279 -10.2756 0
    endloop
  endfacet
  facet normal 0 0 -1
    outer loop
      vertex -11.4562 -9.86108 0
      vertex -11.6397 -7.01443 0
      vertex -11.481 -7.21429 0
    endloop
  endfacet
  facet normal 0 0 -1
    outer loop
      vertex -19.6 -15.6 0
      vertex -11.6279 -10.2756 0
      vertex -11.6445 -10.3873 0
    endloop
  endfacet
  facet normal 0 0 -1
    outer loop
      vertex -19.6 -15.6 0
      vertex -11.6445 -10.3873 0
      vertex -11.65 -10.5 0
    endloop
  endfacet
  facet normal 0 0 -1
    outer loop
      vertex -11.5142 -9.95789 0
      vertex -11.7779 -6.79999 0
      vertex -11.6397 -7.01443 0
    endloop
  endfacet
  facet normal 0 0 -1
    outer loop
      vertex 9.34999 10.5 0
      vertex 2.58748 10.7451 0
      vertex 2.59999 11 0
    endloop
  endfacet
  facet normal 0 0 -1
    outer loop
      vertex 7.01486 6.17293 0
      vertex 2.55003 10.4928 0
      vertex 2.58748 10.7451 0
    endloop
  endfacet
  facet normal 0 0 -1
    outer loop
      vertex 1.64941 8.99016 0
      vertex 6.961 5.92352 0
      vertex 2.12128 3.96864 0
    endloop
  endfacet
  facet normal 0 0 -1
    outer loop
      vertex 7.01486 6.17293 0
      vertex 2.48804 10.2453 0
      vertex 2.55003 10.4928 0
    endloop
  endfacet
  facet normal 0 0 -1
    outer loop
      vertex 7.01486 6.17293 0
      vertex 2.40208 10.005 0
      vertex 2.48804 10.2453 0
    endloop
  endfacet
  facet normal 0 0 -1
    outer loop
      vertex 7.01486 6.17293 0
      vertex 2.29298 9.77437 0
      vertex 2.40208 10.005 0
    endloop
  endfacet
  facet normal 0 0 -1
    outer loop
      vertex 7.01486 6.17293 0
      vertex 2.16182 9.55551 0
      vertex 2.29298 9.77437 0
    endloop
  endfacet
  facet normal 0 0 -1
    outer loop
      vertex 6.961 5.92352 0
      vertex 1.64941 8.99016 0
      vertex 7.01486 6.17293 0
    endloop
  endfacet
  facet normal 0 0 -1
    outer loop
      vertex 7.01486 6.17293 0
      vertex 2.00983 9.35057 0
      vertex 2.16182 9.55551 0
    endloop
  endfacet
  facet normal 0 0 -1
    outer loop
      vertex 7.01486 6.17293 0
      vertex 1.83847 9.16151 0
      vertex 2.00983 9.35057 0
    endloop
  endfacet
  facet normal 0 0 -1
    outer loop
      vertex 1.44447 8.83817 0
      vertex 2.12128 3.96864 0
      vertex 1.72206 4.15746 0
    endloop
  endfacet
  facet normal 0 0 -1
    outer loop
      vertex 7.01486 6.17293 0
      vertex 1.64941 8.99016 0
      vertex 1.83847 9.16151 0
    endloop
  endfacet
  facet normal 0 0 -1
    outer loop
      vertex 2.12128 3.96864 0
      vertex 1.44447 8.83817 0
      vertex 1.64941 8.99016 0
    endloop
  endfacet
  facet normal 0 0 -1
    outer loop
      vertex 1.22562 8.707 0
      vertex 1.72206 4.15746 0
      vertex 1.30627 4.30623 0
    endloop
  endfacet
  facet normal 0 0 -1
    outer loop
      vertex 1.72206 4.15746 0
      vertex 1.22562 8.707 0
      vertex 1.44447 8.83817 0
    endloop
  endfacet
  facet normal 0 0 -1
    outer loop
      vertex 1.30627 4.30623 0
      vertex 0.994965 8.5979 0
      vertex 1.22562 8.707 0
    endloop
  endfacet
  facet normal 0 0 -1
    outer loop
      vertex 0.877899 4.41353 0
      vertex 0.994965 8.5979 0
      vertex 1.30627 4.30623 0
    endloop
  endfacet
  facet normal 0 0 -1
    outer loop
      vertex 0.877899 4.41353 0
      vertex 0.75473 8.51195 0
      vertex 0.994965 8.5979 0
    endloop
  endfacet
  facet normal 0 0 -1
    outer loop
      vertex 0.877899 4.41353 0
      vertex 0.507233 8.44995 0
      vertex 0.75473 8.51195 0
    endloop
  endfacet
  facet normal 0 0 -1
    outer loop
      vertex 0.441071 4.47832 0
      vertex 0.507233 8.44995 0
      vertex 0.877899 4.41353 0
    endloop
  endfacet
  facet normal 0 0 -1
    outer loop
      vertex 0.441071 4.47832 0
      vertex 0.254837 8.41251 0
      vertex 0.507233 8.44995 0
    endloop
  endfacet
  facet normal 0 0 -1
    outer loop
      vertex 0 4.5 0
      vertex 0.254837 8.41251 0
      vertex 0.441071 4.47832 0
    endloop
  endfacet
  facet normal 0 0 -1
    outer loop
      vertex 0 4.5 0
      vertex 0 8.39999 0
      vertex 0.254837 8.41251 0
    endloop
  endfacet
  facet normal 0 0 -1
    outer loop
      vertex 0 4.5 0
      vertex -0.254837 8.41251 0
      vertex 0 8.39999 0
    endloop
  endfacet
  facet normal 0 0 -1
    outer loop
      vertex -0.441071 4.47832 0
      vertex -0.254837 8.41251 0
      vertex 0 4.5 0
    endloop
  endfacet
  facet normal 0 0 -1
    outer loop
      vertex -0.441071 4.47832 0
      vertex -0.507233 8.44995 0
      vertex -0.254837 8.41251 0
    endloop
  endfacet
  facet normal 0 0 -1
    outer loop
      vertex -0.877899 4.41353 0
      vertex -0.507233 8.44995 0
      vertex -0.441071 4.47832 0
    endloop
  endfacet
  facet normal -0 0 -1
    outer loop
      vertex -0.507233 8.44995 0
      vertex -0.877899 4.41353 0
      vertex -0.75473 8.51195 0
    endloop
  endfacet
  facet normal 0 0 -1
    outer loop
      vertex -0.877899 4.41353 0
      vertex -0.994965 8.5979 0
      vertex -0.75473 8.51195 0
    endloop
  endfacet
  facet normal 0 0 -1
    outer loop
      vertex -1.30627 4.30623 0
      vertex -0.994965 8.5979 0
      vertex -0.877899 4.41353 0
    endloop
  endfacet
  facet normal -0 0 -1
    outer loop
      vertex -0.994965 8.5979 0
      vertex -1.30627 4.30623 0
      vertex -1.22562 8.707 0
    endloop
  endfacet
  facet normal 0 0 -1
    outer loop
      vertex -1.72206 4.15746 0
      vertex -1.22562 8.707 0
      vertex -1.30627 4.30623 0
    endloop
  endfacet
  facet normal -0 0 -1
    outer loop
      vertex -1.22562 8.707 0
      vertex -1.72206 4.15746 0
      vertex -1.44447 8.83817 0
    endloop
  endfacet
  facet normal 0 0 -1
    outer loop
      vertex -2.12128 3.96864 0
      vertex -1.44447 8.83817 0
      vertex -1.72206 4.15746 0
    endloop
  endfacet
  facet normal -0 0 -1
    outer loop
      vertex -1.44447 8.83817 0
      vertex -2.12128 3.96864 0
      vertex -1.64941 8.99016 0
    endloop
  endfacet
  facet normal 0 0 -1
    outer loop
      vertex -6.961 5.92352 0
      vertex -1.64941 8.99016 0
      vertex -2.12128 3.96864 0
    endloop
  endfacet
  facet normal -0 0 -1
    outer loop
      vertex -1.64941 8.99016 0
      vertex -6.961 5.92352 0
      vertex -1.83847 9.16151 0
    endloop
  endfacet
  facet normal 0 0 -1
    outer loop
      vertex -7.01486 6.17293 0
      vertex -1.83847 9.16151 0
      vertex -6.961 5.92352 0
    endloop
  endfacet
  facet normal 0 0 -1
    outer loop
      vertex -7.09291 6.41585 0
      vertex -2.00983 9.35057 0
      vertex -7.01486 6.17293 0
    endloop
  endfacet
  facet normal -0 0 -1
    outer loop
      vertex -2.00983 9.35057 0
      vertex -7.09291 6.41585 0
      vertex -2.16182 9.55551 0
    endloop
  endfacet
  facet normal 0 0 -1
    outer loop
      vertex -7.1944 6.64995 0
      vertex -2.16182 9.55551 0
      vertex -7.09291 6.41585 0
    endloop
  endfacet
  facet normal 0 0 -1
    outer loop
      vertex -6.961 5.92352 0
      vertex -2.12128 3.96864 0
      vertex -2.50006 3.74161 0
    endloop
  endfacet
  facet normal -0 0 -1
    outer loop
      vertex -2.16182 9.55551 0
      vertex -7.1944 6.64995 0
      vertex -2.29298 9.77437 0
    endloop
  endfacet
  facet normal 0 0 -1
    outer loop
      vertex -7.31834 6.87297 0
      vertex -2.29298 9.77437 0
      vertex -7.1944 6.64995 0
    endloop
  endfacet
  facet normal -0 0 -1
    outer loop
      vertex -2.29298 9.77437 0
      vertex -7.31834 6.87297 0
      vertex -2.40208 10.005 0
    endloop
  endfacet
  facet normal 0 0 -1
    outer loop
      vertex -6.93184 5.67004 0
      vertex -2.50006 3.74161 0
      vertex -2.85477 3.47855 0
    endloop
  endfacet
  facet normal 0 0 -1
    outer loop
      vertex 2.40208 -10.005 0
      vertex 6.84999 -14.6 0
      vertex 2.48804 -10.2453 0
    endloop
  endfacet
  facet normal 0 0 -1
    outer loop
      vertex 6.84999 -14.6 0
      vertex 2.40208 -10.005 0
      vertex 3.47855 -2.85477 0
    endloop
  endfacet
  facet normal 0 0 -1
    outer loop
      vertex 2.29298 -9.77437 0
      vertex 3.47855 -2.85477 0
      vertex 2.40208 -10.005 0
    endloop
  endfacet
  facet normal 0 0 -1
    outer loop
      vertex 3.47855 -2.85477 0
      vertex 2.29298 -9.77437 0
      vertex 3.18198 -3.18198 0
    endloop
  endfacet
  facet normal 0 0 -1
    outer loop
      vertex 2.16182 -9.55551 0
      vertex 3.18198 -3.18198 0
      vertex 2.29298 -9.77437 0
    endloop
  endfacet
  facet normal 0 0 -1
    outer loop
      vertex 3.18198 -3.18198 0
      vertex 2.16182 -9.55551 0
      vertex 2.85477 -3.47855 0
    endloop
  endfacet
  facet normal 0 0 -1
    outer loop
      vertex 2.00983 -9.35057 0
      vertex 2.85477 -3.47855 0
      vertex 2.16182 -9.55551 0
    endloop
  endfacet
  facet normal 0 0 -1
    outer loop
      vertex 2.85477 -3.47855 0
      vertex 2.00983 -9.35057 0
      vertex 2.50006 -3.74161 0
    endloop
  endfacet
  facet normal 0 0 -1
    outer loop
      vertex 1.83847 -9.16151 0
      vertex 2.50006 -3.74161 0
      vertex 2.00983 -9.35057 0
    endloop
  endfacet
  facet normal 0 0 -1
    outer loop
      vertex 2.50006 -3.74161 0
      vertex 1.83847 -9.16151 0
      vertex 2.12128 -3.96864 0
    endloop
  endfacet
  facet normal 0 0 -1
    outer loop
      vertex 1.64941 -8.99016 0
      vertex 2.12128 -3.96864 0
      vertex 1.83847 -9.16151 0
    endloop
  endfacet
  facet normal 0 0 -1
    outer loop
      vertex 1.44447 -8.83817 0
      vertex 2.12128 -3.96864 0
      vertex 1.64941 -8.99016 0
    endloop
  endfacet
  facet normal 0 0 -1
    outer loop
      vertex 2.12128 -3.96864 0
      vertex 1.44447 -8.83817 0
      vertex 1.72206 -4.15746 0
    endloop
  endfacet
  facet normal 0 0 -1
    outer loop
      vertex 1.22562 -8.707 0
      vertex 1.72206 -4.15746 0
      vertex 1.44447 -8.83817 0
    endloop
  endfacet
  facet normal 0 0 -1
    outer loop
      vertex 1.72206 -4.15746 0
      vertex 1.22562 -8.707 0
      vertex 1.30627 -4.30623 0
    endloop
  endfacet
  facet normal 0 0 -1
    outer loop
      vertex 0.994965 -8.5979 0
      vertex 1.30627 -4.30623 0
      vertex 1.22562 -8.707 0
    endloop
  endfacet
  facet normal 0 0 -1
    outer loop
      vertex 0.994965 -8.5979 0
      vertex 0.877899 -4.41353 0
      vertex 1.30627 -4.30623 0
    endloop
  endfacet
  facet normal 0 0 -1
    outer loop
      vertex 0.75473 -8.51195 0
      vertex 0.877899 -4.41353 0
      vertex 0.994965 -8.5979 0
    endloop
  endfacet
  facet normal 0 0 -1
    outer loop
      vertex 0.507233 -8.44995 0
      vertex 0.877899 -4.41353 0
      vertex 0.75473 -8.51195 0
    endloop
  endfacet
  facet normal 0 0 -1
    outer loop
      vertex 0.507233 -8.44995 0
      vertex 0.441071 -4.47832 0
      vertex 0.877899 -4.41353 0
    endloop
  endfacet
  facet normal 0 0 -1
    outer loop
      vertex 0.254837 -8.41251 0
      vertex 0.441071 -4.47832 0
      vertex 0.507233 -8.44995 0
    endloop
  endfacet
  facet normal 0 0 -1
    outer loop
      vertex 0 -4.5 0
      vertex 0.254837 -8.41251 0
      vertex 0 -8.39999 0
    endloop
  endfacet
  facet normal 0 0 -1
    outer loop
      vertex 0.254837 -8.41251 0
      vertex 0 -4.5 0
      vertex 0.441071 -4.47832 0
    endloop
  endfacet
  facet normal 0 0 -1
    outer loop
      vertex -0.254837 -8.41251 0
      vertex 0 -4.5 0
      vertex 0 -8.39999 0
    endloop
  endfacet
  facet normal 0 0 -1
    outer loop
      vertex -0.254837 -8.41251 0
      vertex -0.441071 -4.47832 0
      vertex 0 -4.5 0
    endloop
  endfacet
  facet normal 0 0 -1
    outer loop
      vertex -0.507233 -8.44995 0
      vertex -0.441071 -4.47832 0
      vertex -0.254837 -8.41251 0
    endloop
  endfacet
  facet normal 0 0 -1
    outer loop
      vertex -0.877899 -4.41353 0
      vertex -0.507233 -8.44995 0
      vertex -0.75473 -8.51195 0
    endloop
  endfacet
  facet normal 0 0 -1
    outer loop
      vertex -0.507233 -8.44995 0
      vertex -0.877899 -4.41353 0
      vertex -0.441071 -4.47832 0
    endloop
  endfacet
  facet normal 0 0 -1
    outer loop
      vertex -0.994965 -8.5979 0
      vertex -0.877899 -4.41353 0
      vertex -0.75473 -8.51195 0
    endloop
  endfacet
  facet normal 0 0 -1
    outer loop
      vertex -1.30627 -4.30623 0
      vertex -0.994965 -8.5979 0
      vertex -1.22562 -8.707 0
    endloop
  endfacet
  facet normal 0 0 -1
    outer loop
      vertex -0.994965 -8.5979 0
      vertex -1.30627 -4.30623 0
      vertex -0.877899 -4.41353 0
    endloop
  endfacet
  facet normal 0 0 -1
    outer loop
      vertex -1.72206 -4.15746 0
      vertex -1.22562 -8.707 0
      vertex -1.44447 -8.83817 0
    endloop
  endfacet
  facet normal 0 0 -1
    outer loop
      vertex -2.12128 -3.96864 0
      vertex -1.44447 -8.83817 0
      vertex -1.64941 -8.99016 0
    endloop
  endfacet
  facet normal 0 0 -1
    outer loop
      vertex -1.22562 -8.707 0
      vertex -1.72206 -4.15746 0
      vertex -1.30627 -4.30623 0
    endloop
  endfacet
  facet normal 0 0 -1
    outer loop
      vertex -6.93184 -5.67004 0
      vertex -1.64941 -8.99016 0
      vertex -1.83847 -9.16151 0
    endloop
  endfacet
  facet normal 0 0 -1
    outer loop
      vertex -6.93184 -5.67004 0
      vertex -1.83847 -9.16151 0
      vertex -2.00983 -9.35057 0
    endloop
  endfacet
  facet normal 0 0 -1
    outer loop
      vertex -1.44447 -8.83817 0
      vertex -2.12128 -3.96864 0
      vertex -1.72206 -4.15746 0
    endloop
  endfacet
  facet normal 0 0 -1
    outer loop
      vertex -6.93184 -5.67004 0
      vertex -2.00983 -9.35057 0
      vertex -2.16182 -9.55551 0
    endloop
  endfacet
  facet normal 0 0 -1
    outer loop
      vertex -6.93184 -5.67004 0
      vertex -2.16182 -9.55551 0
      vertex -2.29298 -9.77437 0
    endloop
  endfacet
  facet normal 0 0 -1
    outer loop
      vertex -6.93184 -5.67004 0
      vertex -2.29298 -9.77437 0
      vertex -2.40208 -10.005 0
    endloop
  endfacet
  facet normal 0 0 -1
    outer loop
      vertex -6.93184 -5.67004 0
      vertex -2.40208 -10.005 0
      vertex -2.48804 -10.2453 0
    endloop
  endfacet
  facet normal 0 0 -1
    outer loop
      vertex -1.64941 -8.99016 0
      vertex -6.93184 -5.67004 0
      vertex -2.12128 -3.96864 0
    endloop
  endfacet
  facet normal 0 0 -1
    outer loop
      vertex -6.93184 -5.67004 0
      vertex -2.48804 -10.2453 0
      vertex -2.55003 -10.4928 0
    endloop
  endfacet
  facet normal -0 0 -1
    outer loop
      vertex -2.48804 -11.7547 0
      vertex -7.11102 -13.8704 0
      vertex -2.55003 -11.5072 0
    endloop
  endfacet
  facet normal 0 0 -1
    outer loop
      vertex -7.11102 -13.8704 0
      vertex -2.48804 -11.7547 0
      vertex -7.04381 -13.9611 0
    endloop
  endfacet
  facet normal 0 0 -1
    outer loop
      vertex -6.93184 -5.67004 0
      vertex -2.50006 -3.74161 0
      vertex -2.12128 -3.96864 0
    endloop
  endfacet
  facet normal -0 0 -1
    outer loop
      vertex 9.86108 -11.4562 0
      vertex 8.5421 -13.5858 0
      vertex 9.77045 -11.389 0
    endloop
  endfacet
  facet normal 0 0 -1
    outer loop
      vertex 8.44008 -13.5375 0
      vertex 9.77045 -11.389 0
      vertex 8.5421 -13.5858 0
    endloop
  endfacet
  facet normal -0 0 -1
    outer loop
      vertex 9.77045 -11.389 0
      vertex 8.44008 -13.5375 0
      vertex 9.68681 -11.3132 0
    endloop
  endfacet
  facet normal 0 0 -1
    outer loop
      vertex 8.33382 -13.4995 0
      vertex 9.68681 -11.3132 0
      vertex 8.44008 -13.5375 0
    endloop
  endfacet
  facet normal -0 0 -1
    outer loop
      vertex 9.68681 -11.3132 0
      vertex 8.33382 -13.4995 0
      vertex 9.61102 -11.2295 0
    endloop
  endfacet
  facet normal 0 0 -1
    outer loop
      vertex 8.22435 -13.4721 0
      vertex 9.61102 -11.2295 0
      vertex 8.33382 -13.4995 0
    endloop
  endfacet
  facet normal -0 0 -1
    outer loop
      vertex 9.61102 -11.2295 0
      vertex 8.22435 -13.4721 0
      vertex 9.54381 -11.1389 0
    endloop
  endfacet
  facet normal 0 0 -1
    outer loop
      vertex 8.11272 -13.4555 0
      vertex 9.54381 -11.1389 0
      vertex 8.22435 -13.4721 0
    endloop
  endfacet
  facet normal -0 0 -1
    outer loop
      vertex 9.54381 -11.1389 0
      vertex 8.11272 -13.4555 0
      vertex 9.48578 -11.0421 0
    endloop
  endfacet
  facet normal 0 0 -1
    outer loop
      vertex 8 -13.45 0
      vertex 9.48578 -11.0421 0
      vertex 8.11272 -13.4555 0
    endloop
  endfacet
  facet normal -0 0 -1
    outer loop
      vertex 9.48578 -11.0421 0
      vertex 8 -13.45 0
      vertex 9.43753 -10.9401 0
    endloop
  endfacet
  facet normal 0 0 -1
    outer loop
      vertex 7.88727 -13.4555 0
      vertex 9.43753 -10.9401 0
      vertex 8 -13.45 0
    endloop
  endfacet
  facet normal -0 0 -1
    outer loop
      vertex 9.43753 -10.9401 0
      vertex 7.88727 -13.4555 0
      vertex 9.39951 -10.8338 0
    endloop
  endfacet
  facet normal 0 0 -1
    outer loop
      vertex 7.77563 -13.4721 0
      vertex 9.39951 -10.8338 0
      vertex 7.88727 -13.4555 0
    endloop
  endfacet
  facet normal 0 0 -1
    outer loop
      vertex 9.34999 -10.5 0
      vertex 8.93587 -8.03207 0
      vertex 9.1869 -8.07774 0
    endloop
  endfacet
  facet normal -0 0 -1
    outer loop
      vertex 9.39951 -10.8338 0
      vertex 7.77563 -13.4721 0
      vertex 9.37209 -10.7243 0
    endloop
  endfacet
  facet normal 0 0 -1
    outer loop
      vertex 7.66617 -13.4995 0
      vertex 9.37209 -10.7243 0
      vertex 7.77563 -13.4721 0
    endloop
  endfacet
  facet normal 0 0 -1
    outer loop
      vertex 9.34999 -10.5 0
      vertex 8.69054 -7.96201 0
      vertex 8.93587 -8.03207 0
    endloop
  endfacet
  facet normal -0 0 -1
    outer loop
      vertex 9.37209 -10.7243 0
      vertex 7.66617 -13.4995 0
      vertex 9.35553 -10.6127 0
    endloop
  endfacet
  facet normal 0 0 -1
    outer loop
      vertex 9.34999 -10.5 0
      vertex 8.45323 -7.86824 0
      vertex 8.69054 -7.96201 0
    endloop
  endfacet
  facet normal 0 0 -1
    outer loop
      vertex 7.55991 -13.5375 0
      vertex 9.35553 -10.6127 0
      vertex 7.66617 -13.4995 0
    endloop
  endfacet
  facet normal -0 0 -1
    outer loop
      vertex 9.35553 -10.6127 0
      vertex 7.55991 -13.5375 0
      vertex 9.34999 -10.5 0
    endloop
  endfacet
  facet normal 0 0 -1
    outer loop
      vertex 9.34999 -10.5 0
      vertex 8.22627 -7.75166 0
      vertex 8.45323 -7.86824 0
    endloop
  endfacet
  facet normal 0 0 -1
    outer loop
      vertex 7.45789 -13.5858 0
      vertex 9.34999 -10.5 0
      vertex 7.55991 -13.5375 0
    endloop
  endfacet
  facet normal 0 0 -1
    outer loop
      vertex 9.34999 -10.5 0
      vertex 8.01183 -7.61339 0
      vertex 8.22627 -7.75166 0
    endloop
  endfacet
  facet normal -0 0 -1
    outer loop
      vertex 9.34999 -10.5 0
      vertex 7.45789 -13.5858 0
      vertex 8.01183 -7.61339 0
    endloop
  endfacet
  facet normal -0 0 -1
    outer loop
      vertex 8.01183 -7.61339 0
      vertex 7.45789 -13.5858 0
      vertex 7.81197 -7.45477 0
    endloop
  endfacet
  facet normal 0 0 -1
    outer loop
      vertex 7.36108 -13.6438 0
      vertex 7.81197 -7.45477 0
      vertex 7.45789 -13.5858 0
    endloop
  endfacet
  facet normal -0 0 -1
    outer loop
      vertex 7.81197 -7.45477 0
      vertex 7.36108 -13.6438 0
      vertex 7.62863 -7.27733 0
    endloop
  endfacet
  facet normal 0 0 -1
    outer loop
      vertex 7.27045 -13.711 0
      vertex 7.62863 -7.27733 0
      vertex 7.36108 -13.6438 0
    endloop
  endfacet
  facet normal 0 0 -1
    outer loop
      vertex 7.18681 -13.7868 0
      vertex 7.62863 -7.27733 0
      vertex 7.27045 -13.711 0
    endloop
  endfacet
  facet normal -0 0 -1
    outer loop
      vertex 7.62863 -7.27733 0
      vertex 7.18681 -13.7868 0
      vertex 7.46355 -7.08278 0
    endloop
  endfacet
  facet normal 0 0 -1
    outer loop
      vertex 7.11102 -13.8704 0
      vertex 7.46355 -7.08278 0
      vertex 7.18681 -13.7868 0
    endloop
  endfacet
  facet normal -0 0 -1
    outer loop
      vertex 7.46355 -7.08278 0
      vertex 7.11102 -13.8704 0
      vertex 7.31834 -6.87297 0
    endloop
  endfacet
  facet normal 0 0 -1
    outer loop
      vertex 7.04381 -13.9611 0
      vertex 7.31834 -6.87297 0
      vertex 7.11102 -13.8704 0
    endloop
  endfacet
  facet normal -0 0 -1
    outer loop
      vertex 7.31834 -6.87297 0
      vertex 7.04381 -13.9611 0
      vertex 7.1944 -6.64995 0
    endloop
  endfacet
  facet normal 0 0 -1
    outer loop
      vertex 6.98578 -14.0579 0
      vertex 7.1944 -6.64995 0
      vertex 7.04381 -13.9611 0
    endloop
  endfacet
  facet normal -0 0 -1
    outer loop
      vertex 7.1944 -6.64995 0
      vertex 6.98578 -14.0579 0
      vertex 7.09291 -6.41585 0
    endloop
  endfacet
  facet normal 0 0 -1
    outer loop
      vertex 6.93753 -14.1599 0
      vertex 7.09291 -6.41585 0
      vertex 6.98578 -14.0579 0
    endloop
  endfacet
  facet normal -0 0 -1
    outer loop
      vertex 7.09291 -6.41585 0
      vertex 6.93753 -14.1599 0
      vertex 7.01486 -6.17293 0
    endloop
  endfacet
  facet normal 0 0 -1
    outer loop
      vertex 6.89951 -14.2662 0
      vertex 7.01486 -6.17293 0
      vertex 6.93753 -14.1599 0
    endloop
  endfacet
  facet normal -0 0 -1
    outer loop
      vertex 7.01486 -6.17293 0
      vertex 6.89951 -14.2662 0
      vertex 6.961 -5.92352 0
    endloop
  endfacet
  facet normal 0 0 -1
    outer loop
      vertex 4.5 0 0
      vertex 6.961 -5.92352 0
      vertex 6.89951 -14.2662 0
    endloop
  endfacet
  facet normal 0 0 -1
    outer loop
      vertex 6.93184 -5.67004 0
      vertex 4.5 0 0
      vertex 6.92766 -5.41492 0
    endloop
  endfacet
  facet normal 0 0 -1
    outer loop
      vertex 6.961 -5.92352 0
      vertex 4.5 0 0
      vertex 6.93184 -5.67004 0
    endloop
  endfacet
  facet normal 0 0 -1
    outer loop
      vertex 19.6 15.6 0
      vertex 11.6445 10.3873 0
      vertex 11.65 10.5 0
    endloop
  endfacet
  facet normal 0 0 -1
    outer loop
      vertex 11.5142 9.95789 0
      vertex 11.7779 6.79999 0
      vertex 11.6397 7.01443 0
    endloop
  endfacet
  facet normal 0 0 -1
    outer loop
      vertex 11.8945 6.57303 0
      vertex 11.6279 10.2756 0
      vertex 11.6445 10.3873 0
    endloop
  endfacet
  facet normal 0 0 -1
    outer loop
      vertex 11.8945 6.57303 0
      vertex 11.6005 10.1662 0
      vertex 11.6279 10.2756 0
    endloop
  endfacet
  facet normal 0 0 -1
    outer loop
      vertex 11.7779 6.79999 0
      vertex 11.5625 10.0599 0
      vertex 11.6005 10.1662 0
    endloop
  endfacet
  facet normal 0 0 -1
    outer loop
      vertex 11.7779 6.79999 0
      vertex 11.5142 9.95789 0
      vertex 11.5625 10.0599 0
    endloop
  endfacet
  facet normal 0 0 -1
    outer loop
      vertex 11.4562 9.86108 0
      vertex 11.6397 7.01443 0
      vertex 11.481 7.21429 0
    endloop
  endfacet
  facet normal 0 0 -1
    outer loop
      vertex 11.6397 7.01443 0
      vertex 11.4562 9.86108 0
      vertex 11.5142 9.95789 0
    endloop
  endfacet
  facet normal 0 0 -1
    outer loop
      vertex 11.481 7.21429 0
      vertex 11.389 9.77045 0
      vertex 11.4562 9.86108 0
    endloop
  endfacet
  facet normal 0 0 -1
    outer loop
      vertex 11.481 7.21429 0
      vertex 11.3132 9.68681 0
      vertex 11.389 9.77045 0
    endloop
  endfacet
  facet normal 0 0 -1
    outer loop
      vertex 11.3036 7.39764 0
      vertex 11.3132 9.68681 0
      vertex 11.481 7.21429 0
    endloop
  endfacet
  facet normal 0 0 -1
    outer loop
      vertex 11.3036 7.39764 0
      vertex 11.2295 9.61102 0
      vertex 11.3132 9.68681 0
    endloop
  endfacet
  facet normal 0 0 -1
    outer loop
      vertex 11.1091 7.56271 0
      vertex 11.2295 9.61102 0
      vertex 11.3036 7.39764 0
    endloop
  endfacet
  facet normal 0 0 -1
    outer loop
      vertex 11.2295 9.61102 0
      vertex 11.1091 7.56271 0
      vertex 11.1389 9.54381 0
    endloop
  endfacet
  facet normal 0 0 -1
    outer loop
      vertex 11.1091 7.56271 0
      vertex 11.0421 9.48578 0
      vertex 11.1389 9.54381 0
    endloop
  endfacet
  facet normal 0 0 -1
    outer loop
      vertex 10.8992 7.70792 0
      vertex 11.0421 9.48578 0
      vertex 11.1091 7.56271 0
    endloop
  endfacet
  facet normal 0 0 -1
    outer loop
      vertex 11.0421 9.48578 0
      vertex 10.8992 7.70792 0
      vertex 10.9401 9.43753 0
    endloop
  endfacet
  facet normal 0 0 -1
    outer loop
      vertex 10.6762 7.83186 0
      vertex 10.9401 9.43753 0
      vertex 10.8992 7.70792 0
    endloop
  endfacet
  facet normal 0 0 -1
    outer loop
      vertex 10.9401 9.43753 0
      vertex 10.6762 7.83186 0
      vertex 10.8338 9.39951 0
    endloop
  endfacet
  facet normal 0 0 -1
    outer loop
      vertex 10.8338 9.39951 0
      vertex 10.6762 7.83186 0
      vertex 10.7243 9.37209 0
    endloop
  endfacet
  facet normal 0 0 -1
    outer loop
      vertex 10.4421 7.93335 0
      vertex 10.7243 9.37209 0
      vertex 10.6762 7.83186 0
    endloop
  endfacet
  facet normal 0 0 -1
    outer loop
      vertex 10.7243 9.37209 0
      vertex 10.4421 7.93335 0
      vertex 10.6127 9.35553 0
    endloop
  endfacet
  facet normal 0 0 -1
    outer loop
      vertex 10.6127 9.35553 0
      vertex 10.4421 7.93335 0
      vertex 10.5 9.34999 0
    endloop
  endfacet
  facet normal 0 0 -1
    outer loop
      vertex 10.1992 8.0114 0
      vertex 10.5 9.34999 0
      vertex 10.4421 7.93335 0
    endloop
  endfacet
  facet normal -0 0 -1
    outer loop
      vertex 10.5 9.34999 0
      vertex 10.1992 8.0114 0
      vertex 10.3873 9.35553 0
    endloop
  endfacet
  facet normal -0 0 -1
    outer loop
      vertex 10.3873 9.35553 0
      vertex 10.1992 8.0114 0
      vertex 10.2756 9.37209 0
    endloop
  endfacet
  facet normal 0 0 -1
    outer loop
      vertex 9.9498 8.06526 0
      vertex 10.2756 9.37209 0
      vertex 10.1992 8.0114 0
    endloop
  endfacet
  facet normal -0 0 -1
    outer loop
      vertex 10.2756 9.37209 0
      vertex 9.9498 8.06526 0
      vertex 10.1662 9.39951 0
    endloop
  endfacet
  facet normal 0 0 -1
    outer loop
      vertex 9.69632 8.09442 0
      vertex 10.1662 9.39951 0
      vertex 9.9498 8.06526 0
    endloop
  endfacet
  facet normal -0 0 -1
    outer loop
      vertex 10.1662 9.39951 0
      vertex 9.69632 8.09442 0
      vertex 10.0599 9.43753 0
    endloop
  endfacet
  facet normal -0 0 -1
    outer loop
      vertex 10.0599 9.43753 0
      vertex 9.69632 8.09442 0
      vertex 9.95789 9.48578 0
    endloop
  endfacet
  facet normal 0 0 -1
    outer loop
      vertex 9.44121 8.0986 0
      vertex 9.95789 9.48578 0
      vertex 9.69632 8.09442 0
    endloop
  endfacet
  facet normal -0 0 -1
    outer loop
      vertex 9.95789 9.48578 0
      vertex 9.44121 8.0986 0
      vertex 9.86108 9.54381 0
    endloop
  endfacet
  facet normal -0 0 -1
    outer loop
      vertex 9.86108 9.54381 0
      vertex 9.44121 8.0986 0
      vertex 9.77045 9.61102 0
    endloop
  endfacet
  facet normal 0 0 -1
    outer loop
      vertex 9.1869 8.07774 0
      vertex 9.77045 9.61102 0
      vertex 9.44121 8.0986 0
    endloop
  endfacet
  facet normal -0 0 -1
    outer loop
      vertex 9.77045 9.61102 0
      vertex 9.1869 8.07774 0
      vertex 9.68681 9.68681 0
    endloop
  endfacet
  facet normal -0 0 -1
    outer loop
      vertex 9.68681 9.68681 0
      vertex 9.1869 8.07774 0
      vertex 9.61102 9.77045 0
    endloop
  endfacet
  facet normal 0 0 -1
    outer loop
      vertex 8.93587 8.03207 0
      vertex 9.61102 9.77045 0
      vertex 9.1869 8.07774 0
    endloop
  endfacet
  facet normal -0 0 -1
    outer loop
      vertex 9.61102 9.77045 0
      vertex 8.93587 8.03207 0
      vertex 9.54381 9.86108 0
    endloop
  endfacet
  facet normal 0 0 -1
    outer loop
      vertex 8.69054 7.96201 0
      vertex 9.54381 9.86108 0
      vertex 8.93587 8.03207 0
    endloop
  endfacet
  facet normal -0 0 -1
    outer loop
      vertex 9.54381 9.86108 0
      vertex 8.69054 7.96201 0
      vertex 9.48578 9.95789 0
    endloop
  endfacet
  facet normal -0 0 -1
    outer loop
      vertex 9.48578 9.95789 0
      vertex 8.69054 7.96201 0
      vertex 9.43753 10.0599 0
    endloop
  endfacet
  facet normal 0 0 -1
    outer loop
      vertex 8.45323 7.86824 0
      vertex 9.43753 10.0599 0
      vertex 8.69054 7.96201 0
    endloop
  endfacet
  facet normal -0 0 -1
    outer loop
      vertex 9.43753 10.0599 0
      vertex 8.45323 7.86824 0
      vertex 9.39951 10.1662 0
    endloop
  endfacet
  facet normal 0 0 -1
    outer loop
      vertex 12.0377 -4.82706 0
      vertex 19.6 -15.6 0
      vertex 12.0915 -5.07646 0
    endloop
  endfacet
  facet normal 0 0 -1
    outer loop
      vertex 19.6 15.6 0
      vertex 12.1207 5.32994 0
      vertex 12.1249 5.58507 0
    endloop
  endfacet
  facet normal 0 0 -1
    outer loop
      vertex 19.6 -15.6 0
      vertex 12.0377 -4.82706 0
      vertex 19.6 15.6 0
    endloop
  endfacet
  facet normal 0 0 -1
    outer loop
      vertex 19.6 15.6 0
      vertex 12.0915 5.07646 0
      vertex 12.1207 5.32994 0
    endloop
  endfacet
  facet normal 0 0 -1
    outer loop
      vertex 12.0377 4.82706 0
      vertex 19.6 15.6 0
      vertex 12.0377 -4.82706 0
    endloop
  endfacet
  facet normal 0 0 -1
    outer loop
      vertex 19.6 15.6 0
      vertex 12.0377 4.82706 0
      vertex 12.0915 5.07646 0
    endloop
  endfacet
  facet normal 0 0 -1
    outer loop
      vertex 11.9596 -4.58414 0
      vertex 12.0377 4.82706 0
      vertex 12.0377 -4.82706 0
    endloop
  endfacet
  facet normal 0 0 -1
    outer loop
      vertex 11.9596 -4.58414 0
      vertex 11.9596 4.58414 0
      vertex 12.0377 4.82706 0
    endloop
  endfacet
  facet normal 0 0 -1
    outer loop
      vertex 11.8581 -4.35004 0
      vertex 11.9596 4.58414 0
      vertex 11.9596 -4.58414 0
    endloop
  endfacet
  facet normal 0 0 -1
    outer loop
      vertex 11.8581 -4.35004 0
      vertex 11.8581 4.35004 0
      vertex 11.9596 4.58414 0
    endloop
  endfacet
  facet normal 0 0 -1
    outer loop
      vertex 11.7342 -4.12701 0
      vertex 11.8581 4.35004 0
      vertex 11.8581 -4.35004 0
    endloop
  endfacet
  facet normal 0 0 -1
    outer loop
      vertex 11.7342 -4.12701 0
      vertex 11.7342 4.12701 0
      vertex 11.8581 4.35004 0
    endloop
  endfacet
  facet normal 0 0 -1
    outer loop
      vertex 11.589 -3.91721 0
      vertex 11.7342 4.12701 0
      vertex 11.7342 -4.12701 0
    endloop
  endfacet
  facet normal 0 0 -1
    outer loop
      vertex 11.589 -3.91721 0
      vertex 11.589 3.91721 0
      vertex 11.7342 4.12701 0
    endloop
  endfacet
  facet normal 0 0 -1
    outer loop
      vertex 11.4239 -3.72266 0
      vertex 11.589 3.91721 0
      vertex 11.589 -3.91721 0
    endloop
  endfacet
  facet normal 0 0 -1
    outer loop
      vertex 11.4239 -3.72266 0
      vertex 11.4239 3.72266 0
      vertex 11.589 3.91721 0
    endloop
  endfacet
  facet normal 0 0 -1
    outer loop
      vertex 11.2406 -3.54521 0
      vertex 11.4239 3.72266 0
      vertex 11.4239 -3.72266 0
    endloop
  endfacet
  facet normal 0 0 -1
    outer loop
      vertex 11.2406 -3.54521 0
      vertex 11.2406 3.54521 0
      vertex 11.4239 3.72266 0
    endloop
  endfacet
  facet normal 0 0 -1
    outer loop
      vertex 11.0407 -3.3866 0
      vertex 11.2406 3.54521 0
      vertex 11.2406 -3.54521 0
    endloop
  endfacet
  facet normal 0 0 -1
    outer loop
      vertex 11.0407 -3.3866 0
      vertex 11.0407 3.3866 0
      vertex 11.2406 3.54521 0
    endloop
  endfacet
  facet normal 0 0 -1
    outer loop
      vertex 10.8263 -3.24832 0
      vertex 11.0407 3.3866 0
      vertex 11.0407 -3.3866 0
    endloop
  endfacet
  facet normal 0 0 -1
    outer loop
      vertex 10.8263 -3.24832 0
      vertex 10.8263 3.24832 0
      vertex 11.0407 3.3866 0
    endloop
  endfacet
  facet normal 0 0 -1
    outer loop
      vertex 10.5993 -3.13174 0
      vertex 10.8263 3.24832 0
      vertex 10.8263 -3.24832 0
    endloop
  endfacet
  facet normal 0 0 -1
    outer loop
      vertex 10.5993 -3.13174 0
      vertex 10.5993 3.13174 0
      vertex 10.8263 3.24832 0
    endloop
  endfacet
  facet normal 0 0 -1
    outer loop
      vertex 10.362 -3.03798 0
      vertex 10.5993 3.13174 0
      vertex 10.5993 -3.13174 0
    endloop
  endfacet
  facet normal 0 0 -1
    outer loop
      vertex 10.362 -3.03798 0
      vertex 10.362 3.03798 0
      vertex 10.5993 3.13174 0
    endloop
  endfacet
  facet normal 0 0 -1
    outer loop
      vertex 10.1167 -2.96791 0
      vertex 10.362 3.03798 0
      vertex 10.362 -3.03798 0
    endloop
  endfacet
  facet normal 0 0 -1
    outer loop
      vertex 10.1167 -2.96791 0
      vertex 10.1167 2.96791 0
      vertex 10.362 3.03798 0
    endloop
  endfacet
  facet normal 0 0 -1
    outer loop
      vertex 9.86565 -2.92224 0
      vertex 10.1167 2.96791 0
      vertex 10.1167 -2.96791 0
    endloop
  endfacet
  facet normal 0 0 -1
    outer loop
      vertex 9.86565 -2.92224 0
      vertex 9.86565 2.92224 0
      vertex 10.1167 2.96791 0
    endloop
  endfacet
  facet normal 0 0 -1
    outer loop
      vertex 9.61134 -2.90138 0
      vertex 9.86565 2.92224 0
      vertex 9.86565 -2.92224 0
    endloop
  endfacet
  facet normal 0 0 -1
    outer loop
      vertex 9.61134 -2.90138 0
      vertex 9.61134 2.90138 0
      vertex 9.86565 2.92224 0
    endloop
  endfacet
  facet normal 0 0 -1
    outer loop
      vertex 9.35622 -2.90556 0
      vertex 9.61134 2.90138 0
      vertex 9.61134 -2.90138 0
    endloop
  endfacet
  facet normal 0 0 -1
    outer loop
      vertex 9.35622 -2.90556 0
      vertex 9.35622 2.90556 0
      vertex 9.61134 2.90138 0
    endloop
  endfacet
  facet normal 0 0 -1
    outer loop
      vertex 9.10274 -2.93472 0
      vertex 9.35622 2.90556 0
      vertex 9.35622 -2.90556 0
    endloop
  endfacet
  facet normal 0 0 -1
    outer loop
      vertex 9.10274 -2.93472 0
      vertex 9.10274 2.93472 0
      vertex 9.35622 2.90556 0
    endloop
  endfacet
  facet normal 0 0 -1
    outer loop
      vertex 8.85335 -2.98859 0
      vertex 9.10274 2.93472 0
      vertex 9.10274 -2.93472 0
    endloop
  endfacet
  facet normal 0 0 -1
    outer loop
      vertex 8.85335 -2.98859 0
      vertex 8.85335 2.98859 0
      vertex 9.10274 2.93472 0
    endloop
  endfacet
  facet normal 0 0 -1
    outer loop
      vertex 8.61043 -3.06664 0
      vertex 8.85335 2.98859 0
      vertex 8.85335 -2.98859 0
    endloop
  endfacet
  facet normal 0 0 -1
    outer loop
      vertex 8.61043 -3.06664 0
      vertex 8.61043 3.06664 0
      vertex 8.85335 2.98859 0
    endloop
  endfacet
  facet normal 0 0 -1
    outer loop
      vertex 8.37633 -3.16812 0
      vertex 8.61043 3.06664 0
      vertex 8.61043 -3.06664 0
    endloop
  endfacet
  facet normal 0 0 -1
    outer loop
      vertex 8.37633 -3.16812 0
      vertex 8.37633 3.16812 0
      vertex 8.61043 3.06664 0
    endloop
  endfacet
  facet normal 0 0 -1
    outer loop
      vertex 8.15329 -3.29207 0
      vertex 8.37633 3.16812 0
      vertex 8.37633 -3.16812 0
    endloop
  endfacet
  facet normal 0 0 -1
    outer loop
      vertex 8.15329 -3.29207 0
      vertex 8.15329 3.29207 0
      vertex 8.37633 3.16812 0
    endloop
  endfacet
  facet normal 0 0 -1
    outer loop
      vertex 7.9435 -3.43727 0
      vertex 8.15329 3.29207 0
      vertex 8.15329 -3.29207 0
    endloop
  endfacet
  facet normal 0 0 -1
    outer loop
      vertex 7.9435 -3.43727 0
      vertex 7.9435 3.43727 0
      vertex 8.15329 3.29207 0
    endloop
  endfacet
  facet normal 0 0 -1
    outer loop
      vertex 7.74893 -3.60234 0
      vertex 7.9435 3.43727 0
      vertex 7.9435 -3.43727 0
    endloop
  endfacet
  facet normal 0 0 -1
    outer loop
      vertex 7.74893 -3.60234 0
      vertex 7.74893 3.60234 0
      vertex 7.9435 3.43727 0
    endloop
  endfacet
  facet normal 0 0 -1
    outer loop
      vertex 7.57149 -3.78569 0
      vertex 7.74893 3.60234 0
      vertex 7.74893 -3.60234 0
    endloop
  endfacet
  facet normal 0 0 -1
    outer loop
      vertex 7.57149 -3.78569 0
      vertex 7.57149 3.78569 0
      vertex 7.74893 3.60234 0
    endloop
  endfacet
  facet normal 0 0 -1
    outer loop
      vertex 7.41287 -3.98555 0
      vertex 7.57149 3.78569 0
      vertex 7.57149 -3.78569 0
    endloop
  endfacet
  facet normal 0 0 -1
    outer loop
      vertex 7.41287 -3.98555 0
      vertex 7.41287 3.98555 0
      vertex 7.57149 3.78569 0
    endloop
  endfacet
  facet normal 0 0 -1
    outer loop
      vertex 7.27461 -4.2 0
      vertex 7.41287 3.98555 0
      vertex 7.41287 -3.98555 0
    endloop
  endfacet
  facet normal 0 0 -1
    outer loop
      vertex 7.27461 -4.2 0
      vertex 7.27461 4.2 0
      vertex 7.41287 3.98555 0
    endloop
  endfacet
  facet normal 0 0 -1
    outer loop
      vertex 7.15802 -4.42696 0
      vertex 7.27461 4.2 0
      vertex 7.27461 -4.2 0
    endloop
  endfacet
  facet normal 0 0 -1
    outer loop
      vertex 7.15802 -4.42696 0
      vertex 7.15802 4.42696 0
      vertex 7.27461 4.2 0
    endloop
  endfacet
  facet normal 0 0 -1
    outer loop
      vertex 7.06425 -4.66425 0
      vertex 7.15802 4.42696 0
      vertex 7.15802 -4.42696 0
    endloop
  endfacet
  facet normal 0 0 -1
    outer loop
      vertex 7.06425 -4.66425 0
      vertex 7.06425 4.66425 0
      vertex 7.15802 4.42696 0
    endloop
  endfacet
  facet normal 0 0 -1
    outer loop
      vertex 6.99419 -4.90959 0
      vertex 7.06425 4.66425 0
      vertex 7.06425 -4.66425 0
    endloop
  endfacet
  facet normal 0 0 -1
    outer loop
      vertex 6.99419 -4.90959 0
      vertex 6.99419 4.90959 0
      vertex 7.06425 4.66425 0
    endloop
  endfacet
  facet normal 0 0 -1
    outer loop
      vertex 6.94852 -5.16063 0
      vertex 6.99419 4.90959 0
      vertex 6.99419 -4.90959 0
    endloop
  endfacet
  facet normal 0 0 -1
    outer loop
      vertex 6.94852 -5.16063 0
      vertex 6.94852 5.16063 0
      vertex 6.99419 4.90959 0
    endloop
  endfacet
  facet normal 0 0 -1
    outer loop
      vertex 6.92766 -5.41492 0
      vertex 6.94852 5.16063 0
      vertex 6.94852 -5.16063 0
    endloop
  endfacet
  facet normal -0 0 -1
    outer loop
      vertex 6.94852 5.16063 0
      vertex 6.92766 -5.41492 0
      vertex 6.92766 5.41492 0
    endloop
  endfacet
  facet normal 0 0 -1
    outer loop
      vertex 15.6 -19.6 0
      vertex 19.6 -15.6 0
      vertex 19.5807 -15.9921 0
    endloop
  endfacet
  facet normal 0 0 -1
    outer loop
      vertex 12.1207 -5.32994 0
      vertex 19.6 -15.6 0
      vertex 12.1249 -5.58507 0
    endloop
  endfacet
  facet normal 0 0 -1
    outer loop
      vertex 15.6 -19.6 0
      vertex 19.5807 -15.9921 0
      vertex 19.5231 -16.3804 0
    endloop
  endfacet
  facet normal 0 0 -1
    outer loop
      vertex 12.0915 -5.07646 0
      vertex 19.6 -15.6 0
      vertex 12.1207 -5.32994 0
    endloop
  endfacet
  facet normal 0 0 -1
    outer loop
      vertex 15.6 -19.6 0
      vertex 19.5231 -16.3804 0
      vertex 19.4277 -16.7611 0
    endloop
  endfacet
  facet normal 0 0 -1
    outer loop
      vertex 12.104 5.83936 0
      vertex 19.6 15.6 0
      vertex 12.1249 5.58507 0
    endloop
  endfacet
  facet normal 0 0 -1
    outer loop
      vertex 15.6 -19.6 0
      vertex 19.4277 -16.7611 0
      vertex 19.2955 -17.1307 0
    endloop
  endfacet
  facet normal 0 0 -1
    outer loop
      vertex 12.0583 6.09039 0
      vertex 19.6 15.6 0
      vertex 12.104 5.83936 0
    endloop
  endfacet
  facet normal 0 0 -1
    outer loop
      vertex 15.6 -19.6 0
      vertex 19.2955 -17.1307 0
      vertex 19.1277 -17.4856 0
    endloop
  endfacet
  facet normal 0 0 -1
    outer loop
      vertex 11.9883 6.33574 0
      vertex 19.6 15.6 0
      vertex 12.0583 6.09039 0
    endloop
  endfacet
  facet normal 0 0 -1
    outer loop
      vertex 15.6 -19.6 0
      vertex 19.1277 -17.4856 0
      vertex 18.9259 -17.8223 0
    endloop
  endfacet
  facet normal 0 0 -1
    outer loop
      vertex 11.6445 10.3873 0
      vertex 19.6 15.6 0
      vertex 11.9883 6.33574 0
    endloop
  endfacet
  facet normal 0 0 -1
    outer loop
      vertex 15.6 -19.6 0
      vertex 18.9259 -17.8223 0
      vertex 18.692 -18.1376 0
    endloop
  endfacet
  facet normal 0 0 -1
    outer loop
      vertex 11.6445 10.6127 0
      vertex 19.6 15.6 0
      vertex 11.65 10.5 0
    endloop
  endfacet
  facet normal 0 0 -1
    outer loop
      vertex 15.6 -19.6 0
      vertex 18.692 -18.1376 0
      vertex 18.4284 -18.4284 0
    endloop
  endfacet
  facet normal 0 0 -1
    outer loop
      vertex 11.6279 10.7243 0
      vertex 19.6 15.6 0
      vertex 11.6445 10.6127 0
    endloop
  endfacet
  facet normal 0 0 -1
    outer loop
      vertex 15.6 -19.6 0
      vertex 18.4284 -18.4284 0
      vertex 18.1376 -18.692 0
    endloop
  endfacet
  facet normal 0 0 -1
    outer loop
      vertex 11.6005 10.8338 0
      vertex 19.6 15.6 0
      vertex 11.6279 10.7243 0
    endloop
  endfacet
  facet normal 0 0 -1
    outer loop
      vertex 15.6 -19.6 0
      vertex 18.1376 -18.692 0
      vertex 17.8223 -18.9259 0
    endloop
  endfacet
  facet normal 0 0 -1
    outer loop
      vertex 11.5625 10.9401 0
      vertex 19.6 15.6 0
      vertex 11.6005 10.8338 0
    endloop
  endfacet
  facet normal 0 0 -1
    outer loop
      vertex 15.6 -19.6 0
      vertex 17.8223 -18.9259 0
      vertex 17.4856 -19.1277 0
    endloop
  endfacet
  facet normal 0 0 -1
    outer loop
      vertex 11.5142 11.0421 0
      vertex 19.6 15.6 0
      vertex 11.5625 10.9401 0
    endloop
  endfacet
  facet normal 0 0 -1
    outer loop
      vertex 15.6 -19.6 0
      vertex 17.4856 -19.1277 0
      vertex 17.1307 -19.2955 0
    endloop
  endfacet
  facet normal 0 0 -1
    outer loop
      vertex 11.4562 11.1389 0
      vertex 19.6 15.6 0
      vertex 11.5142 11.0421 0
    endloop
  endfacet
  facet normal 0 0 -1
    outer loop
      vertex 15.6 -19.6 0
      vertex 17.1307 -19.2955 0
      vertex 16.7611 -19.4277 0
    endloop
  endfacet
  facet normal 0 0 -1
    outer loop
      vertex 11.389 11.2295 0
      vertex 19.6 15.6 0
      vertex 11.4562 11.1389 0
    endloop
  endfacet
  facet normal 0 0 -1
    outer loop
      vertex 15.6 -19.6 0
      vertex 16.7611 -19.4277 0
      vertex 16.3804 -19.5231 0
    endloop
  endfacet
  facet normal 0 0 -1
    outer loop
      vertex 11.3132 11.3132 0
      vertex 19.6 15.6 0
      vertex 11.389 11.2295 0
    endloop
  endfacet
  facet normal 0 0 -1
    outer loop
      vertex 15.6 -19.6 0
      vertex 16.3804 -19.5231 0
      vertex 15.9921 -19.5807 0
    endloop
  endfacet
  facet normal 0 -0 -1
    outer loop
      vertex 15.6 19.6 0
      vertex 19.6 15.6 0
      vertex 11.3132 11.3132 0
    endloop
  endfacet
  facet normal -0 0 -1
    outer loop
      vertex 19.6 -15.6 0
      vertex 15.6 -19.6 0
      vertex 11.3132 -11.3132 0
    endloop
  endfacet
  facet normal 0 0 -1
    outer loop
      vertex 19.5807 15.9921 0
      vertex 15.6 19.6 0
      vertex 19.5231 16.3804 0
    endloop
  endfacet
  facet normal 0 0 -1
    outer loop
      vertex 19.5231 16.3804 0
      vertex 15.6 19.6 0
      vertex 19.4277 16.7611 0
    endloop
  endfacet
  facet normal 0 0 -1
    outer loop
      vertex 19.6 -15.6 0
      vertex 12.104 -5.83936 0
      vertex 12.1249 -5.58507 0
    endloop
  endfacet
  facet normal 0 0 -1
    outer loop
      vertex 19.6 -15.6 0
      vertex 12.0583 -6.09039 0
      vertex 12.104 -5.83936 0
    endloop
  endfacet
  facet normal 0 0 -1
    outer loop
      vertex 19.6 -15.6 0
      vertex 11.6445 -10.3873 0
      vertex 11.6279 -10.2756 0
    endloop
  endfacet
  facet normal 0 0 -1
    outer loop
      vertex 19.6 -15.6 0
      vertex 11.9883 -6.33574 0
      vertex 12.0583 -6.09039 0
    endloop
  endfacet
  facet normal 0 0 -1
    outer loop
      vertex 19.6 -15.6 0
      vertex 11.6279 -10.2756 0
      vertex 11.9883 -6.33574 0
    endloop
  endfacet
  facet normal 0 0 -1
    outer loop
      vertex 19.6 -15.6 0
      vertex 11.65 -10.5 0
      vertex 11.6445 -10.3873 0
    endloop
  endfacet
  facet normal 0 0 -1
    outer loop
      vertex 19.6 -15.6 0
      vertex 11.6445 -10.6127 0
      vertex 11.65 -10.5 0
    endloop
  endfacet
  facet normal 0 0 -1
    outer loop
      vertex 19.6 -15.6 0
      vertex 11.6279 -10.7243 0
      vertex 11.6445 -10.6127 0
    endloop
  endfacet
  facet normal 0 0 -1
    outer loop
      vertex 19.6 -15.6 0
      vertex 11.6005 -10.8338 0
      vertex 11.6279 -10.7243 0
    endloop
  endfacet
  facet normal 0 0 -1
    outer loop
      vertex 19.6 -15.6 0
      vertex 11.5625 -10.9401 0
      vertex 11.6005 -10.8338 0
    endloop
  endfacet
  facet normal 0 0 -1
    outer loop
      vertex 19.6 -15.6 0
      vertex 11.5142 -11.0421 0
      vertex 11.5625 -10.9401 0
    endloop
  endfacet
  facet normal 0 0 -1
    outer loop
      vertex 19.6 -15.6 0
      vertex 11.4562 -11.1389 0
      vertex 11.5142 -11.0421 0
    endloop
  endfacet
  facet normal 0 0 -1
    outer loop
      vertex 19.6 -15.6 0
      vertex 11.389 -11.2295 0
      vertex 11.4562 -11.1389 0
    endloop
  endfacet
  facet normal 0 0 -1
    outer loop
      vertex 19.6 -15.6 0
      vertex 11.3132 -11.3132 0
      vertex 11.389 -11.2295 0
    endloop
  endfacet
  facet normal 0 0 -1
    outer loop
      vertex 15.6 -19.6 0
      vertex 11.2295 -11.389 0
      vertex 11.3132 -11.3132 0
    endloop
  endfacet
  facet normal 0 0 -1
    outer loop
      vertex 15.6 -19.6 0
      vertex 11.1389 -11.4562 0
      vertex 11.2295 -11.389 0
    endloop
  endfacet
  facet normal 0 0 -1
    outer loop
      vertex 9.14445 -14.7127 0
      vertex 11.1389 -11.4562 0
      vertex 15.6 -19.6 0
    endloop
  endfacet
  facet normal 0 0 -1
    outer loop
      vertex 11.1389 -11.4562 0
      vertex 9.14445 -14.7127 0
      vertex 11.0421 -11.5142 0
    endloop
  endfacet
  facet normal 0 -0 -1
    outer loop
      vertex 9.14999 -14.6 0
      vertex 11.0421 -11.5142 0
      vertex 9.14445 -14.7127 0
    endloop
  endfacet
  facet normal 0 0 -1
    outer loop
      vertex 11.0421 -11.5142 0
      vertex 9.14999 -14.6 0
      vertex 10.9401 -11.5625 0
    endloop
  endfacet
  facet normal 0 0 -1
    outer loop
      vertex 9.14445 -14.4873 0
      vertex 10.9401 -11.5625 0
      vertex 9.14999 -14.6 0
    endloop
  endfacet
  facet normal 0 0 -1
    outer loop
      vertex 10.9401 -11.5625 0
      vertex 9.14445 -14.4873 0
      vertex 10.8338 -11.6005 0
    endloop
  endfacet
  facet normal 0 0 -1
    outer loop
      vertex 9.1279 -14.3756 0
      vertex 10.8338 -11.6005 0
      vertex 9.14445 -14.4873 0
    endloop
  endfacet
  facet normal 0 0 -1
    outer loop
      vertex 9.10048 -14.2662 0
      vertex 10.7243 -11.6279 0
      vertex 9.1279 -14.3756 0
    endloop
  endfacet
  facet normal 0 0 -1
    outer loop
      vertex 10.7243 -11.6279 0
      vertex 9.10048 -14.2662 0
      vertex 10.6127 -11.6445 0
    endloop
  endfacet
  facet normal 0 0 -1
    outer loop
      vertex 9.06245 -14.1599 0
      vertex 10.6127 -11.6445 0
      vertex 9.10048 -14.2662 0
    endloop
  endfacet
  facet normal 0 0 -1
    outer loop
      vertex 10.6127 -11.6445 0
      vertex 9.06245 -14.1599 0
      vertex 10.5 -11.65 0
    endloop
  endfacet
  facet normal 0 0 -1
    outer loop
      vertex 9.01421 -14.0579 0
      vertex 10.5 -11.65 0
      vertex 9.06245 -14.1599 0
    endloop
  endfacet
  facet normal -0 0 -1
    outer loop
      vertex 10.5 -11.65 0
      vertex 9.01421 -14.0579 0
      vertex 10.3873 -11.6445 0
    endloop
  endfacet
  facet normal 0 0 -1
    outer loop
      vertex 8.95618 -13.9611 0
      vertex 10.3873 -11.6445 0
      vertex 9.01421 -14.0579 0
    endloop
  endfacet
  facet normal -0 0 -1
    outer loop
      vertex 10.3873 -11.6445 0
      vertex 8.95618 -13.9611 0
      vertex 10.2756 -11.6279 0
    endloop
  endfacet
  facet normal 0 0 -1
    outer loop
      vertex 8.88896 -13.8704 0
      vertex 10.2756 -11.6279 0
      vertex 8.95618 -13.9611 0
    endloop
  endfacet
  facet normal -0 0 -1
    outer loop
      vertex 9.95789 -11.5142 0
      vertex 8.6389 -13.6438 0
      vertex 9.86108 -11.4562 0
    endloop
  endfacet
  facet normal 0 0 -1
    outer loop
      vertex 8.5421 -13.5858 0
      vertex 9.86108 -11.4562 0
      vertex 8.6389 -13.6438 0
    endloop
  endfacet
  facet normal 0 0 -1
    outer loop
      vertex 8.6389 -13.6438 0
      vertex 9.95789 -11.5142 0
      vertex 8.72954 -13.711 0
    endloop
  endfacet
  facet normal -0 0 -1
    outer loop
      vertex 10.0599 -11.5625 0
      vertex 8.72954 -13.711 0
      vertex 9.95789 -11.5142 0
    endloop
  endfacet
  facet normal 0 0 -1
    outer loop
      vertex 8.72954 -13.711 0
      vertex 10.0599 -11.5625 0
      vertex 8.81317 -13.7868 0
    endloop
  endfacet
  facet normal -0 0 -1
    outer loop
      vertex 10.1662 -11.6005 0
      vertex 8.81317 -13.7868 0
      vertex 10.0599 -11.5625 0
    endloop
  endfacet
  facet normal 0 0 -1
    outer loop
      vertex 8.81317 -13.7868 0
      vertex 10.1662 -11.6005 0
      vertex 8.88896 -13.8704 0
    endloop
  endfacet
  facet normal -0 0 -1
    outer loop
      vertex 10.2756 -11.6279 0
      vertex 8.88896 -13.8704 0
      vertex 10.1662 -11.6005 0
    endloop
  endfacet
  facet normal 0 0 -1
    outer loop
      vertex 10.8338 -11.6005 0
      vertex 9.1279 -14.3756 0
      vertex 10.7243 -11.6279 0
    endloop
  endfacet
  facet normal 0 0 -1
    outer loop
      vertex 15.6 -19.6 0
      vertex 9.1279 -14.8243 0
      vertex 9.14445 -14.7127 0
    endloop
  endfacet
  facet normal 0 0 -1
    outer loop
      vertex 15.6 -19.6 0
      vertex 9.10048 -14.9338 0
      vertex 9.1279 -14.8243 0
    endloop
  endfacet
  facet normal 0 0 -1
    outer loop
      vertex 15.6 -19.6 0
      vertex 9.06245 -15.0401 0
      vertex 9.10048 -14.9338 0
    endloop
  endfacet
  facet normal 0 0 -1
    outer loop
      vertex 15.6 -19.6 0
      vertex 9.01421 -15.1421 0
      vertex 9.06245 -15.0401 0
    endloop
  endfacet
  facet normal 0 0 -1
    outer loop
      vertex 15.6 -19.6 0
      vertex 8.95618 -15.2389 0
      vertex 9.01421 -15.1421 0
    endloop
  endfacet
  facet normal 0 0 -1
    outer loop
      vertex 15.6 -19.6 0
      vertex 8.88896 -15.3295 0
      vertex 8.95618 -15.2389 0
    endloop
  endfacet
  facet normal 0 0 -1
    outer loop
      vertex 15.6 -19.6 0
      vertex 8.81317 -15.4132 0
      vertex 8.88896 -15.3295 0
    endloop
  endfacet
  facet normal 0 0 -1
    outer loop
      vertex 15.6 -19.6 0
      vertex 8.72954 -15.489 0
      vertex 8.81317 -15.4132 0
    endloop
  endfacet
  facet normal 0 0 -1
    outer loop
      vertex 15.6 -19.6 0
      vertex 8.6389 -15.5562 0
      vertex 8.72954 -15.489 0
    endloop
  endfacet
  facet normal 0 0 -1
    outer loop
      vertex 15.6 -19.6 0
      vertex 8.5421 -15.6142 0
      vertex 8.6389 -15.5562 0
    endloop
  endfacet
  facet normal 0 0 -1
    outer loop
      vertex 15.6 -19.6 0
      vertex 8.44008 -15.6625 0
      vertex 8.5421 -15.6142 0
    endloop
  endfacet
  facet normal 0 0 -1
    outer loop
      vertex 15.6 -19.6 0
      vertex 8.33382 -15.7005 0
      vertex 8.44008 -15.6625 0
    endloop
  endfacet
  facet normal 0 0 -1
    outer loop
      vertex 15.6 -19.6 0
      vertex 8.22435 -15.7279 0
      vertex 8.33382 -15.7005 0
    endloop
  endfacet
  facet normal 0 0 -1
    outer loop
      vertex 15.6 -19.6 0
      vertex 8.11272 -15.7445 0
      vertex 8.22435 -15.7279 0
    endloop
  endfacet
  facet normal 0 0 -1
    outer loop
      vertex 15.6 -19.6 0
      vertex 8 -15.75 0
      vertex 8.11272 -15.7445 0
    endloop
  endfacet
  facet normal 0 0 -1
    outer loop
      vertex 15.6 -19.6 0
      vertex 7.88727 -15.7445 0
      vertex 8 -15.75 0
    endloop
  endfacet
  facet normal 0 0 -1
    outer loop
      vertex 15.6 -19.6 0
      vertex 7.77563 -15.7279 0
      vertex 7.88727 -15.7445 0
    endloop
  endfacet
  facet normal 0 0 -1
    outer loop
      vertex 15.6 -19.6 0
      vertex 7.66617 -15.7005 0
      vertex 7.77563 -15.7279 0
    endloop
  endfacet
  facet normal 0 0 -1
    outer loop
      vertex -7.66617 -15.7005 0
      vertex 7.66617 -15.7005 0
      vertex 15.6 -19.6 0
    endloop
  endfacet
  facet normal 0 0 -1
    outer loop
      vertex 7.66617 -15.7005 0
      vertex -7.66617 -15.7005 0
      vertex 7.55991 -15.6625 0
    endloop
  endfacet
  facet normal 0 0 -1
    outer loop
      vertex 1.83847 -12.8385 0
      vertex 6.84999 -14.6 0
      vertex 6.85553 -14.7127 0
    endloop
  endfacet
  facet normal 0 0 -1
    outer loop
      vertex 1.83847 -12.8385 0
      vertex 6.85553 -14.7127 0
      vertex 6.87209 -14.8243 0
    endloop
  endfacet
  facet normal 0 0 -1
    outer loop
      vertex 6.84999 -14.6 0
      vertex 4.47832 -0.441071 0
      vertex 4.5 0 0
    endloop
  endfacet
  facet normal 0 0 -1
    outer loop
      vertex 6.84999 -14.6 0
      vertex 4.41353 -0.877899 0
      vertex 4.47832 -0.441071 0
    endloop
  endfacet
  facet normal 0 0 -1
    outer loop
      vertex 6.84999 -14.6 0
      vertex 4.30623 -1.30627 0
      vertex 4.41353 -0.877899 0
    endloop
  endfacet
  facet normal 0 0 -1
    outer loop
      vertex 6.84999 -14.6 0
      vertex 4.15746 -1.72206 0
      vertex 4.30623 -1.30627 0
    endloop
  endfacet
  facet normal 0 0 -1
    outer loop
      vertex 6.84999 -14.6 0
      vertex 3.96864 -2.12128 0
      vertex 4.15746 -1.72206 0
    endloop
  endfacet
  facet normal 0 0 -1
    outer loop
      vertex 6.84999 -14.6 0
      vertex 3.74161 -2.50006 0
      vertex 3.96864 -2.12128 0
    endloop
  endfacet
  facet normal 0 0 -1
    outer loop
      vertex 1.64941 -13.0098 0
      vertex 6.87209 -14.8243 0
      vertex 6.89951 -14.9338 0
    endloop
  endfacet
  facet normal 0 0 -1
    outer loop
      vertex 6.84999 -14.6 0
      vertex 3.47855 -2.85477 0
      vertex 3.74161 -2.50006 0
    endloop
  endfacet
  facet normal 0 0 -1
    outer loop
      vertex 2.58748 -10.7451 0
      vertex 6.84999 -14.6 0
      vertex 2.59999 -11 0
    endloop
  endfacet
  facet normal 0 0 -1
    outer loop
      vertex 2.55003 -10.4928 0
      vertex 6.84999 -14.6 0
      vertex 2.58748 -10.7451 0
    endloop
  endfacet
  facet normal 0 0 -1
    outer loop
      vertex 2.48804 -10.2453 0
      vertex 6.84999 -14.6 0
      vertex 2.55003 -10.4928 0
    endloop
  endfacet
  facet normal 0 0 -1
    outer loop
      vertex 1.44447 -13.1618 0
      vertex 6.89951 -14.9338 0
      vertex 6.93753 -15.0401 0
    endloop
  endfacet
  facet normal 0 0 -1
    outer loop
      vertex 1.22562 -13.293 0
      vertex 6.93753 -15.0401 0
      vertex 6.98578 -15.1421 0
    endloop
  endfacet
  facet normal 0 0 -1
    outer loop
      vertex 0.994965 -13.4021 0
      vertex 6.98578 -15.1421 0
      vertex 7.04381 -15.2389 0
    endloop
  endfacet
  facet normal 0 0 -1
    outer loop
      vertex 0.994965 -13.4021 0
      vertex 7.04381 -15.2389 0
      vertex 7.11102 -15.3295 0
    endloop
  endfacet
  facet normal 0 0 -1
    outer loop
      vertex 0.75473 -13.488 0
      vertex 7.11102 -15.3295 0
      vertex 7.18681 -15.4132 0
    endloop
  endfacet
  facet normal 0 0 -1
    outer loop
      vertex 6.84999 -14.6 0
      vertex 2.58748 -11.2548 0
      vertex 2.59999 -11 0
    endloop
  endfacet
  facet normal 0 0 -1
    outer loop
      vertex 0.507233 -13.55 0
      vertex 7.18681 -15.4132 0
      vertex 7.27045 -15.489 0
    endloop
  endfacet
  facet normal 0 0 -1
    outer loop
      vertex 6.84999 -14.6 0
      vertex 2.55003 -11.5072 0
      vertex 2.58748 -11.2548 0
    endloop
  endfacet
  facet normal 0 0 -1
    outer loop
      vertex 6.84999 -14.6 0
      vertex 2.48804 -11.7547 0
      vertex 2.55003 -11.5072 0
    endloop
  endfacet
  facet normal 0 0 -1
    outer loop
      vertex 6.84999 -14.6 0
      vertex 2.40208 -11.995 0
      vertex 2.48804 -11.7547 0
    endloop
  endfacet
  facet normal 0 0 -1
    outer loop
      vertex 0.254837 -13.5875 0
      vertex 7.27045 -15.489 0
      vertex 7.36108 -15.5562 0
    endloop
  endfacet
  facet normal 0 0 -1
    outer loop
      vertex 6.84999 -14.6 0
      vertex 2.29298 -12.2256 0
      vertex 2.40208 -11.995 0
    endloop
  endfacet
  facet normal 0 0 -1
    outer loop
      vertex 6.84999 -14.6 0
      vertex 2.16182 -12.4445 0
      vertex 2.29298 -12.2256 0
    endloop
  endfacet
  facet normal 0 0 -1
    outer loop
      vertex 0 -13.6 0
      vertex 7.36108 -15.5562 0
      vertex 7.45789 -15.6142 0
    endloop
  endfacet
  facet normal 0 0 -1
    outer loop
      vertex 6.84999 -14.6 0
      vertex 2.00983 -12.6494 0
      vertex 2.16182 -12.4445 0
    endloop
  endfacet
  facet normal 0 0 -1
    outer loop
      vertex 6.84999 -14.6 0
      vertex 1.83847 -12.8385 0
      vertex 2.00983 -12.6494 0
    endloop
  endfacet
  facet normal 0 0 -1
    outer loop
      vertex 6.87209 -14.8243 0
      vertex 1.64941 -13.0098 0
      vertex 1.83847 -12.8385 0
    endloop
  endfacet
  facet normal 0 -0 -1
    outer loop
      vertex -7.55991 -15.6625 0
      vertex 7.55991 -15.6625 0
      vertex -7.66617 -15.7005 0
    endloop
  endfacet
  facet normal 0 0 -1
    outer loop
      vertex 6.89951 -14.9338 0
      vertex 1.44447 -13.1618 0
      vertex 1.64941 -13.0098 0
    endloop
  endfacet
  facet normal 0 0 -1
    outer loop
      vertex 6.93753 -15.0401 0
      vertex 1.22562 -13.293 0
      vertex 1.44447 -13.1618 0
    endloop
  endfacet
  facet normal 0 0 -1
    outer loop
      vertex 6.98578 -15.1421 0
      vertex 0.994965 -13.4021 0
      vertex 1.22562 -13.293 0
    endloop
  endfacet
  facet normal 0 0 -1
    outer loop
      vertex 7.11102 -15.3295 0
      vertex 0.75473 -13.488 0
      vertex 0.994965 -13.4021 0
    endloop
  endfacet
  facet normal 0 0 -1
    outer loop
      vertex 7.18681 -15.4132 0
      vertex 0.507233 -13.55 0
      vertex 0.75473 -13.488 0
    endloop
  endfacet
  facet normal 0 0 -1
    outer loop
      vertex 7.27045 -15.489 0
      vertex 0.254837 -13.5875 0
      vertex 0.507233 -13.55 0
    endloop
  endfacet
  facet normal 0 -0 -1
    outer loop
      vertex 0 -13.6 0
      vertex 7.45789 -15.6142 0
      vertex -7.45789 -15.6142 0
    endloop
  endfacet
  facet normal 0 0 -1
    outer loop
      vertex 7.36108 -15.5562 0
      vertex 0 -13.6 0
      vertex 0.254837 -13.5875 0
    endloop
  endfacet
  facet normal 0 -0 -1
    outer loop
      vertex -7.36108 -15.5562 0
      vertex 0 -13.6 0
      vertex -7.45789 -15.6142 0
    endloop
  endfacet
  facet normal -0 0 -1
    outer loop
      vertex 0 -13.6 0
      vertex -7.36108 -15.5562 0
      vertex -0.254837 -13.5875 0
    endloop
  endfacet
  facet normal 0 -0 -1
    outer loop
      vertex -7.27045 -15.489 0
      vertex -0.254837 -13.5875 0
      vertex -7.36108 -15.5562 0
    endloop
  endfacet
  facet normal 0 0 -1
    outer loop
      vertex -6.93184 -5.67004 0
      vertex -2.85477 -3.47855 0
      vertex -2.50006 -3.74161 0
    endloop
  endfacet
  facet normal 0 0 -1
    outer loop
      vertex -7.04381 -13.9611 0
      vertex -2.48804 -11.7547 0
      vertex -6.98578 -14.0579 0
    endloop
  endfacet
  facet normal 0 0 -1
    outer loop
      vertex -6.94852 -5.16063 0
      vertex -2.85477 -3.47855 0
      vertex -6.92766 -5.41492 0
    endloop
  endfacet
  facet normal -0 0 -1
    outer loop
      vertex -2.85477 -3.47855 0
      vertex -6.94852 -5.16063 0
      vertex -3.18198 -3.18198 0
    endloop
  endfacet
  facet normal 0 0 -1
    outer loop
      vertex -6.99419 -4.90959 0
      vertex -3.18198 -3.18198 0
      vertex -6.94852 -5.16063 0
    endloop
  endfacet
  facet normal -0 0 -1
    outer loop
      vertex -2.40208 -11.995 0
      vertex -6.98578 -14.0579 0
      vertex -2.48804 -11.7547 0
    endloop
  endfacet
  facet normal -0 0 -1
    outer loop
      vertex -3.18198 -3.18198 0
      vertex -6.99419 -4.90959 0
      vertex -3.47855 -2.85477 0
    endloop
  endfacet
  facet normal 0 0 -1
    outer loop
      vertex -7.06425 -4.66425 0
      vertex -3.47855 -2.85477 0
      vertex -6.99419 -4.90959 0
    endloop
  endfacet
  facet normal -0 0 -1
    outer loop
      vertex -3.47855 -2.85477 0
      vertex -7.06425 -4.66425 0
      vertex -3.74161 -2.50006 0
    endloop
  endfacet
  facet normal 0 0 -1
    outer loop
      vertex -6.98578 -14.0579 0
      vertex -2.40208 -11.995 0
      vertex -6.93753 -14.1599 0
    endloop
  endfacet
  facet normal -0 0 -1
    outer loop
      vertex -2.29298 -12.2256 0
      vertex -6.93753 -14.1599 0
      vertex -2.40208 -11.995 0
    endloop
  endfacet
  facet normal 0 0 -1
    outer loop
      vertex -6.93753 -14.1599 0
      vertex -2.29298 -12.2256 0
      vertex -6.89951 -14.2662 0
    endloop
  endfacet
  facet normal -0 0 -1
    outer loop
      vertex -2.16182 -12.4445 0
      vertex -6.89951 -14.2662 0
      vertex -2.29298 -12.2256 0
    endloop
  endfacet
  facet normal 0 0 -1
    outer loop
      vertex -6.89951 -14.2662 0
      vertex -2.16182 -12.4445 0
      vertex -6.87209 -14.3756 0
    endloop
  endfacet
  facet normal 0 0 -1
    outer loop
      vertex -6.87209 -14.3756 0
      vertex -2.16182 -12.4445 0
      vertex -6.85553 -14.4873 0
    endloop
  endfacet
  facet normal -0 0 -1
    outer loop
      vertex -2.00983 -12.6494 0
      vertex -6.85553 -14.4873 0
      vertex -2.16182 -12.4445 0
    endloop
  endfacet
  facet normal 0 0 -1
    outer loop
      vertex -6.85553 -14.4873 0
      vertex -2.00983 -12.6494 0
      vertex -6.84999 -14.6 0
    endloop
  endfacet
  facet normal -0 0 -1
    outer loop
      vertex -1.83847 -12.8385 0
      vertex -6.84999 -14.6 0
      vertex -2.00983 -12.6494 0
    endloop
  endfacet
  facet normal 0 0 -1
    outer loop
      vertex -6.85553 -14.7127 0
      vertex -1.83847 -12.8385 0
      vertex -1.64941 -13.0098 0
    endloop
  endfacet
  facet normal 0 0 -1
    outer loop
      vertex -6.89951 -14.9338 0
      vertex -1.64941 -13.0098 0
      vertex -1.44447 -13.1618 0
    endloop
  endfacet
  facet normal 0 0 -1
    outer loop
      vertex -6.93753 -15.0401 0
      vertex -1.44447 -13.1618 0
      vertex -1.22562 -13.293 0
    endloop
  endfacet
  facet normal 0 0 -1
    outer loop
      vertex -6.98578 -15.1421 0
      vertex -1.22562 -13.293 0
      vertex -0.994965 -13.4021 0
    endloop
  endfacet
  facet normal -0 0 -1
    outer loop
      vertex -0.254837 -13.5875 0
      vertex -7.27045 -15.489 0
      vertex -0.507233 -13.55 0
    endloop
  endfacet
  facet normal 0 0 -1
    outer loop
      vertex -1.83847 -12.8385 0
      vertex -6.85553 -14.7127 0
      vertex -6.84999 -14.6 0
    endloop
  endfacet
  facet normal 0 0 -1
    outer loop
      vertex -1.64941 -13.0098 0
      vertex -6.87209 -14.8243 0
      vertex -6.85553 -14.7127 0
    endloop
  endfacet
  facet normal 0 0 -1
    outer loop
      vertex -1.64941 -13.0098 0
      vertex -6.89951 -14.9338 0
      vertex -6.87209 -14.8243 0
    endloop
  endfacet
  facet normal 0 0 -1
    outer loop
      vertex -1.44447 -13.1618 0
      vertex -6.93753 -15.0401 0
      vertex -6.89951 -14.9338 0
    endloop
  endfacet
  facet normal 0 0 -1
    outer loop
      vertex -1.22562 -13.293 0
      vertex -6.98578 -15.1421 0
      vertex -6.93753 -15.0401 0
    endloop
  endfacet
  facet normal 0 0 -1
    outer loop
      vertex -0.994965 -13.4021 0
      vertex -7.04381 -15.2389 0
      vertex -6.98578 -15.1421 0
    endloop
  endfacet
  facet normal 0 0 -1
    outer loop
      vertex -0.994965 -13.4021 0
      vertex -7.11102 -15.3295 0
      vertex -7.04381 -15.2389 0
    endloop
  endfacet
  facet normal -0 0 -1
    outer loop
      vertex -0.75473 -13.488 0
      vertex -7.11102 -15.3295 0
      vertex -0.994965 -13.4021 0
    endloop
  endfacet
  facet normal 0 -0 -1
    outer loop
      vertex -7.11102 -15.3295 0
      vertex -0.75473 -13.488 0
      vertex -7.18681 -15.4132 0
    endloop
  endfacet
  facet normal -0 0 -1
    outer loop
      vertex -0.507233 -13.55 0
      vertex -7.18681 -15.4132 0
      vertex -0.75473 -13.488 0
    endloop
  endfacet
  facet normal 0 -0 -1
    outer loop
      vertex -7.18681 -15.4132 0
      vertex -0.507233 -13.55 0
      vertex -7.27045 -15.489 0
    endloop
  endfacet
  facet normal -0 0 -1
    outer loop
      vertex 7.45789 -15.6142 0
      vertex -7.55991 -15.6625 0
      vertex -7.45789 -15.6142 0
    endloop
  endfacet
  facet normal 0 0 -1
    outer loop
      vertex 7.55991 -15.6625 0
      vertex -7.55991 -15.6625 0
      vertex 7.45789 -15.6142 0
    endloop
  endfacet
  facet normal 0 0 -1
    outer loop
      vertex -15.6 -19.6 0
      vertex -7.66617 -15.7005 0
      vertex 15.6 -19.6 0
    endloop
  endfacet
  facet normal 0 0 -1
    outer loop
      vertex -7.66617 -15.7005 0
      vertex -15.6 -19.6 0
      vertex -7.77563 -15.7279 0
    endloop
  endfacet
  facet normal 0 0 -1
    outer loop
      vertex -7.77563 -15.7279 0
      vertex -15.6 -19.6 0
      vertex -7.88727 -15.7445 0
    endloop
  endfacet
  facet normal 0 0 -1
    outer loop
      vertex -7.88727 -15.7445 0
      vertex -15.6 -19.6 0
      vertex -8 -15.75 0
    endloop
  endfacet
  facet normal -0 0 -1
    outer loop
      vertex -8 -15.75 0
      vertex -15.6 -19.6 0
      vertex -8.11272 -15.7445 0
    endloop
  endfacet
  facet normal 0 0 -1
    outer loop
      vertex -8.22627 -7.75166 0
      vertex -9.39951 -10.1662 0
      vertex -8.45323 -7.86824 0
    endloop
  endfacet
  facet normal 0 0 -1
    outer loop
      vertex -9.39951 -10.1662 0
      vertex -8.22627 -7.75166 0
      vertex -9.37209 -10.2756 0
    endloop
  endfacet
  facet normal 0 0 -1
    outer loop
      vertex -11.0421 -11.5142 0
      vertex -9.14999 -14.6 0
      vertex -9.14445 -14.7127 0
    endloop
  endfacet
  facet normal 0 0 -1
    outer loop
      vertex -7.66617 -13.4995 0
      vertex -9.37209 -10.7243 0
      vertex -9.35553 -10.6127 0
    endloop
  endfacet
  facet normal 0 0 -1
    outer loop
      vertex -7.77563 -13.4721 0
      vertex -9.39951 -10.8338 0
      vertex -9.37209 -10.7243 0
    endloop
  endfacet
  facet normal 0 0 -1
    outer loop
      vertex -7.88727 -13.4555 0
      vertex -9.43753 -10.9401 0
      vertex -9.39951 -10.8338 0
    endloop
  endfacet
  facet normal 0 0 -1
    outer loop
      vertex -8 -13.45 0
      vertex -9.48578 -11.0421 0
      vertex -9.43753 -10.9401 0
    endloop
  endfacet
  facet normal 0 0 -1
    outer loop
      vertex -8.11272 -13.4555 0
      vertex -9.54381 -11.1389 0
      vertex -9.48578 -11.0421 0
    endloop
  endfacet
  facet normal 0 0 -1
    outer loop
      vertex -8.22435 -13.4721 0
      vertex -9.61102 -11.2295 0
      vertex -9.54381 -11.1389 0
    endloop
  endfacet
  facet normal 0 0 -1
    outer loop
      vertex -8.33382 -13.4995 0
      vertex -9.68681 -11.3132 0
      vertex -9.61102 -11.2295 0
    endloop
  endfacet
  facet normal 0 0 -1
    outer loop
      vertex -15.6 -19.6 0
      vertex -9.14445 -14.7127 0
      vertex -9.1279 -14.8243 0
    endloop
  endfacet
  facet normal 0 0 -1
    outer loop
      vertex -8.44008 -13.5375 0
      vertex -9.77045 -11.389 0
      vertex -9.68681 -11.3132 0
    endloop
  endfacet
  facet normal 0 0 -1
    outer loop
      vertex -8.5421 -13.5858 0
      vertex -9.86108 -11.4562 0
      vertex -9.77045 -11.389 0
    endloop
  endfacet
  facet normal 0 0 -1
    outer loop
      vertex -8.6389 -13.6438 0
      vertex -9.95789 -11.5142 0
      vertex -9.86108 -11.4562 0
    endloop
  endfacet
  facet normal 0 0 -1
    outer loop
      vertex -15.6 -19.6 0
      vertex -9.1279 -14.8243 0
      vertex -9.10048 -14.9338 0
    endloop
  endfacet
  facet normal 0 0 -1
    outer loop
      vertex -8.72954 -13.711 0
      vertex -10.0599 -11.5625 0
      vertex -9.95789 -11.5142 0
    endloop
  endfacet
  facet normal 0 0 -1
    outer loop
      vertex -8.81317 -13.7868 0
      vertex -10.1662 -11.6005 0
      vertex -10.0599 -11.5625 0
    endloop
  endfacet
  facet normal 0 0 -1
    outer loop
      vertex -8.88896 -13.8704 0
      vertex -10.2756 -11.6279 0
      vertex -10.1662 -11.6005 0
    endloop
  endfacet
  facet normal 0 0 -1
    outer loop
      vertex -8.95618 -13.9611 0
      vertex -10.3873 -11.6445 0
      vertex -10.2756 -11.6279 0
    endloop
  endfacet
  facet normal 0 0 -1
    outer loop
      vertex -15.6 -19.6 0
      vertex -9.10048 -14.9338 0
      vertex -9.06245 -15.0401 0
    endloop
  endfacet
  facet normal 0 0 -1
    outer loop
      vertex -9.01421 -14.0579 0
      vertex -10.5 -11.65 0
      vertex -10.3873 -11.6445 0
    endloop
  endfacet
  facet normal 0 0 -1
    outer loop
      vertex -9.06245 -14.1599 0
      vertex -10.6127 -11.6445 0
      vertex -10.5 -11.65 0
    endloop
  endfacet
  facet normal 0 0 -1
    outer loop
      vertex -9.10048 -14.2662 0
      vertex -10.7243 -11.6279 0
      vertex -10.6127 -11.6445 0
    endloop
  endfacet
  facet normal 0 0 -1
    outer loop
      vertex -15.6 -19.6 0
      vertex -9.06245 -15.0401 0
      vertex -9.01421 -15.1421 0
    endloop
  endfacet
  facet normal 0 0 -1
    outer loop
      vertex -9.1279 -14.3756 0
      vertex -10.8338 -11.6005 0
      vertex -10.7243 -11.6279 0
    endloop
  endfacet
  facet normal 0 0 -1
    outer loop
      vertex -9.14445 -14.4873 0
      vertex -10.9401 -11.5625 0
      vertex -10.8338 -11.6005 0
    endloop
  endfacet
  facet normal 0 0 -1
    outer loop
      vertex -9.14999 -14.6 0
      vertex -11.0421 -11.5142 0
      vertex -10.9401 -11.5625 0
    endloop
  endfacet
  facet normal 0 0 -1
    outer loop
      vertex -9.14445 -14.7127 0
      vertex -11.1389 -11.4562 0
      vertex -11.0421 -11.5142 0
    endloop
  endfacet
  facet normal -0 0 -1
    outer loop
      vertex -9.14445 -14.7127 0
      vertex -15.6 -19.6 0
      vertex -11.1389 -11.4562 0
    endloop
  endfacet
  facet normal -0 0 -1
    outer loop
      vertex -11.1389 -11.4562 0
      vertex -15.6 -19.6 0
      vertex -11.2295 -11.389 0
    endloop
  endfacet
  facet normal 0 0 -1
    outer loop
      vertex -15.6 -19.6 0
      vertex -9.01421 -15.1421 0
      vertex -8.95618 -15.2389 0
    endloop
  endfacet
  facet normal -0 0 -1
    outer loop
      vertex -11.2295 -11.389 0
      vertex -15.6 -19.6 0
      vertex -11.3132 -11.3132 0
    endloop
  endfacet
  facet normal 0 0 -1
    outer loop
      vertex -19.6 -15.6 0
      vertex -11.3132 -11.3132 0
      vertex -15.6 -19.6 0
    endloop
  endfacet
  facet normal 0 0 -1
    outer loop
      vertex -11.6005 -10.1662 0
      vertex -11.8945 -6.57303 0
      vertex -11.7779 -6.79999 0
    endloop
  endfacet
  facet normal 0 0 -1
    outer loop
      vertex -19.6 -15.6 0
      vertex -11.65 -10.5 0
      vertex -11.6445 -10.6127 0
    endloop
  endfacet
  facet normal 0 0 -1
    outer loop
      vertex -11.6279 -10.2756 0
      vertex -11.9883 -6.33574 0
      vertex -11.8945 -6.57303 0
    endloop
  endfacet
  facet normal -0 0 -1
    outer loop
      vertex -11.6279 -10.2756 0
      vertex -19.6 -15.6 0
      vertex -11.9883 -6.33574 0
    endloop
  endfacet
  facet normal -0 0 -1
    outer loop
      vertex -11.9883 -6.33574 0
      vertex -19.6 -15.6 0
      vertex -12.0583 -6.09039 0
    endloop
  endfacet
  facet normal -0 0 -1
    outer loop
      vertex -12.104 -5.83936 0
      vertex -19.6 -15.6 0
      vertex -12.1249 -5.58507 0
    endloop
  endfacet
  facet normal -0 0 -1
    outer loop
      vertex -12.0583 -6.09039 0
      vertex -19.6 -15.6 0
      vertex -12.104 -5.83936 0
    endloop
  endfacet
  facet normal -0 0 -1
    outer loop
      vertex -11.6279 -10.7243 0
      vertex -19.6 -15.6 0
      vertex -11.6445 -10.6127 0
    endloop
  endfacet
  facet normal -0 0 -1
    outer loop
      vertex -11.6005 -10.8338 0
      vertex -19.6 -15.6 0
      vertex -11.6279 -10.7243 0
    endloop
  endfacet
  facet normal -0 0 -1
    outer loop
      vertex -11.5625 -10.9401 0
      vertex -19.6 -15.6 0
      vertex -11.6005 -10.8338 0
    endloop
  endfacet
  facet normal -0 0 -1
    outer loop
      vertex -11.5142 -11.0421 0
      vertex -19.6 -15.6 0
      vertex -11.5625 -10.9401 0
    endloop
  endfacet
  facet normal -0 0 -1
    outer loop
      vertex -11.4562 -11.1389 0
      vertex -19.6 -15.6 0
      vertex -11.5142 -11.0421 0
    endloop
  endfacet
  facet normal -0 0 -1
    outer loop
      vertex -11.389 -11.2295 0
      vertex -19.6 -15.6 0
      vertex -11.4562 -11.1389 0
    endloop
  endfacet
  facet normal -0 0 -1
    outer loop
      vertex -11.3132 -11.3132 0
      vertex -19.6 -15.6 0
      vertex -11.389 -11.2295 0
    endloop
  endfacet
  facet normal -0 0 -1
    outer loop
      vertex -8.88896 -15.3295 0
      vertex -15.6 -19.6 0
      vertex -8.95618 -15.2389 0
    endloop
  endfacet
  facet normal -0 0 -1
    outer loop
      vertex -8.81317 -15.4132 0
      vertex -15.6 -19.6 0
      vertex -8.88896 -15.3295 0
    endloop
  endfacet
  facet normal -0 0 -1
    outer loop
      vertex -8.72954 -15.489 0
      vertex -15.6 -19.6 0
      vertex -8.81317 -15.4132 0
    endloop
  endfacet
  facet normal -0 0 -1
    outer loop
      vertex -8.6389 -15.5562 0
      vertex -15.6 -19.6 0
      vertex -8.72954 -15.489 0
    endloop
  endfacet
  facet normal -0 0 -1
    outer loop
      vertex -8.5421 -15.6142 0
      vertex -15.6 -19.6 0
      vertex -8.6389 -15.5562 0
    endloop
  endfacet
  facet normal -0 0 -1
    outer loop
      vertex -8.44008 -15.6625 0
      vertex -15.6 -19.6 0
      vertex -8.5421 -15.6142 0
    endloop
  endfacet
  facet normal -0 0 -1
    outer loop
      vertex -8.33382 -15.7005 0
      vertex -15.6 -19.6 0
      vertex -8.44008 -15.6625 0
    endloop
  endfacet
  facet normal -0 0 -1
    outer loop
      vertex -8.22435 -15.7279 0
      vertex -15.6 -19.6 0
      vertex -8.33382 -15.7005 0
    endloop
  endfacet
  facet normal -0 0 -1
    outer loop
      vertex -8.11272 -15.7445 0
      vertex -15.6 -19.6 0
      vertex -8.22435 -15.7279 0
    endloop
  endfacet
  facet normal 0 0 -1
    outer loop
      vertex 19.2955 17.1307 0
      vertex 15.6 19.6 0
      vertex 19.1277 17.4856 0
    endloop
  endfacet
  facet normal 0 0 -1
    outer loop
      vertex 19.1277 17.4856 0
      vertex 15.6 19.6 0
      vertex 18.9259 17.8223 0
    endloop
  endfacet
  facet normal 0 0 -1
    outer loop
      vertex 18.9259 17.8223 0
      vertex 15.6 19.6 0
      vertex 18.692 18.1376 0
    endloop
  endfacet
  facet normal 0 0 -1
    outer loop
      vertex 19.6 15.6 0
      vertex 15.6 19.6 0
      vertex 19.5807 15.9921 0
    endloop
  endfacet
  facet normal 0 0 -1
    outer loop
      vertex 11.6445 10.3873 0
      vertex 11.9883 6.33574 0
      vertex 11.8945 6.57303 0
    endloop
  endfacet
  facet normal 0 0 -1
    outer loop
      vertex 11.6005 10.1662 0
      vertex 11.8945 6.57303 0
      vertex 11.7779 6.79999 0
    endloop
  endfacet
  facet normal 0 0 -1
    outer loop
      vertex 18.692 18.1376 0
      vertex 15.6 19.6 0
      vertex 18.4284 18.4284 0
    endloop
  endfacet
  facet normal 0 0 -1
    outer loop
      vertex 18.4284 18.4284 0
      vertex 15.6 19.6 0
      vertex 18.1376 18.692 0
    endloop
  endfacet
  facet normal 0 0 -1
    outer loop
      vertex 18.1376 18.692 0
      vertex 15.6 19.6 0
      vertex 17.8223 18.9259 0
    endloop
  endfacet
  facet normal 0 0 -1
    outer loop
      vertex 17.8223 18.9259 0
      vertex 15.6 19.6 0
      vertex 17.4856 19.1277 0
    endloop
  endfacet
  facet normal 0 0 -1
    outer loop
      vertex 17.4856 19.1277 0
      vertex 15.6 19.6 0
      vertex 17.1307 19.2955 0
    endloop
  endfacet
  facet normal 0 0 -1
    outer loop
      vertex 17.1307 19.2955 0
      vertex 15.6 19.6 0
      vertex 16.7611 19.4277 0
    endloop
  endfacet
  facet normal 0 0 -1
    outer loop
      vertex 16.7611 19.4277 0
      vertex 15.6 19.6 0
      vertex 16.3804 19.5231 0
    endloop
  endfacet
  facet normal 0 0 -1
    outer loop
      vertex 16.3804 19.5231 0
      vertex 15.6 19.6 0
      vertex 15.9921 19.5807 0
    endloop
  endfacet
  facet normal 0 0 -1
    outer loop
      vertex 19.4277 16.7611 0
      vertex 15.6 19.6 0
      vertex 19.2955 17.1307 0
    endloop
  endfacet
  facet normal 0 0 -1
    outer loop
      vertex 11.2295 11.389 0
      vertex 15.6 19.6 0
      vertex 11.3132 11.3132 0
    endloop
  endfacet
  facet normal 0 0 -1
    outer loop
      vertex 11.1389 11.4562 0
      vertex 15.6 19.6 0
      vertex 11.2295 11.389 0
    endloop
  endfacet
  facet normal 0 0 -1
    outer loop
      vertex 11.0421 11.5142 0
      vertex 15.6 19.6 0
      vertex 11.1389 11.4562 0
    endloop
  endfacet
  facet normal 0 0 -1
    outer loop
      vertex 10.9401 11.5625 0
      vertex 15.6 19.6 0
      vertex 11.0421 11.5142 0
    endloop
  endfacet
  facet normal 0 0 -1
    outer loop
      vertex 10.8338 11.6005 0
      vertex 15.6 19.6 0
      vertex 10.9401 11.5625 0
    endloop
  endfacet
  facet normal 0 0 -1
    outer loop
      vertex 10.7243 11.6279 0
      vertex 15.6 19.6 0
      vertex 10.8338 11.6005 0
    endloop
  endfacet
  facet normal 0 0 -1
    outer loop
      vertex 10.6127 11.6445 0
      vertex 15.6 19.6 0
      vertex 10.7243 11.6279 0
    endloop
  endfacet
  facet normal 0 0 -1
    outer loop
      vertex 10.5 11.65 0
      vertex 15.6 19.6 0
      vertex 10.6127 11.6445 0
    endloop
  endfacet
  facet normal 0 0 -1
    outer loop
      vertex 10.3873 11.6445 0
      vertex 15.6 19.6 0
      vertex 10.5 11.65 0
    endloop
  endfacet
  facet normal 0 0 -1
    outer loop
      vertex 10.2756 11.6279 0
      vertex 15.6 19.6 0
      vertex 10.3873 11.6445 0
    endloop
  endfacet
  facet normal 0 0 -1
    outer loop
      vertex 10.1662 11.6005 0
      vertex 15.6 19.6 0
      vertex 10.2756 11.6279 0
    endloop
  endfacet
  facet normal 0 0 -1
    outer loop
      vertex 10.0599 11.5625 0
      vertex 15.6 19.6 0
      vertex 10.1662 11.6005 0
    endloop
  endfacet
  facet normal 0 0 -1
    outer loop
      vertex 1.83847 12.8385 0
      vertex 10.0599 11.5625 0
      vertex 9.95789 11.5142 0
    endloop
  endfacet
  facet normal 0 0 -1
    outer loop
      vertex 2.00983 12.6494 0
      vertex 9.95789 11.5142 0
      vertex 9.86108 11.4562 0
    endloop
  endfacet
  facet normal 0 0 -1
    outer loop
      vertex 2.00983 12.6494 0
      vertex 9.86108 11.4562 0
      vertex 9.77045 11.389 0
    endloop
  endfacet
  facet normal 0 0 -1
    outer loop
      vertex 2.16182 12.4445 0
      vertex 9.77045 11.389 0
      vertex 9.68681 11.3132 0
    endloop
  endfacet
  facet normal 0 0 -1
    outer loop
      vertex 2.29298 12.2256 0
      vertex 9.68681 11.3132 0
      vertex 9.61102 11.2295 0
    endloop
  endfacet
  facet normal 0 0 -1
    outer loop
      vertex 2.40208 11.995 0
      vertex 9.61102 11.2295 0
      vertex 9.54381 11.1389 0
    endloop
  endfacet
  facet normal 0 0 -1
    outer loop
      vertex 8.22627 7.75166 0
      vertex 9.39951 10.1662 0
      vertex 8.45323 7.86824 0
    endloop
  endfacet
  facet normal -0 0 -1
    outer loop
      vertex 9.39951 10.1662 0
      vertex 8.22627 7.75166 0
      vertex 9.37209 10.2756 0
    endloop
  endfacet
  facet normal -0 0 -1
    outer loop
      vertex 9.37209 10.2756 0
      vertex 8.22627 7.75166 0
      vertex 9.35553 10.3873 0
    endloop
  endfacet
  facet normal 0 0 -1
    outer loop
      vertex 8.01183 7.61339 0
      vertex 9.35553 10.3873 0
      vertex 8.22627 7.75166 0
    endloop
  endfacet
  facet normal -0 0 -1
    outer loop
      vertex 9.35553 10.3873 0
      vertex 8.01183 7.61339 0
      vertex 9.34999 10.5 0
    endloop
  endfacet
  facet normal 0 0 -1
    outer loop
      vertex 2.58748 10.7451 0
      vertex 9.34999 10.5 0
      vertex 8.01183 7.61339 0
    endloop
  endfacet
  facet normal 0 0 -1
    outer loop
      vertex 9.34999 10.5 0
      vertex 2.59999 11 0
      vertex 9.35553 10.6127 0
    endloop
  endfacet
  facet normal 0 0 -1
    outer loop
      vertex 9.35553 10.6127 0
      vertex 2.59999 11 0
      vertex 9.37209 10.7243 0
    endloop
  endfacet
  facet normal 0 0 -1
    outer loop
      vertex 2.58748 11.2548 0
      vertex 9.37209 10.7243 0
      vertex 2.59999 11 0
    endloop
  endfacet
  facet normal 0 0 -1
    outer loop
      vertex 2.58748 10.7451 0
      vertex 8.01183 7.61339 0
      vertex 7.81197 7.45477 0
    endloop
  endfacet
  facet normal 0 0 -1
    outer loop
      vertex 2.58748 10.7451 0
      vertex 7.81197 7.45477 0
      vertex 7.62863 7.27733 0
    endloop
  endfacet
  facet normal 0 0 -1
    outer loop
      vertex 9.37209 10.7243 0
      vertex 2.58748 11.2548 0
      vertex 9.39951 10.8338 0
    endloop
  endfacet
  facet normal 0 0 -1
    outer loop
      vertex 2.58748 10.7451 0
      vertex 7.62863 7.27733 0
      vertex 7.46355 7.08278 0
    endloop
  endfacet
  facet normal 0 0 -1
    outer loop
      vertex 2.58748 10.7451 0
      vertex 7.46355 7.08278 0
      vertex 7.31834 6.87297 0
    endloop
  endfacet
  facet normal 0 0 -1
    outer loop
      vertex 2.58748 10.7451 0
      vertex 7.31834 6.87297 0
      vertex 7.1944 6.64995 0
    endloop
  endfacet
  facet normal 0 0 -1
    outer loop
      vertex 4.5 0 0
      vertex 6.89951 -14.2662 0
      vertex 6.87209 -14.3756 0
    endloop
  endfacet
  facet normal 0 0 -1
    outer loop
      vertex 4.5 0 0
      vertex 6.87209 -14.3756 0
      vertex 6.85553 -14.4873 0
    endloop
  endfacet
  facet normal 0 0 -1
    outer loop
      vertex 4.5 0 0
      vertex 6.85553 -14.4873 0
      vertex 6.84999 -14.6 0
    endloop
  endfacet
  facet normal 0 0 -1
    outer loop
      vertex 6.92766 -5.41492 0
      vertex 4.5 0 0
      vertex 6.92766 5.41492 0
    endloop
  endfacet
  facet normal 0 0 -1
    outer loop
      vertex 4.47832 0.441071 0
      vertex 6.92766 5.41492 0
      vertex 4.5 0 0
    endloop
  endfacet
  facet normal 0 0 -1
    outer loop
      vertex 4.41353 0.877899 0
      vertex 6.92766 5.41492 0
      vertex 4.47832 0.441071 0
    endloop
  endfacet
  facet normal 0 0 -1
    outer loop
      vertex 4.30623 1.30627 0
      vertex 6.92766 5.41492 0
      vertex 4.41353 0.877899 0
    endloop
  endfacet
  facet normal 0 0 -1
    outer loop
      vertex 4.15746 1.72206 0
      vertex 6.92766 5.41492 0
      vertex 4.30623 1.30627 0
    endloop
  endfacet
  facet normal 0 0 -1
    outer loop
      vertex 3.96864 2.12128 0
      vertex 6.92766 5.41492 0
      vertex 4.15746 1.72206 0
    endloop
  endfacet
  facet normal 0 0 -1
    outer loop
      vertex 3.74161 2.50006 0
      vertex 6.92766 5.41492 0
      vertex 3.96864 2.12128 0
    endloop
  endfacet
  facet normal 0 0 -1
    outer loop
      vertex 3.47855 2.85477 0
      vertex 6.92766 5.41492 0
      vertex 3.74161 2.50006 0
    endloop
  endfacet
  facet normal 0 0 -1
    outer loop
      vertex 3.18198 3.18198 0
      vertex 6.92766 5.41492 0
      vertex 3.47855 2.85477 0
    endloop
  endfacet
  facet normal 0 0 -1
    outer loop
      vertex 2.85477 3.47855 0
      vertex 6.92766 5.41492 0
      vertex 3.18198 3.18198 0
    endloop
  endfacet
  facet normal -0 0 -1
    outer loop
      vertex 6.92766 5.41492 0
      vertex 2.85477 3.47855 0
      vertex 6.93184 5.67004 0
    endloop
  endfacet
  facet normal 0 0 -1
    outer loop
      vertex 2.50006 3.74161 0
      vertex 6.93184 5.67004 0
      vertex 2.85477 3.47855 0
    endloop
  endfacet
  facet normal -0 0 -1
    outer loop
      vertex 6.93184 5.67004 0
      vertex 2.50006 3.74161 0
      vertex 6.961 5.92352 0
    endloop
  endfacet
  facet normal 0 0 -1
    outer loop
      vertex 2.12128 3.96864 0
      vertex 6.961 5.92352 0
      vertex 2.50006 3.74161 0
    endloop
  endfacet
  facet normal 0 0 -1
    outer loop
      vertex 2.58748 10.7451 0
      vertex 7.09291 6.41585 0
      vertex 7.01486 6.17293 0
    endloop
  endfacet
  facet normal 0 0 -1
    outer loop
      vertex 2.58748 10.7451 0
      vertex 7.1944 6.64995 0
      vertex 7.09291 6.41585 0
    endloop
  endfacet
  facet normal 0 0 -1
    outer loop
      vertex 2.55003 11.5072 0
      vertex 9.39951 10.8338 0
      vertex 2.58748 11.2548 0
    endloop
  endfacet
  facet normal 0 0 -1
    outer loop
      vertex 9.39951 10.8338 0
      vertex 2.55003 11.5072 0
      vertex 9.43753 10.9401 0
    endloop
  endfacet
  facet normal 0 0 -1
    outer loop
      vertex 2.48804 11.7547 0
      vertex 9.43753 10.9401 0
      vertex 2.55003 11.5072 0
    endloop
  endfacet
  facet normal 0 0 -1
    outer loop
      vertex 9.43753 10.9401 0
      vertex 2.48804 11.7547 0
      vertex 9.48578 11.0421 0
    endloop
  endfacet
  facet normal 0 0 -1
    outer loop
      vertex 9.48578 11.0421 0
      vertex 2.48804 11.7547 0
      vertex 9.54381 11.1389 0
    endloop
  endfacet
  facet normal 0 0 -1
    outer loop
      vertex 2.40208 11.995 0
      vertex 9.54381 11.1389 0
      vertex 2.48804 11.7547 0
    endloop
  endfacet
  facet normal 0 0 -1
    outer loop
      vertex 9.61102 11.2295 0
      vertex 2.40208 11.995 0
      vertex 2.29298 12.2256 0
    endloop
  endfacet
  facet normal 0 0 -1
    outer loop
      vertex 9.68681 11.3132 0
      vertex 2.29298 12.2256 0
      vertex 2.16182 12.4445 0
    endloop
  endfacet
  facet normal 0 0 -1
    outer loop
      vertex 9.77045 11.389 0
      vertex 2.16182 12.4445 0
      vertex 2.00983 12.6494 0
    endloop
  endfacet
  facet normal 0 0 -1
    outer loop
      vertex 9.95789 11.5142 0
      vertex 2.00983 12.6494 0
      vertex 1.83847 12.8385 0
    endloop
  endfacet
  facet normal 0 0 -1
    outer loop
      vertex 10.0599 11.5625 0
      vertex 1.83847 12.8385 0
      vertex 1.64941 13.0098 0
    endloop
  endfacet
  facet normal 0 0 -1
    outer loop
      vertex 10.0599 11.5625 0
      vertex 1.64941 13.0098 0
      vertex 15.6 19.6 0
    endloop
  endfacet
  facet normal 0 0 -1
    outer loop
      vertex 1.44447 13.1618 0
      vertex 15.6 19.6 0
      vertex 1.64941 13.0098 0
    endloop
  endfacet
  facet normal 0 0 -1
    outer loop
      vertex 1.22562 13.293 0
      vertex 15.6 19.6 0
      vertex 1.44447 13.1618 0
    endloop
  endfacet
  facet normal 0 0 -1
    outer loop
      vertex 0.994965 13.4021 0
      vertex 15.6 19.6 0
      vertex 1.22562 13.293 0
    endloop
  endfacet
  facet normal 0 0 -1
    outer loop
      vertex 0.75473 13.488 0
      vertex 15.6 19.6 0
      vertex 0.994965 13.4021 0
    endloop
  endfacet
  facet normal 0 0 -1
    outer loop
      vertex 0.507233 13.55 0
      vertex 15.6 19.6 0
      vertex 0.75473 13.488 0
    endloop
  endfacet
  facet normal 0 0 -1
    outer loop
      vertex 0.254837 13.5875 0
      vertex 15.6 19.6 0
      vertex 0.507233 13.55 0
    endloop
  endfacet
  facet normal 0 0 -1
    outer loop
      vertex 0 13.6 0
      vertex 15.6 19.6 0
      vertex 0.254837 13.5875 0
    endloop
  endfacet
  facet normal 0 0 -1
    outer loop
      vertex -15.6 19.6 0
      vertex 0 13.6 0
      vertex -0.254837 13.5875 0
    endloop
  endfacet
  facet normal 0 0 -1
    outer loop
      vertex -15.6 19.6 0
      vertex -0.254837 13.5875 0
      vertex -0.507233 13.55 0
    endloop
  endfacet
  facet normal 0 0 -1
    outer loop
      vertex -15.6 19.6 0
      vertex -0.507233 13.55 0
      vertex -0.75473 13.488 0
    endloop
  endfacet
  facet normal 0 0 -1
    outer loop
      vertex -15.6 19.6 0
      vertex -0.75473 13.488 0
      vertex -0.994965 13.4021 0
    endloop
  endfacet
  facet normal 0 0 -1
    outer loop
      vertex -6.92766 5.41492 0
      vertex -2.85477 3.47855 0
      vertex -3.18198 3.18198 0
    endloop
  endfacet
  facet normal 0 0 -1
    outer loop
      vertex -7.46355 7.08278 0
      vertex -2.40208 10.005 0
      vertex -7.31834 6.87297 0
    endloop
  endfacet
  facet normal 0 0 -1
    outer loop
      vertex -6.92766 5.41492 0
      vertex -3.18198 3.18198 0
      vertex -3.47855 2.85477 0
    endloop
  endfacet
  facet normal 0 0 -1
    outer loop
      vertex -6.92766 5.41492 0
      vertex -3.47855 2.85477 0
      vertex -3.74161 2.50006 0
    endloop
  endfacet
  facet normal 0 0 -1
    outer loop
      vertex -6.92766 5.41492 0
      vertex -3.74161 2.50006 0
      vertex -3.96864 2.12128 0
    endloop
  endfacet
  facet normal -0 0 -1
    outer loop
      vertex -1.83847 9.16151 0
      vertex -7.01486 6.17293 0
      vertex -2.00983 9.35057 0
    endloop
  endfacet
  facet normal 0 0 -1
    outer loop
      vertex -6.92766 5.41492 0
      vertex -3.96864 2.12128 0
      vertex -4.15746 1.72206 0
    endloop
  endfacet
  facet normal 0 0 -1
    outer loop
      vertex -6.92766 5.41492 0
      vertex -4.15746 1.72206 0
      vertex -4.30623 1.30627 0
    endloop
  endfacet
  facet normal 0 0 -1
    outer loop
      vertex -6.92766 5.41492 0
      vertex -4.30623 1.30627 0
      vertex -4.41353 0.877899 0
    endloop
  endfacet
  facet normal 0 0 -1
    outer loop
      vertex -7.18681 -13.7868 0
      vertex -2.55003 -11.5072 0
      vertex -7.11102 -13.8704 0
    endloop
  endfacet
  facet normal 0 0 -1
    outer loop
      vertex -7.15802 -4.42696 0
      vertex -3.74161 -2.50006 0
      vertex -7.06425 -4.66425 0
    endloop
  endfacet
  facet normal 0 0 -1
    outer loop
      vertex -7.27461 -4.2 0
      vertex -3.74161 -2.50006 0
      vertex -7.15802 -4.42696 0
    endloop
  endfacet
  facet normal 0 0 -1
    outer loop
      vertex -7.41287 -3.98555 0
      vertex -3.96864 -2.12128 0
      vertex -7.27461 -4.2 0
    endloop
  endfacet
  facet normal -0 0 -1
    outer loop
      vertex -3.74161 -2.50006 0
      vertex -7.27461 -4.2 0
      vertex -3.96864 -2.12128 0
    endloop
  endfacet
  facet normal 0 0 -1
    outer loop
      vertex -4.5 0 0
      vertex -6.92766 5.41492 0
      vertex -4.47832 0.441071 0
    endloop
  endfacet
  facet normal 0 0 -1
    outer loop
      vertex -4.47832 0.441071 0
      vertex -6.92766 5.41492 0
      vertex -4.41353 0.877899 0
    endloop
  endfacet
  facet normal 0 0 -1
    outer loop
      vertex -2.85477 3.47855 0
      vertex -6.92766 5.41492 0
      vertex -6.93184 5.67004 0
    endloop
  endfacet
  facet normal 0 0 -1
    outer loop
      vertex -2.50006 3.74161 0
      vertex -6.93184 5.67004 0
      vertex -6.961 5.92352 0
    endloop
  endfacet
  facet normal -0 0 -1
    outer loop
      vertex -2.40208 10.005 0
      vertex -7.46355 7.08278 0
      vertex -2.48804 10.2453 0
    endloop
  endfacet
  facet normal 0 0 -1
    outer loop
      vertex -7.62863 7.27733 0
      vertex -2.48804 10.2453 0
      vertex -7.46355 7.08278 0
    endloop
  endfacet
  facet normal -0 0 -1
    outer loop
      vertex -2.48804 10.2453 0
      vertex -7.62863 7.27733 0
      vertex -2.55003 10.4928 0
    endloop
  endfacet
  facet normal 0 0 -1
    outer loop
      vertex -7.81197 7.45477 0
      vertex -2.55003 10.4928 0
      vertex -7.62863 7.27733 0
    endloop
  endfacet
  facet normal -0 0 -1
    outer loop
      vertex -2.55003 10.4928 0
      vertex -7.81197 7.45477 0
      vertex -2.58748 10.7451 0
    endloop
  endfacet
  facet normal 0 0 -1
    outer loop
      vertex -8.01183 7.61339 0
      vertex -2.58748 10.7451 0
      vertex -7.81197 7.45477 0
    endloop
  endfacet
  facet normal 0 0 -1
    outer loop
      vertex -9.34999 10.5 0
      vertex -2.58748 10.7451 0
      vertex -8.01183 7.61339 0
    endloop
  endfacet
  facet normal -0 0 -1
    outer loop
      vertex -2.58748 10.7451 0
      vertex -9.34999 10.5 0
      vertex -2.59999 11 0
    endloop
  endfacet
  facet normal 0 0 -1
    outer loop
      vertex -9.35553 10.6127 0
      vertex -2.59999 11 0
      vertex -9.34999 10.5 0
    endloop
  endfacet
  facet normal 0 0 -1
    outer loop
      vertex -9.37209 10.7243 0
      vertex -2.59999 11 0
      vertex -9.35553 10.6127 0
    endloop
  endfacet
  facet normal -0 0 -1
    outer loop
      vertex -2.59999 11 0
      vertex -9.37209 10.7243 0
      vertex -2.58748 11.2548 0
    endloop
  endfacet
  facet normal -0 0 -1
    outer loop
      vertex -2.58748 11.2548 0
      vertex -9.39951 10.8338 0
      vertex -2.55003 11.5072 0
    endloop
  endfacet
  facet normal 0 0 -1
    outer loop
      vertex -9.43753 10.9401 0
      vertex -2.55003 11.5072 0
      vertex -9.39951 10.8338 0
    endloop
  endfacet
  facet normal -0 0 -1
    outer loop
      vertex -2.55003 11.5072 0
      vertex -9.43753 10.9401 0
      vertex -2.48804 11.7547 0
    endloop
  endfacet
  facet normal 0 0 -1
    outer loop
      vertex -9.48578 11.0421 0
      vertex -2.48804 11.7547 0
      vertex -9.43753 10.9401 0
    endloop
  endfacet
  facet normal 0 0 -1
    outer loop
      vertex -9.39951 10.8338 0
      vertex -2.58748 11.2548 0
      vertex -9.37209 10.7243 0
    endloop
  endfacet
  facet normal 0 0 -1
    outer loop
      vertex -9.35553 10.3873 0
      vertex -8.01183 7.61339 0
      vertex -8.22627 7.75166 0
    endloop
  endfacet
  facet normal 0 0 -1
    outer loop
      vertex -9.35553 10.3873 0
      vertex -8.22627 7.75166 0
      vertex -8.45323 7.86824 0
    endloop
  endfacet
  facet normal 0 0 -1
    outer loop
      vertex -9.35553 10.3873 0
      vertex -8.45323 7.86824 0
      vertex -8.69054 7.96201 0
    endloop
  endfacet
  facet normal 0 0 -1
    outer loop
      vertex -9.54381 11.1389 0
      vertex -2.48804 11.7547 0
      vertex -9.48578 11.0421 0
    endloop
  endfacet
  facet normal 0 0 -1
    outer loop
      vertex -9.35553 10.3873 0
      vertex -8.69054 7.96201 0
      vertex -8.93587 8.03207 0
    endloop
  endfacet
  facet normal 0 0 -1
    outer loop
      vertex -9.61102 9.77045 0
      vertex -8.93587 8.03207 0
      vertex -9.1869 8.07774 0
    endloop
  endfacet
  facet normal -0 0 -1
    outer loop
      vertex -2.48804 11.7547 0
      vertex -9.54381 11.1389 0
      vertex -2.40208 11.995 0
    endloop
  endfacet
  facet normal 0 0 -1
    outer loop
      vertex -9.61102 11.2295 0
      vertex -2.40208 11.995 0
      vertex -9.54381 11.1389 0
    endloop
  endfacet
  facet normal -0 0 -1
    outer loop
      vertex -2.40208 11.995 0
      vertex -9.61102 11.2295 0
      vertex -2.29298 12.2256 0
    endloop
  endfacet
  facet normal 0 0 -1
    outer loop
      vertex -9.68681 11.3132 0
      vertex -2.29298 12.2256 0
      vertex -9.61102 11.2295 0
    endloop
  endfacet
  facet normal -0 0 -1
    outer loop
      vertex -2.29298 12.2256 0
      vertex -9.68681 11.3132 0
      vertex -2.16182 12.4445 0
    endloop
  endfacet
  facet normal 0 0 -1
    outer loop
      vertex -9.77045 11.389 0
      vertex -2.16182 12.4445 0
      vertex -9.68681 11.3132 0
    endloop
  endfacet
  facet normal -0 0 -1
    outer loop
      vertex -2.16182 12.4445 0
      vertex -9.77045 11.389 0
      vertex -2.00983 12.6494 0
    endloop
  endfacet
  facet normal 0 0 -1
    outer loop
      vertex -9.86108 11.4562 0
      vertex -2.00983 12.6494 0
      vertex -9.77045 11.389 0
    endloop
  endfacet
  facet normal 0 0 -1
    outer loop
      vertex -9.95789 11.5142 0
      vertex -2.00983 12.6494 0
      vertex -9.86108 11.4562 0
    endloop
  endfacet
  facet normal -0 0 -1
    outer loop
      vertex -2.00983 12.6494 0
      vertex -9.95789 11.5142 0
      vertex -1.83847 12.8385 0
    endloop
  endfacet
  facet normal 0 0 -1
    outer loop
      vertex -10.0599 11.5625 0
      vertex -1.83847 12.8385 0
      vertex -9.95789 11.5142 0
    endloop
  endfacet
  facet normal -0 0 -1
    outer loop
      vertex -1.83847 12.8385 0
      vertex -10.0599 11.5625 0
      vertex -1.64941 13.0098 0
    endloop
  endfacet
  facet normal 0 0 -1
    outer loop
      vertex -15.6 19.6 0
      vertex -1.64941 13.0098 0
      vertex -10.0599 11.5625 0
    endloop
  endfacet
  facet normal 0 0 -1
    outer loop
      vertex -1.64941 13.0098 0
      vertex -15.6 19.6 0
      vertex -1.44447 13.1618 0
    endloop
  endfacet
  facet normal 0 0 -1
    outer loop
      vertex -1.44447 13.1618 0
      vertex -15.6 19.6 0
      vertex -1.22562 13.293 0
    endloop
  endfacet
  facet normal 0 0 -1
    outer loop
      vertex -1.22562 13.293 0
      vertex -15.6 19.6 0
      vertex -0.994965 13.4021 0
    endloop
  endfacet
  facet normal 0 0 -1
    outer loop
      vertex -15.6 19.6 0
      vertex -10.0599 11.5625 0
      vertex -10.1662 11.6005 0
    endloop
  endfacet
  facet normal 0 0 -1
    outer loop
      vertex -15.6 19.6 0
      vertex -10.1662 11.6005 0
      vertex -10.2756 11.6279 0
    endloop
  endfacet
  facet normal 0 0 -1
    outer loop
      vertex -15.6 19.6 0
      vertex -10.2756 11.6279 0
      vertex -10.3873 11.6445 0
    endloop
  endfacet
  facet normal 0 0 -1
    outer loop
      vertex -15.6 19.6 0
      vertex -10.3873 11.6445 0
      vertex -10.5 11.65 0
    endloop
  endfacet
  facet normal 0 0 -1
    outer loop
      vertex -15.6 19.6 0
      vertex -10.5 11.65 0
      vertex -10.6127 11.6445 0
    endloop
  endfacet
  facet normal 0 0 -1
    outer loop
      vertex -15.6 19.6 0
      vertex -10.6127 11.6445 0
      vertex -10.7243 11.6279 0
    endloop
  endfacet
  facet normal 0 0 -1
    outer loop
      vertex -15.6 19.6 0
      vertex -10.7243 11.6279 0
      vertex -10.8338 11.6005 0
    endloop
  endfacet
  facet normal 0 0 -1
    outer loop
      vertex -19.6 15.6 0
      vertex -11.6279 10.2756 0
      vertex -11.9883 6.33574 0
    endloop
  endfacet
  facet normal 0 0 -1
    outer loop
      vertex -11.6279 10.2756 0
      vertex -19.6 15.6 0
      vertex -11.6445 10.3873 0
    endloop
  endfacet
  facet normal 0 0 -1
    outer loop
      vertex -11.6445 10.3873 0
      vertex -19.6 15.6 0
      vertex -11.65 10.5 0
    endloop
  endfacet
  facet normal 0 0 -1
    outer loop
      vertex -19.6 15.6 0
      vertex -11.9883 6.33574 0
      vertex -12.0583 6.09039 0
    endloop
  endfacet
  facet normal 0 0 -1
    outer loop
      vertex -19.6 15.6 0
      vertex -12.0583 6.09039 0
      vertex -12.104 5.83936 0
    endloop
  endfacet
  facet normal 0 0 -1
    outer loop
      vertex -12.0915 5.07646 0
      vertex -19.6 15.6 0
      vertex -12.1207 5.32994 0
    endloop
  endfacet
  facet normal 0 0 -1
    outer loop
      vertex -12.1207 5.32994 0
      vertex -19.6 15.6 0
      vertex -12.1249 5.58507 0
    endloop
  endfacet
  facet normal 0 0 -1
    outer loop
      vertex 0 13.6 0
      vertex -15.6 19.6 0
      vertex 15.6 19.6 0
    endloop
  endfacet
  facet normal 0 0 -1
    outer loop
      vertex -10.9401 11.5625 0
      vertex -15.6 19.6 0
      vertex -10.8338 11.6005 0
    endloop
  endfacet
  facet normal 0 0 -1
    outer loop
      vertex -11.0421 11.5142 0
      vertex -15.6 19.6 0
      vertex -10.9401 11.5625 0
    endloop
  endfacet
  facet normal 0 0 -1
    outer loop
      vertex -11.1389 11.4562 0
      vertex -15.6 19.6 0
      vertex -11.0421 11.5142 0
    endloop
  endfacet
  facet normal 0 0 -1
    outer loop
      vertex -11.2295 11.389 0
      vertex -15.6 19.6 0
      vertex -11.1389 11.4562 0
    endloop
  endfacet
  facet normal 0 0 -1
    outer loop
      vertex -11.3132 11.3132 0
      vertex -15.6 19.6 0
      vertex -11.2295 11.389 0
    endloop
  endfacet
  facet normal 0 0 -1
    outer loop
      vertex -19.6 15.6 0
      vertex -11.3132 11.3132 0
      vertex -11.389 11.2295 0
    endloop
  endfacet
  facet normal 0 0 -1
    outer loop
      vertex -19.6 15.6 0
      vertex -11.389 11.2295 0
      vertex -11.4562 11.1389 0
    endloop
  endfacet
  facet normal 0 0 -1
    outer loop
      vertex -19.6 15.6 0
      vertex -11.4562 11.1389 0
      vertex -11.5142 11.0421 0
    endloop
  endfacet
  facet normal 0 0 -1
    outer loop
      vertex -19.6 15.6 0
      vertex -11.5142 11.0421 0
      vertex -11.5625 10.9401 0
    endloop
  endfacet
  facet normal 0 0 -1
    outer loop
      vertex -19.6 15.6 0
      vertex -11.5625 10.9401 0
      vertex -11.6005 10.8338 0
    endloop
  endfacet
  facet normal 0 0 -1
    outer loop
      vertex -19.6 15.6 0
      vertex -11.6005 10.8338 0
      vertex -11.6279 10.7243 0
    endloop
  endfacet
  facet normal 0 0 -1
    outer loop
      vertex -19.6 15.6 0
      vertex -11.6279 10.7243 0
      vertex -11.6445 10.6127 0
    endloop
  endfacet
  facet normal 0 0 -1
    outer loop
      vertex -12.1249 5.58507 0
      vertex -19.6 15.6 0
      vertex -12.104 5.83936 0
    endloop
  endfacet
  facet normal 0 0 -1
    outer loop
      vertex -19.6 -15.6 0
      vertex -15.6 -19.6 0
      vertex -15.9921 -19.5807 0
    endloop
  endfacet
  facet normal 0 0 -1
    outer loop
      vertex -11.65 10.5 0
      vertex -19.6 15.6 0
      vertex -11.6445 10.6127 0
    endloop
  endfacet
  facet normal 0 0 -1
    outer loop
      vertex -19.6 -15.6 0
      vertex -15.9921 -19.5807 0
      vertex -16.3804 -19.5231 0
    endloop
  endfacet
  facet normal 0 0 -1
    outer loop
      vertex -11.3132 11.3132 0
      vertex -19.6 15.6 0
      vertex -15.6 19.6 0
    endloop
  endfacet
  facet normal 0 0 -1
    outer loop
      vertex -19.6 -15.6 0
      vertex -16.3804 -19.5231 0
      vertex -16.7611 -19.4277 0
    endloop
  endfacet
  facet normal 0 0 -1
    outer loop
      vertex -15.6 19.6 0
      vertex -19.6 15.6 0
      vertex -15.9921 19.5807 0
    endloop
  endfacet
  facet normal 0 0 -1
    outer loop
      vertex -19.6 -15.6 0
      vertex -16.7611 -19.4277 0
      vertex -17.1307 -19.2955 0
    endloop
  endfacet
  facet normal 0 0 -1
    outer loop
      vertex -15.9921 19.5807 0
      vertex -19.6 15.6 0
      vertex -16.3804 19.5231 0
    endloop
  endfacet
  facet normal 0 0 -1
    outer loop
      vertex -19.6 -15.6 0
      vertex -17.1307 -19.2955 0
      vertex -17.4856 -19.1277 0
    endloop
  endfacet
  facet normal 0 0 -1
    outer loop
      vertex -16.3804 19.5231 0
      vertex -19.6 15.6 0
      vertex -16.7611 19.4277 0
    endloop
  endfacet
  facet normal 0 0 -1
    outer loop
      vertex -19.6 -15.6 0
      vertex -17.4856 -19.1277 0
      vertex -17.8223 -18.9259 0
    endloop
  endfacet
  facet normal 0 0 -1
    outer loop
      vertex -16.7611 19.4277 0
      vertex -19.6 15.6 0
      vertex -17.1307 19.2955 0
    endloop
  endfacet
  facet normal 0 0 -1
    outer loop
      vertex -19.6 -15.6 0
      vertex -17.8223 -18.9259 0
      vertex -18.1376 -18.692 0
    endloop
  endfacet
  facet normal 0 0 -1
    outer loop
      vertex -17.1307 19.2955 0
      vertex -19.6 15.6 0
      vertex -17.4856 19.1277 0
    endloop
  endfacet
  facet normal 0 0 -1
    outer loop
      vertex -19.6 -15.6 0
      vertex -18.1376 -18.692 0
      vertex -18.4284 -18.4284 0
    endloop
  endfacet
  facet normal 0 0 -1
    outer loop
      vertex -17.4856 19.1277 0
      vertex -19.6 15.6 0
      vertex -17.8223 18.9259 0
    endloop
  endfacet
  facet normal 0 0 -1
    outer loop
      vertex -19.6 -15.6 0
      vertex -18.4284 -18.4284 0
      vertex -18.692 -18.1376 0
    endloop
  endfacet
  facet normal 0 0 -1
    outer loop
      vertex -17.8223 18.9259 0
      vertex -19.6 15.6 0
      vertex -18.1376 18.692 0
    endloop
  endfacet
  facet normal 0 0 -1
    outer loop
      vertex -19.6 -15.6 0
      vertex -18.692 -18.1376 0
      vertex -18.9259 -17.8223 0
    endloop
  endfacet
  facet normal 0 0 -1
    outer loop
      vertex -18.1376 18.692 0
      vertex -19.6 15.6 0
      vertex -18.4284 18.4284 0
    endloop
  endfacet
  facet normal 0 0 -1
    outer loop
      vertex -19.6 -15.6 0
      vertex -18.9259 -17.8223 0
      vertex -19.1277 -17.4856 0
    endloop
  endfacet
  facet normal 0 0 -1
    outer loop
      vertex -18.4284 18.4284 0
      vertex -19.6 15.6 0
      vertex -18.692 18.1376 0
    endloop
  endfacet
  facet normal 0 0 -1
    outer loop
      vertex -19.6 -15.6 0
      vertex -19.1277 -17.4856 0
      vertex -19.2955 -17.1307 0
    endloop
  endfacet
  facet normal 0 0 -1
    outer loop
      vertex -18.692 18.1376 0
      vertex -19.6 15.6 0
      vertex -18.9259 17.8223 0
    endloop
  endfacet
  facet normal 0 0 -1
    outer loop
      vertex -19.6 -15.6 0
      vertex -19.2955 -17.1307 0
      vertex -19.4277 -16.7611 0
    endloop
  endfacet
  facet normal 0 0 -1
    outer loop
      vertex -18.9259 17.8223 0
      vertex -19.6 15.6 0
      vertex -19.1277 17.4856 0
    endloop
  endfacet
  facet normal 0 0 -1
    outer loop
      vertex -19.6 -15.6 0
      vertex -19.4277 -16.7611 0
      vertex -19.5231 -16.3804 0
    endloop
  endfacet
  facet normal 0 0 -1
    outer loop
      vertex -19.1277 17.4856 0
      vertex -19.6 15.6 0
      vertex -19.2955 17.1307 0
    endloop
  endfacet
  facet normal 0 0 -1
    outer loop
      vertex -19.6 -15.6 0
      vertex -19.5231 -16.3804 0
      vertex -19.5807 -15.9921 0
    endloop
  endfacet
  facet normal 0 0 -1
    outer loop
      vertex -19.2955 17.1307 0
      vertex -19.6 15.6 0
      vertex -19.4277 16.7611 0
    endloop
  endfacet
  facet normal 0 0 -1
    outer loop
      vertex -19.4277 16.7611 0
      vertex -19.6 15.6 0
      vertex -19.5231 16.3804 0
    endloop
  endfacet
  facet normal 0 0 -1
    outer loop
      vertex -19.5231 16.3804 0
      vertex -19.6 15.6 0
      vertex -19.5807 15.9921 0
    endloop
  endfacet
  facet normal 0 0 -1
    outer loop
      vertex 11.9883 -6.33574 0
      vertex 11.6279 -10.2756 0
      vertex 11.8945 -6.57303 0
    endloop
  endfacet
  facet normal 0 0 -1
    outer loop
      vertex 11.6005 -10.1662 0
      vertex 11.8945 -6.57303 0
      vertex 11.6279 -10.2756 0
    endloop
  endfacet
  facet normal 0 0 -1
    outer loop
      vertex 11.8945 -6.57303 0
      vertex 11.6005 -10.1662 0
      vertex 11.7779 -6.79999 0
    endloop
  endfacet
  facet normal 0 0 -1
    outer loop
      vertex 11.5625 -10.0599 0
      vertex 11.7779 -6.79999 0
      vertex 11.6005 -10.1662 0
    endloop
  endfacet
  facet normal 0 0 -1
    outer loop
      vertex 11.5142 -9.95789 0
      vertex 11.7779 -6.79999 0
      vertex 11.5625 -10.0599 0
    endloop
  endfacet
  facet normal 0 0 -1
    outer loop
      vertex 11.7779 -6.79999 0
      vertex 11.5142 -9.95789 0
      vertex 11.6397 -7.01443 0
    endloop
  endfacet
  facet normal 0 0 -1
    outer loop
      vertex 11.4562 -9.86108 0
      vertex 11.6397 -7.01443 0
      vertex 11.5142 -9.95789 0
    endloop
  endfacet
  facet normal 0 0 -1
    outer loop
      vertex 11.6397 -7.01443 0
      vertex 11.4562 -9.86108 0
      vertex 11.481 -7.21429 0
    endloop
  endfacet
  facet normal 0 0 -1
    outer loop
      vertex 11.389 -9.77045 0
      vertex 11.481 -7.21429 0
      vertex 11.4562 -9.86108 0
    endloop
  endfacet
  facet normal 0 0 -1
    outer loop
      vertex 11.3132 -9.68681 0
      vertex 11.481 -7.21429 0
      vertex 11.389 -9.77045 0
    endloop
  endfacet
  facet normal 0 0 -1
    outer loop
      vertex 11.3132 -9.68681 0
      vertex 11.3036 -7.39764 0
      vertex 11.481 -7.21429 0
    endloop
  endfacet
  facet normal 0 0 -1
    outer loop
      vertex 11.2295 -9.61102 0
      vertex 11.3036 -7.39764 0
      vertex 11.3132 -9.68681 0
    endloop
  endfacet
  facet normal 0 0 -1
    outer loop
      vertex 11.1091 -7.56271 0
      vertex 11.2295 -9.61102 0
      vertex 11.1389 -9.54381 0
    endloop
  endfacet
  facet normal 0 0 -1
    outer loop
      vertex 11.2295 -9.61102 0
      vertex 11.1091 -7.56271 0
      vertex 11.3036 -7.39764 0
    endloop
  endfacet
  facet normal 0 0 -1
    outer loop
      vertex 11.0421 -9.48578 0
      vertex 11.1091 -7.56271 0
      vertex 11.1389 -9.54381 0
    endloop
  endfacet
  facet normal 0 0 -1
    outer loop
      vertex 10.8992 -7.70792 0
      vertex 11.0421 -9.48578 0
      vertex 10.9401 -9.43753 0
    endloop
  endfacet
  facet normal 0 0 -1
    outer loop
      vertex 11.0421 -9.48578 0
      vertex 10.8992 -7.70792 0
      vertex 11.1091 -7.56271 0
    endloop
  endfacet
  facet normal 0 0 -1
    outer loop
      vertex 10.6762 -7.83186 0
      vertex 10.9401 -9.43753 0
      vertex 10.8338 -9.39951 0
    endloop
  endfacet
  facet normal 0 0 -1
    outer loop
      vertex 10.6762 -7.83186 0
      vertex 10.8338 -9.39951 0
      vertex 10.7243 -9.37209 0
    endloop
  endfacet
  facet normal 0 0 -1
    outer loop
      vertex 10.9401 -9.43753 0
      vertex 10.6762 -7.83186 0
      vertex 10.8992 -7.70792 0
    endloop
  endfacet
  facet normal 0 0 -1
    outer loop
      vertex 10.4421 -7.93335 0
      vertex 10.7243 -9.37209 0
      vertex 10.6127 -9.35553 0
    endloop
  endfacet
  facet normal 0 0 -1
    outer loop
      vertex 10.4421 -7.93335 0
      vertex 10.6127 -9.35553 0
      vertex 10.5 -9.34999 0
    endloop
  endfacet
  facet normal 0 0 -1
    outer loop
      vertex 10.7243 -9.37209 0
      vertex 10.4421 -7.93335 0
      vertex 10.6762 -7.83186 0
    endloop
  endfacet
  facet normal 0 0 -1
    outer loop
      vertex 10.1992 -8.0114 0
      vertex 10.5 -9.34999 0
      vertex 10.3873 -9.35553 0
    endloop
  endfacet
  facet normal 0 0 -1
    outer loop
      vertex 10.1992 -8.0114 0
      vertex 10.3873 -9.35553 0
      vertex 10.2756 -9.37209 0
    endloop
  endfacet
  facet normal 0 0 -1
    outer loop
      vertex 10.5 -9.34999 0
      vertex 10.1992 -8.0114 0
      vertex 10.4421 -7.93335 0
    endloop
  endfacet
  facet normal 0 0 -1
    outer loop
      vertex 9.9498 -8.06526 0
      vertex 10.2756 -9.37209 0
      vertex 10.1662 -9.39951 0
    endloop
  endfacet
  facet normal 0 0 -1
    outer loop
      vertex 9.69632 -8.09442 0
      vertex 10.1662 -9.39951 0
      vertex 10.0599 -9.43753 0
    endloop
  endfacet
  facet normal 0 0 -1
    outer loop
      vertex 9.69632 -8.09442 0
      vertex 10.0599 -9.43753 0
      vertex 9.95789 -9.48578 0
    endloop
  endfacet
  facet normal 0 0 -1
    outer loop
      vertex 10.2756 -9.37209 0
      vertex 9.9498 -8.06526 0
      vertex 10.1992 -8.0114 0
    endloop
  endfacet
  facet normal 0 0 -1
    outer loop
      vertex 9.44121 -8.0986 0
      vertex 9.95789 -9.48578 0
      vertex 9.86108 -9.54381 0
    endloop
  endfacet
  facet normal 0 0 -1
    outer loop
      vertex 9.44121 -8.0986 0
      vertex 9.86108 -9.54381 0
      vertex 9.77045 -9.61102 0
    endloop
  endfacet
  facet normal 0 0 -1
    outer loop
      vertex 10.1662 -9.39951 0
      vertex 9.69632 -8.09442 0
      vertex 9.9498 -8.06526 0
    endloop
  endfacet
  facet normal 0 0 -1
    outer loop
      vertex 9.1869 -8.07774 0
      vertex 9.77045 -9.61102 0
      vertex 9.68681 -9.68681 0
    endloop
  endfacet
  facet normal 0 0 -1
    outer loop
      vertex 9.1869 -8.07774 0
      vertex 9.68681 -9.68681 0
      vertex 9.61102 -9.77045 0
    endloop
  endfacet
  facet normal 0 0 -1
    outer loop
      vertex 9.1869 -8.07774 0
      vertex 9.61102 -9.77045 0
      vertex 9.54381 -9.86108 0
    endloop
  endfacet
  facet normal 0 0 -1
    outer loop
      vertex 9.1869 -8.07774 0
      vertex 9.54381 -9.86108 0
      vertex 9.48578 -9.95789 0
    endloop
  endfacet
  facet normal 0 0 -1
    outer loop
      vertex 9.95789 -9.48578 0
      vertex 9.44121 -8.0986 0
      vertex 9.69632 -8.09442 0
    endloop
  endfacet
  facet normal 0 0 -1
    outer loop
      vertex 9.1869 -8.07774 0
      vertex 9.48578 -9.95789 0
      vertex 9.43753 -10.0599 0
    endloop
  endfacet
  facet normal 0 0 -1
    outer loop
      vertex 9.1869 -8.07774 0
      vertex 9.43753 -10.0599 0
      vertex 9.39951 -10.1662 0
    endloop
  endfacet
  facet normal 0 0 -1
    outer loop
      vertex 9.1869 -8.07774 0
      vertex 9.39951 -10.1662 0
      vertex 9.37209 -10.2756 0
    endloop
  endfacet
  facet normal 0 0 -1
    outer loop
      vertex 9.1869 -8.07774 0
      vertex 9.37209 -10.2756 0
      vertex 9.35553 -10.3873 0
    endloop
  endfacet
  facet normal 0 0 -1
    outer loop
      vertex 9.1869 -8.07774 0
      vertex 9.35553 -10.3873 0
      vertex 9.34999 -10.5 0
    endloop
  endfacet
  facet normal 0 0 -1
    outer loop
      vertex 9.77045 -9.61102 0
      vertex 9.1869 -8.07774 0
      vertex 9.44121 -8.0986 0
    endloop
  endfacet
  facet normal -0.146733 0.989176 0
    outer loop
      vertex 0.507233 8.44995 0
      vertex 0.254837 8.41251 3
      vertex 0.507233 8.44995 3
    endloop
  endfacet
  facet normal -0.146733 0.989176 0
    outer loop
      vertex 0.254837 8.41251 3
      vertex 0.507233 8.44995 0
      vertex 0.254837 8.41251 0
    endloop
  endfacet
  facet normal -0.242999 0.970026 0
    outer loop
      vertex 0.75473 8.51195 0
      vertex 0.507233 8.44995 3
      vertex 0.75473 8.51195 3
    endloop
  endfacet
  facet normal -0.242999 0.970026 0
    outer loop
      vertex 0.507233 8.44995 3
      vertex 0.75473 8.51195 0
      vertex 0.507233 8.44995 0
    endloop
  endfacet
  facet normal -0.336864 0.941553 0
    outer loop
      vertex 0.994965 8.5979 0
      vertex 0.75473 8.51195 3
      vertex 0.994965 8.5979 3
    endloop
  endfacet
  facet normal -0.336864 0.941553 0
    outer loop
      vertex 0.75473 8.51195 3
      vertex 0.994965 8.5979 0
      vertex 0.75473 8.51195 0
    endloop
  endfacet
  facet normal -0.427582 0.903977 0
    outer loop
      vertex 1.22562 8.707 0
      vertex 0.994965 8.5979 3
      vertex 1.22562 8.707 3
    endloop
  endfacet
  facet normal -0.427582 0.903977 0
    outer loop
      vertex 0.994965 8.5979 3
      vertex 1.22562 8.707 0
      vertex 0.994965 8.5979 0
    endloop
  endfacet
  facet normal -0.514092 0.857735 0
    outer loop
      vertex 1.44447 8.83817 0
      vertex 1.22562 8.707 3
      vertex 1.44447 8.83817 3
    endloop
  endfacet
  facet normal -0.514092 0.857735 0
    outer loop
      vertex 1.22562 8.707 3
      vertex 1.44447 8.83817 0
      vertex 1.22562 8.707 0
    endloop
  endfacet
  facet normal -0.59569 0.803215 0
    outer loop
      vertex 1.64941 8.99016 0
      vertex 1.44447 8.83817 3
      vertex 1.64941 8.99016 3
    endloop
  endfacet
  facet normal -0.59569 0.803215 0
    outer loop
      vertex 1.44447 8.83817 3
      vertex 1.64941 8.99016 0
      vertex 1.44447 8.83817 0
    endloop
  endfacet
  facet normal -0.67155 0.740959 0
    outer loop
      vertex 1.83847 9.16151 0
      vertex 1.64941 8.99016 3
      vertex 1.83847 9.16151 3
    endloop
  endfacet
  facet normal -0.67155 0.740959 0
    outer loop
      vertex 1.64941 8.99016 3
      vertex 1.83847 9.16151 0
      vertex 1.64941 8.99016 0
    endloop
  endfacet
  facet normal -0.740939 0.671572 0
    outer loop
      vertex 1.83847 9.16151 0
      vertex 2.00983 9.35057 3
      vertex 2.00983 9.35057 0
    endloop
  endfacet
  facet normal -0.740939 0.671572 0
    outer loop
      vertex 2.00983 9.35057 3
      vertex 1.83847 9.16151 0
      vertex 1.83847 9.16151 3
    endloop
  endfacet
  facet normal -0.803215 0.59569 0
    outer loop
      vertex 2.00983 9.35057 0
      vertex 2.16182 9.55551 3
      vertex 2.16182 9.55551 0
    endloop
  endfacet
  facet normal -0.803215 0.59569 0
    outer loop
      vertex 2.16182 9.55551 3
      vertex 2.00983 9.35057 0
      vertex 2.00983 9.35057 3
    endloop
  endfacet
  facet normal -0.857763 0.514046 0
    outer loop
      vertex 2.16182 9.55551 0
      vertex 2.29298 9.77437 3
      vertex 2.29298 9.77437 0
    endloop
  endfacet
  facet normal -0.857763 0.514046 0
    outer loop
      vertex 2.29298 9.77437 3
      vertex 2.16182 9.55551 0
      vertex 2.16182 9.55551 3
    endloop
  endfacet
  facet normal -0.903959 0.42762 0
    outer loop
      vertex 2.29298 9.77437 0
      vertex 2.40208 10.005 3
      vertex 2.40208 10.005 0
    endloop
  endfacet
  facet normal -0.903959 0.42762 0
    outer loop
      vertex 2.40208 10.005 3
      vertex 2.29298 9.77437 0
      vertex 2.29298 9.77437 3
    endloop
  endfacet
  facet normal -0.94157 0.336818 0
    outer loop
      vertex 2.40208 10.005 0
      vertex 2.48804 10.2453 3
      vertex 2.48804 10.2453 0
    endloop
  endfacet
  facet normal -0.94157 0.336818 0
    outer loop
      vertex 2.48804 10.2453 3
      vertex 2.40208 10.005 0
      vertex 2.40208 10.005 3
    endloop
  endfacet
  facet normal -0.970036 0.24296 0
    outer loop
      vertex 2.48804 10.2453 0
      vertex 2.55003 10.4928 3
      vertex 2.55003 10.4928 0
    endloop
  endfacet
  facet normal -0.970036 0.24296 0
    outer loop
      vertex 2.55003 10.4928 3
      vertex 2.48804 10.2453 0
      vertex 2.48804 10.2453 3
    endloop
  endfacet
  facet normal -0.989162 0.146826 0
    outer loop
      vertex 2.55003 10.4928 0
      vertex 2.58748 10.7451 3
      vertex 2.58748 10.7451 0
    endloop
  endfacet
  facet normal -0.989162 0.146826 0
    outer loop
      vertex 2.58748 10.7451 3
      vertex 2.55003 10.4928 0
      vertex 2.55003 10.4928 3
    endloop
  endfacet
  facet normal -0.998798 0.0490191 0
    outer loop
      vertex 2.58748 10.7451 0
      vertex 2.59999 11 3
      vertex 2.59999 11 0
    endloop
  endfacet
  facet normal -0.998798 0.0490191 0
    outer loop
      vertex 2.59999 11 3
      vertex 2.58748 10.7451 0
      vertex 2.58748 10.7451 3
    endloop
  endfacet
  facet normal -0.998797 -0.0490383 0
    outer loop
      vertex 2.59999 11 0
      vertex 2.58748 11.2548 3
      vertex 2.58748 11.2548 0
    endloop
  endfacet
  facet normal -0.998797 -0.0490383 0
    outer loop
      vertex 2.58748 11.2548 3
      vertex 2.59999 11 0
      vertex 2.59999 11 3
    endloop
  endfacet
  facet normal -0.989171 -0.146769 0
    outer loop
      vertex 2.58748 11.2548 0
      vertex 2.55003 11.5072 3
      vertex 2.55003 11.5072 0
    endloop
  endfacet
  facet normal -0.989171 -0.146769 0
    outer loop
      vertex 2.55003 11.5072 3
      vertex 2.58748 11.2548 0
      vertex 2.58748 11.2548 3
    endloop
  endfacet
  facet normal -0.970036 -0.24296 0
    outer loop
      vertex 2.55003 11.5072 0
      vertex 2.48804 11.7547 3
      vertex 2.48804 11.7547 0
    endloop
  endfacet
  facet normal -0.970036 -0.24296 0
    outer loop
      vertex 2.48804 11.7547 3
      vertex 2.55003 11.5072 0
      vertex 2.55003 11.5072 3
    endloop
  endfacet
  facet normal -0.94157 -0.336818 0
    outer loop
      vertex 2.48804 11.7547 0
      vertex 2.40208 11.995 3
      vertex 2.40208 11.995 0
    endloop
  endfacet
  facet normal -0.94157 -0.336818 0
    outer loop
      vertex 2.40208 11.995 3
      vertex 2.48804 11.7547 0
      vertex 2.48804 11.7547 3
    endloop
  endfacet
  facet normal -0.903937 -0.427665 0
    outer loop
      vertex 2.40208 11.995 0
      vertex 2.29298 12.2256 3
      vertex 2.29298 12.2256 0
    endloop
  endfacet
  facet normal -0.903937 -0.427665 0
    outer loop
      vertex 2.29298 12.2256 3
      vertex 2.40208 11.995 0
      vertex 2.40208 11.995 3
    endloop
  endfacet
  facet normal -0.857804 -0.513977 0
    outer loop
      vertex 2.29298 12.2256 0
      vertex 2.16182 12.4445 3
      vertex 2.16182 12.4445 0
    endloop
  endfacet
  facet normal -0.857804 -0.513977 0
    outer loop
      vertex 2.16182 12.4445 3
      vertex 2.29298 12.2256 0
      vertex 2.29298 12.2256 3
    endloop
  endfacet
  facet normal -0.803159 -0.595765 0
    outer loop
      vertex 2.16182 12.4445 0
      vertex 2.00983 12.6494 3
      vertex 2.00983 12.6494 0
    endloop
  endfacet
  facet normal -0.803159 -0.595765 0
    outer loop
      vertex 2.00983 12.6494 3
      vertex 2.16182 12.4445 0
      vertex 2.16182 12.4445 3
    endloop
  endfacet
  facet normal -0.74101 -0.671494 0
    outer loop
      vertex 2.00983 12.6494 0
      vertex 1.83847 12.8385 3
      vertex 1.83847 12.8385 0
    endloop
  endfacet
  facet normal -0.74101 -0.671494 0
    outer loop
      vertex 1.83847 12.8385 3
      vertex 2.00983 12.6494 0
      vertex 2.00983 12.6494 3
    endloop
  endfacet
  facet normal -0.671443 -0.741056 0
    outer loop
      vertex 1.64941 13.0098 0
      vertex 1.83847 12.8385 3
      vertex 1.64941 13.0098 3
    endloop
  endfacet
  facet normal -0.671443 -0.741056 -0
    outer loop
      vertex 1.83847 12.8385 3
      vertex 1.64941 13.0098 0
      vertex 1.83847 12.8385 0
    endloop
  endfacet
  facet normal -0.595715 -0.803196 0
    outer loop
      vertex 1.44447 13.1618 0
      vertex 1.64941 13.0098 3
      vertex 1.44447 13.1618 3
    endloop
  endfacet
  facet normal -0.595715 -0.803196 -0
    outer loop
      vertex 1.64941 13.0098 3
      vertex 1.44447 13.1618 0
      vertex 1.64941 13.0098 0
    endloop
  endfacet
  facet normal -0.514179 -0.857683 0
    outer loop
      vertex 1.22562 13.293 0
      vertex 1.44447 13.1618 3
      vertex 1.22562 13.293 3
    endloop
  endfacet
  facet normal -0.514179 -0.857683 -0
    outer loop
      vertex 1.44447 13.1618 3
      vertex 1.22562 13.293 0
      vertex 1.44447 13.1618 0
    endloop
  endfacet
  facet normal -0.427582 -0.903977 0
    outer loop
      vertex 0.994965 13.4021 0
      vertex 1.22562 13.293 3
      vertex 0.994965 13.4021 3
    endloop
  endfacet
  facet normal -0.427582 -0.903977 -0
    outer loop
      vertex 1.22562 13.293 3
      vertex 0.994965 13.4021 0
      vertex 1.22562 13.293 0
    endloop
  endfacet
  facet normal -0.33669 -0.941615 0
    outer loop
      vertex 0.75473 13.488 0
      vertex 0.994965 13.4021 3
      vertex 0.75473 13.488 3
    endloop
  endfacet
  facet normal -0.33669 -0.941615 -0
    outer loop
      vertex 0.994965 13.4021 3
      vertex 0.75473 13.488 0
      vertex 0.994965 13.4021 0
    endloop
  endfacet
  facet normal -0.242999 -0.970026 0
    outer loop
      vertex 0.507233 13.55 0
      vertex 0.75473 13.488 3
      vertex 0.507233 13.55 3
    endloop
  endfacet
  facet normal -0.242999 -0.970026 -0
    outer loop
      vertex 0.75473 13.488 3
      vertex 0.507233 13.55 0
      vertex 0.75473 13.488 0
    endloop
  endfacet
  facet normal -0.146963 -0.989142 0
    outer loop
      vertex 0.254837 13.5875 0
      vertex 0.507233 13.55 3
      vertex 0.254837 13.5875 3
    endloop
  endfacet
  facet normal -0.146963 -0.989142 -0
    outer loop
      vertex 0.507233 13.55 3
      vertex 0.254837 13.5875 0
      vertex 0.507233 13.55 0
    endloop
  endfacet
  facet normal -0.0489921 -0.998799 0
    outer loop
      vertex 0 13.6 0
      vertex 0.254837 13.5875 3
      vertex 0 13.6 3
    endloop
  endfacet
  facet normal -0.0489921 -0.998799 -0
    outer loop
      vertex 0.254837 13.5875 3
      vertex 0 13.6 0
      vertex 0.254837 13.5875 0
    endloop
  endfacet
  facet normal 0.0489921 -0.998799 0
    outer loop
      vertex -0.254837 13.5875 0
      vertex 0 13.6 3
      vertex -0.254837 13.5875 3
    endloop
  endfacet
  facet normal 0.0489921 -0.998799 0
    outer loop
      vertex 0 13.6 3
      vertex -0.254837 13.5875 0
      vertex 0 13.6 0
    endloop
  endfacet
  facet normal 0.146963 -0.989142 0
    outer loop
      vertex -0.507233 13.55 0
      vertex -0.254837 13.5875 3
      vertex -0.507233 13.55 3
    endloop
  endfacet
  facet normal 0.146963 -0.989142 0
    outer loop
      vertex -0.254837 13.5875 3
      vertex -0.507233 13.55 0
      vertex -0.254837 13.5875 0
    endloop
  endfacet
  facet normal 0.242999 -0.970026 0
    outer loop
      vertex -0.75473 13.488 0
      vertex -0.507233 13.55 3
      vertex -0.75473 13.488 3
    endloop
  endfacet
  facet normal 0.242999 -0.970026 0
    outer loop
      vertex -0.507233 13.55 3
      vertex -0.75473 13.488 0
      vertex -0.507233 13.55 0
    endloop
  endfacet
  facet normal 0.33669 -0.941615 0
    outer loop
      vertex -0.994965 13.4021 0
      vertex -0.75473 13.488 3
      vertex -0.994965 13.4021 3
    endloop
  endfacet
  facet normal 0.33669 -0.941615 0
    outer loop
      vertex -0.75473 13.488 3
      vertex -0.994965 13.4021 0
      vertex -0.75473 13.488 0
    endloop
  endfacet
  facet normal 0.427582 -0.903977 0
    outer loop
      vertex -1.22562 13.293 0
      vertex -0.994965 13.4021 3
      vertex -1.22562 13.293 3
    endloop
  endfacet
  facet normal 0.427582 -0.903977 0
    outer loop
      vertex -0.994965 13.4021 3
      vertex -1.22562 13.293 0
      vertex -0.994965 13.4021 0
    endloop
  endfacet
  facet normal 0.514179 -0.857683 0
    outer loop
      vertex -1.44447 13.1618 0
      vertex -1.22562 13.293 3
      vertex -1.44447 13.1618 3
    endloop
  endfacet
  facet normal 0.514179 -0.857683 0
    outer loop
      vertex -1.22562 13.293 3
      vertex -1.44447 13.1618 0
      vertex -1.22562 13.293 0
    endloop
  endfacet
  facet normal 0.595715 -0.803196 0
    outer loop
      vertex -1.64941 13.0098 0
      vertex -1.44447 13.1618 3
      vertex -1.64941 13.0098 3
    endloop
  endfacet
  facet normal 0.595715 -0.803196 0
    outer loop
      vertex -1.44447 13.1618 3
      vertex -1.64941 13.0098 0
      vertex -1.44447 13.1618 0
    endloop
  endfacet
  facet normal 0.671443 -0.741056 0
    outer loop
      vertex -1.83847 12.8385 0
      vertex -1.64941 13.0098 3
      vertex -1.83847 12.8385 3
    endloop
  endfacet
  facet normal 0.671443 -0.741056 0
    outer loop
      vertex -1.64941 13.0098 3
      vertex -1.83847 12.8385 0
      vertex -1.64941 13.0098 0
    endloop
  endfacet
  facet normal 0.74101 -0.671494 0
    outer loop
      vertex -2.00983 12.6494 3
      vertex -1.83847 12.8385 0
      vertex -1.83847 12.8385 3
    endloop
  endfacet
  facet normal 0.74101 -0.671494 0
    outer loop
      vertex -1.83847 12.8385 0
      vertex -2.00983 12.6494 3
      vertex -2.00983 12.6494 0
    endloop
  endfacet
  facet normal 0.803159 -0.595765 0
    outer loop
      vertex -2.16182 12.4445 3
      vertex -2.00983 12.6494 0
      vertex -2.00983 12.6494 3
    endloop
  endfacet
  facet normal 0.803159 -0.595765 0
    outer loop
      vertex -2.00983 12.6494 0
      vertex -2.16182 12.4445 3
      vertex -2.16182 12.4445 0
    endloop
  endfacet
  facet normal 0.857804 -0.513977 0
    outer loop
      vertex -2.29298 12.2256 3
      vertex -2.16182 12.4445 0
      vertex -2.16182 12.4445 3
    endloop
  endfacet
  facet normal 0.857804 -0.513977 0
    outer loop
      vertex -2.16182 12.4445 0
      vertex -2.29298 12.2256 3
      vertex -2.29298 12.2256 0
    endloop
  endfacet
  facet normal 0.903937 -0.427665 0
    outer loop
      vertex -2.40208 11.995 3
      vertex -2.29298 12.2256 0
      vertex -2.29298 12.2256 3
    endloop
  endfacet
  facet normal 0.903937 -0.427665 0
    outer loop
      vertex -2.29298 12.2256 0
      vertex -2.40208 11.995 3
      vertex -2.40208 11.995 0
    endloop
  endfacet
  facet normal 0.94157 -0.336818 0
    outer loop
      vertex -2.48804 11.7547 3
      vertex -2.40208 11.995 0
      vertex -2.40208 11.995 3
    endloop
  endfacet
  facet normal 0.94157 -0.336818 0
    outer loop
      vertex -2.40208 11.995 0
      vertex -2.48804 11.7547 3
      vertex -2.48804 11.7547 0
    endloop
  endfacet
  facet normal 0.970036 -0.24296 0
    outer loop
      vertex -2.55003 11.5072 3
      vertex -2.48804 11.7547 0
      vertex -2.48804 11.7547 3
    endloop
  endfacet
  facet normal 0.970036 -0.24296 0
    outer loop
      vertex -2.48804 11.7547 0
      vertex -2.55003 11.5072 3
      vertex -2.55003 11.5072 0
    endloop
  endfacet
  facet normal 0.989171 -0.146769 0
    outer loop
      vertex -2.58748 11.2548 3
      vertex -2.55003 11.5072 0
      vertex -2.55003 11.5072 3
    endloop
  endfacet
  facet normal 0.989171 -0.146769 0
    outer loop
      vertex -2.55003 11.5072 0
      vertex -2.58748 11.2548 3
      vertex -2.58748 11.2548 0
    endloop
  endfacet
  facet normal 0.998797 -0.0490383 0
    outer loop
      vertex -2.59999 11 3
      vertex -2.58748 11.2548 0
      vertex -2.58748 11.2548 3
    endloop
  endfacet
  facet normal 0.998797 -0.0490383 0
    outer loop
      vertex -2.58748 11.2548 0
      vertex -2.59999 11 3
      vertex -2.59999 11 0
    endloop
  endfacet
  facet normal 0.998798 0.0490191 0
    outer loop
      vertex -2.58748 10.7451 3
      vertex -2.59999 11 0
      vertex -2.59999 11 3
    endloop
  endfacet
  facet normal 0.998798 0.0490191 0
    outer loop
      vertex -2.59999 11 0
      vertex -2.58748 10.7451 3
      vertex -2.58748 10.7451 0
    endloop
  endfacet
  facet normal 0.989162 0.146826 0
    outer loop
      vertex -2.55003 10.4928 3
      vertex -2.58748 10.7451 0
      vertex -2.58748 10.7451 3
    endloop
  endfacet
  facet normal 0.989162 0.146826 0
    outer loop
      vertex -2.58748 10.7451 0
      vertex -2.55003 10.4928 3
      vertex -2.55003 10.4928 0
    endloop
  endfacet
  facet normal 0.970036 0.24296 0
    outer loop
      vertex -2.48804 10.2453 3
      vertex -2.55003 10.4928 0
      vertex -2.55003 10.4928 3
    endloop
  endfacet
  facet normal 0.970036 0.24296 0
    outer loop
      vertex -2.55003 10.4928 0
      vertex -2.48804 10.2453 3
      vertex -2.48804 10.2453 0
    endloop
  endfacet
  facet normal 0.94157 0.336818 0
    outer loop
      vertex -2.40208 10.005 3
      vertex -2.48804 10.2453 0
      vertex -2.48804 10.2453 3
    endloop
  endfacet
  facet normal 0.94157 0.336818 0
    outer loop
      vertex -2.48804 10.2453 0
      vertex -2.40208 10.005 3
      vertex -2.40208 10.005 0
    endloop
  endfacet
  facet normal 0.903959 0.42762 0
    outer loop
      vertex -2.29298 9.77437 3
      vertex -2.40208 10.005 0
      vertex -2.40208 10.005 3
    endloop
  endfacet
  facet normal 0.903959 0.42762 0
    outer loop
      vertex -2.40208 10.005 0
      vertex -2.29298 9.77437 3
      vertex -2.29298 9.77437 0
    endloop
  endfacet
  facet normal 0.857763 0.514046 0
    outer loop
      vertex -2.16182 9.55551 3
      vertex -2.29298 9.77437 0
      vertex -2.29298 9.77437 3
    endloop
  endfacet
  facet normal 0.857763 0.514046 0
    outer loop
      vertex -2.29298 9.77437 0
      vertex -2.16182 9.55551 3
      vertex -2.16182 9.55551 0
    endloop
  endfacet
  facet normal 0.803215 0.59569 0
    outer loop
      vertex -2.00983 9.35057 3
      vertex -2.16182 9.55551 0
      vertex -2.16182 9.55551 3
    endloop
  endfacet
  facet normal 0.803215 0.59569 0
    outer loop
      vertex -2.16182 9.55551 0
      vertex -2.00983 9.35057 3
      vertex -2.00983 9.35057 0
    endloop
  endfacet
  facet normal 0.740939 0.671572 0
    outer loop
      vertex -1.83847 9.16151 3
      vertex -2.00983 9.35057 0
      vertex -2.00983 9.35057 3
    endloop
  endfacet
  facet normal 0.740939 0.671572 0
    outer loop
      vertex -2.00983 9.35057 0
      vertex -1.83847 9.16151 3
      vertex -1.83847 9.16151 0
    endloop
  endfacet
  facet normal 0.67155 0.740959 -0
    outer loop
      vertex -1.64941 8.99016 0
      vertex -1.83847 9.16151 3
      vertex -1.64941 8.99016 3
    endloop
  endfacet
  facet normal 0.67155 0.740959 0
    outer loop
      vertex -1.83847 9.16151 3
      vertex -1.64941 8.99016 0
      vertex -1.83847 9.16151 0
    endloop
  endfacet
  facet normal 0.59569 0.803215 -0
    outer loop
      vertex -1.44447 8.83817 0
      vertex -1.64941 8.99016 3
      vertex -1.44447 8.83817 3
    endloop
  endfacet
  facet normal 0.59569 0.803215 0
    outer loop
      vertex -1.64941 8.99016 3
      vertex -1.44447 8.83817 0
      vertex -1.64941 8.99016 0
    endloop
  endfacet
  facet normal 0.514092 0.857735 -0
    outer loop
      vertex -1.22562 8.707 0
      vertex -1.44447 8.83817 3
      vertex -1.22562 8.707 3
    endloop
  endfacet
  facet normal 0.514092 0.857735 0
    outer loop
      vertex -1.44447 8.83817 3
      vertex -1.22562 8.707 0
      vertex -1.44447 8.83817 0
    endloop
  endfacet
  facet normal 0.427582 0.903977 -0
    outer loop
      vertex -0.994965 8.5979 0
      vertex -1.22562 8.707 3
      vertex -0.994965 8.5979 3
    endloop
  endfacet
  facet normal 0.427582 0.903977 0
    outer loop
      vertex -1.22562 8.707 3
      vertex -0.994965 8.5979 0
      vertex -1.22562 8.707 0
    endloop
  endfacet
  facet normal 0.336864 0.941553 -0
    outer loop
      vertex -0.75473 8.51195 0
      vertex -0.994965 8.5979 3
      vertex -0.75473 8.51195 3
    endloop
  endfacet
  facet normal 0.336864 0.941553 0
    outer loop
      vertex -0.994965 8.5979 3
      vertex -0.75473 8.51195 0
      vertex -0.994965 8.5979 0
    endloop
  endfacet
  facet normal 0.242999 0.970026 -0
    outer loop
      vertex -0.507233 8.44995 0
      vertex -0.75473 8.51195 3
      vertex -0.507233 8.44995 3
    endloop
  endfacet
  facet normal 0.242999 0.970026 0
    outer loop
      vertex -0.75473 8.51195 3
      vertex -0.507233 8.44995 0
      vertex -0.75473 8.51195 0
    endloop
  endfacet
  facet normal 0.146733 0.989176 -0
    outer loop
      vertex -0.254837 8.41251 0
      vertex -0.507233 8.44995 3
      vertex -0.254837 8.41251 3
    endloop
  endfacet
  facet normal 0.146733 0.989176 0
    outer loop
      vertex -0.507233 8.44995 3
      vertex -0.254837 8.41251 0
      vertex -0.507233 8.44995 0
    endloop
  endfacet
  facet normal 0.0490703 0.998795 -0
    outer loop
      vertex 0 8.39999 0
      vertex -0.254837 8.41251 3
      vertex 0 8.39999 3
    endloop
  endfacet
  facet normal 0.0490703 0.998795 0
    outer loop
      vertex -0.254837 8.41251 3
      vertex 0 8.39999 0
      vertex -0.254837 8.41251 0
    endloop
  endfacet
  facet normal -0.0490703 0.998795 0
    outer loop
      vertex 0.254837 8.41251 0
      vertex 0 8.39999 3
      vertex 0.254837 8.41251 3
    endloop
  endfacet
  facet normal -0.0490703 0.998795 0
    outer loop
      vertex 0 8.39999 3
      vertex 0.254837 8.41251 0
      vertex 0 8.39999 0
    endloop
  endfacet
  facet normal -0.146651 0.989188 0
    outer loop
      vertex -10.2756 9.37209 0
      vertex -10.3873 9.35553 3
      vertex -10.2756 9.37209 3
    endloop
  endfacet
  facet normal -0.146651 0.989188 0
    outer loop
      vertex -10.3873 9.35553 3
      vertex -10.2756 9.37209 0
      vertex -10.3873 9.35553 0
    endloop
  endfacet
  facet normal -0.24312 0.969996 0
    outer loop
      vertex -10.1662 9.39951 0
      vertex -10.2756 9.37209 3
      vertex -10.1662 9.39951 3
    endloop
  endfacet
  facet normal -0.24312 0.969996 0
    outer loop
      vertex -10.2756 9.37209 3
      vertex -10.1662 9.39951 0
      vertex -10.2756 9.37209 0
    endloop
  endfacet
  facet normal -0.336774 0.941585 0
    outer loop
      vertex -10.0599 9.43753 0
      vertex -10.1662 9.39951 3
      vertex -10.0599 9.43753 3
    endloop
  endfacet
  facet normal -0.336774 0.941585 0
    outer loop
      vertex -10.1662 9.39951 3
      vertex -10.0599 9.43753 0
      vertex -10.1662 9.39951 0
    endloop
  endfacet
  facet normal -0.427576 0.903979 0
    outer loop
      vertex -9.95789 9.48578 0
      vertex -10.0599 9.43753 3
      vertex -9.95789 9.48578 3
    endloop
  endfacet
  facet normal -0.427576 0.903979 0
    outer loop
      vertex -10.0599 9.43753 3
      vertex -9.95789 9.48578 0
      vertex -10.0599 9.43753 0
    endloop
  endfacet
  facet normal -0.514131 0.857712 0
    outer loop
      vertex -9.86108 9.54381 0
      vertex -9.95789 9.48578 3
      vertex -9.86108 9.54381 3
    endloop
  endfacet
  facet normal -0.514131 0.857712 0
    outer loop
      vertex -9.95789 9.48578 3
      vertex -9.86108 9.54381 0
      vertex -9.95789 9.48578 0
    endloop
  endfacet
  facet normal -0.595666 0.803232 0
    outer loop
      vertex -9.77045 9.61102 0
      vertex -9.86108 9.54381 3
      vertex -9.77045 9.61102 3
    endloop
  endfacet
  facet normal -0.595666 0.803232 0
    outer loop
      vertex -9.86108 9.54381 3
      vertex -9.77045 9.61102 0
      vertex -9.86108 9.54381 0
    endloop
  endfacet
  facet normal -0.671477 0.741026 0
    outer loop
      vertex -9.68681 9.68681 0
      vertex -9.77045 9.61102 3
      vertex -9.68681 9.68681 3
    endloop
  endfacet
  facet normal -0.671477 0.741026 0
    outer loop
      vertex -9.77045 9.61102 3
      vertex -9.68681 9.68681 0
      vertex -9.77045 9.61102 0
    endloop
  endfacet
  facet normal -0.741026 0.671477 0
    outer loop
      vertex -9.68681 9.68681 0
      vertex -9.61102 9.77045 3
      vertex -9.61102 9.77045 0
    endloop
  endfacet
  facet normal -0.741026 0.671477 0
    outer loop
      vertex -9.61102 9.77045 3
      vertex -9.68681 9.68681 0
      vertex -9.68681 9.68681 3
    endloop
  endfacet
  facet normal -0.803232 0.595666 0
    outer loop
      vertex -9.61102 9.77045 0
      vertex -9.54381 9.86108 3
      vertex -9.54381 9.86108 0
    endloop
  endfacet
  facet normal -0.803232 0.595666 0
    outer loop
      vertex -9.54381 9.86108 3
      vertex -9.61102 9.77045 0
      vertex -9.61102 9.77045 3
    endloop
  endfacet
  facet normal -0.857712 0.514131 0
    outer loop
      vertex -9.54381 9.86108 0
      vertex -9.48578 9.95789 3
      vertex -9.48578 9.95789 0
    endloop
  endfacet
  facet normal -0.857712 0.514131 0
    outer loop
      vertex -9.48578 9.95789 3
      vertex -9.54381 9.86108 0
      vertex -9.54381 9.86108 3
    endloop
  endfacet
  facet normal -0.903979 0.427576 0
    outer loop
      vertex -9.48578 9.95789 0
      vertex -9.43753 10.0599 3
      vertex -9.43753 10.0599 0
    endloop
  endfacet
  facet normal -0.903979 0.427576 0
    outer loop
      vertex -9.43753 10.0599 3
      vertex -9.48578 9.95789 0
      vertex -9.48578 9.95789 3
    endloop
  endfacet
  facet normal -0.941585 0.336774 0
    outer loop
      vertex -9.43753 10.0599 0
      vertex -9.39951 10.1662 3
      vertex -9.39951 10.1662 0
    endloop
  endfacet
  facet normal -0.941585 0.336774 0
    outer loop
      vertex -9.39951 10.1662 3
      vertex -9.43753 10.0599 0
      vertex -9.43753 10.0599 3
    endloop
  endfacet
  facet normal -0.969996 0.24312 0
    outer loop
      vertex -9.39951 10.1662 0
      vertex -9.37209 10.2756 3
      vertex -9.37209 10.2756 0
    endloop
  endfacet
  facet normal -0.969996 0.24312 0
    outer loop
      vertex -9.37209 10.2756 3
      vertex -9.39951 10.1662 0
      vertex -9.39951 10.1662 3
    endloop
  endfacet
  facet normal -0.989188 0.146651 0
    outer loop
      vertex -9.37209 10.2756 0
      vertex -9.35553 10.3873 3
      vertex -9.35553 10.3873 0
    endloop
  endfacet
  facet normal -0.989188 0.146651 0
    outer loop
      vertex -9.35553 10.3873 3
      vertex -9.37209 10.2756 0
      vertex -9.37209 10.2756 3
    endloop
  endfacet
  facet normal -0.998794 0.0490978 0
    outer loop
      vertex -9.35553 10.3873 0
      vertex -9.34999 10.5 3
      vertex -9.34999 10.5 0
    endloop
  endfacet
  facet normal -0.998794 0.0490978 0
    outer loop
      vertex -9.34999 10.5 3
      vertex -9.35553 10.3873 0
      vertex -9.35553 10.3873 3
    endloop
  endfacet
  facet normal -0.998794 -0.0490978 0
    outer loop
      vertex -9.34999 10.5 0
      vertex -9.35553 10.6127 3
      vertex -9.35553 10.6127 0
    endloop
  endfacet
  facet normal -0.998794 -0.0490978 0
    outer loop
      vertex -9.35553 10.6127 3
      vertex -9.34999 10.5 0
      vertex -9.34999 10.5 3
    endloop
  endfacet
  facet normal -0.989169 -0.14678 0
    outer loop
      vertex -9.35553 10.6127 0
      vertex -9.37209 10.7243 3
      vertex -9.37209 10.7243 0
    endloop
  endfacet
  facet normal -0.989169 -0.14678 0
    outer loop
      vertex -9.37209 10.7243 3
      vertex -9.35553 10.6127 0
      vertex -9.35553 10.6127 3
    endloop
  endfacet
  facet normal -0.970049 -0.242911 0
    outer loop
      vertex -9.37209 10.7243 0
      vertex -9.39951 10.8338 3
      vertex -9.39951 10.8338 0
    endloop
  endfacet
  facet normal -0.970049 -0.242911 0
    outer loop
      vertex -9.39951 10.8338 3
      vertex -9.37209 10.7243 0
      vertex -9.37209 10.7243 3
    endloop
  endfacet
  facet normal -0.941585 -0.336774 0
    outer loop
      vertex -9.39951 10.8338 0
      vertex -9.43753 10.9401 3
      vertex -9.43753 10.9401 0
    endloop
  endfacet
  facet normal -0.941585 -0.336774 0
    outer loop
      vertex -9.43753 10.9401 3
      vertex -9.39951 10.8338 0
      vertex -9.39951 10.8338 3
    endloop
  endfacet
  facet normal -0.903963 -0.42761 0
    outer loop
      vertex -9.43753 10.9401 0
      vertex -9.48578 11.0421 3
      vertex -9.48578 11.0421 0
    endloop
  endfacet
  facet normal -0.903963 -0.42761 0
    outer loop
      vertex -9.48578 11.0421 3
      vertex -9.43753 10.9401 0
      vertex -9.43753 10.9401 3
    endloop
  endfacet
  facet normal -0.857688 -0.51417 0
    outer loop
      vertex -9.48578 11.0421 0
      vertex -9.54381 11.1389 3
      vertex -9.54381 11.1389 0
    endloop
  endfacet
  facet normal -0.857688 -0.51417 0
    outer loop
      vertex -9.54381 11.1389 3
      vertex -9.48578 11.0421 0
      vertex -9.48578 11.0421 3
    endloop
  endfacet
  facet normal -0.803138 -0.595793 0
    outer loop
      vertex -9.54381 11.1389 0
      vertex -9.61102 11.2295 3
      vertex -9.61102 11.2295 0
    endloop
  endfacet
  facet normal -0.803138 -0.595793 0
    outer loop
      vertex -9.61102 11.2295 3
      vertex -9.54381 11.1389 0
      vertex -9.54381 11.1389 3
    endloop
  endfacet
  facet normal -0.741265 -0.671212 0
    outer loop
      vertex -9.61102 11.2295 0
      vertex -9.68681 11.3132 3
      vertex -9.68681 11.3132 0
    endloop
  endfacet
  facet normal -0.741265 -0.671212 0
    outer loop
      vertex -9.68681 11.3132 3
      vertex -9.61102 11.2295 0
      vertex -9.61102 11.2295 3
    endloop
  endfacet
  facet normal -0.671526 -0.740981 0
    outer loop
      vertex -9.77045 11.389 0
      vertex -9.68681 11.3132 3
      vertex -9.77045 11.389 3
    endloop
  endfacet
  facet normal -0.671526 -0.740981 -0
    outer loop
      vertex -9.68681 11.3132 3
      vertex -9.77045 11.389 0
      vertex -9.68681 11.3132 0
    endloop
  endfacet
  facet normal -0.595609 -0.803274 0
    outer loop
      vertex -9.86108 11.4562 0
      vertex -9.77045 11.389 3
      vertex -9.86108 11.4562 3
    endloop
  endfacet
  facet normal -0.595609 -0.803274 -0
    outer loop
      vertex -9.77045 11.389 3
      vertex -9.86108 11.4562 0
      vertex -9.77045 11.389 0
    endloop
  endfacet
  facet normal -0.513935 -0.857829 0
    outer loop
      vertex -9.95789 11.5142 0
      vertex -9.86108 11.4562 3
      vertex -9.95789 11.5142 3
    endloop
  endfacet
  facet normal -0.513935 -0.857829 -0
    outer loop
      vertex -9.86108 11.4562 3
      vertex -9.95789 11.5142 0
      vertex -9.86108 11.4562 0
    endloop
  endfacet
  facet normal -0.427938 -0.903808 0
    outer loop
      vertex -10.0599 11.5625 0
      vertex -9.95789 11.5142 3
      vertex -10.0599 11.5625 3
    endloop
  endfacet
  facet normal -0.427938 -0.903808 -0
    outer loop
      vertex -9.95789 11.5142 3
      vertex -10.0599 11.5625 0
      vertex -9.95789 11.5142 0
    endloop
  endfacet
  facet normal -0.336617 -0.941642 0
    outer loop
      vertex -10.1662 11.6005 0
      vertex -10.0599 11.5625 3
      vertex -10.1662 11.6005 3
    endloop
  endfacet
  facet normal -0.336617 -0.941642 -0
    outer loop
      vertex -10.0599 11.5625 3
      vertex -10.1662 11.6005 0
      vertex -10.0599 11.5625 0
    endloop
  endfacet
  facet normal -0.242953 -0.970038 0
    outer loop
      vertex -10.2756 11.6279 0
      vertex -10.1662 11.6005 3
      vertex -10.2756 11.6279 3
    endloop
  endfacet
  facet normal -0.242953 -0.970038 -0
    outer loop
      vertex -10.1662 11.6005 3
      vertex -10.2756 11.6279 0
      vertex -10.1662 11.6005 0
    endloop
  endfacet
  facet normal -0.146998 -0.989137 0
    outer loop
      vertex -10.3873 11.6445 0
      vertex -10.2756 11.6279 3
      vertex -10.3873 11.6445 3
    endloop
  endfacet
  facet normal -0.146998 -0.989137 -0
    outer loop
      vertex -10.2756 11.6279 3
      vertex -10.3873 11.6445 0
      vertex -10.2756 11.6279 0
    endloop
  endfacet
  facet normal -0.0487441 -0.998811 0
    outer loop
      vertex -10.5 11.65 0
      vertex -10.3873 11.6445 3
      vertex -10.5 11.65 3
    endloop
  endfacet
  facet normal -0.0487441 -0.998811 -0
    outer loop
      vertex -10.3873 11.6445 3
      vertex -10.5 11.65 0
      vertex -10.3873 11.6445 0
    endloop
  endfacet
  facet normal 0.0487441 -0.998811 0
    outer loop
      vertex -10.6127 11.6445 0
      vertex -10.5 11.65 3
      vertex -10.6127 11.6445 3
    endloop
  endfacet
  facet normal 0.0487441 -0.998811 0
    outer loop
      vertex -10.5 11.65 3
      vertex -10.6127 11.6445 0
      vertex -10.5 11.65 0
    endloop
  endfacet
  facet normal 0.147127 -0.989118 0
    outer loop
      vertex -10.7243 11.6279 0
      vertex -10.6127 11.6445 3
      vertex -10.7243 11.6279 3
    endloop
  endfacet
  facet normal 0.147127 -0.989118 0
    outer loop
      vertex -10.6127 11.6445 3
      vertex -10.7243 11.6279 0
      vertex -10.6127 11.6445 0
    endloop
  endfacet
  facet normal 0.242744 -0.97009 0
    outer loop
      vertex -10.8338 11.6005 0
      vertex -10.7243 11.6279 3
      vertex -10.8338 11.6005 3
    endloop
  endfacet
  facet normal 0.242744 -0.97009 0
    outer loop
      vertex -10.7243 11.6279 3
      vertex -10.8338 11.6005 0
      vertex -10.7243 11.6279 0
    endloop
  endfacet
  facet normal 0.336617 -0.941642 0
    outer loop
      vertex -10.9401 11.5625 0
      vertex -10.8338 11.6005 3
      vertex -10.9401 11.5625 3
    endloop
  endfacet
  facet normal 0.336617 -0.941642 0
    outer loop
      vertex -10.8338 11.6005 3
      vertex -10.9401 11.5625 0
      vertex -10.8338 11.6005 0
    endloop
  endfacet
  facet normal 0.427972 -0.903792 0
    outer loop
      vertex -11.0421 11.5142 0
      vertex -10.9401 11.5625 3
      vertex -11.0421 11.5142 3
    endloop
  endfacet
  facet normal 0.427972 -0.903792 0
    outer loop
      vertex -10.9401 11.5625 3
      vertex -11.0421 11.5142 0
      vertex -10.9401 11.5625 0
    endloop
  endfacet
  facet normal 0.513974 -0.857806 0
    outer loop
      vertex -11.1389 11.4562 0
      vertex -11.0421 11.5142 3
      vertex -11.1389 11.4562 3
    endloop
  endfacet
  facet normal 0.513974 -0.857806 0
    outer loop
      vertex -11.0421 11.5142 3
      vertex -11.1389 11.4562 0
      vertex -11.0421 11.5142 0
    endloop
  endfacet
  facet normal 0.595736 -0.80318 0
    outer loop
      vertex -11.2295 11.389 0
      vertex -11.1389 11.4562 3
      vertex -11.2295 11.389 3
    endloop
  endfacet
  facet normal 0.595736 -0.80318 0
    outer loop
      vertex -11.1389 11.4562 3
      vertex -11.2295 11.389 0
      vertex -11.1389 11.4562 0
    endloop
  endfacet
  facet normal 0.671261 -0.741221 0
    outer loop
      vertex -11.3132 11.3132 0
      vertex -11.2295 11.389 3
      vertex -11.3132 11.3132 3
    endloop
  endfacet
  facet normal 0.671261 -0.741221 0
    outer loop
      vertex -11.2295 11.389 3
      vertex -11.3132 11.3132 0
      vertex -11.2295 11.389 0
    endloop
  endfacet
  facet normal 0.741221 -0.671261 0
    outer loop
      vertex -11.389 11.2295 3
      vertex -11.3132 11.3132 0
      vertex -11.3132 11.3132 3
    endloop
  endfacet
  facet normal 0.741221 -0.671261 0
    outer loop
      vertex -11.3132 11.3132 0
      vertex -11.389 11.2295 3
      vertex -11.389 11.2295 0
    endloop
  endfacet
  facet normal 0.80318 -0.595736 0
    outer loop
      vertex -11.4562 11.1389 3
      vertex -11.389 11.2295 0
      vertex -11.389 11.2295 3
    endloop
  endfacet
  facet normal 0.80318 -0.595736 0
    outer loop
      vertex -11.389 11.2295 0
      vertex -11.4562 11.1389 3
      vertex -11.4562 11.1389 0
    endloop
  endfacet
  facet normal 0.857806 -0.513974 0
    outer loop
      vertex -11.5142 11.0421 3
      vertex -11.4562 11.1389 0
      vertex -11.4562 11.1389 3
    endloop
  endfacet
  facet normal 0.857806 -0.513974 0
    outer loop
      vertex -11.4562 11.1389 0
      vertex -11.5142 11.0421 3
      vertex -11.5142 11.0421 0
    endloop
  endfacet
  facet normal 0.903792 -0.427972 0
    outer loop
      vertex -11.5625 10.9401 3
      vertex -11.5142 11.0421 0
      vertex -11.5142 11.0421 3
    endloop
  endfacet
  facet normal 0.903792 -0.427972 0
    outer loop
      vertex -11.5142 11.0421 0
      vertex -11.5625 10.9401 3
      vertex -11.5625 10.9401 0
    endloop
  endfacet
  facet normal 0.941642 -0.336617 0
    outer loop
      vertex -11.6005 10.8338 3
      vertex -11.5625 10.9401 0
      vertex -11.5625 10.9401 3
    endloop
  endfacet
  facet normal 0.941642 -0.336617 0
    outer loop
      vertex -11.5625 10.9401 0
      vertex -11.6005 10.8338 3
      vertex -11.6005 10.8338 0
    endloop
  endfacet
  facet normal 0.97009 -0.242744 0
    outer loop
      vertex -11.6279 10.7243 3
      vertex -11.6005 10.8338 0
      vertex -11.6005 10.8338 3
    endloop
  endfacet
  facet normal 0.97009 -0.242744 0
    outer loop
      vertex -11.6005 10.8338 0
      vertex -11.6279 10.7243 3
      vertex -11.6279 10.7243 0
    endloop
  endfacet
  facet normal 0.989118 -0.147127 0
    outer loop
      vertex -11.6445 10.6127 3
      vertex -11.6279 10.7243 0
      vertex -11.6279 10.7243 3
    endloop
  endfacet
  facet normal 0.989118 -0.147127 0
    outer loop
      vertex -11.6279 10.7243 0
      vertex -11.6445 10.6127 3
      vertex -11.6445 10.6127 0
    endloop
  endfacet
  facet normal 0.998811 -0.0487441 0
    outer loop
      vertex -11.65 10.5 3
      vertex -11.6445 10.6127 0
      vertex -11.6445 10.6127 3
    endloop
  endfacet
  facet normal 0.998811 -0.0487441 0
    outer loop
      vertex -11.6445 10.6127 0
      vertex -11.65 10.5 3
      vertex -11.65 10.5 0
    endloop
  endfacet
  facet normal 0.998811 0.0487441 0
    outer loop
      vertex -11.6445 10.3873 3
      vertex -11.65 10.5 0
      vertex -11.65 10.5 3
    endloop
  endfacet
  facet normal 0.998811 0.0487441 0
    outer loop
      vertex -11.65 10.5 0
      vertex -11.6445 10.3873 3
      vertex -11.6445 10.3873 0
    endloop
  endfacet
  facet normal 0.989137 0.146998 0
    outer loop
      vertex -11.6279 10.2756 3
      vertex -11.6445 10.3873 0
      vertex -11.6445 10.3873 3
    endloop
  endfacet
  facet normal 0.989137 0.146998 0
    outer loop
      vertex -11.6445 10.3873 0
      vertex -11.6279 10.2756 3
      vertex -11.6279 10.2756 0
    endloop
  endfacet
  facet normal 0.970038 0.242953 0
    outer loop
      vertex -11.6005 10.1662 3
      vertex -11.6279 10.2756 0
      vertex -11.6279 10.2756 3
    endloop
  endfacet
  facet normal 0.970038 0.242953 0
    outer loop
      vertex -11.6279 10.2756 0
      vertex -11.6005 10.1662 3
      vertex -11.6005 10.1662 0
    endloop
  endfacet
  facet normal 0.941642 0.336617 0
    outer loop
      vertex -11.5625 10.0599 3
      vertex -11.6005 10.1662 0
      vertex -11.6005 10.1662 3
    endloop
  endfacet
  facet normal 0.941642 0.336617 0
    outer loop
      vertex -11.6005 10.1662 0
      vertex -11.5625 10.0599 3
      vertex -11.5625 10.0599 0
    endloop
  endfacet
  facet normal 0.903808 0.427938 0
    outer loop
      vertex -11.5142 9.95789 3
      vertex -11.5625 10.0599 0
      vertex -11.5625 10.0599 3
    endloop
  endfacet
  facet normal 0.903808 0.427938 0
    outer loop
      vertex -11.5625 10.0599 0
      vertex -11.5142 9.95789 3
      vertex -11.5142 9.95789 0
    endloop
  endfacet
  facet normal 0.857829 0.513935 0
    outer loop
      vertex -11.4562 9.86108 3
      vertex -11.5142 9.95789 0
      vertex -11.5142 9.95789 3
    endloop
  endfacet
  facet normal 0.857829 0.513935 0
    outer loop
      vertex -11.5142 9.95789 0
      vertex -11.4562 9.86108 3
      vertex -11.4562 9.86108 0
    endloop
  endfacet
  facet normal 0.803274 0.595609 0
    outer loop
      vertex -11.389 9.77045 3
      vertex -11.4562 9.86108 0
      vertex -11.4562 9.86108 3
    endloop
  endfacet
  facet normal 0.803274 0.595609 0
    outer loop
      vertex -11.4562 9.86108 0
      vertex -11.389 9.77045 3
      vertex -11.389 9.77045 0
    endloop
  endfacet
  facet normal 0.740981 0.671526 0
    outer loop
      vertex -11.3132 9.68681 3
      vertex -11.389 9.77045 0
      vertex -11.389 9.77045 3
    endloop
  endfacet
  facet normal 0.740981 0.671526 0
    outer loop
      vertex -11.389 9.77045 0
      vertex -11.3132 9.68681 3
      vertex -11.3132 9.68681 0
    endloop
  endfacet
  facet normal 0.671212 0.741265 -0
    outer loop
      vertex -11.2295 9.61102 0
      vertex -11.3132 9.68681 3
      vertex -11.2295 9.61102 3
    endloop
  endfacet
  facet normal 0.671212 0.741265 0
    outer loop
      vertex -11.3132 9.68681 3
      vertex -11.2295 9.61102 0
      vertex -11.3132 9.68681 0
    endloop
  endfacet
  facet normal 0.595793 0.803138 -0
    outer loop
      vertex -11.1389 9.54381 0
      vertex -11.2295 9.61102 3
      vertex -11.1389 9.54381 3
    endloop
  endfacet
  facet normal 0.595793 0.803138 0
    outer loop
      vertex -11.2295 9.61102 3
      vertex -11.1389 9.54381 0
      vertex -11.2295 9.61102 0
    endloop
  endfacet
  facet normal 0.51417 0.857688 -0
    outer loop
      vertex -11.0421 9.48578 0
      vertex -11.1389 9.54381 3
      vertex -11.0421 9.48578 3
    endloop
  endfacet
  facet normal 0.51417 0.857688 0
    outer loop
      vertex -11.1389 9.54381 3
      vertex -11.0421 9.48578 0
      vertex -11.1389 9.54381 0
    endloop
  endfacet
  facet normal 0.42761 0.903963 -0
    outer loop
      vertex -10.9401 9.43753 0
      vertex -11.0421 9.48578 3
      vertex -10.9401 9.43753 3
    endloop
  endfacet
  facet normal 0.42761 0.903963 0
    outer loop
      vertex -11.0421 9.48578 3
      vertex -10.9401 9.43753 0
      vertex -11.0421 9.48578 0
    endloop
  endfacet
  facet normal 0.336774 0.941585 -0
    outer loop
      vertex -10.8338 9.39951 0
      vertex -10.9401 9.43753 3
      vertex -10.8338 9.39951 3
    endloop
  endfacet
  facet normal 0.336774 0.941585 0
    outer loop
      vertex -10.9401 9.43753 3
      vertex -10.8338 9.39951 0
      vertex -10.9401 9.43753 0
    endloop
  endfacet
  facet normal 0.242911 0.970049 -0
    outer loop
      vertex -10.7243 9.37209 0
      vertex -10.8338 9.39951 3
      vertex -10.7243 9.37209 3
    endloop
  endfacet
  facet normal 0.242911 0.970049 0
    outer loop
      vertex -10.8338 9.39951 3
      vertex -10.7243 9.37209 0
      vertex -10.8338 9.39951 0
    endloop
  endfacet
  facet normal 0.14678 0.989169 -0
    outer loop
      vertex -10.6127 9.35553 0
      vertex -10.7243 9.37209 3
      vertex -10.6127 9.35553 3
    endloop
  endfacet
  facet normal 0.14678 0.989169 0
    outer loop
      vertex -10.7243 9.37209 3
      vertex -10.6127 9.35553 0
      vertex -10.7243 9.37209 0
    endloop
  endfacet
  facet normal 0.0490978 0.998794 -0
    outer loop
      vertex -10.5 9.34999 0
      vertex -10.6127 9.35553 3
      vertex -10.5 9.34999 3
    endloop
  endfacet
  facet normal 0.0490978 0.998794 0
    outer loop
      vertex -10.6127 9.35553 3
      vertex -10.5 9.34999 0
      vertex -10.6127 9.35553 0
    endloop
  endfacet
  facet normal -0.0490978 0.998794 0
    outer loop
      vertex -10.3873 9.35553 0
      vertex -10.5 9.34999 3
      vertex -10.3873 9.35553 3
    endloop
  endfacet
  facet normal -0.0490978 0.998794 0
    outer loop
      vertex -10.5 9.34999 3
      vertex -10.3873 9.35553 0
      vertex -10.5 9.34999 0
    endloop
  endfacet
  facet normal -0.14678 0.989169 0
    outer loop
      vertex 10.7243 9.37209 0
      vertex 10.6127 9.35553 3
      vertex 10.7243 9.37209 3
    endloop
  endfacet
  facet normal -0.14678 0.989169 0
    outer loop
      vertex 10.6127 9.35553 3
      vertex 10.7243 9.37209 0
      vertex 10.6127 9.35553 0
    endloop
  endfacet
  facet normal -0.242911 0.970049 0
    outer loop
      vertex 10.8338 9.39951 0
      vertex 10.7243 9.37209 3
      vertex 10.8338 9.39951 3
    endloop
  endfacet
  facet normal -0.242911 0.970049 0
    outer loop
      vertex 10.7243 9.37209 3
      vertex 10.8338 9.39951 0
      vertex 10.7243 9.37209 0
    endloop
  endfacet
  facet normal -0.336774 0.941585 0
    outer loop
      vertex 10.9401 9.43753 0
      vertex 10.8338 9.39951 3
      vertex 10.9401 9.43753 3
    endloop
  endfacet
  facet normal -0.336774 0.941585 0
    outer loop
      vertex 10.8338 9.39951 3
      vertex 10.9401 9.43753 0
      vertex 10.8338 9.39951 0
    endloop
  endfacet
  facet normal -0.42761 0.903963 0
    outer loop
      vertex 11.0421 9.48578 0
      vertex 10.9401 9.43753 3
      vertex 11.0421 9.48578 3
    endloop
  endfacet
  facet normal -0.42761 0.903963 0
    outer loop
      vertex 10.9401 9.43753 3
      vertex 11.0421 9.48578 0
      vertex 10.9401 9.43753 0
    endloop
  endfacet
  facet normal -0.51417 0.857688 0
    outer loop
      vertex 11.1389 9.54381 0
      vertex 11.0421 9.48578 3
      vertex 11.1389 9.54381 3
    endloop
  endfacet
  facet normal -0.51417 0.857688 0
    outer loop
      vertex 11.0421 9.48578 3
      vertex 11.1389 9.54381 0
      vertex 11.0421 9.48578 0
    endloop
  endfacet
  facet normal -0.595793 0.803138 0
    outer loop
      vertex 11.2295 9.61102 0
      vertex 11.1389 9.54381 3
      vertex 11.2295 9.61102 3
    endloop
  endfacet
  facet normal -0.595793 0.803138 0
    outer loop
      vertex 11.1389 9.54381 3
      vertex 11.2295 9.61102 0
      vertex 11.1389 9.54381 0
    endloop
  endfacet
  facet normal -0.671212 0.741265 0
    outer loop
      vertex 11.3132 9.68681 0
      vertex 11.2295 9.61102 3
      vertex 11.3132 9.68681 3
    endloop
  endfacet
  facet normal -0.671212 0.741265 0
    outer loop
      vertex 11.2295 9.61102 3
      vertex 11.3132 9.68681 0
      vertex 11.2295 9.61102 0
    endloop
  endfacet
  facet normal -0.740981 0.671526 0
    outer loop
      vertex 11.3132 9.68681 0
      vertex 11.389 9.77045 3
      vertex 11.389 9.77045 0
    endloop
  endfacet
  facet normal -0.740981 0.671526 0
    outer loop
      vertex 11.389 9.77045 3
      vertex 11.3132 9.68681 0
      vertex 11.3132 9.68681 3
    endloop
  endfacet
  facet normal -0.803274 0.595609 0
    outer loop
      vertex 11.389 9.77045 0
      vertex 11.4562 9.86108 3
      vertex 11.4562 9.86108 0
    endloop
  endfacet
  facet normal -0.803274 0.595609 0
    outer loop
      vertex 11.4562 9.86108 3
      vertex 11.389 9.77045 0
      vertex 11.389 9.77045 3
    endloop
  endfacet
  facet normal -0.857829 0.513935 0
    outer loop
      vertex 11.4562 9.86108 0
      vertex 11.5142 9.95789 3
      vertex 11.5142 9.95789 0
    endloop
  endfacet
  facet normal -0.857829 0.513935 0
    outer loop
      vertex 11.5142 9.95789 3
      vertex 11.4562 9.86108 0
      vertex 11.4562 9.86108 3
    endloop
  endfacet
  facet normal -0.903808 0.427938 0
    outer loop
      vertex 11.5142 9.95789 0
      vertex 11.5625 10.0599 3
      vertex 11.5625 10.0599 0
    endloop
  endfacet
  facet normal -0.903808 0.427938 0
    outer loop
      vertex 11.5625 10.0599 3
      vertex 11.5142 9.95789 0
      vertex 11.5142 9.95789 3
    endloop
  endfacet
  facet normal -0.941642 0.336617 0
    outer loop
      vertex 11.5625 10.0599 0
      vertex 11.6005 10.1662 3
      vertex 11.6005 10.1662 0
    endloop
  endfacet
  facet normal -0.941642 0.336617 0
    outer loop
      vertex 11.6005 10.1662 3
      vertex 11.5625 10.0599 0
      vertex 11.5625 10.0599 3
    endloop
  endfacet
  facet normal -0.970038 0.242953 0
    outer loop
      vertex 11.6005 10.1662 0
      vertex 11.6279 10.2756 3
      vertex 11.6279 10.2756 0
    endloop
  endfacet
  facet normal -0.970038 0.242953 0
    outer loop
      vertex 11.6279 10.2756 3
      vertex 11.6005 10.1662 0
      vertex 11.6005 10.1662 3
    endloop
  endfacet
  facet normal -0.989137 0.146998 0
    outer loop
      vertex 11.6279 10.2756 0
      vertex 11.6445 10.3873 3
      vertex 11.6445 10.3873 0
    endloop
  endfacet
  facet normal -0.989137 0.146998 0
    outer loop
      vertex 11.6445 10.3873 3
      vertex 11.6279 10.2756 0
      vertex 11.6279 10.2756 3
    endloop
  endfacet
  facet normal -0.998811 0.0487441 0
    outer loop
      vertex 11.6445 10.3873 0
      vertex 11.65 10.5 3
      vertex 11.65 10.5 0
    endloop
  endfacet
  facet normal -0.998811 0.0487441 0
    outer loop
      vertex 11.65 10.5 3
      vertex 11.6445 10.3873 0
      vertex 11.6445 10.3873 3
    endloop
  endfacet
  facet normal -0.998811 -0.0487441 0
    outer loop
      vertex 11.65 10.5 0
      vertex 11.6445 10.6127 3
      vertex 11.6445 10.6127 0
    endloop
  endfacet
  facet normal -0.998811 -0.0487441 0
    outer loop
      vertex 11.6445 10.6127 3
      vertex 11.65 10.5 0
      vertex 11.65 10.5 3
    endloop
  endfacet
  facet normal -0.989118 -0.147127 0
    outer loop
      vertex 11.6445 10.6127 0
      vertex 11.6279 10.7243 3
      vertex 11.6279 10.7243 0
    endloop
  endfacet
  facet normal -0.989118 -0.147127 0
    outer loop
      vertex 11.6279 10.7243 3
      vertex 11.6445 10.6127 0
      vertex 11.6445 10.6127 3
    endloop
  endfacet
  facet normal -0.97009 -0.242744 0
    outer loop
      vertex 11.6279 10.7243 0
      vertex 11.6005 10.8338 3
      vertex 11.6005 10.8338 0
    endloop
  endfacet
  facet normal -0.97009 -0.242744 0
    outer loop
      vertex 11.6005 10.8338 3
      vertex 11.6279 10.7243 0
      vertex 11.6279 10.7243 3
    endloop
  endfacet
  facet normal -0.941642 -0.336617 0
    outer loop
      vertex 11.6005 10.8338 0
      vertex 11.5625 10.9401 3
      vertex 11.5625 10.9401 0
    endloop
  endfacet
  facet normal -0.941642 -0.336617 0
    outer loop
      vertex 11.5625 10.9401 3
      vertex 11.6005 10.8338 0
      vertex 11.6005 10.8338 3
    endloop
  endfacet
  facet normal -0.903792 -0.427972 0
    outer loop
      vertex 11.5625 10.9401 0
      vertex 11.5142 11.0421 3
      vertex 11.5142 11.0421 0
    endloop
  endfacet
  facet normal -0.903792 -0.427972 0
    outer loop
      vertex 11.5142 11.0421 3
      vertex 11.5625 10.9401 0
      vertex 11.5625 10.9401 3
    endloop
  endfacet
  facet normal -0.857806 -0.513974 0
    outer loop
      vertex 11.5142 11.0421 0
      vertex 11.4562 11.1389 3
      vertex 11.4562 11.1389 0
    endloop
  endfacet
  facet normal -0.857806 -0.513974 0
    outer loop
      vertex 11.4562 11.1389 3
      vertex 11.5142 11.0421 0
      vertex 11.5142 11.0421 3
    endloop
  endfacet
  facet normal -0.80318 -0.595736 0
    outer loop
      vertex 11.4562 11.1389 0
      vertex 11.389 11.2295 3
      vertex 11.389 11.2295 0
    endloop
  endfacet
  facet normal -0.80318 -0.595736 0
    outer loop
      vertex 11.389 11.2295 3
      vertex 11.4562 11.1389 0
      vertex 11.4562 11.1389 3
    endloop
  endfacet
  facet normal -0.741221 -0.671261 0
    outer loop
      vertex 11.389 11.2295 0
      vertex 11.3132 11.3132 3
      vertex 11.3132 11.3132 0
    endloop
  endfacet
  facet normal -0.741221 -0.671261 0
    outer loop
      vertex 11.3132 11.3132 3
      vertex 11.389 11.2295 0
      vertex 11.389 11.2295 3
    endloop
  endfacet
  facet normal -0.671261 -0.741221 0
    outer loop
      vertex 11.2295 11.389 0
      vertex 11.3132 11.3132 3
      vertex 11.2295 11.389 3
    endloop
  endfacet
  facet normal -0.671261 -0.741221 -0
    outer loop
      vertex 11.3132 11.3132 3
      vertex 11.2295 11.389 0
      vertex 11.3132 11.3132 0
    endloop
  endfacet
  facet normal -0.595736 -0.80318 0
    outer loop
      vertex 11.1389 11.4562 0
      vertex 11.2295 11.389 3
      vertex 11.1389 11.4562 3
    endloop
  endfacet
  facet normal -0.595736 -0.80318 -0
    outer loop
      vertex 11.2295 11.389 3
      vertex 11.1389 11.4562 0
      vertex 11.2295 11.389 0
    endloop
  endfacet
  facet normal -0.513974 -0.857806 0
    outer loop
      vertex 11.0421 11.5142 0
      vertex 11.1389 11.4562 3
      vertex 11.0421 11.5142 3
    endloop
  endfacet
  facet normal -0.513974 -0.857806 -0
    outer loop
      vertex 11.1389 11.4562 3
      vertex 11.0421 11.5142 0
      vertex 11.1389 11.4562 0
    endloop
  endfacet
  facet normal -0.427972 -0.903792 0
    outer loop
      vertex 10.9401 11.5625 0
      vertex 11.0421 11.5142 3
      vertex 10.9401 11.5625 3
    endloop
  endfacet
  facet normal -0.427972 -0.903792 -0
    outer loop
      vertex 11.0421 11.5142 3
      vertex 10.9401 11.5625 0
      vertex 11.0421 11.5142 0
    endloop
  endfacet
  facet normal -0.336617 -0.941642 0
    outer loop
      vertex 10.8338 11.6005 0
      vertex 10.9401 11.5625 3
      vertex 10.8338 11.6005 3
    endloop
  endfacet
  facet normal -0.336617 -0.941642 -0
    outer loop
      vertex 10.9401 11.5625 3
      vertex 10.8338 11.6005 0
      vertex 10.9401 11.5625 0
    endloop
  endfacet
  facet normal -0.242744 -0.97009 0
    outer loop
      vertex 10.7243 11.6279 0
      vertex 10.8338 11.6005 3
      vertex 10.7243 11.6279 3
    endloop
  endfacet
  facet normal -0.242744 -0.97009 -0
    outer loop
      vertex 10.8338 11.6005 3
      vertex 10.7243 11.6279 0
      vertex 10.8338 11.6005 0
    endloop
  endfacet
  facet normal -0.147127 -0.989118 0
    outer loop
      vertex 10.6127 11.6445 0
      vertex 10.7243 11.6279 3
      vertex 10.6127 11.6445 3
    endloop
  endfacet
  facet normal -0.147127 -0.989118 -0
    outer loop
      vertex 10.7243 11.6279 3
      vertex 10.6127 11.6445 0
      vertex 10.7243 11.6279 0
    endloop
  endfacet
  facet normal -0.0487441 -0.998811 0
    outer loop
      vertex 10.5 11.65 0
      vertex 10.6127 11.6445 3
      vertex 10.5 11.65 3
    endloop
  endfacet
  facet normal -0.0487441 -0.998811 -0
    outer loop
      vertex 10.6127 11.6445 3
      vertex 10.5 11.65 0
      vertex 10.6127 11.6445 0
    endloop
  endfacet
  facet normal 0.0487441 -0.998811 0
    outer loop
      vertex 10.3873 11.6445 0
      vertex 10.5 11.65 3
      vertex 10.3873 11.6445 3
    endloop
  endfacet
  facet normal 0.0487441 -0.998811 0
    outer loop
      vertex 10.5 11.65 3
      vertex 10.3873 11.6445 0
      vertex 10.5 11.65 0
    endloop
  endfacet
  facet normal 0.146998 -0.989137 0
    outer loop
      vertex 10.2756 11.6279 0
      vertex 10.3873 11.6445 3
      vertex 10.2756 11.6279 3
    endloop
  endfacet
  facet normal 0.146998 -0.989137 0
    outer loop
      vertex 10.3873 11.6445 3
      vertex 10.2756 11.6279 0
      vertex 10.3873 11.6445 0
    endloop
  endfacet
  facet normal 0.242953 -0.970038 0
    outer loop
      vertex 10.1662 11.6005 0
      vertex 10.2756 11.6279 3
      vertex 10.1662 11.6005 3
    endloop
  endfacet
  facet normal 0.242953 -0.970038 0
    outer loop
      vertex 10.2756 11.6279 3
      vertex 10.1662 11.6005 0
      vertex 10.2756 11.6279 0
    endloop
  endfacet
  facet normal 0.336617 -0.941642 0
    outer loop
      vertex 10.0599 11.5625 0
      vertex 10.1662 11.6005 3
      vertex 10.0599 11.5625 3
    endloop
  endfacet
  facet normal 0.336617 -0.941642 0
    outer loop
      vertex 10.1662 11.6005 3
      vertex 10.0599 11.5625 0
      vertex 10.1662 11.6005 0
    endloop
  endfacet
  facet normal 0.427938 -0.903808 0
    outer loop
      vertex 9.95789 11.5142 0
      vertex 10.0599 11.5625 3
      vertex 9.95789 11.5142 3
    endloop
  endfacet
  facet normal 0.427938 -0.903808 0
    outer loop
      vertex 10.0599 11.5625 3
      vertex 9.95789 11.5142 0
      vertex 10.0599 11.5625 0
    endloop
  endfacet
  facet normal 0.513935 -0.857829 0
    outer loop
      vertex 9.86108 11.4562 0
      vertex 9.95789 11.5142 3
      vertex 9.86108 11.4562 3
    endloop
  endfacet
  facet normal 0.513935 -0.857829 0
    outer loop
      vertex 9.95789 11.5142 3
      vertex 9.86108 11.4562 0
      vertex 9.95789 11.5142 0
    endloop
  endfacet
  facet normal 0.595609 -0.803274 0
    outer loop
      vertex 9.77045 11.389 0
      vertex 9.86108 11.4562 3
      vertex 9.77045 11.389 3
    endloop
  endfacet
  facet normal 0.595609 -0.803274 0
    outer loop
      vertex 9.86108 11.4562 3
      vertex 9.77045 11.389 0
      vertex 9.86108 11.4562 0
    endloop
  endfacet
  facet normal 0.671526 -0.740981 0
    outer loop
      vertex 9.68681 11.3132 0
      vertex 9.77045 11.389 3
      vertex 9.68681 11.3132 3
    endloop
  endfacet
  facet normal 0.671526 -0.740981 0
    outer loop
      vertex 9.77045 11.389 3
      vertex 9.68681 11.3132 0
      vertex 9.77045 11.389 0
    endloop
  endfacet
  facet normal 0.741265 -0.671212 0
    outer loop
      vertex 9.61102 11.2295 3
      vertex 9.68681 11.3132 0
      vertex 9.68681 11.3132 3
    endloop
  endfacet
  facet normal 0.741265 -0.671212 0
    outer loop
      vertex 9.68681 11.3132 0
      vertex 9.61102 11.2295 3
      vertex 9.61102 11.2295 0
    endloop
  endfacet
  facet normal 0.803138 -0.595793 0
    outer loop
      vertex 9.54381 11.1389 3
      vertex 9.61102 11.2295 0
      vertex 9.61102 11.2295 3
    endloop
  endfacet
  facet normal 0.803138 -0.595793 0
    outer loop
      vertex 9.61102 11.2295 0
      vertex 9.54381 11.1389 3
      vertex 9.54381 11.1389 0
    endloop
  endfacet
  facet normal 0.857688 -0.51417 0
    outer loop
      vertex 9.48578 11.0421 3
      vertex 9.54381 11.1389 0
      vertex 9.54381 11.1389 3
    endloop
  endfacet
  facet normal 0.857688 -0.51417 0
    outer loop
      vertex 9.54381 11.1389 0
      vertex 9.48578 11.0421 3
      vertex 9.48578 11.0421 0
    endloop
  endfacet
  facet normal 0.903963 -0.42761 0
    outer loop
      vertex 9.43753 10.9401 3
      vertex 9.48578 11.0421 0
      vertex 9.48578 11.0421 3
    endloop
  endfacet
  facet normal 0.903963 -0.42761 0
    outer loop
      vertex 9.48578 11.0421 0
      vertex 9.43753 10.9401 3
      vertex 9.43753 10.9401 0
    endloop
  endfacet
  facet normal 0.941585 -0.336774 0
    outer loop
      vertex 9.39951 10.8338 3
      vertex 9.43753 10.9401 0
      vertex 9.43753 10.9401 3
    endloop
  endfacet
  facet normal 0.941585 -0.336774 0
    outer loop
      vertex 9.43753 10.9401 0
      vertex 9.39951 10.8338 3
      vertex 9.39951 10.8338 0
    endloop
  endfacet
  facet normal 0.970049 -0.242911 0
    outer loop
      vertex 9.37209 10.7243 3
      vertex 9.39951 10.8338 0
      vertex 9.39951 10.8338 3
    endloop
  endfacet
  facet normal 0.970049 -0.242911 0
    outer loop
      vertex 9.39951 10.8338 0
      vertex 9.37209 10.7243 3
      vertex 9.37209 10.7243 0
    endloop
  endfacet
  facet normal 0.989169 -0.14678 0
    outer loop
      vertex 9.35553 10.6127 3
      vertex 9.37209 10.7243 0
      vertex 9.37209 10.7243 3
    endloop
  endfacet
  facet normal 0.989169 -0.14678 0
    outer loop
      vertex 9.37209 10.7243 0
      vertex 9.35553 10.6127 3
      vertex 9.35553 10.6127 0
    endloop
  endfacet
  facet normal 0.998794 -0.0490978 0
    outer loop
      vertex 9.34999 10.5 3
      vertex 9.35553 10.6127 0
      vertex 9.35553 10.6127 3
    endloop
  endfacet
  facet normal 0.998794 -0.0490978 0
    outer loop
      vertex 9.35553 10.6127 0
      vertex 9.34999 10.5 3
      vertex 9.34999 10.5 0
    endloop
  endfacet
  facet normal 0.998794 0.0490978 0
    outer loop
      vertex 9.35553 10.3873 3
      vertex 9.34999 10.5 0
      vertex 9.34999 10.5 3
    endloop
  endfacet
  facet normal 0.998794 0.0490978 0
    outer loop
      vertex 9.34999 10.5 0
      vertex 9.35553 10.3873 3
      vertex 9.35553 10.3873 0
    endloop
  endfacet
  facet normal 0.989188 0.146651 0
    outer loop
      vertex 9.37209 10.2756 3
      vertex 9.35553 10.3873 0
      vertex 9.35553 10.3873 3
    endloop
  endfacet
  facet normal 0.989188 0.146651 0
    outer loop
      vertex 9.35553 10.3873 0
      vertex 9.37209 10.2756 3
      vertex 9.37209 10.2756 0
    endloop
  endfacet
  facet normal 0.969996 0.24312 0
    outer loop
      vertex 9.39951 10.1662 3
      vertex 9.37209 10.2756 0
      vertex 9.37209 10.2756 3
    endloop
  endfacet
  facet normal 0.969996 0.24312 0
    outer loop
      vertex 9.37209 10.2756 0
      vertex 9.39951 10.1662 3
      vertex 9.39951 10.1662 0
    endloop
  endfacet
  facet normal 0.941585 0.336774 0
    outer loop
      vertex 9.43753 10.0599 3
      vertex 9.39951 10.1662 0
      vertex 9.39951 10.1662 3
    endloop
  endfacet
  facet normal 0.941585 0.336774 0
    outer loop
      vertex 9.39951 10.1662 0
      vertex 9.43753 10.0599 3
      vertex 9.43753 10.0599 0
    endloop
  endfacet
  facet normal 0.903979 0.427576 0
    outer loop
      vertex 9.48578 9.95789 3
      vertex 9.43753 10.0599 0
      vertex 9.43753 10.0599 3
    endloop
  endfacet
  facet normal 0.903979 0.427576 0
    outer loop
      vertex 9.43753 10.0599 0
      vertex 9.48578 9.95789 3
      vertex 9.48578 9.95789 0
    endloop
  endfacet
  facet normal 0.857712 0.514131 0
    outer loop
      vertex 9.54381 9.86108 3
      vertex 9.48578 9.95789 0
      vertex 9.48578 9.95789 3
    endloop
  endfacet
  facet normal 0.857712 0.514131 0
    outer loop
      vertex 9.48578 9.95789 0
      vertex 9.54381 9.86108 3
      vertex 9.54381 9.86108 0
    endloop
  endfacet
  facet normal 0.803232 0.595666 0
    outer loop
      vertex 9.61102 9.77045 3
      vertex 9.54381 9.86108 0
      vertex 9.54381 9.86108 3
    endloop
  endfacet
  facet normal 0.803232 0.595666 0
    outer loop
      vertex 9.54381 9.86108 0
      vertex 9.61102 9.77045 3
      vertex 9.61102 9.77045 0
    endloop
  endfacet
  facet normal 0.741026 0.671477 0
    outer loop
      vertex 9.68681 9.68681 3
      vertex 9.61102 9.77045 0
      vertex 9.61102 9.77045 3
    endloop
  endfacet
  facet normal 0.741026 0.671477 0
    outer loop
      vertex 9.61102 9.77045 0
      vertex 9.68681 9.68681 3
      vertex 9.68681 9.68681 0
    endloop
  endfacet
  facet normal 0.671477 0.741026 -0
    outer loop
      vertex 9.77045 9.61102 0
      vertex 9.68681 9.68681 3
      vertex 9.77045 9.61102 3
    endloop
  endfacet
  facet normal 0.671477 0.741026 0
    outer loop
      vertex 9.68681 9.68681 3
      vertex 9.77045 9.61102 0
      vertex 9.68681 9.68681 0
    endloop
  endfacet
  facet normal 0.595666 0.803232 -0
    outer loop
      vertex 9.86108 9.54381 0
      vertex 9.77045 9.61102 3
      vertex 9.86108 9.54381 3
    endloop
  endfacet
  facet normal 0.595666 0.803232 0
    outer loop
      vertex 9.77045 9.61102 3
      vertex 9.86108 9.54381 0
      vertex 9.77045 9.61102 0
    endloop
  endfacet
  facet normal 0.514131 0.857712 -0
    outer loop
      vertex 9.95789 9.48578 0
      vertex 9.86108 9.54381 3
      vertex 9.95789 9.48578 3
    endloop
  endfacet
  facet normal 0.514131 0.857712 0
    outer loop
      vertex 9.86108 9.54381 3
      vertex 9.95789 9.48578 0
      vertex 9.86108 9.54381 0
    endloop
  endfacet
  facet normal 0.427576 0.903979 -0
    outer loop
      vertex 10.0599 9.43753 0
      vertex 9.95789 9.48578 3
      vertex 10.0599 9.43753 3
    endloop
  endfacet
  facet normal 0.427576 0.903979 0
    outer loop
      vertex 9.95789 9.48578 3
      vertex 10.0599 9.43753 0
      vertex 9.95789 9.48578 0
    endloop
  endfacet
  facet normal 0.336774 0.941585 -0
    outer loop
      vertex 10.1662 9.39951 0
      vertex 10.0599 9.43753 3
      vertex 10.1662 9.39951 3
    endloop
  endfacet
  facet normal 0.336774 0.941585 0
    outer loop
      vertex 10.0599 9.43753 3
      vertex 10.1662 9.39951 0
      vertex 10.0599 9.43753 0
    endloop
  endfacet
  facet normal 0.24312 0.969996 -0
    outer loop
      vertex 10.2756 9.37209 0
      vertex 10.1662 9.39951 3
      vertex 10.2756 9.37209 3
    endloop
  endfacet
  facet normal 0.24312 0.969996 0
    outer loop
      vertex 10.1662 9.39951 3
      vertex 10.2756 9.37209 0
      vertex 10.1662 9.39951 0
    endloop
  endfacet
  facet normal 0.146651 0.989188 -0
    outer loop
      vertex 10.3873 9.35553 0
      vertex 10.2756 9.37209 3
      vertex 10.3873 9.35553 3
    endloop
  endfacet
  facet normal 0.146651 0.989188 0
    outer loop
      vertex 10.2756 9.37209 3
      vertex 10.3873 9.35553 0
      vertex 10.2756 9.37209 0
    endloop
  endfacet
  facet normal 0.0490978 0.998794 -0
    outer loop
      vertex 10.5 9.34999 0
      vertex 10.3873 9.35553 3
      vertex 10.5 9.34999 3
    endloop
  endfacet
  facet normal 0.0490978 0.998794 0
    outer loop
      vertex 10.3873 9.35553 3
      vertex 10.5 9.34999 0
      vertex 10.3873 9.35553 0
    endloop
  endfacet
  facet normal -0.0490978 0.998794 0
    outer loop
      vertex 10.6127 9.35553 0
      vertex 10.5 9.34999 3
      vertex 10.6127 9.35553 3
    endloop
  endfacet
  facet normal -0.0490978 0.998794 0
    outer loop
      vertex 10.5 9.34999 3
      vertex 10.6127 9.35553 0
      vertex 10.5 9.34999 0
    endloop
  endfacet
  facet normal -0.178979 0.983853 0
    outer loop
      vertex 10.1167 2.96791 0
      vertex 9.86565 2.92224 3
      vertex 10.1167 2.96791 3
    endloop
  endfacet
  facet normal -0.178979 0.983853 0
    outer loop
      vertex 9.86565 2.92224 3
      vertex 10.1167 2.96791 0
      vertex 9.86565 2.92224 0
    endloop
  endfacet
  facet normal -0.274664 0.96154 0
    outer loop
      vertex 10.362 3.03798 0
      vertex 10.1167 2.96791 3
      vertex 10.362 3.03798 3
    endloop
  endfacet
  facet normal -0.274664 0.96154 0
    outer loop
      vertex 10.1167 2.96791 3
      vertex 10.362 3.03798 0
      vertex 10.1167 2.96791 0
    endloop
  endfacet
  facet normal -0.367468 0.930036 0
    outer loop
      vertex 10.5993 3.13174 0
      vertex 10.362 3.03798 3
      vertex 10.5993 3.13174 3
    endloop
  endfacet
  facet normal -0.367468 0.930036 0
    outer loop
      vertex 10.362 3.03798 3
      vertex 10.5993 3.13174 0
      vertex 10.362 3.03798 0
    endloop
  endfacet
  facet normal -0.456843 0.889547 0
    outer loop
      vertex 10.8263 3.24832 0
      vertex 10.5993 3.13174 3
      vertex 10.8263 3.24832 3
    endloop
  endfacet
  facet normal -0.456843 0.889547 0
    outer loop
      vertex 10.5993 3.13174 3
      vertex 10.8263 3.24832 0
      vertex 10.5993 3.13174 0
    endloop
  endfacet
  facet normal -0.542009 0.840373 0
    outer loop
      vertex 11.0407 3.3866 0
      vertex 10.8263 3.24832 3
      vertex 11.0407 3.3866 3
    endloop
  endfacet
  facet normal -0.542009 0.840373 0
    outer loop
      vertex 10.8263 3.24832 3
      vertex 11.0407 3.3866 0
      vertex 10.8263 3.24832 0
    endloop
  endfacet
  facet normal -0.62156 0.783367 0
    outer loop
      vertex 11.2406 3.54521 0
      vertex 11.0407 3.3866 3
      vertex 11.2406 3.54521 3
    endloop
  endfacet
  facet normal -0.62156 0.783367 0
    outer loop
      vertex 11.0407 3.3866 3
      vertex 11.2406 3.54521 0
      vertex 11.0407 3.3866 0
    endloop
  endfacet
  facet normal -0.695549 0.718479 0
    outer loop
      vertex 11.4239 3.72266 0
      vertex 11.2406 3.54521 3
      vertex 11.4239 3.72266 3
    endloop
  endfacet
  facet normal -0.695549 0.718479 0
    outer loop
      vertex 11.2406 3.54521 3
      vertex 11.4239 3.72266 0
      vertex 11.2406 3.54521 0
    endloop
  endfacet
  facet normal -0.762456 0.64704 0
    outer loop
      vertex 11.4239 3.72266 0
      vertex 11.589 3.91721 3
      vertex 11.589 3.91721 0
    endloop
  endfacet
  facet normal -0.762456 0.64704 0
    outer loop
      vertex 11.589 3.91721 3
      vertex 11.4239 3.72266 0
      vertex 11.4239 3.72266 3
    endloop
  endfacet
  facet normal -0.822277 0.569088 0
    outer loop
      vertex 11.589 3.91721 0
      vertex 11.7342 4.12701 3
      vertex 11.7342 4.12701 0
    endloop
  endfacet
  facet normal -0.822277 0.569088 0
    outer loop
      vertex 11.7342 4.12701 3
      vertex 11.589 3.91721 0
      vertex 11.589 3.91721 3
    endloop
  endfacet
  facet normal -0.874167 0.485626 0
    outer loop
      vertex 11.7342 4.12701 0
      vertex 11.8581 4.35004 3
      vertex 11.8581 4.35004 0
    endloop
  endfacet
  facet normal -0.874167 0.485626 0
    outer loop
      vertex 11.8581 4.35004 3
      vertex 11.7342 4.12701 0
      vertex 11.7342 4.12701 3
    endloop
  endfacet
  facet normal -0.917475 0.397794 0
    outer loop
      vertex 11.8581 4.35004 0
      vertex 11.9596 4.58414 3
      vertex 11.9596 4.58414 0
    endloop
  endfacet
  facet normal -0.917475 0.397794 0
    outer loop
      vertex 11.9596 4.58414 3
      vertex 11.8581 4.35004 0
      vertex 11.8581 4.35004 3
    endloop
  endfacet
  facet normal -0.952007 0.306075 0
    outer loop
      vertex 11.9596 4.58414 0
      vertex 12.0377 4.82706 3
      vertex 12.0377 4.82706 0
    endloop
  endfacet
  facet normal -0.952007 0.306075 0
    outer loop
      vertex 12.0377 4.82706 3
      vertex 11.9596 4.58414 0
      vertex 11.9596 4.58414 3
    endloop
  endfacet
  facet normal -0.977515 0.210867 0
    outer loop
      vertex 12.0377 4.82706 0
      vertex 12.0915 5.07646 3
      vertex 12.0915 5.07646 0
    endloop
  endfacet
  facet normal -0.977515 0.210867 0
    outer loop
      vertex 12.0915 5.07646 3
      vertex 12.0377 4.82706 0
      vertex 12.0377 4.82706 3
    endloop
  endfacet
  facet normal -0.99343 0.11444 0
    outer loop
      vertex 12.0915 5.07646 0
      vertex 12.1207 5.32994 3
      vertex 12.1207 5.32994 0
    endloop
  endfacet
  facet normal -0.99343 0.11444 0
    outer loop
      vertex 12.1207 5.32994 3
      vertex 12.0915 5.07646 0
      vertex 12.0915 5.07646 3
    endloop
  endfacet
  facet normal -0.999865 0.01646 0
    outer loop
      vertex 12.1207 5.32994 0
      vertex 12.1249 5.58507 3
      vertex 12.1249 5.58507 0
    endloop
  endfacet
  facet normal -0.999865 0.01646 0
    outer loop
      vertex 12.1249 5.58507 3
      vertex 12.1207 5.32994 0
      vertex 12.1207 5.32994 3
    endloop
  endfacet
  facet normal -0.996639 -0.0819134 0
    outer loop
      vertex 12.1249 5.58507 0
      vertex 12.104 5.83936 3
      vertex 12.104 5.83936 0
    endloop
  endfacet
  facet normal -0.996639 -0.0819134 0
    outer loop
      vertex 12.104 5.83936 3
      vertex 12.1249 5.58507 0
      vertex 12.1249 5.58507 3
    endloop
  endfacet
  facet normal -0.98383 -0.179106 0
    outer loop
      vertex 12.104 5.83936 0
      vertex 12.0583 6.09039 3
      vertex 12.0583 6.09039 0
    endloop
  endfacet
  facet normal -0.98383 -0.179106 0
    outer loop
      vertex 12.0583 6.09039 3
      vertex 12.104 5.83936 0
      vertex 12.104 5.83936 3
    endloop
  endfacet
  facet normal -0.961627 -0.274359 0
    outer loop
      vertex 12.0583 6.09039 0
      vertex 11.9883 6.33574 3
      vertex 11.9883 6.33574 0
    endloop
  endfacet
  facet normal -0.961627 -0.274359 0
    outer loop
      vertex 11.9883 6.33574 3
      vertex 12.0583 6.09039 0
      vertex 12.0583 6.09039 3
    endloop
  endfacet
  facet normal -0.929977 -0.367617 0
    outer loop
      vertex 11.9883 6.33574 0
      vertex 11.8945 6.57303 3
      vertex 11.8945 6.57303 0
    endloop
  endfacet
  facet normal -0.929977 -0.367617 0
    outer loop
      vertex 11.8945 6.57303 3
      vertex 11.9883 6.33574 0
      vertex 11.9883 6.33574 3
    endloop
  endfacet
  facet normal -0.889483 -0.456969 0
    outer loop
      vertex 11.8945 6.57303 0
      vertex 11.7779 6.79999 3
      vertex 11.7779 6.79999 0
    endloop
  endfacet
  facet normal -0.889483 -0.456969 0
    outer loop
      vertex 11.7779 6.79999 3
      vertex 11.8945 6.57303 0
      vertex 11.8945 6.57303 3
    endloop
  endfacet
  facet normal -0.840562 -0.541716 0
    outer loop
      vertex 11.7779 6.79999 0
      vertex 11.6397 7.01443 3
      vertex 11.6397 7.01443 0
    endloop
  endfacet
  facet normal -0.840562 -0.541716 0
    outer loop
      vertex 11.6397 7.01443 3
      vertex 11.7779 6.79999 0
      vertex 11.7779 6.79999 3
    endloop
  endfacet
  facet normal -0.783134 -0.621852 0
    outer loop
      vertex 11.6397 7.01443 0
      vertex 11.481 7.21429 3
      vertex 11.481 7.21429 0
    endloop
  endfacet
  facet normal -0.783134 -0.621852 0
    outer loop
      vertex 11.481 7.21429 3
      vertex 11.6397 7.01443 0
      vertex 11.6397 7.01443 3
    endloop
  endfacet
  facet normal -0.718672 -0.69535 0
    outer loop
      vertex 11.481 7.21429 0
      vertex 11.3036 7.39764 3
      vertex 11.3036 7.39764 0
    endloop
  endfacet
  facet normal -0.718672 -0.69535 0
    outer loop
      vertex 11.3036 7.39764 3
      vertex 11.481 7.21429 0
      vertex 11.481 7.21429 3
    endloop
  endfacet
  facet normal -0.647068 -0.762432 0
    outer loop
      vertex 11.1091 7.56271 0
      vertex 11.3036 7.39764 3
      vertex 11.1091 7.56271 3
    endloop
  endfacet
  facet normal -0.647068 -0.762432 -0
    outer loop
      vertex 11.3036 7.39764 3
      vertex 11.1091 7.56271 0
      vertex 11.3036 7.39764 0
    endloop
  endfacet
  facet normal -0.568931 -0.822385 0
    outer loop
      vertex 10.8992 7.70792 0
      vertex 11.1091 7.56271 3
      vertex 10.8992 7.70792 3
    endloop
  endfacet
  facet normal -0.568931 -0.822385 -0
    outer loop
      vertex 11.1091 7.56271 3
      vertex 10.8992 7.70792 0
      vertex 11.1091 7.56271 0
    endloop
  endfacet
  facet normal -0.485796 -0.874072 0
    outer loop
      vertex 10.6762 7.83186 0
      vertex 10.8992 7.70792 3
      vertex 10.6762 7.83186 3
    endloop
  endfacet
  facet normal -0.485796 -0.874072 -0
    outer loop
      vertex 10.8992 7.70792 3
      vertex 10.6762 7.83186 0
      vertex 10.8992 7.70792 0
    endloop
  endfacet
  facet normal -0.397761 -0.917489 0
    outer loop
      vertex 10.4421 7.93335 0
      vertex 10.6762 7.83186 3
      vertex 10.4421 7.93335 3
    endloop
  endfacet
  facet normal -0.397761 -0.917489 -0
    outer loop
      vertex 10.6762 7.83186 3
      vertex 10.4421 7.93335 0
      vertex 10.6762 7.83186 0
    endloop
  endfacet
  facet normal -0.30592 -0.952057 0
    outer loop
      vertex 10.1992 8.0114 0
      vertex 10.4421 7.93335 3
      vertex 10.1992 8.0114 3
    endloop
  endfacet
  facet normal -0.30592 -0.952057 -0
    outer loop
      vertex 10.4421 7.93335 3
      vertex 10.1992 8.0114 0
      vertex 10.4421 7.93335 0
    endloop
  endfacet
  facet normal -0.211092 -0.977466 0
    outer loop
      vertex 9.9498 8.06526 0
      vertex 10.1992 8.0114 3
      vertex 9.9498 8.06526 3
    endloop
  endfacet
  facet normal -0.211092 -0.977466 -0
    outer loop
      vertex 10.1992 8.0114 3
      vertex 9.9498 8.06526 0
      vertex 10.1992 8.0114 0
    endloop
  endfacet
  facet normal -0.114285 -0.993448 0
    outer loop
      vertex 9.69632 8.09442 0
      vertex 9.9498 8.06526 3
      vertex 9.69632 8.09442 3
    endloop
  endfacet
  facet normal -0.114285 -0.993448 -0
    outer loop
      vertex 9.9498 8.06526 3
      vertex 9.69632 8.09442 0
      vertex 9.9498 8.06526 0
    endloop
  endfacet
  facet normal -0.0163829 -0.999866 0
    outer loop
      vertex 9.44121 8.0986 0
      vertex 9.69632 8.09442 3
      vertex 9.44121 8.0986 3
    endloop
  endfacet
  facet normal -0.0163829 -0.999866 -0
    outer loop
      vertex 9.69632 8.09442 3
      vertex 9.44121 8.0986 0
      vertex 9.69632 8.09442 0
    endloop
  endfacet
  facet normal 0.0817513 -0.996653 0
    outer loop
      vertex 9.1869 8.07774 0
      vertex 9.44121 8.0986 3
      vertex 9.1869 8.07774 3
    endloop
  endfacet
  facet normal 0.0817513 -0.996653 0
    outer loop
      vertex 9.44121 8.0986 3
      vertex 9.1869 8.07774 0
      vertex 9.44121 8.0986 0
    endloop
  endfacet
  facet normal 0.178992 -0.98385 0
    outer loop
      vertex 8.93587 8.03207 0
      vertex 9.1869 8.07774 3
      vertex 8.93587 8.03207 3
    endloop
  endfacet
  facet normal 0.178992 -0.98385 0
    outer loop
      vertex 9.1869 8.07774 3
      vertex 8.93587 8.03207 0
      vertex 9.1869 8.07774 0
    endloop
  endfacet
  facet normal 0.274597 -0.961559 0
    outer loop
      vertex 8.69054 7.96201 0
      vertex 8.93587 8.03207 3
      vertex 8.69054 7.96201 3
    endloop
  endfacet
  facet normal 0.274597 -0.961559 0
    outer loop
      vertex 8.93587 8.03207 3
      vertex 8.69054 7.96201 0
      vertex 8.93587 8.03207 0
    endloop
  endfacet
  facet normal 0.367489 -0.930028 0
    outer loop
      vertex 8.45323 7.86824 0
      vertex 8.69054 7.96201 3
      vertex 8.45323 7.86824 3
    endloop
  endfacet
  facet normal 0.367489 -0.930028 0
    outer loop
      vertex 8.69054 7.96201 3
      vertex 8.45323 7.86824 0
      vertex 8.69054 7.96201 0
    endloop
  endfacet
  facet normal 0.456907 -0.889514 0
    outer loop
      vertex 8.22627 7.75166 0
      vertex 8.45323 7.86824 3
      vertex 8.22627 7.75166 3
    endloop
  endfacet
  facet normal 0.456907 -0.889514 0
    outer loop
      vertex 8.45323 7.86824 3
      vertex 8.22627 7.75166 0
      vertex 8.45323 7.86824 0
    endloop
  endfacet
  facet normal 0.54191 -0.840437 0
    outer loop
      vertex 8.01183 7.61339 0
      vertex 8.22627 7.75166 3
      vertex 8.01183 7.61339 3
    endloop
  endfacet
  facet normal 0.54191 -0.840437 0
    outer loop
      vertex 8.22627 7.75166 3
      vertex 8.01183 7.61339 0
      vertex 8.22627 7.75166 0
    endloop
  endfacet
  facet normal 0.62166 -0.783287 0
    outer loop
      vertex 7.81197 7.45477 0
      vertex 8.01183 7.61339 3
      vertex 7.81197 7.45477 3
    endloop
  endfacet
  facet normal 0.62166 -0.783287 0
    outer loop
      vertex 8.01183 7.61339 3
      vertex 7.81197 7.45477 0
      vertex 8.01183 7.61339 0
    endloop
  endfacet
  facet normal 0.69545 -0.718574 0
    outer loop
      vertex 7.62863 7.27733 0
      vertex 7.81197 7.45477 3
      vertex 7.62863 7.27733 3
    endloop
  endfacet
  facet normal 0.69545 -0.718574 0
    outer loop
      vertex 7.81197 7.45477 3
      vertex 7.62863 7.27733 0
      vertex 7.81197 7.45477 0
    endloop
  endfacet
  facet normal 0.762495 -0.646994 0
    outer loop
      vertex 7.46355 7.08278 3
      vertex 7.62863 7.27733 0
      vertex 7.62863 7.27733 3
    endloop
  endfacet
  facet normal 0.762495 -0.646994 0
    outer loop
      vertex 7.62863 7.27733 0
      vertex 7.46355 7.08278 3
      vertex 7.46355 7.08278 0
    endloop
  endfacet
  facet normal 0.822271 -0.569096 0
    outer loop
      vertex 7.31834 6.87297 3
      vertex 7.46355 7.08278 0
      vertex 7.46355 7.08278 3
    endloop
  endfacet
  facet normal 0.822271 -0.569096 0
    outer loop
      vertex 7.46355 7.08278 0
      vertex 7.31834 6.87297 3
      vertex 7.31834 6.87297 0
    endloop
  endfacet
  facet normal 0.874091 -0.485763 0
    outer loop
      vertex 7.1944 6.64995 3
      vertex 7.31834 6.87297 0
      vertex 7.31834 6.87297 3
    endloop
  endfacet
  facet normal 0.874091 -0.485763 0
    outer loop
      vertex 7.31834 6.87297 0
      vertex 7.1944 6.64995 3
      vertex 7.1944 6.64995 0
    endloop
  endfacet
  facet normal 0.917489 -0.397761 0
    outer loop
      vertex 7.09291 6.41585 3
      vertex 7.1944 6.64995 0
      vertex 7.1944 6.64995 3
    endloop
  endfacet
  facet normal 0.917489 -0.397761 0
    outer loop
      vertex 7.1944 6.64995 0
      vertex 7.09291 6.41585 3
      vertex 7.09291 6.41585 0
    endloop
  endfacet
  facet normal 0.952064 -0.305898 0
    outer loop
      vertex 7.01486 6.17293 3
      vertex 7.09291 6.41585 0
      vertex 7.09291 6.41585 3
    endloop
  endfacet
  facet normal 0.952064 -0.305898 0
    outer loop
      vertex 7.09291 6.41585 0
      vertex 7.01486 6.17293 3
      vertex 7.01486 6.17293 0
    endloop
  endfacet
  facet normal 0.977468 -0.211084 0
    outer loop
      vertex 6.961 5.92352 3
      vertex 7.01486 6.17293 0
      vertex 7.01486 6.17293 3
    endloop
  endfacet
  facet normal 0.977468 -0.211084 0
    outer loop
      vertex 7.01486 6.17293 0
      vertex 6.961 5.92352 3
      vertex 6.961 5.92352 0
    endloop
  endfacet
  facet normal 0.993448 -0.114285 0
    outer loop
      vertex 6.93184 5.67004 3
      vertex 6.961 5.92352 0
      vertex 6.961 5.92352 3
    endloop
  endfacet
  facet normal 0.993448 -0.114285 0
    outer loop
      vertex 6.961 5.92352 0
      vertex 6.93184 5.67004 3
      vertex 6.93184 5.67004 0
    endloop
  endfacet
  facet normal 0.999866 -0.0163822 0
    outer loop
      vertex 6.92766 5.41492 3
      vertex 6.93184 5.67004 0
      vertex 6.93184 5.67004 3
    endloop
  endfacet
  facet normal 0.999866 -0.0163822 0
    outer loop
      vertex 6.93184 5.67004 0
      vertex 6.92766 5.41492 3
      vertex 6.92766 5.41492 0
    endloop
  endfacet
  facet normal 0.996652 0.0817577 0
    outer loop
      vertex 6.94852 5.16063 3
      vertex 6.92766 5.41492 0
      vertex 6.92766 5.41492 3
    endloop
  endfacet
  facet normal 0.996652 0.0817577 0
    outer loop
      vertex 6.92766 5.41492 0
      vertex 6.94852 5.16063 3
      vertex 6.94852 5.16063 0
    endloop
  endfacet
  facet normal 0.983852 0.178985 0
    outer loop
      vertex 6.99419 4.90959 3
      vertex 6.94852 5.16063 0
      vertex 6.94852 5.16063 3
    endloop
  endfacet
  facet normal 0.983852 0.178985 0
    outer loop
      vertex 6.94852 5.16063 0
      vertex 6.99419 4.90959 3
      vertex 6.99419 4.90959 0
    endloop
  endfacet
  facet normal 0.961562 0.274587 0
    outer loop
      vertex 7.06425 4.66425 3
      vertex 6.99419 4.90959 0
      vertex 6.99419 4.90959 3
    endloop
  endfacet
  facet normal 0.961562 0.274587 0
    outer loop
      vertex 6.99419 4.90959 0
      vertex 7.06425 4.66425 3
      vertex 7.06425 4.66425 0
    endloop
  endfacet
  facet normal 0.930017 0.367515 0
    outer loop
      vertex 7.15802 4.42696 3
      vertex 7.06425 4.66425 0
      vertex 7.06425 4.66425 3
    endloop
  endfacet
  facet normal 0.930017 0.367515 0
    outer loop
      vertex 7.06425 4.66425 0
      vertex 7.15802 4.42696 3
      vertex 7.15802 4.42696 0
    endloop
  endfacet
  facet normal 0.889499 0.456938 0
    outer loop
      vertex 7.27461 4.2 3
      vertex 7.15802 4.42696 0
      vertex 7.15802 4.42696 3
    endloop
  endfacet
  facet normal 0.889499 0.456938 0
    outer loop
      vertex 7.15802 4.42696 0
      vertex 7.27461 4.2 3
      vertex 7.27461 4.2 0
    endloop
  endfacet
  facet normal 0.840466 0.541864 0
    outer loop
      vertex 7.41287 3.98555 3
      vertex 7.27461 4.2 0
      vertex 7.27461 4.2 3
    endloop
  endfacet
  facet normal 0.840466 0.541864 0
    outer loop
      vertex 7.27461 4.2 0
      vertex 7.41287 3.98555 3
      vertex 7.41287 3.98555 0
    endloop
  endfacet
  facet normal 0.783287 0.62166 0
    outer loop
      vertex 7.57149 3.78569 3
      vertex 7.41287 3.98555 0
      vertex 7.41287 3.98555 3
    endloop
  endfacet
  facet normal 0.783287 0.62166 0
    outer loop
      vertex 7.41287 3.98555 0
      vertex 7.57149 3.78569 3
      vertex 7.57149 3.78569 0
    endloop
  endfacet
  facet normal 0.718593 0.695431 0
    outer loop
      vertex 7.74893 3.60234 3
      vertex 7.57149 3.78569 0
      vertex 7.57149 3.78569 3
    endloop
  endfacet
  facet normal 0.718593 0.695431 0
    outer loop
      vertex 7.57149 3.78569 0
      vertex 7.74893 3.60234 3
      vertex 7.74893 3.60234 0
    endloop
  endfacet
  facet normal 0.646933 0.762547 -0
    outer loop
      vertex 7.9435 3.43727 0
      vertex 7.74893 3.60234 3
      vertex 7.9435 3.43727 3
    endloop
  endfacet
  facet normal 0.646933 0.762547 0
    outer loop
      vertex 7.74893 3.60234 3
      vertex 7.9435 3.43727 0
      vertex 7.74893 3.60234 0
    endloop
  endfacet
  facet normal 0.569106 0.822264 -0
    outer loop
      vertex 8.15329 3.29207 0
      vertex 7.9435 3.43727 3
      vertex 8.15329 3.29207 3
    endloop
  endfacet
  facet normal 0.569106 0.822264 0
    outer loop
      vertex 7.9435 3.43727 3
      vertex 8.15329 3.29207 0
      vertex 7.9435 3.43727 0
    endloop
  endfacet
  facet normal 0.485759 0.874093 -0
    outer loop
      vertex 8.37633 3.16812 0
      vertex 8.15329 3.29207 3
      vertex 8.37633 3.16812 3
    endloop
  endfacet
  facet normal 0.485759 0.874093 0
    outer loop
      vertex 8.15329 3.29207 3
      vertex 8.37633 3.16812 0
      vertex 8.15329 3.29207 0
    endloop
  endfacet
  facet normal 0.397728 0.917503 -0
    outer loop
      vertex 8.61043 3.06664 0
      vertex 8.37633 3.16812 3
      vertex 8.61043 3.06664 3
    endloop
  endfacet
  facet normal 0.397728 0.917503 0
    outer loop
      vertex 8.37633 3.16812 3
      vertex 8.61043 3.06664 0
      vertex 8.37633 3.16812 0
    endloop
  endfacet
  facet normal 0.305898 0.952064 -0
    outer loop
      vertex 8.85335 2.98859 0
      vertex 8.61043 3.06664 3
      vertex 8.85335 2.98859 3
    endloop
  endfacet
  facet normal 0.305898 0.952064 0
    outer loop
      vertex 8.61043 3.06664 3
      vertex 8.85335 2.98859 0
      vertex 8.61043 3.06664 0
    endloop
  endfacet
  facet normal 0.211137 0.977456 -0
    outer loop
      vertex 9.10274 2.93472 0
      vertex 8.85335 2.98859 3
      vertex 9.10274 2.93472 3
    endloop
  endfacet
  facet normal 0.211137 0.977456 0
    outer loop
      vertex 8.85335 2.98859 3
      vertex 9.10274 2.93472 0
      vertex 8.85335 2.98859 0
    endloop
  endfacet
  facet normal 0.114285 0.993448 -0
    outer loop
      vertex 9.35622 2.90556 0
      vertex 9.10274 2.93472 3
      vertex 9.35622 2.90556 3
    endloop
  endfacet
  facet normal 0.114285 0.993448 0
    outer loop
      vertex 9.10274 2.93472 3
      vertex 9.35622 2.90556 0
      vertex 9.10274 2.93472 0
    endloop
  endfacet
  facet normal 0.0163822 0.999866 -0
    outer loop
      vertex 9.61134 2.90138 0
      vertex 9.35622 2.90556 3
      vertex 9.61134 2.90138 3
    endloop
  endfacet
  facet normal 0.0163822 0.999866 0
    outer loop
      vertex 9.35622 2.90556 3
      vertex 9.61134 2.90138 0
      vertex 9.35622 2.90556 0
    endloop
  endfacet
  facet normal -0.0817513 0.996653 0
    outer loop
      vertex 9.86565 2.92224 0
      vertex 9.61134 2.90138 3
      vertex 9.86565 2.92224 3
    endloop
  endfacet
  facet normal -0.0817513 0.996653 0
    outer loop
      vertex 9.61134 2.90138 3
      vertex 9.86565 2.92224 0
      vertex 9.61134 2.90138 0
    endloop
  endfacet
  facet normal -0.114285 0.993448 0
    outer loop
      vertex -9.10274 2.93472 0
      vertex -9.35622 2.90556 3
      vertex -9.10274 2.93472 3
    endloop
  endfacet
  facet normal -0.114285 0.993448 0
    outer loop
      vertex -9.35622 2.90556 3
      vertex -9.10274 2.93472 0
      vertex -9.35622 2.90556 0
    endloop
  endfacet
  facet normal -0.211137 0.977456 0
    outer loop
      vertex -8.85335 2.98859 0
      vertex -9.10274 2.93472 3
      vertex -8.85335 2.98859 3
    endloop
  endfacet
  facet normal -0.211137 0.977456 0
    outer loop
      vertex -9.10274 2.93472 3
      vertex -8.85335 2.98859 0
      vertex -9.10274 2.93472 0
    endloop
  endfacet
  facet normal -0.305898 0.952064 0
    outer loop
      vertex -8.61043 3.06664 0
      vertex -8.85335 2.98859 3
      vertex -8.61043 3.06664 3
    endloop
  endfacet
  facet normal -0.305898 0.952064 0
    outer loop
      vertex -8.85335 2.98859 3
      vertex -8.61043 3.06664 0
      vertex -8.85335 2.98859 0
    endloop
  endfacet
  facet normal -0.397728 0.917503 0
    outer loop
      vertex -8.37633 3.16812 0
      vertex -8.61043 3.06664 3
      vertex -8.37633 3.16812 3
    endloop
  endfacet
  facet normal -0.397728 0.917503 0
    outer loop
      vertex -8.61043 3.06664 3
      vertex -8.37633 3.16812 0
      vertex -8.61043 3.06664 0
    endloop
  endfacet
  facet normal -0.485759 0.874093 0
    outer loop
      vertex -8.15329 3.29207 0
      vertex -8.37633 3.16812 3
      vertex -8.15329 3.29207 3
    endloop
  endfacet
  facet normal -0.485759 0.874093 0
    outer loop
      vertex -8.37633 3.16812 3
      vertex -8.15329 3.29207 0
      vertex -8.37633 3.16812 0
    endloop
  endfacet
  facet normal -0.569106 0.822264 0
    outer loop
      vertex -7.9435 3.43727 0
      vertex -8.15329 3.29207 3
      vertex -7.9435 3.43727 3
    endloop
  endfacet
  facet normal -0.569106 0.822264 0
    outer loop
      vertex -8.15329 3.29207 3
      vertex -7.9435 3.43727 0
      vertex -8.15329 3.29207 0
    endloop
  endfacet
  facet normal -0.646933 0.762547 0
    outer loop
      vertex -7.74893 3.60234 0
      vertex -7.9435 3.43727 3
      vertex -7.74893 3.60234 3
    endloop
  endfacet
  facet normal -0.646933 0.762547 0
    outer loop
      vertex -7.9435 3.43727 3
      vertex -7.74893 3.60234 0
      vertex -7.9435 3.43727 0
    endloop
  endfacet
  facet normal -0.718593 0.695431 0
    outer loop
      vertex -7.74893 3.60234 0
      vertex -7.57149 3.78569 3
      vertex -7.57149 3.78569 0
    endloop
  endfacet
  facet normal -0.718593 0.695431 0
    outer loop
      vertex -7.57149 3.78569 3
      vertex -7.74893 3.60234 0
      vertex -7.74893 3.60234 3
    endloop
  endfacet
  facet normal -0.783287 0.62166 0
    outer loop
      vertex -7.57149 3.78569 0
      vertex -7.41287 3.98555 3
      vertex -7.41287 3.98555 0
    endloop
  endfacet
  facet normal -0.783287 0.62166 0
    outer loop
      vertex -7.41287 3.98555 3
      vertex -7.57149 3.78569 0
      vertex -7.57149 3.78569 3
    endloop
  endfacet
  facet normal -0.840466 0.541864 0
    outer loop
      vertex -7.41287 3.98555 0
      vertex -7.27461 4.2 3
      vertex -7.27461 4.2 0
    endloop
  endfacet
  facet normal -0.840466 0.541864 0
    outer loop
      vertex -7.27461 4.2 3
      vertex -7.41287 3.98555 0
      vertex -7.41287 3.98555 3
    endloop
  endfacet
  facet normal -0.889499 0.456938 0
    outer loop
      vertex -7.27461 4.2 0
      vertex -7.15802 4.42696 3
      vertex -7.15802 4.42696 0
    endloop
  endfacet
  facet normal -0.889499 0.456938 0
    outer loop
      vertex -7.15802 4.42696 3
      vertex -7.27461 4.2 0
      vertex -7.27461 4.2 3
    endloop
  endfacet
  facet normal -0.930017 0.367515 0
    outer loop
      vertex -7.15802 4.42696 0
      vertex -7.06425 4.66425 3
      vertex -7.06425 4.66425 0
    endloop
  endfacet
  facet normal -0.930017 0.367515 0
    outer loop
      vertex -7.06425 4.66425 3
      vertex -7.15802 4.42696 0
      vertex -7.15802 4.42696 3
    endloop
  endfacet
  facet normal -0.961562 0.274587 0
    outer loop
      vertex -7.06425 4.66425 0
      vertex -6.99419 4.90959 3
      vertex -6.99419 4.90959 0
    endloop
  endfacet
  facet normal -0.961562 0.274587 0
    outer loop
      vertex -6.99419 4.90959 3
      vertex -7.06425 4.66425 0
      vertex -7.06425 4.66425 3
    endloop
  endfacet
  facet normal -0.983852 0.178985 0
    outer loop
      vertex -6.99419 4.90959 0
      vertex -6.94852 5.16063 3
      vertex -6.94852 5.16063 0
    endloop
  endfacet
  facet normal -0.983852 0.178985 0
    outer loop
      vertex -6.94852 5.16063 3
      vertex -6.99419 4.90959 0
      vertex -6.99419 4.90959 3
    endloop
  endfacet
  facet normal -0.996652 0.0817577 0
    outer loop
      vertex -6.94852 5.16063 0
      vertex -6.92766 5.41492 3
      vertex -6.92766 5.41492 0
    endloop
  endfacet
  facet normal -0.996652 0.0817577 0
    outer loop
      vertex -6.92766 5.41492 3
      vertex -6.94852 5.16063 0
      vertex -6.94852 5.16063 3
    endloop
  endfacet
  facet normal -0.999866 -0.0163822 0
    outer loop
      vertex -6.92766 5.41492 0
      vertex -6.93184 5.67004 3
      vertex -6.93184 5.67004 0
    endloop
  endfacet
  facet normal -0.999866 -0.0163822 0
    outer loop
      vertex -6.93184 5.67004 3
      vertex -6.92766 5.41492 0
      vertex -6.92766 5.41492 3
    endloop
  endfacet
  facet normal -0.993448 -0.114285 0
    outer loop
      vertex -6.93184 5.67004 0
      vertex -6.961 5.92352 3
      vertex -6.961 5.92352 0
    endloop
  endfacet
  facet normal -0.993448 -0.114285 0
    outer loop
      vertex -6.961 5.92352 3
      vertex -6.93184 5.67004 0
      vertex -6.93184 5.67004 3
    endloop
  endfacet
  facet normal -0.977468 -0.211084 0
    outer loop
      vertex -6.961 5.92352 0
      vertex -7.01486 6.17293 3
      vertex -7.01486 6.17293 0
    endloop
  endfacet
  facet normal -0.977468 -0.211084 0
    outer loop
      vertex -7.01486 6.17293 3
      vertex -6.961 5.92352 0
      vertex -6.961 5.92352 3
    endloop
  endfacet
  facet normal -0.952064 -0.305898 0
    outer loop
      vertex -7.01486 6.17293 0
      vertex -7.09291 6.41585 3
      vertex -7.09291 6.41585 0
    endloop
  endfacet
  facet normal -0.952064 -0.305898 0
    outer loop
      vertex -7.09291 6.41585 3
      vertex -7.01486 6.17293 0
      vertex -7.01486 6.17293 3
    endloop
  endfacet
  facet normal -0.917489 -0.397761 0
    outer loop
      vertex -7.09291 6.41585 0
      vertex -7.1944 6.64995 3
      vertex -7.1944 6.64995 0
    endloop
  endfacet
  facet normal -0.917489 -0.397761 0
    outer loop
      vertex -7.1944 6.64995 3
      vertex -7.09291 6.41585 0
      vertex -7.09291 6.41585 3
    endloop
  endfacet
  facet normal -0.874091 -0.485763 0
    outer loop
      vertex -7.1944 6.64995 0
      vertex -7.31834 6.87297 3
      vertex -7.31834 6.87297 0
    endloop
  endfacet
  facet normal -0.874091 -0.485763 0
    outer loop
      vertex -7.31834 6.87297 3
      vertex -7.1944 6.64995 0
      vertex -7.1944 6.64995 3
    endloop
  endfacet
  facet normal -0.822271 -0.569096 0
    outer loop
      vertex -7.31834 6.87297 0
      vertex -7.46355 7.08278 3
      vertex -7.46355 7.08278 0
    endloop
  endfacet
  facet normal -0.822271 -0.569096 0
    outer loop
      vertex -7.46355 7.08278 3
      vertex -7.31834 6.87297 0
      vertex -7.31834 6.87297 3
    endloop
  endfacet
  facet normal -0.762495 -0.646994 0
    outer loop
      vertex -7.46355 7.08278 0
      vertex -7.62863 7.27733 3
      vertex -7.62863 7.27733 0
    endloop
  endfacet
  facet normal -0.762495 -0.646994 0
    outer loop
      vertex -7.62863 7.27733 3
      vertex -7.46355 7.08278 0
      vertex -7.46355 7.08278 3
    endloop
  endfacet
  facet normal -0.69545 -0.718574 0
    outer loop
      vertex -7.81197 7.45477 0
      vertex -7.62863 7.27733 3
      vertex -7.81197 7.45477 3
    endloop
  endfacet
  facet normal -0.69545 -0.718574 -0
    outer loop
      vertex -7.62863 7.27733 3
      vertex -7.81197 7.45477 0
      vertex -7.62863 7.27733 0
    endloop
  endfacet
  facet normal -0.62166 -0.783287 0
    outer loop
      vertex -8.01183 7.61339 0
      vertex -7.81197 7.45477 3
      vertex -8.01183 7.61339 3
    endloop
  endfacet
  facet normal -0.62166 -0.783287 -0
    outer loop
      vertex -7.81197 7.45477 3
      vertex -8.01183 7.61339 0
      vertex -7.81197 7.45477 0
    endloop
  endfacet
  facet normal -0.54191 -0.840437 0
    outer loop
      vertex -8.22627 7.75166 0
      vertex -8.01183 7.61339 3
      vertex -8.22627 7.75166 3
    endloop
  endfacet
  facet normal -0.54191 -0.840437 -0
    outer loop
      vertex -8.01183 7.61339 3
      vertex -8.22627 7.75166 0
      vertex -8.01183 7.61339 0
    endloop
  endfacet
  facet normal -0.456907 -0.889514 0
    outer loop
      vertex -8.45323 7.86824 0
      vertex -8.22627 7.75166 3
      vertex -8.45323 7.86824 3
    endloop
  endfacet
  facet normal -0.456907 -0.889514 -0
    outer loop
      vertex -8.22627 7.75166 3
      vertex -8.45323 7.86824 0
      vertex -8.22627 7.75166 0
    endloop
  endfacet
  facet normal -0.367489 -0.930028 0
    outer loop
      vertex -8.69054 7.96201 0
      vertex -8.45323 7.86824 3
      vertex -8.69054 7.96201 3
    endloop
  endfacet
  facet normal -0.367489 -0.930028 -0
    outer loop
      vertex -8.45323 7.86824 3
      vertex -8.69054 7.96201 0
      vertex -8.45323 7.86824 0
    endloop
  endfacet
  facet normal -0.274597 -0.961559 0
    outer loop
      vertex -8.93587 8.03207 0
      vertex -8.69054 7.96201 3
      vertex -8.93587 8.03207 3
    endloop
  endfacet
  facet normal -0.274597 -0.961559 -0
    outer loop
      vertex -8.69054 7.96201 3
      vertex -8.93587 8.03207 0
      vertex -8.69054 7.96201 0
    endloop
  endfacet
  facet normal -0.178992 -0.98385 0
    outer loop
      vertex -9.1869 8.07774 0
      vertex -8.93587 8.03207 3
      vertex -9.1869 8.07774 3
    endloop
  endfacet
  facet normal -0.178992 -0.98385 -0
    outer loop
      vertex -8.93587 8.03207 3
      vertex -9.1869 8.07774 0
      vertex -8.93587 8.03207 0
    endloop
  endfacet
  facet normal -0.0817513 -0.996653 0
    outer loop
      vertex -9.44121 8.0986 0
      vertex -9.1869 8.07774 3
      vertex -9.44121 8.0986 3
    endloop
  endfacet
  facet normal -0.0817513 -0.996653 -0
    outer loop
      vertex -9.1869 8.07774 3
      vertex -9.44121 8.0986 0
      vertex -9.1869 8.07774 0
    endloop
  endfacet
  facet normal 0.0163829 -0.999866 0
    outer loop
      vertex -9.69632 8.09442 0
      vertex -9.44121 8.0986 3
      vertex -9.69632 8.09442 3
    endloop
  endfacet
  facet normal 0.0163829 -0.999866 0
    outer loop
      vertex -9.44121 8.0986 3
      vertex -9.69632 8.09442 0
      vertex -9.44121 8.0986 0
    endloop
  endfacet
  facet normal 0.114285 -0.993448 0
    outer loop
      vertex -9.9498 8.06526 0
      vertex -9.69632 8.09442 3
      vertex -9.9498 8.06526 3
    endloop
  endfacet
  facet normal 0.114285 -0.993448 0
    outer loop
      vertex -9.69632 8.09442 3
      vertex -9.9498 8.06526 0
      vertex -9.69632 8.09442 0
    endloop
  endfacet
  facet normal 0.211092 -0.977466 0
    outer loop
      vertex -10.1992 8.0114 0
      vertex -9.9498 8.06526 3
      vertex -10.1992 8.0114 3
    endloop
  endfacet
  facet normal 0.211092 -0.977466 0
    outer loop
      vertex -9.9498 8.06526 3
      vertex -10.1992 8.0114 0
      vertex -9.9498 8.06526 0
    endloop
  endfacet
  facet normal 0.30592 -0.952057 0
    outer loop
      vertex -10.4421 7.93335 0
      vertex -10.1992 8.0114 3
      vertex -10.4421 7.93335 3
    endloop
  endfacet
  facet normal 0.30592 -0.952057 0
    outer loop
      vertex -10.1992 8.0114 3
      vertex -10.4421 7.93335 0
      vertex -10.1992 8.0114 0
    endloop
  endfacet
  facet normal 0.397761 -0.917489 0
    outer loop
      vertex -10.6762 7.83186 0
      vertex -10.4421 7.93335 3
      vertex -10.6762 7.83186 3
    endloop
  endfacet
  facet normal 0.397761 -0.917489 0
    outer loop
      vertex -10.4421 7.93335 3
      vertex -10.6762 7.83186 0
      vertex -10.4421 7.93335 0
    endloop
  endfacet
  facet normal 0.485796 -0.874072 0
    outer loop
      vertex -10.8992 7.70792 0
      vertex -10.6762 7.83186 3
      vertex -10.8992 7.70792 3
    endloop
  endfacet
  facet normal 0.485796 -0.874072 0
    outer loop
      vertex -10.6762 7.83186 3
      vertex -10.8992 7.70792 0
      vertex -10.6762 7.83186 0
    endloop
  endfacet
  facet normal 0.568931 -0.822385 0
    outer loop
      vertex -11.1091 7.56271 0
      vertex -10.8992 7.70792 3
      vertex -11.1091 7.56271 3
    endloop
  endfacet
  facet normal 0.568931 -0.822385 0
    outer loop
      vertex -10.8992 7.70792 3
      vertex -11.1091 7.56271 0
      vertex -10.8992 7.70792 0
    endloop
  endfacet
  facet normal 0.647068 -0.762432 0
    outer loop
      vertex -11.3036 7.39764 0
      vertex -11.1091 7.56271 3
      vertex -11.3036 7.39764 3
    endloop
  endfacet
  facet normal 0.647068 -0.762432 0
    outer loop
      vertex -11.1091 7.56271 3
      vertex -11.3036 7.39764 0
      vertex -11.1091 7.56271 0
    endloop
  endfacet
  facet normal 0.718672 -0.69535 0
    outer loop
      vertex -11.481 7.21429 3
      vertex -11.3036 7.39764 0
      vertex -11.3036 7.39764 3
    endloop
  endfacet
  facet normal 0.718672 -0.69535 0
    outer loop
      vertex -11.3036 7.39764 0
      vertex -11.481 7.21429 3
      vertex -11.481 7.21429 0
    endloop
  endfacet
  facet normal 0.783134 -0.621852 0
    outer loop
      vertex -11.6397 7.01443 3
      vertex -11.481 7.21429 0
      vertex -11.481 7.21429 3
    endloop
  endfacet
  facet normal 0.783134 -0.621852 0
    outer loop
      vertex -11.481 7.21429 0
      vertex -11.6397 7.01443 3
      vertex -11.6397 7.01443 0
    endloop
  endfacet
  facet normal 0.840562 -0.541716 0
    outer loop
      vertex -11.7779 6.79999 3
      vertex -11.6397 7.01443 0
      vertex -11.6397 7.01443 3
    endloop
  endfacet
  facet normal 0.840562 -0.541716 0
    outer loop
      vertex -11.6397 7.01443 0
      vertex -11.7779 6.79999 3
      vertex -11.7779 6.79999 0
    endloop
  endfacet
  facet normal 0.889483 -0.456969 0
    outer loop
      vertex -11.8945 6.57303 3
      vertex -11.7779 6.79999 0
      vertex -11.7779 6.79999 3
    endloop
  endfacet
  facet normal 0.889483 -0.456969 0
    outer loop
      vertex -11.7779 6.79999 0
      vertex -11.8945 6.57303 3
      vertex -11.8945 6.57303 0
    endloop
  endfacet
  facet normal 0.929977 -0.367617 0
    outer loop
      vertex -11.9883 6.33574 3
      vertex -11.8945 6.57303 0
      vertex -11.8945 6.57303 3
    endloop
  endfacet
  facet normal 0.929977 -0.367617 0
    outer loop
      vertex -11.8945 6.57303 0
      vertex -11.9883 6.33574 3
      vertex -11.9883 6.33574 0
    endloop
  endfacet
  facet normal 0.961627 -0.274359 0
    outer loop
      vertex -12.0583 6.09039 3
      vertex -11.9883 6.33574 0
      vertex -11.9883 6.33574 3
    endloop
  endfacet
  facet normal 0.961627 -0.274359 0
    outer loop
      vertex -11.9883 6.33574 0
      vertex -12.0583 6.09039 3
      vertex -12.0583 6.09039 0
    endloop
  endfacet
  facet normal 0.98383 -0.179106 0
    outer loop
      vertex -12.104 5.83936 3
      vertex -12.0583 6.09039 0
      vertex -12.0583 6.09039 3
    endloop
  endfacet
  facet normal 0.98383 -0.179106 0
    outer loop
      vertex -12.0583 6.09039 0
      vertex -12.104 5.83936 3
      vertex -12.104 5.83936 0
    endloop
  endfacet
  facet normal 0.996639 -0.0819134 0
    outer loop
      vertex -12.1249 5.58507 3
      vertex -12.104 5.83936 0
      vertex -12.104 5.83936 3
    endloop
  endfacet
  facet normal 0.996639 -0.0819134 0
    outer loop
      vertex -12.104 5.83936 0
      vertex -12.1249 5.58507 3
      vertex -12.1249 5.58507 0
    endloop
  endfacet
  facet normal 0.999865 0.01646 0
    outer loop
      vertex -12.1207 5.32994 3
      vertex -12.1249 5.58507 0
      vertex -12.1249 5.58507 3
    endloop
  endfacet
  facet normal 0.999865 0.01646 0
    outer loop
      vertex -12.1249 5.58507 0
      vertex -12.1207 5.32994 3
      vertex -12.1207 5.32994 0
    endloop
  endfacet
  facet normal 0.99343 0.11444 0
    outer loop
      vertex -12.0915 5.07646 3
      vertex -12.1207 5.32994 0
      vertex -12.1207 5.32994 3
    endloop
  endfacet
  facet normal 0.99343 0.11444 0
    outer loop
      vertex -12.1207 5.32994 0
      vertex -12.0915 5.07646 3
      vertex -12.0915 5.07646 0
    endloop
  endfacet
  facet normal 0.977515 0.210867 0
    outer loop
      vertex -12.0377 4.82706 3
      vertex -12.0915 5.07646 0
      vertex -12.0915 5.07646 3
    endloop
  endfacet
  facet normal 0.977515 0.210867 0
    outer loop
      vertex -12.0915 5.07646 0
      vertex -12.0377 4.82706 3
      vertex -12.0377 4.82706 0
    endloop
  endfacet
  facet normal 0.952007 0.306075 0
    outer loop
      vertex -11.9596 4.58414 3
      vertex -12.0377 4.82706 0
      vertex -12.0377 4.82706 3
    endloop
  endfacet
  facet normal 0.952007 0.306075 0
    outer loop
      vertex -12.0377 4.82706 0
      vertex -11.9596 4.58414 3
      vertex -11.9596 4.58414 0
    endloop
  endfacet
  facet normal 0.917475 0.397794 0
    outer loop
      vertex -11.8581 4.35004 3
      vertex -11.9596 4.58414 0
      vertex -11.9596 4.58414 3
    endloop
  endfacet
  facet normal 0.917475 0.397794 0
    outer loop
      vertex -11.9596 4.58414 0
      vertex -11.8581 4.35004 3
      vertex -11.8581 4.35004 0
    endloop
  endfacet
  facet normal 0.874167 0.485626 0
    outer loop
      vertex -11.7342 4.12701 3
      vertex -11.8581 4.35004 0
      vertex -11.8581 4.35004 3
    endloop
  endfacet
  facet normal 0.874167 0.485626 0
    outer loop
      vertex -11.8581 4.35004 0
      vertex -11.7342 4.12701 3
      vertex -11.7342 4.12701 0
    endloop
  endfacet
  facet normal 0.822277 0.569088 0
    outer loop
      vertex -11.589 3.91721 3
      vertex -11.7342 4.12701 0
      vertex -11.7342 4.12701 3
    endloop
  endfacet
  facet normal 0.822277 0.569088 0
    outer loop
      vertex -11.7342 4.12701 0
      vertex -11.589 3.91721 3
      vertex -11.589 3.91721 0
    endloop
  endfacet
  facet normal 0.762456 0.64704 0
    outer loop
      vertex -11.4239 3.72266 3
      vertex -11.589 3.91721 0
      vertex -11.589 3.91721 3
    endloop
  endfacet
  facet normal 0.762456 0.64704 0
    outer loop
      vertex -11.589 3.91721 0
      vertex -11.4239 3.72266 3
      vertex -11.4239 3.72266 0
    endloop
  endfacet
  facet normal 0.695549 0.718479 -0
    outer loop
      vertex -11.2406 3.54521 0
      vertex -11.4239 3.72266 3
      vertex -11.2406 3.54521 3
    endloop
  endfacet
  facet normal 0.695549 0.718479 0
    outer loop
      vertex -11.4239 3.72266 3
      vertex -11.2406 3.54521 0
      vertex -11.4239 3.72266 0
    endloop
  endfacet
  facet normal 0.62156 0.783367 -0
    outer loop
      vertex -11.0407 3.3866 0
      vertex -11.2406 3.54521 3
      vertex -11.0407 3.3866 3
    endloop
  endfacet
  facet normal 0.62156 0.783367 0
    outer loop
      vertex -11.2406 3.54521 3
      vertex -11.0407 3.3866 0
      vertex -11.2406 3.54521 0
    endloop
  endfacet
  facet normal 0.542009 0.840373 -0
    outer loop
      vertex -10.8263 3.24832 0
      vertex -11.0407 3.3866 3
      vertex -10.8263 3.24832 3
    endloop
  endfacet
  facet normal 0.542009 0.840373 0
    outer loop
      vertex -11.0407 3.3866 3
      vertex -10.8263 3.24832 0
      vertex -11.0407 3.3866 0
    endloop
  endfacet
  facet normal 0.456843 0.889547 -0
    outer loop
      vertex -10.5993 3.13174 0
      vertex -10.8263 3.24832 3
      vertex -10.5993 3.13174 3
    endloop
  endfacet
  facet normal 0.456843 0.889547 0
    outer loop
      vertex -10.8263 3.24832 3
      vertex -10.5993 3.13174 0
      vertex -10.8263 3.24832 0
    endloop
  endfacet
  facet normal 0.367468 0.930036 -0
    outer loop
      vertex -10.362 3.03798 0
      vertex -10.5993 3.13174 3
      vertex -10.362 3.03798 3
    endloop
  endfacet
  facet normal 0.367468 0.930036 0
    outer loop
      vertex -10.5993 3.13174 3
      vertex -10.362 3.03798 0
      vertex -10.5993 3.13174 0
    endloop
  endfacet
  facet normal 0.274664 0.96154 -0
    outer loop
      vertex -10.1167 2.96791 0
      vertex -10.362 3.03798 3
      vertex -10.1167 2.96791 3
    endloop
  endfacet
  facet normal 0.274664 0.96154 0
    outer loop
      vertex -10.362 3.03798 3
      vertex -10.1167 2.96791 0
      vertex -10.362 3.03798 0
    endloop
  endfacet
  facet normal 0.178979 0.983853 -0
    outer loop
      vertex -9.86565 2.92224 0
      vertex -10.1167 2.96791 3
      vertex -9.86565 2.92224 3
    endloop
  endfacet
  facet normal 0.178979 0.983853 0
    outer loop
      vertex -10.1167 2.96791 3
      vertex -9.86565 2.92224 0
      vertex -10.1167 2.96791 0
    endloop
  endfacet
  facet normal 0.0817513 0.996653 -0
    outer loop
      vertex -9.61134 2.90138 0
      vertex -9.86565 2.92224 3
      vertex -9.61134 2.90138 3
    endloop
  endfacet
  facet normal 0.0817513 0.996653 0
    outer loop
      vertex -9.86565 2.92224 3
      vertex -9.61134 2.90138 0
      vertex -9.86565 2.92224 0
    endloop
  endfacet
  facet normal -0.0163822 0.999866 0
    outer loop
      vertex -9.35622 2.90556 0
      vertex -9.61134 2.90138 3
      vertex -9.35622 2.90556 3
    endloop
  endfacet
  facet normal -0.0163822 0.999866 0
    outer loop
      vertex -9.61134 2.90138 3
      vertex -9.35622 2.90556 0
      vertex -9.61134 2.90138 0
    endloop
  endfacet
  facet normal -0.146714 0.989179 0
    outer loop
      vertex 0.877899 -4.41353 0
      vertex 0.441071 -4.47832 3
      vertex 0.877899 -4.41353 3
    endloop
  endfacet
  facet normal -0.146714 0.989179 0
    outer loop
      vertex 0.441071 -4.47832 3
      vertex 0.877899 -4.41353 0
      vertex 0.441071 -4.47832 0
    endloop
  endfacet
  facet normal -0.242977 0.970032 0
    outer loop
      vertex 1.30627 -4.30623 0
      vertex 0.877899 -4.41353 3
      vertex 1.30627 -4.30623 3
    endloop
  endfacet
  facet normal -0.242977 0.970032 0
    outer loop
      vertex 0.877899 -4.41353 3
      vertex 1.30627 -4.30623 0
      vertex 0.877899 -4.41353 0
    endloop
  endfacet
  facet normal -0.336886 0.941546 0
    outer loop
      vertex 1.72206 -4.15746 0
      vertex 1.30627 -4.30623 3
      vertex 1.72206 -4.15746 3
    endloop
  endfacet
  facet normal -0.336886 0.941546 0
    outer loop
      vertex 1.30627 -4.30623 3
      vertex 1.72206 -4.15746 0
      vertex 1.30627 -4.30623 0
    endloop
  endfacet
  facet normal -0.427561 0.903987 0
    outer loop
      vertex 2.12128 -3.96864 0
      vertex 1.72206 -4.15746 3
      vertex 2.12128 -3.96864 3
    endloop
  endfacet
  facet normal -0.427561 0.903987 0
    outer loop
      vertex 1.72206 -4.15746 3
      vertex 2.12128 -3.96864 0
      vertex 1.72206 -4.15746 0
    endloop
  endfacet
  facet normal -0.514099 0.857731 0
    outer loop
      vertex 2.50006 -3.74161 0
      vertex 2.12128 -3.96864 3
      vertex 2.50006 -3.74161 3
    endloop
  endfacet
  facet normal -0.514099 0.857731 0
    outer loop
      vertex 2.12128 -3.96864 3
      vertex 2.50006 -3.74161 0
      vertex 2.12128 -3.96864 0
    endloop
  endfacet
  facet normal -0.595683 0.803219 0
    outer loop
      vertex 2.85477 -3.47855 0
      vertex 2.50006 -3.74161 3
      vertex 2.85477 -3.47855 3
    endloop
  endfacet
  facet normal -0.595683 0.803219 0
    outer loop
      vertex 2.50006 -3.74161 3
      vertex 2.85477 -3.47855 0
      vertex 2.50006 -3.74161 0
    endloop
  endfacet
  facet normal -0.671564 0.740946 0
    outer loop
      vertex 3.18198 -3.18198 0
      vertex 2.85477 -3.47855 3
      vertex 3.18198 -3.18198 3
    endloop
  endfacet
  facet normal -0.671564 0.740946 0
    outer loop
      vertex 2.85477 -3.47855 3
      vertex 3.18198 -3.18198 0
      vertex 2.85477 -3.47855 0
    endloop
  endfacet
  facet normal -0.740946 0.671564 0
    outer loop
      vertex 3.18198 -3.18198 0
      vertex 3.47855 -2.85477 3
      vertex 3.47855 -2.85477 0
    endloop
  endfacet
  facet normal -0.740946 0.671564 0
    outer loop
      vertex 3.47855 -2.85477 3
      vertex 3.18198 -3.18198 0
      vertex 3.18198 -3.18198 3
    endloop
  endfacet
  facet normal -0.803219 0.595683 0
    outer loop
      vertex 3.47855 -2.85477 0
      vertex 3.74161 -2.50006 3
      vertex 3.74161 -2.50006 0
    endloop
  endfacet
  facet normal -0.803219 0.595683 0
    outer loop
      vertex 3.74161 -2.50006 3
      vertex 3.47855 -2.85477 0
      vertex 3.47855 -2.85477 3
    endloop
  endfacet
  facet normal -0.857731 0.514099 0
    outer loop
      vertex 3.74161 -2.50006 0
      vertex 3.96864 -2.12128 3
      vertex 3.96864 -2.12128 0
    endloop
  endfacet
  facet normal -0.857731 0.514099 0
    outer loop
      vertex 3.96864 -2.12128 3
      vertex 3.74161 -2.50006 0
      vertex 3.74161 -2.50006 3
    endloop
  endfacet
  facet normal -0.903987 0.427561 0
    outer loop
      vertex 3.96864 -2.12128 0
      vertex 4.15746 -1.72206 3
      vertex 4.15746 -1.72206 0
    endloop
  endfacet
  facet normal -0.903987 0.427561 0
    outer loop
      vertex 4.15746 -1.72206 3
      vertex 3.96864 -2.12128 0
      vertex 3.96864 -2.12128 3
    endloop
  endfacet
  facet normal -0.941546 0.336886 0
    outer loop
      vertex 4.15746 -1.72206 0
      vertex 4.30623 -1.30627 3
      vertex 4.30623 -1.30627 0
    endloop
  endfacet
  facet normal -0.941546 0.336886 0
    outer loop
      vertex 4.30623 -1.30627 3
      vertex 4.15746 -1.72206 0
      vertex 4.15746 -1.72206 3
    endloop
  endfacet
  facet normal -0.970032 0.242977 0
    outer loop
      vertex 4.30623 -1.30627 0
      vertex 4.41353 -0.877899 3
      vertex 4.41353 -0.877899 0
    endloop
  endfacet
  facet normal -0.970032 0.242977 0
    outer loop
      vertex 4.41353 -0.877899 3
      vertex 4.30623 -1.30627 0
      vertex 4.30623 -1.30627 3
    endloop
  endfacet
  facet normal -0.989179 0.146714 0
    outer loop
      vertex 4.41353 -0.877899 0
      vertex 4.47832 -0.441071 3
      vertex 4.47832 -0.441071 0
    endloop
  endfacet
  facet normal -0.989179 0.146714 0
    outer loop
      vertex 4.47832 -0.441071 3
      vertex 4.41353 -0.877899 0
      vertex 4.41353 -0.877899 3
    endloop
  endfacet
  facet normal -0.998794 0.0490938 0
    outer loop
      vertex 4.47832 -0.441071 0
      vertex 4.5 0 3
      vertex 4.5 0 0
    endloop
  endfacet
  facet normal -0.998794 0.0490938 0
    outer loop
      vertex 4.5 0 3
      vertex 4.47832 -0.441071 0
      vertex 4.47832 -0.441071 3
    endloop
  endfacet
  facet normal -0.998794 -0.0490938 0
    outer loop
      vertex 4.5 0 0
      vertex 4.47832 0.441071 3
      vertex 4.47832 0.441071 0
    endloop
  endfacet
  facet normal -0.998794 -0.0490938 0
    outer loop
      vertex 4.47832 0.441071 3
      vertex 4.5 0 0
      vertex 4.5 0 3
    endloop
  endfacet
  facet normal -0.989179 -0.146714 0
    outer loop
      vertex 4.47832 0.441071 0
      vertex 4.41353 0.877899 3
      vertex 4.41353 0.877899 0
    endloop
  endfacet
  facet normal -0.989179 -0.146714 0
    outer loop
      vertex 4.41353 0.877899 3
      vertex 4.47832 0.441071 0
      vertex 4.47832 0.441071 3
    endloop
  endfacet
  facet normal -0.970032 -0.242977 0
    outer loop
      vertex 4.41353 0.877899 0
      vertex 4.30623 1.30627 3
      vertex 4.30623 1.30627 0
    endloop
  endfacet
  facet normal -0.970032 -0.242977 0
    outer loop
      vertex 4.30623 1.30627 3
      vertex 4.41353 0.877899 0
      vertex 4.41353 0.877899 3
    endloop
  endfacet
  facet normal -0.941546 -0.336886 0
    outer loop
      vertex 4.30623 1.30627 0
      vertex 4.15746 1.72206 3
      vertex 4.15746 1.72206 0
    endloop
  endfacet
  facet normal -0.941546 -0.336886 0
    outer loop
      vertex 4.15746 1.72206 3
      vertex 4.30623 1.30627 0
      vertex 4.30623 1.30627 3
    endloop
  endfacet
  facet normal -0.903987 -0.427561 0
    outer loop
      vertex 4.15746 1.72206 0
      vertex 3.96864 2.12128 3
      vertex 3.96864 2.12128 0
    endloop
  endfacet
  facet normal -0.903987 -0.427561 0
    outer loop
      vertex 3.96864 2.12128 3
      vertex 4.15746 1.72206 0
      vertex 4.15746 1.72206 3
    endloop
  endfacet
  facet normal -0.857731 -0.514099 0
    outer loop
      vertex 3.96864 2.12128 0
      vertex 3.74161 2.50006 3
      vertex 3.74161 2.50006 0
    endloop
  endfacet
  facet normal -0.857731 -0.514099 0
    outer loop
      vertex 3.74161 2.50006 3
      vertex 3.96864 2.12128 0
      vertex 3.96864 2.12128 3
    endloop
  endfacet
  facet normal -0.803219 -0.595683 0
    outer loop
      vertex 3.74161 2.50006 0
      vertex 3.47855 2.85477 3
      vertex 3.47855 2.85477 0
    endloop
  endfacet
  facet normal -0.803219 -0.595683 0
    outer loop
      vertex 3.47855 2.85477 3
      vertex 3.74161 2.50006 0
      vertex 3.74161 2.50006 3
    endloop
  endfacet
  facet normal -0.740946 -0.671564 0
    outer loop
      vertex 3.47855 2.85477 0
      vertex 3.18198 3.18198 3
      vertex 3.18198 3.18198 0
    endloop
  endfacet
  facet normal -0.740946 -0.671564 0
    outer loop
      vertex 3.18198 3.18198 3
      vertex 3.47855 2.85477 0
      vertex 3.47855 2.85477 3
    endloop
  endfacet
  facet normal -0.671564 -0.740946 0
    outer loop
      vertex 2.85477 3.47855 0
      vertex 3.18198 3.18198 3
      vertex 2.85477 3.47855 3
    endloop
  endfacet
  facet normal -0.671564 -0.740946 -0
    outer loop
      vertex 3.18198 3.18198 3
      vertex 2.85477 3.47855 0
      vertex 3.18198 3.18198 0
    endloop
  endfacet
  facet normal -0.595683 -0.803219 0
    outer loop
      vertex 2.50006 3.74161 0
      vertex 2.85477 3.47855 3
      vertex 2.50006 3.74161 3
    endloop
  endfacet
  facet normal -0.595683 -0.803219 -0
    outer loop
      vertex 2.85477 3.47855 3
      vertex 2.50006 3.74161 0
      vertex 2.85477 3.47855 0
    endloop
  endfacet
  facet normal -0.514099 -0.857731 0
    outer loop
      vertex 2.12128 3.96864 0
      vertex 2.50006 3.74161 3
      vertex 2.12128 3.96864 3
    endloop
  endfacet
  facet normal -0.514099 -0.857731 -0
    outer loop
      vertex 2.50006 3.74161 3
      vertex 2.12128 3.96864 0
      vertex 2.50006 3.74161 0
    endloop
  endfacet
  facet normal -0.427561 -0.903987 0
    outer loop
      vertex 1.72206 4.15746 0
      vertex 2.12128 3.96864 3
      vertex 1.72206 4.15746 3
    endloop
  endfacet
  facet normal -0.427561 -0.903987 -0
    outer loop
      vertex 2.12128 3.96864 3
      vertex 1.72206 4.15746 0
      vertex 2.12128 3.96864 0
    endloop
  endfacet
  facet normal -0.336886 -0.941546 0
    outer loop
      vertex 1.30627 4.30623 0
      vertex 1.72206 4.15746 3
      vertex 1.30627 4.30623 3
    endloop
  endfacet
  facet normal -0.336886 -0.941546 -0
    outer loop
      vertex 1.72206 4.15746 3
      vertex 1.30627 4.30623 0
      vertex 1.72206 4.15746 0
    endloop
  endfacet
  facet normal -0.242977 -0.970032 0
    outer loop
      vertex 0.877899 4.41353 0
      vertex 1.30627 4.30623 3
      vertex 0.877899 4.41353 3
    endloop
  endfacet
  facet normal -0.242977 -0.970032 -0
    outer loop
      vertex 1.30627 4.30623 3
      vertex 0.877899 4.41353 0
      vertex 1.30627 4.30623 0
    endloop
  endfacet
  facet normal -0.146714 -0.989179 0
    outer loop
      vertex 0.441071 4.47832 0
      vertex 0.877899 4.41353 3
      vertex 0.441071 4.47832 3
    endloop
  endfacet
  facet normal -0.146714 -0.989179 -0
    outer loop
      vertex 0.877899 4.41353 3
      vertex 0.441071 4.47832 0
      vertex 0.877899 4.41353 0
    endloop
  endfacet
  facet normal -0.0490938 -0.998794 0
    outer loop
      vertex 0 4.5 0
      vertex 0.441071 4.47832 3
      vertex 0 4.5 3
    endloop
  endfacet
  facet normal -0.0490938 -0.998794 -0
    outer loop
      vertex 0.441071 4.47832 3
      vertex 0 4.5 0
      vertex 0.441071 4.47832 0
    endloop
  endfacet
  facet normal 0.0490938 -0.998794 0
    outer loop
      vertex -0.441071 4.47832 0
      vertex 0 4.5 3
      vertex -0.441071 4.47832 3
    endloop
  endfacet
  facet normal 0.0490938 -0.998794 0
    outer loop
      vertex 0 4.5 3
      vertex -0.441071 4.47832 0
      vertex 0 4.5 0
    endloop
  endfacet
  facet normal 0.146714 -0.989179 0
    outer loop
      vertex -0.877899 4.41353 0
      vertex -0.441071 4.47832 3
      vertex -0.877899 4.41353 3
    endloop
  endfacet
  facet normal 0.146714 -0.989179 0
    outer loop
      vertex -0.441071 4.47832 3
      vertex -0.877899 4.41353 0
      vertex -0.441071 4.47832 0
    endloop
  endfacet
  facet normal 0.242977 -0.970032 0
    outer loop
      vertex -1.30627 4.30623 0
      vertex -0.877899 4.41353 3
      vertex -1.30627 4.30623 3
    endloop
  endfacet
  facet normal 0.242977 -0.970032 0
    outer loop
      vertex -0.877899 4.41353 3
      vertex -1.30627 4.30623 0
      vertex -0.877899 4.41353 0
    endloop
  endfacet
  facet normal 0.336886 -0.941546 0
    outer loop
      vertex -1.72206 4.15746 0
      vertex -1.30627 4.30623 3
      vertex -1.72206 4.15746 3
    endloop
  endfacet
  facet normal 0.336886 -0.941546 0
    outer loop
      vertex -1.30627 4.30623 3
      vertex -1.72206 4.15746 0
      vertex -1.30627 4.30623 0
    endloop
  endfacet
  facet normal 0.427561 -0.903987 0
    outer loop
      vertex -2.12128 3.96864 0
      vertex -1.72206 4.15746 3
      vertex -2.12128 3.96864 3
    endloop
  endfacet
  facet normal 0.427561 -0.903987 0
    outer loop
      vertex -1.72206 4.15746 3
      vertex -2.12128 3.96864 0
      vertex -1.72206 4.15746 0
    endloop
  endfacet
  facet normal 0.514099 -0.857731 0
    outer loop
      vertex -2.50006 3.74161 0
      vertex -2.12128 3.96864 3
      vertex -2.50006 3.74161 3
    endloop
  endfacet
  facet normal 0.514099 -0.857731 0
    outer loop
      vertex -2.12128 3.96864 3
      vertex -2.50006 3.74161 0
      vertex -2.12128 3.96864 0
    endloop
  endfacet
  facet normal 0.595683 -0.803219 0
    outer loop
      vertex -2.85477 3.47855 0
      vertex -2.50006 3.74161 3
      vertex -2.85477 3.47855 3
    endloop
  endfacet
  facet normal 0.595683 -0.803219 0
    outer loop
      vertex -2.50006 3.74161 3
      vertex -2.85477 3.47855 0
      vertex -2.50006 3.74161 0
    endloop
  endfacet
  facet normal 0.671564 -0.740946 0
    outer loop
      vertex -3.18198 3.18198 0
      vertex -2.85477 3.47855 3
      vertex -3.18198 3.18198 3
    endloop
  endfacet
  facet normal 0.671564 -0.740946 0
    outer loop
      vertex -2.85477 3.47855 3
      vertex -3.18198 3.18198 0
      vertex -2.85477 3.47855 0
    endloop
  endfacet
  facet normal 0.740946 -0.671564 0
    outer loop
      vertex -3.47855 2.85477 3
      vertex -3.18198 3.18198 0
      vertex -3.18198 3.18198 3
    endloop
  endfacet
  facet normal 0.740946 -0.671564 0
    outer loop
      vertex -3.18198 3.18198 0
      vertex -3.47855 2.85477 3
      vertex -3.47855 2.85477 0
    endloop
  endfacet
  facet normal 0.803219 -0.595683 0
    outer loop
      vertex -3.74161 2.50006 3
      vertex -3.47855 2.85477 0
      vertex -3.47855 2.85477 3
    endloop
  endfacet
  facet normal 0.803219 -0.595683 0
    outer loop
      vertex -3.47855 2.85477 0
      vertex -3.74161 2.50006 3
      vertex -3.74161 2.50006 0
    endloop
  endfacet
  facet normal 0.857731 -0.514099 0
    outer loop
      vertex -3.96864 2.12128 3
      vertex -3.74161 2.50006 0
      vertex -3.74161 2.50006 3
    endloop
  endfacet
  facet normal 0.857731 -0.514099 0
    outer loop
      vertex -3.74161 2.50006 0
      vertex -3.96864 2.12128 3
      vertex -3.96864 2.12128 0
    endloop
  endfacet
  facet normal 0.903987 -0.427561 0
    outer loop
      vertex -4.15746 1.72206 3
      vertex -3.96864 2.12128 0
      vertex -3.96864 2.12128 3
    endloop
  endfacet
  facet normal 0.903987 -0.427561 0
    outer loop
      vertex -3.96864 2.12128 0
      vertex -4.15746 1.72206 3
      vertex -4.15746 1.72206 0
    endloop
  endfacet
  facet normal 0.941546 -0.336886 0
    outer loop
      vertex -4.30623 1.30627 3
      vertex -4.15746 1.72206 0
      vertex -4.15746 1.72206 3
    endloop
  endfacet
  facet normal 0.941546 -0.336886 0
    outer loop
      vertex -4.15746 1.72206 0
      vertex -4.30623 1.30627 3
      vertex -4.30623 1.30627 0
    endloop
  endfacet
  facet normal 0.970032 -0.242977 0
    outer loop
      vertex -4.41353 0.877899 3
      vertex -4.30623 1.30627 0
      vertex -4.30623 1.30627 3
    endloop
  endfacet
  facet normal 0.970032 -0.242977 0
    outer loop
      vertex -4.30623 1.30627 0
      vertex -4.41353 0.877899 3
      vertex -4.41353 0.877899 0
    endloop
  endfacet
  facet normal 0.989179 -0.146714 0
    outer loop
      vertex -4.47832 0.441071 3
      vertex -4.41353 0.877899 0
      vertex -4.41353 0.877899 3
    endloop
  endfacet
  facet normal 0.989179 -0.146714 0
    outer loop
      vertex -4.41353 0.877899 0
      vertex -4.47832 0.441071 3
      vertex -4.47832 0.441071 0
    endloop
  endfacet
  facet normal 0.998794 -0.0490938 0
    outer loop
      vertex -4.5 0 3
      vertex -4.47832 0.441071 0
      vertex -4.47832 0.441071 3
    endloop
  endfacet
  facet normal 0.998794 -0.0490938 0
    outer loop
      vertex -4.47832 0.441071 0
      vertex -4.5 0 3
      vertex -4.5 0 0
    endloop
  endfacet
  facet normal 0.998794 0.0490938 0
    outer loop
      vertex -4.47832 -0.441071 3
      vertex -4.5 0 0
      vertex -4.5 0 3
    endloop
  endfacet
  facet normal 0.998794 0.0490938 0
    outer loop
      vertex -4.5 0 0
      vertex -4.47832 -0.441071 3
      vertex -4.47832 -0.441071 0
    endloop
  endfacet
  facet normal 0.989179 0.146714 0
    outer loop
      vertex -4.41353 -0.877899 3
      vertex -4.47832 -0.441071 0
      vertex -4.47832 -0.441071 3
    endloop
  endfacet
  facet normal 0.989179 0.146714 0
    outer loop
      vertex -4.47832 -0.441071 0
      vertex -4.41353 -0.877899 3
      vertex -4.41353 -0.877899 0
    endloop
  endfacet
  facet normal 0.970032 0.242977 0
    outer loop
      vertex -4.30623 -1.30627 3
      vertex -4.41353 -0.877899 0
      vertex -4.41353 -0.877899 3
    endloop
  endfacet
  facet normal 0.970032 0.242977 0
    outer loop
      vertex -4.41353 -0.877899 0
      vertex -4.30623 -1.30627 3
      vertex -4.30623 -1.30627 0
    endloop
  endfacet
  facet normal 0.941546 0.336886 0
    outer loop
      vertex -4.15746 -1.72206 3
      vertex -4.30623 -1.30627 0
      vertex -4.30623 -1.30627 3
    endloop
  endfacet
  facet normal 0.941546 0.336886 0
    outer loop
      vertex -4.30623 -1.30627 0
      vertex -4.15746 -1.72206 3
      vertex -4.15746 -1.72206 0
    endloop
  endfacet
  facet normal 0.903987 0.427561 0
    outer loop
      vertex -3.96864 -2.12128 3
      vertex -4.15746 -1.72206 0
      vertex -4.15746 -1.72206 3
    endloop
  endfacet
  facet normal 0.903987 0.427561 0
    outer loop
      vertex -4.15746 -1.72206 0
      vertex -3.96864 -2.12128 3
      vertex -3.96864 -2.12128 0
    endloop
  endfacet
  facet normal 0.857731 0.514099 0
    outer loop
      vertex -3.74161 -2.50006 3
      vertex -3.96864 -2.12128 0
      vertex -3.96864 -2.12128 3
    endloop
  endfacet
  facet normal 0.857731 0.514099 0
    outer loop
      vertex -3.96864 -2.12128 0
      vertex -3.74161 -2.50006 3
      vertex -3.74161 -2.50006 0
    endloop
  endfacet
  facet normal 0.803219 0.595683 0
    outer loop
      vertex -3.47855 -2.85477 3
      vertex -3.74161 -2.50006 0
      vertex -3.74161 -2.50006 3
    endloop
  endfacet
  facet normal 0.803219 0.595683 0
    outer loop
      vertex -3.74161 -2.50006 0
      vertex -3.47855 -2.85477 3
      vertex -3.47855 -2.85477 0
    endloop
  endfacet
  facet normal 0.740946 0.671564 0
    outer loop
      vertex -3.18198 -3.18198 3
      vertex -3.47855 -2.85477 0
      vertex -3.47855 -2.85477 3
    endloop
  endfacet
  facet normal 0.740946 0.671564 0
    outer loop
      vertex -3.47855 -2.85477 0
      vertex -3.18198 -3.18198 3
      vertex -3.18198 -3.18198 0
    endloop
  endfacet
  facet normal 0.671564 0.740946 -0
    outer loop
      vertex -2.85477 -3.47855 0
      vertex -3.18198 -3.18198 3
      vertex -2.85477 -3.47855 3
    endloop
  endfacet
  facet normal 0.671564 0.740946 0
    outer loop
      vertex -3.18198 -3.18198 3
      vertex -2.85477 -3.47855 0
      vertex -3.18198 -3.18198 0
    endloop
  endfacet
  facet normal 0.595683 0.803219 -0
    outer loop
      vertex -2.50006 -3.74161 0
      vertex -2.85477 -3.47855 3
      vertex -2.50006 -3.74161 3
    endloop
  endfacet
  facet normal 0.595683 0.803219 0
    outer loop
      vertex -2.85477 -3.47855 3
      vertex -2.50006 -3.74161 0
      vertex -2.85477 -3.47855 0
    endloop
  endfacet
  facet normal 0.514099 0.857731 -0
    outer loop
      vertex -2.12128 -3.96864 0
      vertex -2.50006 -3.74161 3
      vertex -2.12128 -3.96864 3
    endloop
  endfacet
  facet normal 0.514099 0.857731 0
    outer loop
      vertex -2.50006 -3.74161 3
      vertex -2.12128 -3.96864 0
      vertex -2.50006 -3.74161 0
    endloop
  endfacet
  facet normal 0.427561 0.903987 -0
    outer loop
      vertex -1.72206 -4.15746 0
      vertex -2.12128 -3.96864 3
      vertex -1.72206 -4.15746 3
    endloop
  endfacet
  facet normal 0.427561 0.903987 0
    outer loop
      vertex -2.12128 -3.96864 3
      vertex -1.72206 -4.15746 0
      vertex -2.12128 -3.96864 0
    endloop
  endfacet
  facet normal 0.336886 0.941546 -0
    outer loop
      vertex -1.30627 -4.30623 0
      vertex -1.72206 -4.15746 3
      vertex -1.30627 -4.30623 3
    endloop
  endfacet
  facet normal 0.336886 0.941546 0
    outer loop
      vertex -1.72206 -4.15746 3
      vertex -1.30627 -4.30623 0
      vertex -1.72206 -4.15746 0
    endloop
  endfacet
  facet normal 0.242977 0.970032 -0
    outer loop
      vertex -0.877899 -4.41353 0
      vertex -1.30627 -4.30623 3
      vertex -0.877899 -4.41353 3
    endloop
  endfacet
  facet normal 0.242977 0.970032 0
    outer loop
      vertex -1.30627 -4.30623 3
      vertex -0.877899 -4.41353 0
      vertex -1.30627 -4.30623 0
    endloop
  endfacet
  facet normal 0.146714 0.989179 -0
    outer loop
      vertex -0.441071 -4.47832 0
      vertex -0.877899 -4.41353 3
      vertex -0.441071 -4.47832 3
    endloop
  endfacet
  facet normal 0.146714 0.989179 0
    outer loop
      vertex -0.877899 -4.41353 3
      vertex -0.441071 -4.47832 0
      vertex -0.877899 -4.41353 0
    endloop
  endfacet
  facet normal 0.0490938 0.998794 -0
    outer loop
      vertex 0 -4.5 0
      vertex -0.441071 -4.47832 3
      vertex 0 -4.5 3
    endloop
  endfacet
  facet normal 0.0490938 0.998794 0
    outer loop
      vertex -0.441071 -4.47832 3
      vertex 0 -4.5 0
      vertex -0.441071 -4.47832 0
    endloop
  endfacet
  facet normal -0.0490938 0.998794 0
    outer loop
      vertex 0.441071 -4.47832 0
      vertex 0 -4.5 3
      vertex 0.441071 -4.47832 3
    endloop
  endfacet
  facet normal -0.0490938 0.998794 0
    outer loop
      vertex 0 -4.5 3
      vertex 0.441071 -4.47832 0
      vertex 0 -4.5 0
    endloop
  endfacet
  facet normal -0.178992 0.98385 0
    outer loop
      vertex -8.93587 -8.03207 0
      vertex -9.1869 -8.07774 3
      vertex -8.93587 -8.03207 3
    endloop
  endfacet
  facet normal -0.178992 0.98385 0
    outer loop
      vertex -9.1869 -8.07774 3
      vertex -8.93587 -8.03207 0
      vertex -9.1869 -8.07774 0
    endloop
  endfacet
  facet normal -0.274597 0.961559 0
    outer loop
      vertex -8.69054 -7.96201 0
      vertex -8.93587 -8.03207 3
      vertex -8.69054 -7.96201 3
    endloop
  endfacet
  facet normal -0.274597 0.961559 0
    outer loop
      vertex -8.93587 -8.03207 3
      vertex -8.69054 -7.96201 0
      vertex -8.93587 -8.03207 0
    endloop
  endfacet
  facet normal -0.367489 0.930028 0
    outer loop
      vertex -8.45323 -7.86824 0
      vertex -8.69054 -7.96201 3
      vertex -8.45323 -7.86824 3
    endloop
  endfacet
  facet normal -0.367489 0.930028 0
    outer loop
      vertex -8.69054 -7.96201 3
      vertex -8.45323 -7.86824 0
      vertex -8.69054 -7.96201 0
    endloop
  endfacet
  facet normal -0.456907 0.889514 0
    outer loop
      vertex -8.22627 -7.75166 0
      vertex -8.45323 -7.86824 3
      vertex -8.22627 -7.75166 3
    endloop
  endfacet
  facet normal -0.456907 0.889514 0
    outer loop
      vertex -8.45323 -7.86824 3
      vertex -8.22627 -7.75166 0
      vertex -8.45323 -7.86824 0
    endloop
  endfacet
  facet normal -0.54191 0.840437 0
    outer loop
      vertex -8.01183 -7.61339 0
      vertex -8.22627 -7.75166 3
      vertex -8.01183 -7.61339 3
    endloop
  endfacet
  facet normal -0.54191 0.840437 0
    outer loop
      vertex -8.22627 -7.75166 3
      vertex -8.01183 -7.61339 0
      vertex -8.22627 -7.75166 0
    endloop
  endfacet
  facet normal -0.62166 0.783287 0
    outer loop
      vertex -7.81197 -7.45477 0
      vertex -8.01183 -7.61339 3
      vertex -7.81197 -7.45477 3
    endloop
  endfacet
  facet normal -0.62166 0.783287 0
    outer loop
      vertex -8.01183 -7.61339 3
      vertex -7.81197 -7.45477 0
      vertex -8.01183 -7.61339 0
    endloop
  endfacet
  facet normal -0.69545 0.718574 0
    outer loop
      vertex -7.62863 -7.27733 0
      vertex -7.81197 -7.45477 3
      vertex -7.62863 -7.27733 3
    endloop
  endfacet
  facet normal -0.69545 0.718574 0
    outer loop
      vertex -7.81197 -7.45477 3
      vertex -7.62863 -7.27733 0
      vertex -7.81197 -7.45477 0
    endloop
  endfacet
  facet normal -0.762495 0.646994 0
    outer loop
      vertex -7.62863 -7.27733 0
      vertex -7.46355 -7.08278 3
      vertex -7.46355 -7.08278 0
    endloop
  endfacet
  facet normal -0.762495 0.646994 0
    outer loop
      vertex -7.46355 -7.08278 3
      vertex -7.62863 -7.27733 0
      vertex -7.62863 -7.27733 3
    endloop
  endfacet
  facet normal -0.822271 0.569096 0
    outer loop
      vertex -7.46355 -7.08278 0
      vertex -7.31834 -6.87297 3
      vertex -7.31834 -6.87297 0
    endloop
  endfacet
  facet normal -0.822271 0.569096 0
    outer loop
      vertex -7.31834 -6.87297 3
      vertex -7.46355 -7.08278 0
      vertex -7.46355 -7.08278 3
    endloop
  endfacet
  facet normal -0.874091 0.485763 0
    outer loop
      vertex -7.31834 -6.87297 0
      vertex -7.1944 -6.64995 3
      vertex -7.1944 -6.64995 0
    endloop
  endfacet
  facet normal -0.874091 0.485763 0
    outer loop
      vertex -7.1944 -6.64995 3
      vertex -7.31834 -6.87297 0
      vertex -7.31834 -6.87297 3
    endloop
  endfacet
  facet normal -0.917489 0.397761 0
    outer loop
      vertex -7.1944 -6.64995 0
      vertex -7.09291 -6.41585 3
      vertex -7.09291 -6.41585 0
    endloop
  endfacet
  facet normal -0.917489 0.397761 0
    outer loop
      vertex -7.09291 -6.41585 3
      vertex -7.1944 -6.64995 0
      vertex -7.1944 -6.64995 3
    endloop
  endfacet
  facet normal -0.952064 0.305898 0
    outer loop
      vertex -7.09291 -6.41585 0
      vertex -7.01486 -6.17293 3
      vertex -7.01486 -6.17293 0
    endloop
  endfacet
  facet normal -0.952064 0.305898 0
    outer loop
      vertex -7.01486 -6.17293 3
      vertex -7.09291 -6.41585 0
      vertex -7.09291 -6.41585 3
    endloop
  endfacet
  facet normal -0.977468 0.211084 0
    outer loop
      vertex -7.01486 -6.17293 0
      vertex -6.961 -5.92352 3
      vertex -6.961 -5.92352 0
    endloop
  endfacet
  facet normal -0.977468 0.211084 0
    outer loop
      vertex -6.961 -5.92352 3
      vertex -7.01486 -6.17293 0
      vertex -7.01486 -6.17293 3
    endloop
  endfacet
  facet normal -0.993448 0.114285 0
    outer loop
      vertex -6.961 -5.92352 0
      vertex -6.93184 -5.67004 3
      vertex -6.93184 -5.67004 0
    endloop
  endfacet
  facet normal -0.993448 0.114285 0
    outer loop
      vertex -6.93184 -5.67004 3
      vertex -6.961 -5.92352 0
      vertex -6.961 -5.92352 3
    endloop
  endfacet
  facet normal -0.999866 0.0163822 0
    outer loop
      vertex -6.93184 -5.67004 0
      vertex -6.92766 -5.41492 3
      vertex -6.92766 -5.41492 0
    endloop
  endfacet
  facet normal -0.999866 0.0163822 0
    outer loop
      vertex -6.92766 -5.41492 3
      vertex -6.93184 -5.67004 0
      vertex -6.93184 -5.67004 3
    endloop
  endfacet
  facet normal -0.996652 -0.0817577 0
    outer loop
      vertex -6.92766 -5.41492 0
      vertex -6.94852 -5.16063 3
      vertex -6.94852 -5.16063 0
    endloop
  endfacet
  facet normal -0.996652 -0.0817577 0
    outer loop
      vertex -6.94852 -5.16063 3
      vertex -6.92766 -5.41492 0
      vertex -6.92766 -5.41492 3
    endloop
  endfacet
  facet normal -0.983852 -0.178985 0
    outer loop
      vertex -6.94852 -5.16063 0
      vertex -6.99419 -4.90959 3
      vertex -6.99419 -4.90959 0
    endloop
  endfacet
  facet normal -0.983852 -0.178985 0
    outer loop
      vertex -6.99419 -4.90959 3
      vertex -6.94852 -5.16063 0
      vertex -6.94852 -5.16063 3
    endloop
  endfacet
  facet normal -0.961562 -0.274587 0
    outer loop
      vertex -6.99419 -4.90959 0
      vertex -7.06425 -4.66425 3
      vertex -7.06425 -4.66425 0
    endloop
  endfacet
  facet normal -0.961562 -0.274587 0
    outer loop
      vertex -7.06425 -4.66425 3
      vertex -6.99419 -4.90959 0
      vertex -6.99419 -4.90959 3
    endloop
  endfacet
  facet normal -0.930017 -0.367515 0
    outer loop
      vertex -7.06425 -4.66425 0
      vertex -7.15802 -4.42696 3
      vertex -7.15802 -4.42696 0
    endloop
  endfacet
  facet normal -0.930017 -0.367515 0
    outer loop
      vertex -7.15802 -4.42696 3
      vertex -7.06425 -4.66425 0
      vertex -7.06425 -4.66425 3
    endloop
  endfacet
  facet normal -0.889499 -0.456938 0
    outer loop
      vertex -7.15802 -4.42696 0
      vertex -7.27461 -4.2 3
      vertex -7.27461 -4.2 0
    endloop
  endfacet
  facet normal -0.889499 -0.456938 0
    outer loop
      vertex -7.27461 -4.2 3
      vertex -7.15802 -4.42696 0
      vertex -7.15802 -4.42696 3
    endloop
  endfacet
  facet normal -0.840466 -0.541864 0
    outer loop
      vertex -7.27461 -4.2 0
      vertex -7.41287 -3.98555 3
      vertex -7.41287 -3.98555 0
    endloop
  endfacet
  facet normal -0.840466 -0.541864 0
    outer loop
      vertex -7.41287 -3.98555 3
      vertex -7.27461 -4.2 0
      vertex -7.27461 -4.2 3
    endloop
  endfacet
  facet normal -0.783287 -0.62166 0
    outer loop
      vertex -7.41287 -3.98555 0
      vertex -7.57149 -3.78569 3
      vertex -7.57149 -3.78569 0
    endloop
  endfacet
  facet normal -0.783287 -0.62166 0
    outer loop
      vertex -7.57149 -3.78569 3
      vertex -7.41287 -3.98555 0
      vertex -7.41287 -3.98555 3
    endloop
  endfacet
  facet normal -0.718593 -0.695431 0
    outer loop
      vertex -7.57149 -3.78569 0
      vertex -7.74893 -3.60234 3
      vertex -7.74893 -3.60234 0
    endloop
  endfacet
  facet normal -0.718593 -0.695431 0
    outer loop
      vertex -7.74893 -3.60234 3
      vertex -7.57149 -3.78569 0
      vertex -7.57149 -3.78569 3
    endloop
  endfacet
  facet normal -0.646933 -0.762547 0
    outer loop
      vertex -7.9435 -3.43727 0
      vertex -7.74893 -3.60234 3
      vertex -7.9435 -3.43727 3
    endloop
  endfacet
  facet normal -0.646933 -0.762547 -0
    outer loop
      vertex -7.74893 -3.60234 3
      vertex -7.9435 -3.43727 0
      vertex -7.74893 -3.60234 0
    endloop
  endfacet
  facet normal -0.569106 -0.822264 0
    outer loop
      vertex -8.15329 -3.29207 0
      vertex -7.9435 -3.43727 3
      vertex -8.15329 -3.29207 3
    endloop
  endfacet
  facet normal -0.569106 -0.822264 -0
    outer loop
      vertex -7.9435 -3.43727 3
      vertex -8.15329 -3.29207 0
      vertex -7.9435 -3.43727 0
    endloop
  endfacet
  facet normal -0.485759 -0.874093 0
    outer loop
      vertex -8.37633 -3.16812 0
      vertex -8.15329 -3.29207 3
      vertex -8.37633 -3.16812 3
    endloop
  endfacet
  facet normal -0.485759 -0.874093 -0
    outer loop
      vertex -8.15329 -3.29207 3
      vertex -8.37633 -3.16812 0
      vertex -8.15329 -3.29207 0
    endloop
  endfacet
  facet normal -0.397728 -0.917503 0
    outer loop
      vertex -8.61043 -3.06664 0
      vertex -8.37633 -3.16812 3
      vertex -8.61043 -3.06664 3
    endloop
  endfacet
  facet normal -0.397728 -0.917503 -0
    outer loop
      vertex -8.37633 -3.16812 3
      vertex -8.61043 -3.06664 0
      vertex -8.37633 -3.16812 0
    endloop
  endfacet
  facet normal -0.305898 -0.952064 0
    outer loop
      vertex -8.85335 -2.98859 0
      vertex -8.61043 -3.06664 3
      vertex -8.85335 -2.98859 3
    endloop
  endfacet
  facet normal -0.305898 -0.952064 -0
    outer loop
      vertex -8.61043 -3.06664 3
      vertex -8.85335 -2.98859 0
      vertex -8.61043 -3.06664 0
    endloop
  endfacet
  facet normal -0.211137 -0.977456 0
    outer loop
      vertex -9.10274 -2.93472 0
      vertex -8.85335 -2.98859 3
      vertex -9.10274 -2.93472 3
    endloop
  endfacet
  facet normal -0.211137 -0.977456 -0
    outer loop
      vertex -8.85335 -2.98859 3
      vertex -9.10274 -2.93472 0
      vertex -8.85335 -2.98859 0
    endloop
  endfacet
  facet normal -0.114285 -0.993448 0
    outer loop
      vertex -9.35622 -2.90556 0
      vertex -9.10274 -2.93472 3
      vertex -9.35622 -2.90556 3
    endloop
  endfacet
  facet normal -0.114285 -0.993448 -0
    outer loop
      vertex -9.10274 -2.93472 3
      vertex -9.35622 -2.90556 0
      vertex -9.10274 -2.93472 0
    endloop
  endfacet
  facet normal -0.0163822 -0.999866 0
    outer loop
      vertex -9.61134 -2.90138 0
      vertex -9.35622 -2.90556 3
      vertex -9.61134 -2.90138 3
    endloop
  endfacet
  facet normal -0.0163822 -0.999866 -0
    outer loop
      vertex -9.35622 -2.90556 3
      vertex -9.61134 -2.90138 0
      vertex -9.35622 -2.90556 0
    endloop
  endfacet
  facet normal 0.0817513 -0.996653 0
    outer loop
      vertex -9.86565 -2.92224 0
      vertex -9.61134 -2.90138 3
      vertex -9.86565 -2.92224 3
    endloop
  endfacet
  facet normal 0.0817513 -0.996653 0
    outer loop
      vertex -9.61134 -2.90138 3
      vertex -9.86565 -2.92224 0
      vertex -9.61134 -2.90138 0
    endloop
  endfacet
  facet normal 0.178979 -0.983853 0
    outer loop
      vertex -10.1167 -2.96791 0
      vertex -9.86565 -2.92224 3
      vertex -10.1167 -2.96791 3
    endloop
  endfacet
  facet normal 0.178979 -0.983853 0
    outer loop
      vertex -9.86565 -2.92224 3
      vertex -10.1167 -2.96791 0
      vertex -9.86565 -2.92224 0
    endloop
  endfacet
  facet normal 0.274664 -0.96154 0
    outer loop
      vertex -10.362 -3.03798 0
      vertex -10.1167 -2.96791 3
      vertex -10.362 -3.03798 3
    endloop
  endfacet
  facet normal 0.274664 -0.96154 0
    outer loop
      vertex -10.1167 -2.96791 3
      vertex -10.362 -3.03798 0
      vertex -10.1167 -2.96791 0
    endloop
  endfacet
  facet normal 0.367468 -0.930036 0
    outer loop
      vertex -10.5993 -3.13174 0
      vertex -10.362 -3.03798 3
      vertex -10.5993 -3.13174 3
    endloop
  endfacet
  facet normal 0.367468 -0.930036 0
    outer loop
      vertex -10.362 -3.03798 3
      vertex -10.5993 -3.13174 0
      vertex -10.362 -3.03798 0
    endloop
  endfacet
  facet normal 0.456843 -0.889547 0
    outer loop
      vertex -10.8263 -3.24832 0
      vertex -10.5993 -3.13174 3
      vertex -10.8263 -3.24832 3
    endloop
  endfacet
  facet normal 0.456843 -0.889547 0
    outer loop
      vertex -10.5993 -3.13174 3
      vertex -10.8263 -3.24832 0
      vertex -10.5993 -3.13174 0
    endloop
  endfacet
  facet normal 0.542009 -0.840373 0
    outer loop
      vertex -11.0407 -3.3866 0
      vertex -10.8263 -3.24832 3
      vertex -11.0407 -3.3866 3
    endloop
  endfacet
  facet normal 0.542009 -0.840373 0
    outer loop
      vertex -10.8263 -3.24832 3
      vertex -11.0407 -3.3866 0
      vertex -10.8263 -3.24832 0
    endloop
  endfacet
  facet normal 0.62156 -0.783367 0
    outer loop
      vertex -11.2406 -3.54521 0
      vertex -11.0407 -3.3866 3
      vertex -11.2406 -3.54521 3
    endloop
  endfacet
  facet normal 0.62156 -0.783367 0
    outer loop
      vertex -11.0407 -3.3866 3
      vertex -11.2406 -3.54521 0
      vertex -11.0407 -3.3866 0
    endloop
  endfacet
  facet normal 0.695549 -0.718479 0
    outer loop
      vertex -11.4239 -3.72266 0
      vertex -11.2406 -3.54521 3
      vertex -11.4239 -3.72266 3
    endloop
  endfacet
  facet normal 0.695549 -0.718479 0
    outer loop
      vertex -11.2406 -3.54521 3
      vertex -11.4239 -3.72266 0
      vertex -11.2406 -3.54521 0
    endloop
  endfacet
  facet normal 0.762456 -0.64704 0
    outer loop
      vertex -11.589 -3.91721 3
      vertex -11.4239 -3.72266 0
      vertex -11.4239 -3.72266 3
    endloop
  endfacet
  facet normal 0.762456 -0.64704 0
    outer loop
      vertex -11.4239 -3.72266 0
      vertex -11.589 -3.91721 3
      vertex -11.589 -3.91721 0
    endloop
  endfacet
  facet normal 0.822277 -0.569088 0
    outer loop
      vertex -11.7342 -4.12701 3
      vertex -11.589 -3.91721 0
      vertex -11.589 -3.91721 3
    endloop
  endfacet
  facet normal 0.822277 -0.569088 0
    outer loop
      vertex -11.589 -3.91721 0
      vertex -11.7342 -4.12701 3
      vertex -11.7342 -4.12701 0
    endloop
  endfacet
  facet normal 0.874167 -0.485626 0
    outer loop
      vertex -11.8581 -4.35004 3
      vertex -11.7342 -4.12701 0
      vertex -11.7342 -4.12701 3
    endloop
  endfacet
  facet normal 0.874167 -0.485626 0
    outer loop
      vertex -11.7342 -4.12701 0
      vertex -11.8581 -4.35004 3
      vertex -11.8581 -4.35004 0
    endloop
  endfacet
  facet normal 0.917475 -0.397794 0
    outer loop
      vertex -11.9596 -4.58414 3
      vertex -11.8581 -4.35004 0
      vertex -11.8581 -4.35004 3
    endloop
  endfacet
  facet normal 0.917475 -0.397794 0
    outer loop
      vertex -11.8581 -4.35004 0
      vertex -11.9596 -4.58414 3
      vertex -11.9596 -4.58414 0
    endloop
  endfacet
  facet normal 0.952007 -0.306075 0
    outer loop
      vertex -12.0377 -4.82706 3
      vertex -11.9596 -4.58414 0
      vertex -11.9596 -4.58414 3
    endloop
  endfacet
  facet normal 0.952007 -0.306075 0
    outer loop
      vertex -11.9596 -4.58414 0
      vertex -12.0377 -4.82706 3
      vertex -12.0377 -4.82706 0
    endloop
  endfacet
  facet normal 0.977515 -0.210867 0
    outer loop
      vertex -12.0915 -5.07646 3
      vertex -12.0377 -4.82706 0
      vertex -12.0377 -4.82706 3
    endloop
  endfacet
  facet normal 0.977515 -0.210867 0
    outer loop
      vertex -12.0377 -4.82706 0
      vertex -12.0915 -5.07646 3
      vertex -12.0915 -5.07646 0
    endloop
  endfacet
  facet normal 0.99343 -0.11444 0
    outer loop
      vertex -12.1207 -5.32994 3
      vertex -12.0915 -5.07646 0
      vertex -12.0915 -5.07646 3
    endloop
  endfacet
  facet normal 0.99343 -0.11444 0
    outer loop
      vertex -12.0915 -5.07646 0
      vertex -12.1207 -5.32994 3
      vertex -12.1207 -5.32994 0
    endloop
  endfacet
  facet normal 0.999865 -0.01646 0
    outer loop
      vertex -12.1249 -5.58507 3
      vertex -12.1207 -5.32994 0
      vertex -12.1207 -5.32994 3
    endloop
  endfacet
  facet normal 0.999865 -0.01646 0
    outer loop
      vertex -12.1207 -5.32994 0
      vertex -12.1249 -5.58507 3
      vertex -12.1249 -5.58507 0
    endloop
  endfacet
  facet normal 0.996639 0.0819134 0
    outer loop
      vertex -12.104 -5.83936 3
      vertex -12.1249 -5.58507 0
      vertex -12.1249 -5.58507 3
    endloop
  endfacet
  facet normal 0.996639 0.0819134 0
    outer loop
      vertex -12.1249 -5.58507 0
      vertex -12.104 -5.83936 3
      vertex -12.104 -5.83936 0
    endloop
  endfacet
  facet normal 0.98383 0.179106 0
    outer loop
      vertex -12.0583 -6.09039 3
      vertex -12.104 -5.83936 0
      vertex -12.104 -5.83936 3
    endloop
  endfacet
  facet normal 0.98383 0.179106 0
    outer loop
      vertex -12.104 -5.83936 0
      vertex -12.0583 -6.09039 3
      vertex -12.0583 -6.09039 0
    endloop
  endfacet
  facet normal 0.961627 0.274359 0
    outer loop
      vertex -11.9883 -6.33574 3
      vertex -12.0583 -6.09039 0
      vertex -12.0583 -6.09039 3
    endloop
  endfacet
  facet normal 0.961627 0.274359 0
    outer loop
      vertex -12.0583 -6.09039 0
      vertex -11.9883 -6.33574 3
      vertex -11.9883 -6.33574 0
    endloop
  endfacet
  facet normal 0.929977 0.367617 0
    outer loop
      vertex -11.8945 -6.57303 3
      vertex -11.9883 -6.33574 0
      vertex -11.9883 -6.33574 3
    endloop
  endfacet
  facet normal 0.929977 0.367617 0
    outer loop
      vertex -11.9883 -6.33574 0
      vertex -11.8945 -6.57303 3
      vertex -11.8945 -6.57303 0
    endloop
  endfacet
  facet normal 0.889483 0.456969 0
    outer loop
      vertex -11.7779 -6.79999 3
      vertex -11.8945 -6.57303 0
      vertex -11.8945 -6.57303 3
    endloop
  endfacet
  facet normal 0.889483 0.456969 0
    outer loop
      vertex -11.8945 -6.57303 0
      vertex -11.7779 -6.79999 3
      vertex -11.7779 -6.79999 0
    endloop
  endfacet
  facet normal 0.840562 0.541716 0
    outer loop
      vertex -11.6397 -7.01443 3
      vertex -11.7779 -6.79999 0
      vertex -11.7779 -6.79999 3
    endloop
  endfacet
  facet normal 0.840562 0.541716 0
    outer loop
      vertex -11.7779 -6.79999 0
      vertex -11.6397 -7.01443 3
      vertex -11.6397 -7.01443 0
    endloop
  endfacet
  facet normal 0.783134 0.621852 0
    outer loop
      vertex -11.481 -7.21429 3
      vertex -11.6397 -7.01443 0
      vertex -11.6397 -7.01443 3
    endloop
  endfacet
  facet normal 0.783134 0.621852 0
    outer loop
      vertex -11.6397 -7.01443 0
      vertex -11.481 -7.21429 3
      vertex -11.481 -7.21429 0
    endloop
  endfacet
  facet normal 0.718672 0.69535 0
    outer loop
      vertex -11.3036 -7.39764 3
      vertex -11.481 -7.21429 0
      vertex -11.481 -7.21429 3
    endloop
  endfacet
  facet normal 0.718672 0.69535 0
    outer loop
      vertex -11.481 -7.21429 0
      vertex -11.3036 -7.39764 3
      vertex -11.3036 -7.39764 0
    endloop
  endfacet
  facet normal 0.647068 0.762432 -0
    outer loop
      vertex -11.1091 -7.56271 0
      vertex -11.3036 -7.39764 3
      vertex -11.1091 -7.56271 3
    endloop
  endfacet
  facet normal 0.647068 0.762432 0
    outer loop
      vertex -11.3036 -7.39764 3
      vertex -11.1091 -7.56271 0
      vertex -11.3036 -7.39764 0
    endloop
  endfacet
  facet normal 0.568931 0.822385 -0
    outer loop
      vertex -10.8992 -7.70792 0
      vertex -11.1091 -7.56271 3
      vertex -10.8992 -7.70792 3
    endloop
  endfacet
  facet normal 0.568931 0.822385 0
    outer loop
      vertex -11.1091 -7.56271 3
      vertex -10.8992 -7.70792 0
      vertex -11.1091 -7.56271 0
    endloop
  endfacet
  facet normal 0.485796 0.874072 -0
    outer loop
      vertex -10.6762 -7.83186 0
      vertex -10.8992 -7.70792 3
      vertex -10.6762 -7.83186 3
    endloop
  endfacet
  facet normal 0.485796 0.874072 0
    outer loop
      vertex -10.8992 -7.70792 3
      vertex -10.6762 -7.83186 0
      vertex -10.8992 -7.70792 0
    endloop
  endfacet
  facet normal 0.397761 0.917489 -0
    outer loop
      vertex -10.4421 -7.93335 0
      vertex -10.6762 -7.83186 3
      vertex -10.4421 -7.93335 3
    endloop
  endfacet
  facet normal 0.397761 0.917489 0
    outer loop
      vertex -10.6762 -7.83186 3
      vertex -10.4421 -7.93335 0
      vertex -10.6762 -7.83186 0
    endloop
  endfacet
  facet normal 0.30592 0.952057 -0
    outer loop
      vertex -10.1992 -8.0114 0
      vertex -10.4421 -7.93335 3
      vertex -10.1992 -8.0114 3
    endloop
  endfacet
  facet normal 0.30592 0.952057 0
    outer loop
      vertex -10.4421 -7.93335 3
      vertex -10.1992 -8.0114 0
      vertex -10.4421 -7.93335 0
    endloop
  endfacet
  facet normal 0.211092 0.977466 -0
    outer loop
      vertex -9.9498 -8.06526 0
      vertex -10.1992 -8.0114 3
      vertex -9.9498 -8.06526 3
    endloop
  endfacet
  facet normal 0.211092 0.977466 0
    outer loop
      vertex -10.1992 -8.0114 3
      vertex -9.9498 -8.06526 0
      vertex -10.1992 -8.0114 0
    endloop
  endfacet
  facet normal 0.114285 0.993448 -0
    outer loop
      vertex -9.69632 -8.09442 0
      vertex -9.9498 -8.06526 3
      vertex -9.69632 -8.09442 3
    endloop
  endfacet
  facet normal 0.114285 0.993448 0
    outer loop
      vertex -9.9498 -8.06526 3
      vertex -9.69632 -8.09442 0
      vertex -9.9498 -8.06526 0
    endloop
  endfacet
  facet normal 0.0163829 0.999866 -0
    outer loop
      vertex -9.44121 -8.0986 0
      vertex -9.69632 -8.09442 3
      vertex -9.44121 -8.0986 3
    endloop
  endfacet
  facet normal 0.0163829 0.999866 0
    outer loop
      vertex -9.69632 -8.09442 3
      vertex -9.44121 -8.0986 0
      vertex -9.69632 -8.09442 0
    endloop
  endfacet
  facet normal -0.0817513 0.996653 0
    outer loop
      vertex -9.1869 -8.07774 0
      vertex -9.44121 -8.0986 3
      vertex -9.1869 -8.07774 3
    endloop
  endfacet
  facet normal -0.0817513 0.996653 0
    outer loop
      vertex -9.44121 -8.0986 3
      vertex -9.1869 -8.07774 0
      vertex -9.44121 -8.0986 0
    endloop
  endfacet
  facet normal -0.114285 0.993448 0
    outer loop
      vertex 9.9498 -8.06526 0
      vertex 9.69632 -8.09442 3
      vertex 9.9498 -8.06526 3
    endloop
  endfacet
  facet normal -0.114285 0.993448 0
    outer loop
      vertex 9.69632 -8.09442 3
      vertex 9.9498 -8.06526 0
      vertex 9.69632 -8.09442 0
    endloop
  endfacet
  facet normal -0.211092 0.977466 0
    outer loop
      vertex 10.1992 -8.0114 0
      vertex 9.9498 -8.06526 3
      vertex 10.1992 -8.0114 3
    endloop
  endfacet
  facet normal -0.211092 0.977466 0
    outer loop
      vertex 9.9498 -8.06526 3
      vertex 10.1992 -8.0114 0
      vertex 9.9498 -8.06526 0
    endloop
  endfacet
  facet normal -0.30592 0.952057 0
    outer loop
      vertex 10.4421 -7.93335 0
      vertex 10.1992 -8.0114 3
      vertex 10.4421 -7.93335 3
    endloop
  endfacet
  facet normal -0.30592 0.952057 0
    outer loop
      vertex 10.1992 -8.0114 3
      vertex 10.4421 -7.93335 0
      vertex 10.1992 -8.0114 0
    endloop
  endfacet
  facet normal -0.397761 0.917489 0
    outer loop
      vertex 10.6762 -7.83186 0
      vertex 10.4421 -7.93335 3
      vertex 10.6762 -7.83186 3
    endloop
  endfacet
  facet normal -0.397761 0.917489 0
    outer loop
      vertex 10.4421 -7.93335 3
      vertex 10.6762 -7.83186 0
      vertex 10.4421 -7.93335 0
    endloop
  endfacet
  facet normal -0.485796 0.874072 0
    outer loop
      vertex 10.8992 -7.70792 0
      vertex 10.6762 -7.83186 3
      vertex 10.8992 -7.70792 3
    endloop
  endfacet
  facet normal -0.485796 0.874072 0
    outer loop
      vertex 10.6762 -7.83186 3
      vertex 10.8992 -7.70792 0
      vertex 10.6762 -7.83186 0
    endloop
  endfacet
  facet normal -0.568931 0.822385 0
    outer loop
      vertex 11.1091 -7.56271 0
      vertex 10.8992 -7.70792 3
      vertex 11.1091 -7.56271 3
    endloop
  endfacet
  facet normal -0.568931 0.822385 0
    outer loop
      vertex 10.8992 -7.70792 3
      vertex 11.1091 -7.56271 0
      vertex 10.8992 -7.70792 0
    endloop
  endfacet
  facet normal -0.647068 0.762432 0
    outer loop
      vertex 11.3036 -7.39764 0
      vertex 11.1091 -7.56271 3
      vertex 11.3036 -7.39764 3
    endloop
  endfacet
  facet normal -0.647068 0.762432 0
    outer loop
      vertex 11.1091 -7.56271 3
      vertex 11.3036 -7.39764 0
      vertex 11.1091 -7.56271 0
    endloop
  endfacet
  facet normal -0.718672 0.69535 0
    outer loop
      vertex 11.3036 -7.39764 0
      vertex 11.481 -7.21429 3
      vertex 11.481 -7.21429 0
    endloop
  endfacet
  facet normal -0.718672 0.69535 0
    outer loop
      vertex 11.481 -7.21429 3
      vertex 11.3036 -7.39764 0
      vertex 11.3036 -7.39764 3
    endloop
  endfacet
  facet normal -0.783134 0.621852 0
    outer loop
      vertex 11.481 -7.21429 0
      vertex 11.6397 -7.01443 3
      vertex 11.6397 -7.01443 0
    endloop
  endfacet
  facet normal -0.783134 0.621852 0
    outer loop
      vertex 11.6397 -7.01443 3
      vertex 11.481 -7.21429 0
      vertex 11.481 -7.21429 3
    endloop
  endfacet
  facet normal -0.840562 0.541716 0
    outer loop
      vertex 11.6397 -7.01443 0
      vertex 11.7779 -6.79999 3
      vertex 11.7779 -6.79999 0
    endloop
  endfacet
  facet normal -0.840562 0.541716 0
    outer loop
      vertex 11.7779 -6.79999 3
      vertex 11.6397 -7.01443 0
      vertex 11.6397 -7.01443 3
    endloop
  endfacet
  facet normal -0.889483 0.456969 0
    outer loop
      vertex 11.7779 -6.79999 0
      vertex 11.8945 -6.57303 3
      vertex 11.8945 -6.57303 0
    endloop
  endfacet
  facet normal -0.889483 0.456969 0
    outer loop
      vertex 11.8945 -6.57303 3
      vertex 11.7779 -6.79999 0
      vertex 11.7779 -6.79999 3
    endloop
  endfacet
  facet normal -0.929977 0.367617 0
    outer loop
      vertex 11.8945 -6.57303 0
      vertex 11.9883 -6.33574 3
      vertex 11.9883 -6.33574 0
    endloop
  endfacet
  facet normal -0.929977 0.367617 0
    outer loop
      vertex 11.9883 -6.33574 3
      vertex 11.8945 -6.57303 0
      vertex 11.8945 -6.57303 3
    endloop
  endfacet
  facet normal -0.961627 0.274359 0
    outer loop
      vertex 11.9883 -6.33574 0
      vertex 12.0583 -6.09039 3
      vertex 12.0583 -6.09039 0
    endloop
  endfacet
  facet normal -0.961627 0.274359 0
    outer loop
      vertex 12.0583 -6.09039 3
      vertex 11.9883 -6.33574 0
      vertex 11.9883 -6.33574 3
    endloop
  endfacet
  facet normal -0.98383 0.179106 0
    outer loop
      vertex 12.0583 -6.09039 0
      vertex 12.104 -5.83936 3
      vertex 12.104 -5.83936 0
    endloop
  endfacet
  facet normal -0.98383 0.179106 0
    outer loop
      vertex 12.104 -5.83936 3
      vertex 12.0583 -6.09039 0
      vertex 12.0583 -6.09039 3
    endloop
  endfacet
  facet normal -0.996639 0.0819134 0
    outer loop
      vertex 12.104 -5.83936 0
      vertex 12.1249 -5.58507 3
      vertex 12.1249 -5.58507 0
    endloop
  endfacet
  facet normal -0.996639 0.0819134 0
    outer loop
      vertex 12.1249 -5.58507 3
      vertex 12.104 -5.83936 0
      vertex 12.104 -5.83936 3
    endloop
  endfacet
  facet normal -0.999865 -0.01646 0
    outer loop
      vertex 12.1249 -5.58507 0
      vertex 12.1207 -5.32994 3
      vertex 12.1207 -5.32994 0
    endloop
  endfacet
  facet normal -0.999865 -0.01646 0
    outer loop
      vertex 12.1207 -5.32994 3
      vertex 12.1249 -5.58507 0
      vertex 12.1249 -5.58507 3
    endloop
  endfacet
  facet normal -0.99343 -0.11444 0
    outer loop
      vertex 12.1207 -5.32994 0
      vertex 12.0915 -5.07646 3
      vertex 12.0915 -5.07646 0
    endloop
  endfacet
  facet normal -0.99343 -0.11444 0
    outer loop
      vertex 12.0915 -5.07646 3
      vertex 12.1207 -5.32994 0
      vertex 12.1207 -5.32994 3
    endloop
  endfacet
  facet normal -0.977515 -0.210867 0
    outer loop
      vertex 12.0915 -5.07646 0
      vertex 12.0377 -4.82706 3
      vertex 12.0377 -4.82706 0
    endloop
  endfacet
  facet normal -0.977515 -0.210867 0
    outer loop
      vertex 12.0377 -4.82706 3
      vertex 12.0915 -5.07646 0
      vertex 12.0915 -5.07646 3
    endloop
  endfacet
  facet normal -0.952007 -0.306075 0
    outer loop
      vertex 12.0377 -4.82706 0
      vertex 11.9596 -4.58414 3
      vertex 11.9596 -4.58414 0
    endloop
  endfacet
  facet normal -0.952007 -0.306075 0
    outer loop
      vertex 11.9596 -4.58414 3
      vertex 12.0377 -4.82706 0
      vertex 12.0377 -4.82706 3
    endloop
  endfacet
  facet normal -0.917475 -0.397794 0
    outer loop
      vertex 11.9596 -4.58414 0
      vertex 11.8581 -4.35004 3
      vertex 11.8581 -4.35004 0
    endloop
  endfacet
  facet normal -0.917475 -0.397794 0
    outer loop
      vertex 11.8581 -4.35004 3
      vertex 11.9596 -4.58414 0
      vertex 11.9596 -4.58414 3
    endloop
  endfacet
  facet normal -0.874167 -0.485626 0
    outer loop
      vertex 11.8581 -4.35004 0
      vertex 11.7342 -4.12701 3
      vertex 11.7342 -4.12701 0
    endloop
  endfacet
  facet normal -0.874167 -0.485626 0
    outer loop
      vertex 11.7342 -4.12701 3
      vertex 11.8581 -4.35004 0
      vertex 11.8581 -4.35004 3
    endloop
  endfacet
  facet normal -0.822277 -0.569088 0
    outer loop
      vertex 11.7342 -4.12701 0
      vertex 11.589 -3.91721 3
      vertex 11.589 -3.91721 0
    endloop
  endfacet
  facet normal -0.822277 -0.569088 0
    outer loop
      vertex 11.589 -3.91721 3
      vertex 11.7342 -4.12701 0
      vertex 11.7342 -4.12701 3
    endloop
  endfacet
  facet normal -0.762456 -0.64704 0
    outer loop
      vertex 11.589 -3.91721 0
      vertex 11.4239 -3.72266 3
      vertex 11.4239 -3.72266 0
    endloop
  endfacet
  facet normal -0.762456 -0.64704 0
    outer loop
      vertex 11.4239 -3.72266 3
      vertex 11.589 -3.91721 0
      vertex 11.589 -3.91721 3
    endloop
  endfacet
  facet normal -0.695549 -0.718479 0
    outer loop
      vertex 11.2406 -3.54521 0
      vertex 11.4239 -3.72266 3
      vertex 11.2406 -3.54521 3
    endloop
  endfacet
  facet normal -0.695549 -0.718479 -0
    outer loop
      vertex 11.4239 -3.72266 3
      vertex 11.2406 -3.54521 0
      vertex 11.4239 -3.72266 0
    endloop
  endfacet
  facet normal -0.62156 -0.783367 0
    outer loop
      vertex 11.0407 -3.3866 0
      vertex 11.2406 -3.54521 3
      vertex 11.0407 -3.3866 3
    endloop
  endfacet
  facet normal -0.62156 -0.783367 -0
    outer loop
      vertex 11.2406 -3.54521 3
      vertex 11.0407 -3.3866 0
      vertex 11.2406 -3.54521 0
    endloop
  endfacet
  facet normal -0.542009 -0.840373 0
    outer loop
      vertex 10.8263 -3.24832 0
      vertex 11.0407 -3.3866 3
      vertex 10.8263 -3.24832 3
    endloop
  endfacet
  facet normal -0.542009 -0.840373 -0
    outer loop
      vertex 11.0407 -3.3866 3
      vertex 10.8263 -3.24832 0
      vertex 11.0407 -3.3866 0
    endloop
  endfacet
  facet normal -0.456843 -0.889547 0
    outer loop
      vertex 10.5993 -3.13174 0
      vertex 10.8263 -3.24832 3
      vertex 10.5993 -3.13174 3
    endloop
  endfacet
  facet normal -0.456843 -0.889547 -0
    outer loop
      vertex 10.8263 -3.24832 3
      vertex 10.5993 -3.13174 0
      vertex 10.8263 -3.24832 0
    endloop
  endfacet
  facet normal -0.367468 -0.930036 0
    outer loop
      vertex 10.362 -3.03798 0
      vertex 10.5993 -3.13174 3
      vertex 10.362 -3.03798 3
    endloop
  endfacet
  facet normal -0.367468 -0.930036 -0
    outer loop
      vertex 10.5993 -3.13174 3
      vertex 10.362 -3.03798 0
      vertex 10.5993 -3.13174 0
    endloop
  endfacet
  facet normal -0.274664 -0.96154 0
    outer loop
      vertex 10.1167 -2.96791 0
      vertex 10.362 -3.03798 3
      vertex 10.1167 -2.96791 3
    endloop
  endfacet
  facet normal -0.274664 -0.96154 -0
    outer loop
      vertex 10.362 -3.03798 3
      vertex 10.1167 -2.96791 0
      vertex 10.362 -3.03798 0
    endloop
  endfacet
  facet normal -0.178979 -0.983853 0
    outer loop
      vertex 9.86565 -2.92224 0
      vertex 10.1167 -2.96791 3
      vertex 9.86565 -2.92224 3
    endloop
  endfacet
  facet normal -0.178979 -0.983853 -0
    outer loop
      vertex 10.1167 -2.96791 3
      vertex 9.86565 -2.92224 0
      vertex 10.1167 -2.96791 0
    endloop
  endfacet
  facet normal -0.0817513 -0.996653 0
    outer loop
      vertex 9.61134 -2.90138 0
      vertex 9.86565 -2.92224 3
      vertex 9.61134 -2.90138 3
    endloop
  endfacet
  facet normal -0.0817513 -0.996653 -0
    outer loop
      vertex 9.86565 -2.92224 3
      vertex 9.61134 -2.90138 0
      vertex 9.86565 -2.92224 0
    endloop
  endfacet
  facet normal 0.0163822 -0.999866 0
    outer loop
      vertex 9.35622 -2.90556 0
      vertex 9.61134 -2.90138 3
      vertex 9.35622 -2.90556 3
    endloop
  endfacet
  facet normal 0.0163822 -0.999866 0
    outer loop
      vertex 9.61134 -2.90138 3
      vertex 9.35622 -2.90556 0
      vertex 9.61134 -2.90138 0
    endloop
  endfacet
  facet normal 0.114285 -0.993448 0
    outer loop
      vertex 9.10274 -2.93472 0
      vertex 9.35622 -2.90556 3
      vertex 9.10274 -2.93472 3
    endloop
  endfacet
  facet normal 0.114285 -0.993448 0
    outer loop
      vertex 9.35622 -2.90556 3
      vertex 9.10274 -2.93472 0
      vertex 9.35622 -2.90556 0
    endloop
  endfacet
  facet normal 0.211137 -0.977456 0
    outer loop
      vertex 8.85335 -2.98859 0
      vertex 9.10274 -2.93472 3
      vertex 8.85335 -2.98859 3
    endloop
  endfacet
  facet normal 0.211137 -0.977456 0
    outer loop
      vertex 9.10274 -2.93472 3
      vertex 8.85335 -2.98859 0
      vertex 9.10274 -2.93472 0
    endloop
  endfacet
  facet normal 0.305898 -0.952064 0
    outer loop
      vertex 8.61043 -3.06664 0
      vertex 8.85335 -2.98859 3
      vertex 8.61043 -3.06664 3
    endloop
  endfacet
  facet normal 0.305898 -0.952064 0
    outer loop
      vertex 8.85335 -2.98859 3
      vertex 8.61043 -3.06664 0
      vertex 8.85335 -2.98859 0
    endloop
  endfacet
  facet normal 0.397728 -0.917503 0
    outer loop
      vertex 8.37633 -3.16812 0
      vertex 8.61043 -3.06664 3
      vertex 8.37633 -3.16812 3
    endloop
  endfacet
  facet normal 0.397728 -0.917503 0
    outer loop
      vertex 8.61043 -3.06664 3
      vertex 8.37633 -3.16812 0
      vertex 8.61043 -3.06664 0
    endloop
  endfacet
  facet normal 0.485759 -0.874093 0
    outer loop
      vertex 8.15329 -3.29207 0
      vertex 8.37633 -3.16812 3
      vertex 8.15329 -3.29207 3
    endloop
  endfacet
  facet normal 0.485759 -0.874093 0
    outer loop
      vertex 8.37633 -3.16812 3
      vertex 8.15329 -3.29207 0
      vertex 8.37633 -3.16812 0
    endloop
  endfacet
  facet normal 0.569106 -0.822264 0
    outer loop
      vertex 7.9435 -3.43727 0
      vertex 8.15329 -3.29207 3
      vertex 7.9435 -3.43727 3
    endloop
  endfacet
  facet normal 0.569106 -0.822264 0
    outer loop
      vertex 8.15329 -3.29207 3
      vertex 7.9435 -3.43727 0
      vertex 8.15329 -3.29207 0
    endloop
  endfacet
  facet normal 0.646933 -0.762547 0
    outer loop
      vertex 7.74893 -3.60234 0
      vertex 7.9435 -3.43727 3
      vertex 7.74893 -3.60234 3
    endloop
  endfacet
  facet normal 0.646933 -0.762547 0
    outer loop
      vertex 7.9435 -3.43727 3
      vertex 7.74893 -3.60234 0
      vertex 7.9435 -3.43727 0
    endloop
  endfacet
  facet normal 0.718593 -0.695431 0
    outer loop
      vertex 7.57149 -3.78569 3
      vertex 7.74893 -3.60234 0
      vertex 7.74893 -3.60234 3
    endloop
  endfacet
  facet normal 0.718593 -0.695431 0
    outer loop
      vertex 7.74893 -3.60234 0
      vertex 7.57149 -3.78569 3
      vertex 7.57149 -3.78569 0
    endloop
  endfacet
  facet normal 0.783287 -0.62166 0
    outer loop
      vertex 7.41287 -3.98555 3
      vertex 7.57149 -3.78569 0
      vertex 7.57149 -3.78569 3
    endloop
  endfacet
  facet normal 0.783287 -0.62166 0
    outer loop
      vertex 7.57149 -3.78569 0
      vertex 7.41287 -3.98555 3
      vertex 7.41287 -3.98555 0
    endloop
  endfacet
  facet normal 0.840466 -0.541864 0
    outer loop
      vertex 7.27461 -4.2 3
      vertex 7.41287 -3.98555 0
      vertex 7.41287 -3.98555 3
    endloop
  endfacet
  facet normal 0.840466 -0.541864 0
    outer loop
      vertex 7.41287 -3.98555 0
      vertex 7.27461 -4.2 3
      vertex 7.27461 -4.2 0
    endloop
  endfacet
  facet normal 0.889499 -0.456938 0
    outer loop
      vertex 7.15802 -4.42696 3
      vertex 7.27461 -4.2 0
      vertex 7.27461 -4.2 3
    endloop
  endfacet
  facet normal 0.889499 -0.456938 0
    outer loop
      vertex 7.27461 -4.2 0
      vertex 7.15802 -4.42696 3
      vertex 7.15802 -4.42696 0
    endloop
  endfacet
  facet normal 0.930017 -0.367515 0
    outer loop
      vertex 7.06425 -4.66425 3
      vertex 7.15802 -4.42696 0
      vertex 7.15802 -4.42696 3
    endloop
  endfacet
  facet normal 0.930017 -0.367515 0
    outer loop
      vertex 7.15802 -4.42696 0
      vertex 7.06425 -4.66425 3
      vertex 7.06425 -4.66425 0
    endloop
  endfacet
  facet normal 0.961562 -0.274587 0
    outer loop
      vertex 6.99419 -4.90959 3
      vertex 7.06425 -4.66425 0
      vertex 7.06425 -4.66425 3
    endloop
  endfacet
  facet normal 0.961562 -0.274587 0
    outer loop
      vertex 7.06425 -4.66425 0
      vertex 6.99419 -4.90959 3
      vertex 6.99419 -4.90959 0
    endloop
  endfacet
  facet normal 0.983852 -0.178985 0
    outer loop
      vertex 6.94852 -5.16063 3
      vertex 6.99419 -4.90959 0
      vertex 6.99419 -4.90959 3
    endloop
  endfacet
  facet normal 0.983852 -0.178985 0
    outer loop
      vertex 6.99419 -4.90959 0
      vertex 6.94852 -5.16063 3
      vertex 6.94852 -5.16063 0
    endloop
  endfacet
  facet normal 0.996652 -0.0817577 0
    outer loop
      vertex 6.92766 -5.41492 3
      vertex 6.94852 -5.16063 0
      vertex 6.94852 -5.16063 3
    endloop
  endfacet
  facet normal 0.996652 -0.0817577 0
    outer loop
      vertex 6.94852 -5.16063 0
      vertex 6.92766 -5.41492 3
      vertex 6.92766 -5.41492 0
    endloop
  endfacet
  facet normal 0.999866 0.0163822 0
    outer loop
      vertex 6.93184 -5.67004 3
      vertex 6.92766 -5.41492 0
      vertex 6.92766 -5.41492 3
    endloop
  endfacet
  facet normal 0.999866 0.0163822 0
    outer loop
      vertex 6.92766 -5.41492 0
      vertex 6.93184 -5.67004 3
      vertex 6.93184 -5.67004 0
    endloop
  endfacet
  facet normal 0.993448 0.114285 0
    outer loop
      vertex 6.961 -5.92352 3
      vertex 6.93184 -5.67004 0
      vertex 6.93184 -5.67004 3
    endloop
  endfacet
  facet normal 0.993448 0.114285 0
    outer loop
      vertex 6.93184 -5.67004 0
      vertex 6.961 -5.92352 3
      vertex 6.961 -5.92352 0
    endloop
  endfacet
  facet normal 0.977468 0.211084 0
    outer loop
      vertex 7.01486 -6.17293 3
      vertex 6.961 -5.92352 0
      vertex 6.961 -5.92352 3
    endloop
  endfacet
  facet normal 0.977468 0.211084 0
    outer loop
      vertex 6.961 -5.92352 0
      vertex 7.01486 -6.17293 3
      vertex 7.01486 -6.17293 0
    endloop
  endfacet
  facet normal 0.952064 0.305898 0
    outer loop
      vertex 7.09291 -6.41585 3
      vertex 7.01486 -6.17293 0
      vertex 7.01486 -6.17293 3
    endloop
  endfacet
  facet normal 0.952064 0.305898 0
    outer loop
      vertex 7.01486 -6.17293 0
      vertex 7.09291 -6.41585 3
      vertex 7.09291 -6.41585 0
    endloop
  endfacet
  facet normal 0.917489 0.397761 0
    outer loop
      vertex 7.1944 -6.64995 3
      vertex 7.09291 -6.41585 0
      vertex 7.09291 -6.41585 3
    endloop
  endfacet
  facet normal 0.917489 0.397761 0
    outer loop
      vertex 7.09291 -6.41585 0
      vertex 7.1944 -6.64995 3
      vertex 7.1944 -6.64995 0
    endloop
  endfacet
  facet normal 0.874091 0.485763 0
    outer loop
      vertex 7.31834 -6.87297 3
      vertex 7.1944 -6.64995 0
      vertex 7.1944 -6.64995 3
    endloop
  endfacet
  facet normal 0.874091 0.485763 0
    outer loop
      vertex 7.1944 -6.64995 0
      vertex 7.31834 -6.87297 3
      vertex 7.31834 -6.87297 0
    endloop
  endfacet
  facet normal 0.822271 0.569096 0
    outer loop
      vertex 7.46355 -7.08278 3
      vertex 7.31834 -6.87297 0
      vertex 7.31834 -6.87297 3
    endloop
  endfacet
  facet normal 0.822271 0.569096 0
    outer loop
      vertex 7.31834 -6.87297 0
      vertex 7.46355 -7.08278 3
      vertex 7.46355 -7.08278 0
    endloop
  endfacet
  facet normal 0.762495 0.646994 0
    outer loop
      vertex 7.62863 -7.27733 3
      vertex 7.46355 -7.08278 0
      vertex 7.46355 -7.08278 3
    endloop
  endfacet
  facet normal 0.762495 0.646994 0
    outer loop
      vertex 7.46355 -7.08278 0
      vertex 7.62863 -7.27733 3
      vertex 7.62863 -7.27733 0
    endloop
  endfacet
  facet normal 0.69545 0.718574 -0
    outer loop
      vertex 7.81197 -7.45477 0
      vertex 7.62863 -7.27733 3
      vertex 7.81197 -7.45477 3
    endloop
  endfacet
  facet normal 0.69545 0.718574 0
    outer loop
      vertex 7.62863 -7.27733 3
      vertex 7.81197 -7.45477 0
      vertex 7.62863 -7.27733 0
    endloop
  endfacet
  facet normal 0.62166 0.783287 -0
    outer loop
      vertex 8.01183 -7.61339 0
      vertex 7.81197 -7.45477 3
      vertex 8.01183 -7.61339 3
    endloop
  endfacet
  facet normal 0.62166 0.783287 0
    outer loop
      vertex 7.81197 -7.45477 3
      vertex 8.01183 -7.61339 0
      vertex 7.81197 -7.45477 0
    endloop
  endfacet
  facet normal 0.54191 0.840437 -0
    outer loop
      vertex 8.22627 -7.75166 0
      vertex 8.01183 -7.61339 3
      vertex 8.22627 -7.75166 3
    endloop
  endfacet
  facet normal 0.54191 0.840437 0
    outer loop
      vertex 8.01183 -7.61339 3
      vertex 8.22627 -7.75166 0
      vertex 8.01183 -7.61339 0
    endloop
  endfacet
  facet normal 0.456907 0.889514 -0
    outer loop
      vertex 8.45323 -7.86824 0
      vertex 8.22627 -7.75166 3
      vertex 8.45323 -7.86824 3
    endloop
  endfacet
  facet normal 0.456907 0.889514 0
    outer loop
      vertex 8.22627 -7.75166 3
      vertex 8.45323 -7.86824 0
      vertex 8.22627 -7.75166 0
    endloop
  endfacet
  facet normal 0.367489 0.930028 -0
    outer loop
      vertex 8.69054 -7.96201 0
      vertex 8.45323 -7.86824 3
      vertex 8.69054 -7.96201 3
    endloop
  endfacet
  facet normal 0.367489 0.930028 0
    outer loop
      vertex 8.45323 -7.86824 3
      vertex 8.69054 -7.96201 0
      vertex 8.45323 -7.86824 0
    endloop
  endfacet
  facet normal 0.274597 0.961559 -0
    outer loop
      vertex 8.93587 -8.03207 0
      vertex 8.69054 -7.96201 3
      vertex 8.93587 -8.03207 3
    endloop
  endfacet
  facet normal 0.274597 0.961559 0
    outer loop
      vertex 8.69054 -7.96201 3
      vertex 8.93587 -8.03207 0
      vertex 8.69054 -7.96201 0
    endloop
  endfacet
  facet normal 0.178992 0.98385 -0
    outer loop
      vertex 9.1869 -8.07774 0
      vertex 8.93587 -8.03207 3
      vertex 9.1869 -8.07774 3
    endloop
  endfacet
  facet normal 0.178992 0.98385 0
    outer loop
      vertex 8.93587 -8.03207 3
      vertex 9.1869 -8.07774 0
      vertex 8.93587 -8.03207 0
    endloop
  endfacet
  facet normal 0.0817513 0.996653 -0
    outer loop
      vertex 9.44121 -8.0986 0
      vertex 9.1869 -8.07774 3
      vertex 9.44121 -8.0986 3
    endloop
  endfacet
  facet normal 0.0817513 0.996653 0
    outer loop
      vertex 9.1869 -8.07774 3
      vertex 9.44121 -8.0986 0
      vertex 9.1869 -8.07774 0
    endloop
  endfacet
  facet normal -0.0163829 0.999866 0
    outer loop
      vertex 9.69632 -8.09442 0
      vertex 9.44121 -8.0986 3
      vertex 9.69632 -8.09442 3
    endloop
  endfacet
  facet normal -0.0163829 0.999866 0
    outer loop
      vertex 9.44121 -8.0986 3
      vertex 9.69632 -8.09442 0
      vertex 9.44121 -8.0986 0
    endloop
  endfacet
  facet normal -0.146963 0.989142 0
    outer loop
      vertex 0.507233 -13.55 0
      vertex 0.254837 -13.5875 3
      vertex 0.507233 -13.55 3
    endloop
  endfacet
  facet normal -0.146963 0.989142 0
    outer loop
      vertex 0.254837 -13.5875 3
      vertex 0.507233 -13.55 0
      vertex 0.254837 -13.5875 0
    endloop
  endfacet
  facet normal -0.242999 0.970026 0
    outer loop
      vertex 0.75473 -13.488 0
      vertex 0.507233 -13.55 3
      vertex 0.75473 -13.488 3
    endloop
  endfacet
  facet normal -0.242999 0.970026 0
    outer loop
      vertex 0.507233 -13.55 3
      vertex 0.75473 -13.488 0
      vertex 0.507233 -13.55 0
    endloop
  endfacet
  facet normal -0.33669 0.941615 0
    outer loop
      vertex 0.994965 -13.4021 0
      vertex 0.75473 -13.488 3
      vertex 0.994965 -13.4021 3
    endloop
  endfacet
  facet normal -0.33669 0.941615 0
    outer loop
      vertex 0.75473 -13.488 3
      vertex 0.994965 -13.4021 0
      vertex 0.75473 -13.488 0
    endloop
  endfacet
  facet normal -0.427582 0.903977 0
    outer loop
      vertex 1.22562 -13.293 0
      vertex 0.994965 -13.4021 3
      vertex 1.22562 -13.293 3
    endloop
  endfacet
  facet normal -0.427582 0.903977 0
    outer loop
      vertex 0.994965 -13.4021 3
      vertex 1.22562 -13.293 0
      vertex 0.994965 -13.4021 0
    endloop
  endfacet
  facet normal -0.514179 0.857683 0
    outer loop
      vertex 1.44447 -13.1618 0
      vertex 1.22562 -13.293 3
      vertex 1.44447 -13.1618 3
    endloop
  endfacet
  facet normal -0.514179 0.857683 0
    outer loop
      vertex 1.22562 -13.293 3
      vertex 1.44447 -13.1618 0
      vertex 1.22562 -13.293 0
    endloop
  endfacet
  facet normal -0.595715 0.803196 0
    outer loop
      vertex 1.64941 -13.0098 0
      vertex 1.44447 -13.1618 3
      vertex 1.64941 -13.0098 3
    endloop
  endfacet
  facet normal -0.595715 0.803196 0
    outer loop
      vertex 1.44447 -13.1618 3
      vertex 1.64941 -13.0098 0
      vertex 1.44447 -13.1618 0
    endloop
  endfacet
  facet normal -0.671443 0.741056 0
    outer loop
      vertex 1.83847 -12.8385 0
      vertex 1.64941 -13.0098 3
      vertex 1.83847 -12.8385 3
    endloop
  endfacet
  facet normal -0.671443 0.741056 0
    outer loop
      vertex 1.64941 -13.0098 3
      vertex 1.83847 -12.8385 0
      vertex 1.64941 -13.0098 0
    endloop
  endfacet
  facet normal -0.74101 0.671494 0
    outer loop
      vertex 1.83847 -12.8385 0
      vertex 2.00983 -12.6494 3
      vertex 2.00983 -12.6494 0
    endloop
  endfacet
  facet normal -0.74101 0.671494 0
    outer loop
      vertex 2.00983 -12.6494 3
      vertex 1.83847 -12.8385 0
      vertex 1.83847 -12.8385 3
    endloop
  endfacet
  facet normal -0.803159 0.595765 0
    outer loop
      vertex 2.00983 -12.6494 0
      vertex 2.16182 -12.4445 3
      vertex 2.16182 -12.4445 0
    endloop
  endfacet
  facet normal -0.803159 0.595765 0
    outer loop
      vertex 2.16182 -12.4445 3
      vertex 2.00983 -12.6494 0
      vertex 2.00983 -12.6494 3
    endloop
  endfacet
  facet normal -0.857804 0.513977 0
    outer loop
      vertex 2.16182 -12.4445 0
      vertex 2.29298 -12.2256 3
      vertex 2.29298 -12.2256 0
    endloop
  endfacet
  facet normal -0.857804 0.513977 0
    outer loop
      vertex 2.29298 -12.2256 3
      vertex 2.16182 -12.4445 0
      vertex 2.16182 -12.4445 3
    endloop
  endfacet
  facet normal -0.903937 0.427665 0
    outer loop
      vertex 2.29298 -12.2256 0
      vertex 2.40208 -11.995 3
      vertex 2.40208 -11.995 0
    endloop
  endfacet
  facet normal -0.903937 0.427665 0
    outer loop
      vertex 2.40208 -11.995 3
      vertex 2.29298 -12.2256 0
      vertex 2.29298 -12.2256 3
    endloop
  endfacet
  facet normal -0.94157 0.336818 0
    outer loop
      vertex 2.40208 -11.995 0
      vertex 2.48804 -11.7547 3
      vertex 2.48804 -11.7547 0
    endloop
  endfacet
  facet normal -0.94157 0.336818 0
    outer loop
      vertex 2.48804 -11.7547 3
      vertex 2.40208 -11.995 0
      vertex 2.40208 -11.995 3
    endloop
  endfacet
  facet normal -0.970036 0.24296 0
    outer loop
      vertex 2.48804 -11.7547 0
      vertex 2.55003 -11.5072 3
      vertex 2.55003 -11.5072 0
    endloop
  endfacet
  facet normal -0.970036 0.24296 0
    outer loop
      vertex 2.55003 -11.5072 3
      vertex 2.48804 -11.7547 0
      vertex 2.48804 -11.7547 3
    endloop
  endfacet
  facet normal -0.989171 0.146769 0
    outer loop
      vertex 2.55003 -11.5072 0
      vertex 2.58748 -11.2548 3
      vertex 2.58748 -11.2548 0
    endloop
  endfacet
  facet normal -0.989171 0.146769 0
    outer loop
      vertex 2.58748 -11.2548 3
      vertex 2.55003 -11.5072 0
      vertex 2.55003 -11.5072 3
    endloop
  endfacet
  facet normal -0.998797 0.0490383 0
    outer loop
      vertex 2.58748 -11.2548 0
      vertex 2.59999 -11 3
      vertex 2.59999 -11 0
    endloop
  endfacet
  facet normal -0.998797 0.0490383 0
    outer loop
      vertex 2.59999 -11 3
      vertex 2.58748 -11.2548 0
      vertex 2.58748 -11.2548 3
    endloop
  endfacet
  facet normal -0.998798 -0.0490191 0
    outer loop
      vertex 2.59999 -11 0
      vertex 2.58748 -10.7451 3
      vertex 2.58748 -10.7451 0
    endloop
  endfacet
  facet normal -0.998798 -0.0490191 0
    outer loop
      vertex 2.58748 -10.7451 3
      vertex 2.59999 -11 0
      vertex 2.59999 -11 3
    endloop
  endfacet
  facet normal -0.989162 -0.146826 0
    outer loop
      vertex 2.58748 -10.7451 0
      vertex 2.55003 -10.4928 3
      vertex 2.55003 -10.4928 0
    endloop
  endfacet
  facet normal -0.989162 -0.146826 0
    outer loop
      vertex 2.55003 -10.4928 3
      vertex 2.58748 -10.7451 0
      vertex 2.58748 -10.7451 3
    endloop
  endfacet
  facet normal -0.970036 -0.24296 0
    outer loop
      vertex 2.55003 -10.4928 0
      vertex 2.48804 -10.2453 3
      vertex 2.48804 -10.2453 0
    endloop
  endfacet
  facet normal -0.970036 -0.24296 0
    outer loop
      vertex 2.48804 -10.2453 3
      vertex 2.55003 -10.4928 0
      vertex 2.55003 -10.4928 3
    endloop
  endfacet
  facet normal -0.94157 -0.336818 0
    outer loop
      vertex 2.48804 -10.2453 0
      vertex 2.40208 -10.005 3
      vertex 2.40208 -10.005 0
    endloop
  endfacet
  facet normal -0.94157 -0.336818 0
    outer loop
      vertex 2.40208 -10.005 3
      vertex 2.48804 -10.2453 0
      vertex 2.48804 -10.2453 3
    endloop
  endfacet
  facet normal -0.903959 -0.42762 0
    outer loop
      vertex 2.40208 -10.005 0
      vertex 2.29298 -9.77437 3
      vertex 2.29298 -9.77437 0
    endloop
  endfacet
  facet normal -0.903959 -0.42762 0
    outer loop
      vertex 2.29298 -9.77437 3
      vertex 2.40208 -10.005 0
      vertex 2.40208 -10.005 3
    endloop
  endfacet
  facet normal -0.857763 -0.514046 0
    outer loop
      vertex 2.29298 -9.77437 0
      vertex 2.16182 -9.55551 3
      vertex 2.16182 -9.55551 0
    endloop
  endfacet
  facet normal -0.857763 -0.514046 0
    outer loop
      vertex 2.16182 -9.55551 3
      vertex 2.29298 -9.77437 0
      vertex 2.29298 -9.77437 3
    endloop
  endfacet
  facet normal -0.803215 -0.59569 0
    outer loop
      vertex 2.16182 -9.55551 0
      vertex 2.00983 -9.35057 3
      vertex 2.00983 -9.35057 0
    endloop
  endfacet
  facet normal -0.803215 -0.59569 0
    outer loop
      vertex 2.00983 -9.35057 3
      vertex 2.16182 -9.55551 0
      vertex 2.16182 -9.55551 3
    endloop
  endfacet
  facet normal -0.740939 -0.671572 0
    outer loop
      vertex 2.00983 -9.35057 0
      vertex 1.83847 -9.16151 3
      vertex 1.83847 -9.16151 0
    endloop
  endfacet
  facet normal -0.740939 -0.671572 0
    outer loop
      vertex 1.83847 -9.16151 3
      vertex 2.00983 -9.35057 0
      vertex 2.00983 -9.35057 3
    endloop
  endfacet
  facet normal -0.67155 -0.740959 0
    outer loop
      vertex 1.64941 -8.99016 0
      vertex 1.83847 -9.16151 3
      vertex 1.64941 -8.99016 3
    endloop
  endfacet
  facet normal -0.67155 -0.740959 -0
    outer loop
      vertex 1.83847 -9.16151 3
      vertex 1.64941 -8.99016 0
      vertex 1.83847 -9.16151 0
    endloop
  endfacet
  facet normal -0.59569 -0.803215 0
    outer loop
      vertex 1.44447 -8.83817 0
      vertex 1.64941 -8.99016 3
      vertex 1.44447 -8.83817 3
    endloop
  endfacet
  facet normal -0.59569 -0.803215 -0
    outer loop
      vertex 1.64941 -8.99016 3
      vertex 1.44447 -8.83817 0
      vertex 1.64941 -8.99016 0
    endloop
  endfacet
  facet normal -0.514092 -0.857735 0
    outer loop
      vertex 1.22562 -8.707 0
      vertex 1.44447 -8.83817 3
      vertex 1.22562 -8.707 3
    endloop
  endfacet
  facet normal -0.514092 -0.857735 -0
    outer loop
      vertex 1.44447 -8.83817 3
      vertex 1.22562 -8.707 0
      vertex 1.44447 -8.83817 0
    endloop
  endfacet
  facet normal -0.427582 -0.903977 0
    outer loop
      vertex 0.994965 -8.5979 0
      vertex 1.22562 -8.707 3
      vertex 0.994965 -8.5979 3
    endloop
  endfacet
  facet normal -0.427582 -0.903977 -0
    outer loop
      vertex 1.22562 -8.707 3
      vertex 0.994965 -8.5979 0
      vertex 1.22562 -8.707 0
    endloop
  endfacet
  facet normal -0.336864 -0.941553 0
    outer loop
      vertex 0.75473 -8.51195 0
      vertex 0.994965 -8.5979 3
      vertex 0.75473 -8.51195 3
    endloop
  endfacet
  facet normal -0.336864 -0.941553 -0
    outer loop
      vertex 0.994965 -8.5979 3
      vertex 0.75473 -8.51195 0
      vertex 0.994965 -8.5979 0
    endloop
  endfacet
  facet normal -0.242999 -0.970026 0
    outer loop
      vertex 0.507233 -8.44995 0
      vertex 0.75473 -8.51195 3
      vertex 0.507233 -8.44995 3
    endloop
  endfacet
  facet normal -0.242999 -0.970026 -0
    outer loop
      vertex 0.75473 -8.51195 3
      vertex 0.507233 -8.44995 0
      vertex 0.75473 -8.51195 0
    endloop
  endfacet
  facet normal -0.146733 -0.989176 0
    outer loop
      vertex 0.254837 -8.41251 0
      vertex 0.507233 -8.44995 3
      vertex 0.254837 -8.41251 3
    endloop
  endfacet
  facet normal -0.146733 -0.989176 -0
    outer loop
      vertex 0.507233 -8.44995 3
      vertex 0.254837 -8.41251 0
      vertex 0.507233 -8.44995 0
    endloop
  endfacet
  facet normal -0.0490703 -0.998795 0
    outer loop
      vertex 0 -8.39999 0
      vertex 0.254837 -8.41251 3
      vertex 0 -8.39999 3
    endloop
  endfacet
  facet normal -0.0490703 -0.998795 -0
    outer loop
      vertex 0.254837 -8.41251 3
      vertex 0 -8.39999 0
      vertex 0.254837 -8.41251 0
    endloop
  endfacet
  facet normal 0.0490703 -0.998795 0
    outer loop
      vertex -0.254837 -8.41251 0
      vertex 0 -8.39999 3
      vertex -0.254837 -8.41251 3
    endloop
  endfacet
  facet normal 0.0490703 -0.998795 0
    outer loop
      vertex 0 -8.39999 3
      vertex -0.254837 -8.41251 0
      vertex 0 -8.39999 0
    endloop
  endfacet
  facet normal 0.146733 -0.989176 0
    outer loop
      vertex -0.507233 -8.44995 0
      vertex -0.254837 -8.41251 3
      vertex -0.507233 -8.44995 3
    endloop
  endfacet
  facet normal 0.146733 -0.989176 0
    outer loop
      vertex -0.254837 -8.41251 3
      vertex -0.507233 -8.44995 0
      vertex -0.254837 -8.41251 0
    endloop
  endfacet
  facet normal 0.242999 -0.970026 0
    outer loop
      vertex -0.75473 -8.51195 0
      vertex -0.507233 -8.44995 3
      vertex -0.75473 -8.51195 3
    endloop
  endfacet
  facet normal 0.242999 -0.970026 0
    outer loop
      vertex -0.507233 -8.44995 3
      vertex -0.75473 -8.51195 0
      vertex -0.507233 -8.44995 0
    endloop
  endfacet
  facet normal 0.336864 -0.941553 0
    outer loop
      vertex -0.994965 -8.5979 0
      vertex -0.75473 -8.51195 3
      vertex -0.994965 -8.5979 3
    endloop
  endfacet
  facet normal 0.336864 -0.941553 0
    outer loop
      vertex -0.75473 -8.51195 3
      vertex -0.994965 -8.5979 0
      vertex -0.75473 -8.51195 0
    endloop
  endfacet
  facet normal 0.427582 -0.903977 0
    outer loop
      vertex -1.22562 -8.707 0
      vertex -0.994965 -8.5979 3
      vertex -1.22562 -8.707 3
    endloop
  endfacet
  facet normal 0.427582 -0.903977 0
    outer loop
      vertex -0.994965 -8.5979 3
      vertex -1.22562 -8.707 0
      vertex -0.994965 -8.5979 0
    endloop
  endfacet
  facet normal 0.514092 -0.857735 0
    outer loop
      vertex -1.44447 -8.83817 0
      vertex -1.22562 -8.707 3
      vertex -1.44447 -8.83817 3
    endloop
  endfacet
  facet normal 0.514092 -0.857735 0
    outer loop
      vertex -1.22562 -8.707 3
      vertex -1.44447 -8.83817 0
      vertex -1.22562 -8.707 0
    endloop
  endfacet
  facet normal 0.59569 -0.803215 0
    outer loop
      vertex -1.64941 -8.99016 0
      vertex -1.44447 -8.83817 3
      vertex -1.64941 -8.99016 3
    endloop
  endfacet
  facet normal 0.59569 -0.803215 0
    outer loop
      vertex -1.44447 -8.83817 3
      vertex -1.64941 -8.99016 0
      vertex -1.44447 -8.83817 0
    endloop
  endfacet
  facet normal 0.67155 -0.740959 0
    outer loop
      vertex -1.83847 -9.16151 0
      vertex -1.64941 -8.99016 3
      vertex -1.83847 -9.16151 3
    endloop
  endfacet
  facet normal 0.67155 -0.740959 0
    outer loop
      vertex -1.64941 -8.99016 3
      vertex -1.83847 -9.16151 0
      vertex -1.64941 -8.99016 0
    endloop
  endfacet
  facet normal 0.740939 -0.671572 0
    outer loop
      vertex -2.00983 -9.35057 3
      vertex -1.83847 -9.16151 0
      vertex -1.83847 -9.16151 3
    endloop
  endfacet
  facet normal 0.740939 -0.671572 0
    outer loop
      vertex -1.83847 -9.16151 0
      vertex -2.00983 -9.35057 3
      vertex -2.00983 -9.35057 0
    endloop
  endfacet
  facet normal 0.803215 -0.59569 0
    outer loop
      vertex -2.16182 -9.55551 3
      vertex -2.00983 -9.35057 0
      vertex -2.00983 -9.35057 3
    endloop
  endfacet
  facet normal 0.803215 -0.59569 0
    outer loop
      vertex -2.00983 -9.35057 0
      vertex -2.16182 -9.55551 3
      vertex -2.16182 -9.55551 0
    endloop
  endfacet
  facet normal 0.857763 -0.514046 0
    outer loop
      vertex -2.29298 -9.77437 3
      vertex -2.16182 -9.55551 0
      vertex -2.16182 -9.55551 3
    endloop
  endfacet
  facet normal 0.857763 -0.514046 0
    outer loop
      vertex -2.16182 -9.55551 0
      vertex -2.29298 -9.77437 3
      vertex -2.29298 -9.77437 0
    endloop
  endfacet
  facet normal 0.903959 -0.42762 0
    outer loop
      vertex -2.40208 -10.005 3
      vertex -2.29298 -9.77437 0
      vertex -2.29298 -9.77437 3
    endloop
  endfacet
  facet normal 0.903959 -0.42762 0
    outer loop
      vertex -2.29298 -9.77437 0
      vertex -2.40208 -10.005 3
      vertex -2.40208 -10.005 0
    endloop
  endfacet
  facet normal 0.94157 -0.336818 0
    outer loop
      vertex -2.48804 -10.2453 3
      vertex -2.40208 -10.005 0
      vertex -2.40208 -10.005 3
    endloop
  endfacet
  facet normal 0.94157 -0.336818 0
    outer loop
      vertex -2.40208 -10.005 0
      vertex -2.48804 -10.2453 3
      vertex -2.48804 -10.2453 0
    endloop
  endfacet
  facet normal 0.970036 -0.24296 0
    outer loop
      vertex -2.55003 -10.4928 3
      vertex -2.48804 -10.2453 0
      vertex -2.48804 -10.2453 3
    endloop
  endfacet
  facet normal 0.970036 -0.24296 0
    outer loop
      vertex -2.48804 -10.2453 0
      vertex -2.55003 -10.4928 3
      vertex -2.55003 -10.4928 0
    endloop
  endfacet
  facet normal 0.989162 -0.146826 0
    outer loop
      vertex -2.58748 -10.7451 3
      vertex -2.55003 -10.4928 0
      vertex -2.55003 -10.4928 3
    endloop
  endfacet
  facet normal 0.989162 -0.146826 0
    outer loop
      vertex -2.55003 -10.4928 0
      vertex -2.58748 -10.7451 3
      vertex -2.58748 -10.7451 0
    endloop
  endfacet
  facet normal 0.998798 -0.0490191 0
    outer loop
      vertex -2.59999 -11 3
      vertex -2.58748 -10.7451 0
      vertex -2.58748 -10.7451 3
    endloop
  endfacet
  facet normal 0.998798 -0.0490191 0
    outer loop
      vertex -2.58748 -10.7451 0
      vertex -2.59999 -11 3
      vertex -2.59999 -11 0
    endloop
  endfacet
  facet normal 0.998797 0.0490383 0
    outer loop
      vertex -2.58748 -11.2548 3
      vertex -2.59999 -11 0
      vertex -2.59999 -11 3
    endloop
  endfacet
  facet normal 0.998797 0.0490383 0
    outer loop
      vertex -2.59999 -11 0
      vertex -2.58748 -11.2548 3
      vertex -2.58748 -11.2548 0
    endloop
  endfacet
  facet normal 0.989171 0.146769 0
    outer loop
      vertex -2.55003 -11.5072 3
      vertex -2.58748 -11.2548 0
      vertex -2.58748 -11.2548 3
    endloop
  endfacet
  facet normal 0.989171 0.146769 0
    outer loop
      vertex -2.58748 -11.2548 0
      vertex -2.55003 -11.5072 3
      vertex -2.55003 -11.5072 0
    endloop
  endfacet
  facet normal 0.970036 0.24296 0
    outer loop
      vertex -2.48804 -11.7547 3
      vertex -2.55003 -11.5072 0
      vertex -2.55003 -11.5072 3
    endloop
  endfacet
  facet normal 0.970036 0.24296 0
    outer loop
      vertex -2.55003 -11.5072 0
      vertex -2.48804 -11.7547 3
      vertex -2.48804 -11.7547 0
    endloop
  endfacet
  facet normal 0.94157 0.336818 0
    outer loop
      vertex -2.40208 -11.995 3
      vertex -2.48804 -11.7547 0
      vertex -2.48804 -11.7547 3
    endloop
  endfacet
  facet normal 0.94157 0.336818 0
    outer loop
      vertex -2.48804 -11.7547 0
      vertex -2.40208 -11.995 3
      vertex -2.40208 -11.995 0
    endloop
  endfacet
  facet normal 0.903937 0.427665 0
    outer loop
      vertex -2.29298 -12.2256 3
      vertex -2.40208 -11.995 0
      vertex -2.40208 -11.995 3
    endloop
  endfacet
  facet normal 0.903937 0.427665 0
    outer loop
      vertex -2.40208 -11.995 0
      vertex -2.29298 -12.2256 3
      vertex -2.29298 -12.2256 0
    endloop
  endfacet
  facet normal 0.857804 0.513977 0
    outer loop
      vertex -2.16182 -12.4445 3
      vertex -2.29298 -12.2256 0
      vertex -2.29298 -12.2256 3
    endloop
  endfacet
  facet normal 0.857804 0.513977 0
    outer loop
      vertex -2.29298 -12.2256 0
      vertex -2.16182 -12.4445 3
      vertex -2.16182 -12.4445 0
    endloop
  endfacet
  facet normal 0.803159 0.595765 0
    outer loop
      vertex -2.00983 -12.6494 3
      vertex -2.16182 -12.4445 0
      vertex -2.16182 -12.4445 3
    endloop
  endfacet
  facet normal 0.803159 0.595765 0
    outer loop
      vertex -2.16182 -12.4445 0
      vertex -2.00983 -12.6494 3
      vertex -2.00983 -12.6494 0
    endloop
  endfacet
  facet normal 0.74101 0.671494 0
    outer loop
      vertex -1.83847 -12.8385 3
      vertex -2.00983 -12.6494 0
      vertex -2.00983 -12.6494 3
    endloop
  endfacet
  facet normal 0.74101 0.671494 0
    outer loop
      vertex -2.00983 -12.6494 0
      vertex -1.83847 -12.8385 3
      vertex -1.83847 -12.8385 0
    endloop
  endfacet
  facet normal 0.671443 0.741056 -0
    outer loop
      vertex -1.64941 -13.0098 0
      vertex -1.83847 -12.8385 3
      vertex -1.64941 -13.0098 3
    endloop
  endfacet
  facet normal 0.671443 0.741056 0
    outer loop
      vertex -1.83847 -12.8385 3
      vertex -1.64941 -13.0098 0
      vertex -1.83847 -12.8385 0
    endloop
  endfacet
  facet normal 0.595715 0.803196 -0
    outer loop
      vertex -1.44447 -13.1618 0
      vertex -1.64941 -13.0098 3
      vertex -1.44447 -13.1618 3
    endloop
  endfacet
  facet normal 0.595715 0.803196 0
    outer loop
      vertex -1.64941 -13.0098 3
      vertex -1.44447 -13.1618 0
      vertex -1.64941 -13.0098 0
    endloop
  endfacet
  facet normal 0.514179 0.857683 -0
    outer loop
      vertex -1.22562 -13.293 0
      vertex -1.44447 -13.1618 3
      vertex -1.22562 -13.293 3
    endloop
  endfacet
  facet normal 0.514179 0.857683 0
    outer loop
      vertex -1.44447 -13.1618 3
      vertex -1.22562 -13.293 0
      vertex -1.44447 -13.1618 0
    endloop
  endfacet
  facet normal 0.427582 0.903977 -0
    outer loop
      vertex -0.994965 -13.4021 0
      vertex -1.22562 -13.293 3
      vertex -0.994965 -13.4021 3
    endloop
  endfacet
  facet normal 0.427582 0.903977 0
    outer loop
      vertex -1.22562 -13.293 3
      vertex -0.994965 -13.4021 0
      vertex -1.22562 -13.293 0
    endloop
  endfacet
  facet normal 0.33669 0.941615 -0
    outer loop
      vertex -0.75473 -13.488 0
      vertex -0.994965 -13.4021 3
      vertex -0.75473 -13.488 3
    endloop
  endfacet
  facet normal 0.33669 0.941615 0
    outer loop
      vertex -0.994965 -13.4021 3
      vertex -0.75473 -13.488 0
      vertex -0.994965 -13.4021 0
    endloop
  endfacet
  facet normal 0.242999 0.970026 -0
    outer loop
      vertex -0.507233 -13.55 0
      vertex -0.75473 -13.488 3
      vertex -0.507233 -13.55 3
    endloop
  endfacet
  facet normal 0.242999 0.970026 0
    outer loop
      vertex -0.75473 -13.488 3
      vertex -0.507233 -13.55 0
      vertex -0.75473 -13.488 0
    endloop
  endfacet
  facet normal 0.146963 0.989142 -0
    outer loop
      vertex -0.254837 -13.5875 0
      vertex -0.507233 -13.55 3
      vertex -0.254837 -13.5875 3
    endloop
  endfacet
  facet normal 0.146963 0.989142 0
    outer loop
      vertex -0.507233 -13.55 3
      vertex -0.254837 -13.5875 0
      vertex -0.507233 -13.55 0
    endloop
  endfacet
  facet normal 0.0489921 0.998799 -0
    outer loop
      vertex 0 -13.6 0
      vertex -0.254837 -13.5875 3
      vertex 0 -13.6 3
    endloop
  endfacet
  facet normal 0.0489921 0.998799 0
    outer loop
      vertex -0.254837 -13.5875 3
      vertex 0 -13.6 0
      vertex -0.254837 -13.5875 0
    endloop
  endfacet
  facet normal -0.0489921 0.998799 0
    outer loop
      vertex 0.254837 -13.5875 0
      vertex 0 -13.6 3
      vertex 0.254837 -13.5875 3
    endloop
  endfacet
  facet normal -0.0489921 0.998799 0
    outer loop
      vertex 0 -13.6 3
      vertex 0.254837 -13.5875 0
      vertex 0 -13.6 0
    endloop
  endfacet
  facet normal -0.146998 0.989137 0
    outer loop
      vertex -10.2756 -11.6279 0
      vertex -10.3873 -11.6445 3
      vertex -10.2756 -11.6279 3
    endloop
  endfacet
  facet normal -0.146998 0.989137 0
    outer loop
      vertex -10.3873 -11.6445 3
      vertex -10.2756 -11.6279 0
      vertex -10.3873 -11.6445 0
    endloop
  endfacet
  facet normal -0.242953 0.970038 0
    outer loop
      vertex -10.1662 -11.6005 0
      vertex -10.2756 -11.6279 3
      vertex -10.1662 -11.6005 3
    endloop
  endfacet
  facet normal -0.242953 0.970038 0
    outer loop
      vertex -10.2756 -11.6279 3
      vertex -10.1662 -11.6005 0
      vertex -10.2756 -11.6279 0
    endloop
  endfacet
  facet normal -0.336617 0.941642 0
    outer loop
      vertex -10.0599 -11.5625 0
      vertex -10.1662 -11.6005 3
      vertex -10.0599 -11.5625 3
    endloop
  endfacet
  facet normal -0.336617 0.941642 0
    outer loop
      vertex -10.1662 -11.6005 3
      vertex -10.0599 -11.5625 0
      vertex -10.1662 -11.6005 0
    endloop
  endfacet
  facet normal -0.427938 0.903808 0
    outer loop
      vertex -9.95789 -11.5142 0
      vertex -10.0599 -11.5625 3
      vertex -9.95789 -11.5142 3
    endloop
  endfacet
  facet normal -0.427938 0.903808 0
    outer loop
      vertex -10.0599 -11.5625 3
      vertex -9.95789 -11.5142 0
      vertex -10.0599 -11.5625 0
    endloop
  endfacet
  facet normal -0.513935 0.857829 0
    outer loop
      vertex -9.86108 -11.4562 0
      vertex -9.95789 -11.5142 3
      vertex -9.86108 -11.4562 3
    endloop
  endfacet
  facet normal -0.513935 0.857829 0
    outer loop
      vertex -9.95789 -11.5142 3
      vertex -9.86108 -11.4562 0
      vertex -9.95789 -11.5142 0
    endloop
  endfacet
  facet normal -0.595609 0.803274 0
    outer loop
      vertex -9.77045 -11.389 0
      vertex -9.86108 -11.4562 3
      vertex -9.77045 -11.389 3
    endloop
  endfacet
  facet normal -0.595609 0.803274 0
    outer loop
      vertex -9.86108 -11.4562 3
      vertex -9.77045 -11.389 0
      vertex -9.86108 -11.4562 0
    endloop
  endfacet
  facet normal -0.671526 0.740981 0
    outer loop
      vertex -9.68681 -11.3132 0
      vertex -9.77045 -11.389 3
      vertex -9.68681 -11.3132 3
    endloop
  endfacet
  facet normal -0.671526 0.740981 0
    outer loop
      vertex -9.77045 -11.389 3
      vertex -9.68681 -11.3132 0
      vertex -9.77045 -11.389 0
    endloop
  endfacet
  facet normal -0.741265 0.671212 0
    outer loop
      vertex -9.68681 -11.3132 0
      vertex -9.61102 -11.2295 3
      vertex -9.61102 -11.2295 0
    endloop
  endfacet
  facet normal -0.741265 0.671212 0
    outer loop
      vertex -9.61102 -11.2295 3
      vertex -9.68681 -11.3132 0
      vertex -9.68681 -11.3132 3
    endloop
  endfacet
  facet normal -0.803138 0.595793 0
    outer loop
      vertex -9.61102 -11.2295 0
      vertex -9.54381 -11.1389 3
      vertex -9.54381 -11.1389 0
    endloop
  endfacet
  facet normal -0.803138 0.595793 0
    outer loop
      vertex -9.54381 -11.1389 3
      vertex -9.61102 -11.2295 0
      vertex -9.61102 -11.2295 3
    endloop
  endfacet
  facet normal -0.857688 0.51417 0
    outer loop
      vertex -9.54381 -11.1389 0
      vertex -9.48578 -11.0421 3
      vertex -9.48578 -11.0421 0
    endloop
  endfacet
  facet normal -0.857688 0.51417 0
    outer loop
      vertex -9.48578 -11.0421 3
      vertex -9.54381 -11.1389 0
      vertex -9.54381 -11.1389 3
    endloop
  endfacet
  facet normal -0.903963 0.42761 0
    outer loop
      vertex -9.48578 -11.0421 0
      vertex -9.43753 -10.9401 3
      vertex -9.43753 -10.9401 0
    endloop
  endfacet
  facet normal -0.903963 0.42761 0
    outer loop
      vertex -9.43753 -10.9401 3
      vertex -9.48578 -11.0421 0
      vertex -9.48578 -11.0421 3
    endloop
  endfacet
  facet normal -0.941585 0.336774 0
    outer loop
      vertex -9.43753 -10.9401 0
      vertex -9.39951 -10.8338 3
      vertex -9.39951 -10.8338 0
    endloop
  endfacet
  facet normal -0.941585 0.336774 0
    outer loop
      vertex -9.39951 -10.8338 3
      vertex -9.43753 -10.9401 0
      vertex -9.43753 -10.9401 3
    endloop
  endfacet
  facet normal -0.970049 0.242911 0
    outer loop
      vertex -9.39951 -10.8338 0
      vertex -9.37209 -10.7243 3
      vertex -9.37209 -10.7243 0
    endloop
  endfacet
  facet normal -0.970049 0.242911 0
    outer loop
      vertex -9.37209 -10.7243 3
      vertex -9.39951 -10.8338 0
      vertex -9.39951 -10.8338 3
    endloop
  endfacet
  facet normal -0.989169 0.14678 0
    outer loop
      vertex -9.37209 -10.7243 0
      vertex -9.35553 -10.6127 3
      vertex -9.35553 -10.6127 0
    endloop
  endfacet
  facet normal -0.989169 0.14678 0
    outer loop
      vertex -9.35553 -10.6127 3
      vertex -9.37209 -10.7243 0
      vertex -9.37209 -10.7243 3
    endloop
  endfacet
  facet normal -0.998794 0.0490978 0
    outer loop
      vertex -9.35553 -10.6127 0
      vertex -9.34999 -10.5 3
      vertex -9.34999 -10.5 0
    endloop
  endfacet
  facet normal -0.998794 0.0490978 0
    outer loop
      vertex -9.34999 -10.5 3
      vertex -9.35553 -10.6127 0
      vertex -9.35553 -10.6127 3
    endloop
  endfacet
  facet normal -0.998794 -0.0490978 0
    outer loop
      vertex -9.34999 -10.5 0
      vertex -9.35553 -10.3873 3
      vertex -9.35553 -10.3873 0
    endloop
  endfacet
  facet normal -0.998794 -0.0490978 0
    outer loop
      vertex -9.35553 -10.3873 3
      vertex -9.34999 -10.5 0
      vertex -9.34999 -10.5 3
    endloop
  endfacet
  facet normal -0.989188 -0.146651 0
    outer loop
      vertex -9.35553 -10.3873 0
      vertex -9.37209 -10.2756 3
      vertex -9.37209 -10.2756 0
    endloop
  endfacet
  facet normal -0.989188 -0.146651 0
    outer loop
      vertex -9.37209 -10.2756 3
      vertex -9.35553 -10.3873 0
      vertex -9.35553 -10.3873 3
    endloop
  endfacet
  facet normal -0.969996 -0.24312 0
    outer loop
      vertex -9.37209 -10.2756 0
      vertex -9.39951 -10.1662 3
      vertex -9.39951 -10.1662 0
    endloop
  endfacet
  facet normal -0.969996 -0.24312 0
    outer loop
      vertex -9.39951 -10.1662 3
      vertex -9.37209 -10.2756 0
      vertex -9.37209 -10.2756 3
    endloop
  endfacet
  facet normal -0.941585 -0.336774 0
    outer loop
      vertex -9.39951 -10.1662 0
      vertex -9.43753 -10.0599 3
      vertex -9.43753 -10.0599 0
    endloop
  endfacet
  facet normal -0.941585 -0.336774 0
    outer loop
      vertex -9.43753 -10.0599 3
      vertex -9.39951 -10.1662 0
      vertex -9.39951 -10.1662 3
    endloop
  endfacet
  facet normal -0.903979 -0.427576 0
    outer loop
      vertex -9.43753 -10.0599 0
      vertex -9.48578 -9.95789 3
      vertex -9.48578 -9.95789 0
    endloop
  endfacet
  facet normal -0.903979 -0.427576 0
    outer loop
      vertex -9.48578 -9.95789 3
      vertex -9.43753 -10.0599 0
      vertex -9.43753 -10.0599 3
    endloop
  endfacet
  facet normal -0.857712 -0.514131 0
    outer loop
      vertex -9.48578 -9.95789 0
      vertex -9.54381 -9.86108 3
      vertex -9.54381 -9.86108 0
    endloop
  endfacet
  facet normal -0.857712 -0.514131 0
    outer loop
      vertex -9.54381 -9.86108 3
      vertex -9.48578 -9.95789 0
      vertex -9.48578 -9.95789 3
    endloop
  endfacet
  facet normal -0.803232 -0.595666 0
    outer loop
      vertex -9.54381 -9.86108 0
      vertex -9.61102 -9.77045 3
      vertex -9.61102 -9.77045 0
    endloop
  endfacet
  facet normal -0.803232 -0.595666 0
    outer loop
      vertex -9.61102 -9.77045 3
      vertex -9.54381 -9.86108 0
      vertex -9.54381 -9.86108 3
    endloop
  endfacet
  facet normal -0.741026 -0.671477 0
    outer loop
      vertex -9.61102 -9.77045 0
      vertex -9.68681 -9.68681 3
      vertex -9.68681 -9.68681 0
    endloop
  endfacet
  facet normal -0.741026 -0.671477 0
    outer loop
      vertex -9.68681 -9.68681 3
      vertex -9.61102 -9.77045 0
      vertex -9.61102 -9.77045 3
    endloop
  endfacet
  facet normal -0.671477 -0.741026 0
    outer loop
      vertex -9.77045 -9.61102 0
      vertex -9.68681 -9.68681 3
      vertex -9.77045 -9.61102 3
    endloop
  endfacet
  facet normal -0.671477 -0.741026 -0
    outer loop
      vertex -9.68681 -9.68681 3
      vertex -9.77045 -9.61102 0
      vertex -9.68681 -9.68681 0
    endloop
  endfacet
  facet normal -0.595666 -0.803232 0
    outer loop
      vertex -9.86108 -9.54381 0
      vertex -9.77045 -9.61102 3
      vertex -9.86108 -9.54381 3
    endloop
  endfacet
  facet normal -0.595666 -0.803232 -0
    outer loop
      vertex -9.77045 -9.61102 3
      vertex -9.86108 -9.54381 0
      vertex -9.77045 -9.61102 0
    endloop
  endfacet
  facet normal -0.514131 -0.857712 0
    outer loop
      vertex -9.95789 -9.48578 0
      vertex -9.86108 -9.54381 3
      vertex -9.95789 -9.48578 3
    endloop
  endfacet
  facet normal -0.514131 -0.857712 -0
    outer loop
      vertex -9.86108 -9.54381 3
      vertex -9.95789 -9.48578 0
      vertex -9.86108 -9.54381 0
    endloop
  endfacet
  facet normal -0.427576 -0.903979 0
    outer loop
      vertex -10.0599 -9.43753 0
      vertex -9.95789 -9.48578 3
      vertex -10.0599 -9.43753 3
    endloop
  endfacet
  facet normal -0.427576 -0.903979 -0
    outer loop
      vertex -9.95789 -9.48578 3
      vertex -10.0599 -9.43753 0
      vertex -9.95789 -9.48578 0
    endloop
  endfacet
  facet normal -0.336774 -0.941585 0
    outer loop
      vertex -10.1662 -9.39951 0
      vertex -10.0599 -9.43753 3
      vertex -10.1662 -9.39951 3
    endloop
  endfacet
  facet normal -0.336774 -0.941585 -0
    outer loop
      vertex -10.0599 -9.43753 3
      vertex -10.1662 -9.39951 0
      vertex -10.0599 -9.43753 0
    endloop
  endfacet
  facet normal -0.24312 -0.969996 0
    outer loop
      vertex -10.2756 -9.37209 0
      vertex -10.1662 -9.39951 3
      vertex -10.2756 -9.37209 3
    endloop
  endfacet
  facet normal -0.24312 -0.969996 -0
    outer loop
      vertex -10.1662 -9.39951 3
      vertex -10.2756 -9.37209 0
      vertex -10.1662 -9.39951 0
    endloop
  endfacet
  facet normal -0.146651 -0.989188 0
    outer loop
      vertex -10.3873 -9.35553 0
      vertex -10.2756 -9.37209 3
      vertex -10.3873 -9.35553 3
    endloop
  endfacet
  facet normal -0.146651 -0.989188 -0
    outer loop
      vertex -10.2756 -9.37209 3
      vertex -10.3873 -9.35553 0
      vertex -10.2756 -9.37209 0
    endloop
  endfacet
  facet normal -0.0490978 -0.998794 0
    outer loop
      vertex -10.5 -9.34999 0
      vertex -10.3873 -9.35553 3
      vertex -10.5 -9.34999 3
    endloop
  endfacet
  facet normal -0.0490978 -0.998794 -0
    outer loop
      vertex -10.3873 -9.35553 3
      vertex -10.5 -9.34999 0
      vertex -10.3873 -9.35553 0
    endloop
  endfacet
  facet normal 0.0490978 -0.998794 0
    outer loop
      vertex -10.6127 -9.35553 0
      vertex -10.5 -9.34999 3
      vertex -10.6127 -9.35553 3
    endloop
  endfacet
  facet normal 0.0490978 -0.998794 0
    outer loop
      vertex -10.5 -9.34999 3
      vertex -10.6127 -9.35553 0
      vertex -10.5 -9.34999 0
    endloop
  endfacet
  facet normal 0.14678 -0.989169 0
    outer loop
      vertex -10.7243 -9.37209 0
      vertex -10.6127 -9.35553 3
      vertex -10.7243 -9.37209 3
    endloop
  endfacet
  facet normal 0.14678 -0.989169 0
    outer loop
      vertex -10.6127 -9.35553 3
      vertex -10.7243 -9.37209 0
      vertex -10.6127 -9.35553 0
    endloop
  endfacet
  facet normal 0.242911 -0.970049 0
    outer loop
      vertex -10.8338 -9.39951 0
      vertex -10.7243 -9.37209 3
      vertex -10.8338 -9.39951 3
    endloop
  endfacet
  facet normal 0.242911 -0.970049 0
    outer loop
      vertex -10.7243 -9.37209 3
      vertex -10.8338 -9.39951 0
      vertex -10.7243 -9.37209 0
    endloop
  endfacet
  facet normal 0.336774 -0.941585 0
    outer loop
      vertex -10.9401 -9.43753 0
      vertex -10.8338 -9.39951 3
      vertex -10.9401 -9.43753 3
    endloop
  endfacet
  facet normal 0.336774 -0.941585 0
    outer loop
      vertex -10.8338 -9.39951 3
      vertex -10.9401 -9.43753 0
      vertex -10.8338 -9.39951 0
    endloop
  endfacet
  facet normal 0.42761 -0.903963 0
    outer loop
      vertex -11.0421 -9.48578 0
      vertex -10.9401 -9.43753 3
      vertex -11.0421 -9.48578 3
    endloop
  endfacet
  facet normal 0.42761 -0.903963 0
    outer loop
      vertex -10.9401 -9.43753 3
      vertex -11.0421 -9.48578 0
      vertex -10.9401 -9.43753 0
    endloop
  endfacet
  facet normal 0.51417 -0.857688 0
    outer loop
      vertex -11.1389 -9.54381 0
      vertex -11.0421 -9.48578 3
      vertex -11.1389 -9.54381 3
    endloop
  endfacet
  facet normal 0.51417 -0.857688 0
    outer loop
      vertex -11.0421 -9.48578 3
      vertex -11.1389 -9.54381 0
      vertex -11.0421 -9.48578 0
    endloop
  endfacet
  facet normal 0.595793 -0.803138 0
    outer loop
      vertex -11.2295 -9.61102 0
      vertex -11.1389 -9.54381 3
      vertex -11.2295 -9.61102 3
    endloop
  endfacet
  facet normal 0.595793 -0.803138 0
    outer loop
      vertex -11.1389 -9.54381 3
      vertex -11.2295 -9.61102 0
      vertex -11.1389 -9.54381 0
    endloop
  endfacet
  facet normal 0.671212 -0.741265 0
    outer loop
      vertex -11.3132 -9.68681 0
      vertex -11.2295 -9.61102 3
      vertex -11.3132 -9.68681 3
    endloop
  endfacet
  facet normal 0.671212 -0.741265 0
    outer loop
      vertex -11.2295 -9.61102 3
      vertex -11.3132 -9.68681 0
      vertex -11.2295 -9.61102 0
    endloop
  endfacet
  facet normal 0.740981 -0.671526 0
    outer loop
      vertex -11.389 -9.77045 3
      vertex -11.3132 -9.68681 0
      vertex -11.3132 -9.68681 3
    endloop
  endfacet
  facet normal 0.740981 -0.671526 0
    outer loop
      vertex -11.3132 -9.68681 0
      vertex -11.389 -9.77045 3
      vertex -11.389 -9.77045 0
    endloop
  endfacet
  facet normal 0.803274 -0.595609 0
    outer loop
      vertex -11.4562 -9.86108 3
      vertex -11.389 -9.77045 0
      vertex -11.389 -9.77045 3
    endloop
  endfacet
  facet normal 0.803274 -0.595609 0
    outer loop
      vertex -11.389 -9.77045 0
      vertex -11.4562 -9.86108 3
      vertex -11.4562 -9.86108 0
    endloop
  endfacet
  facet normal 0.857829 -0.513935 0
    outer loop
      vertex -11.5142 -9.95789 3
      vertex -11.4562 -9.86108 0
      vertex -11.4562 -9.86108 3
    endloop
  endfacet
  facet normal 0.857829 -0.513935 0
    outer loop
      vertex -11.4562 -9.86108 0
      vertex -11.5142 -9.95789 3
      vertex -11.5142 -9.95789 0
    endloop
  endfacet
  facet normal 0.903808 -0.427938 0
    outer loop
      vertex -11.5625 -10.0599 3
      vertex -11.5142 -9.95789 0
      vertex -11.5142 -9.95789 3
    endloop
  endfacet
  facet normal 0.903808 -0.427938 0
    outer loop
      vertex -11.5142 -9.95789 0
      vertex -11.5625 -10.0599 3
      vertex -11.5625 -10.0599 0
    endloop
  endfacet
  facet normal 0.941642 -0.336617 0
    outer loop
      vertex -11.6005 -10.1662 3
      vertex -11.5625 -10.0599 0
      vertex -11.5625 -10.0599 3
    endloop
  endfacet
  facet normal 0.941642 -0.336617 0
    outer loop
      vertex -11.5625 -10.0599 0
      vertex -11.6005 -10.1662 3
      vertex -11.6005 -10.1662 0
    endloop
  endfacet
  facet normal 0.970038 -0.242953 0
    outer loop
      vertex -11.6279 -10.2756 3
      vertex -11.6005 -10.1662 0
      vertex -11.6005 -10.1662 3
    endloop
  endfacet
  facet normal 0.970038 -0.242953 0
    outer loop
      vertex -11.6005 -10.1662 0
      vertex -11.6279 -10.2756 3
      vertex -11.6279 -10.2756 0
    endloop
  endfacet
  facet normal 0.989137 -0.146998 0
    outer loop
      vertex -11.6445 -10.3873 3
      vertex -11.6279 -10.2756 0
      vertex -11.6279 -10.2756 3
    endloop
  endfacet
  facet normal 0.989137 -0.146998 0
    outer loop
      vertex -11.6279 -10.2756 0
      vertex -11.6445 -10.3873 3
      vertex -11.6445 -10.3873 0
    endloop
  endfacet
  facet normal 0.998811 -0.0487441 0
    outer loop
      vertex -11.65 -10.5 3
      vertex -11.6445 -10.3873 0
      vertex -11.6445 -10.3873 3
    endloop
  endfacet
  facet normal 0.998811 -0.0487441 0
    outer loop
      vertex -11.6445 -10.3873 0
      vertex -11.65 -10.5 3
      vertex -11.65 -10.5 0
    endloop
  endfacet
  facet normal 0.998811 0.0487441 0
    outer loop
      vertex -11.6445 -10.6127 3
      vertex -11.65 -10.5 0
      vertex -11.65 -10.5 3
    endloop
  endfacet
  facet normal 0.998811 0.0487441 0
    outer loop
      vertex -11.65 -10.5 0
      vertex -11.6445 -10.6127 3
      vertex -11.6445 -10.6127 0
    endloop
  endfacet
  facet normal 0.989118 0.147127 0
    outer loop
      vertex -11.6279 -10.7243 3
      vertex -11.6445 -10.6127 0
      vertex -11.6445 -10.6127 3
    endloop
  endfacet
  facet normal 0.989118 0.147127 0
    outer loop
      vertex -11.6445 -10.6127 0
      vertex -11.6279 -10.7243 3
      vertex -11.6279 -10.7243 0
    endloop
  endfacet
  facet normal 0.97009 0.242744 0
    outer loop
      vertex -11.6005 -10.8338 3
      vertex -11.6279 -10.7243 0
      vertex -11.6279 -10.7243 3
    endloop
  endfacet
  facet normal 0.97009 0.242744 0
    outer loop
      vertex -11.6279 -10.7243 0
      vertex -11.6005 -10.8338 3
      vertex -11.6005 -10.8338 0
    endloop
  endfacet
  facet normal 0.941642 0.336617 0
    outer loop
      vertex -11.5625 -10.9401 3
      vertex -11.6005 -10.8338 0
      vertex -11.6005 -10.8338 3
    endloop
  endfacet
  facet normal 0.941642 0.336617 0
    outer loop
      vertex -11.6005 -10.8338 0
      vertex -11.5625 -10.9401 3
      vertex -11.5625 -10.9401 0
    endloop
  endfacet
  facet normal 0.903792 0.427972 0
    outer loop
      vertex -11.5142 -11.0421 3
      vertex -11.5625 -10.9401 0
      vertex -11.5625 -10.9401 3
    endloop
  endfacet
  facet normal 0.903792 0.427972 0
    outer loop
      vertex -11.5625 -10.9401 0
      vertex -11.5142 -11.0421 3
      vertex -11.5142 -11.0421 0
    endloop
  endfacet
  facet normal 0.857806 0.513974 0
    outer loop
      vertex -11.4562 -11.1389 3
      vertex -11.5142 -11.0421 0
      vertex -11.5142 -11.0421 3
    endloop
  endfacet
  facet normal 0.857806 0.513974 0
    outer loop
      vertex -11.5142 -11.0421 0
      vertex -11.4562 -11.1389 3
      vertex -11.4562 -11.1389 0
    endloop
  endfacet
  facet normal 0.80318 0.595736 0
    outer loop
      vertex -11.389 -11.2295 3
      vertex -11.4562 -11.1389 0
      vertex -11.4562 -11.1389 3
    endloop
  endfacet
  facet normal 0.80318 0.595736 0
    outer loop
      vertex -11.4562 -11.1389 0
      vertex -11.389 -11.2295 3
      vertex -11.389 -11.2295 0
    endloop
  endfacet
  facet normal 0.741221 0.671261 0
    outer loop
      vertex -11.3132 -11.3132 3
      vertex -11.389 -11.2295 0
      vertex -11.389 -11.2295 3
    endloop
  endfacet
  facet normal 0.741221 0.671261 0
    outer loop
      vertex -11.389 -11.2295 0
      vertex -11.3132 -11.3132 3
      vertex -11.3132 -11.3132 0
    endloop
  endfacet
  facet normal 0.671261 0.741221 -0
    outer loop
      vertex -11.2295 -11.389 0
      vertex -11.3132 -11.3132 3
      vertex -11.2295 -11.389 3
    endloop
  endfacet
  facet normal 0.671261 0.741221 0
    outer loop
      vertex -11.3132 -11.3132 3
      vertex -11.2295 -11.389 0
      vertex -11.3132 -11.3132 0
    endloop
  endfacet
  facet normal 0.595736 0.80318 -0
    outer loop
      vertex -11.1389 -11.4562 0
      vertex -11.2295 -11.389 3
      vertex -11.1389 -11.4562 3
    endloop
  endfacet
  facet normal 0.595736 0.80318 0
    outer loop
      vertex -11.2295 -11.389 3
      vertex -11.1389 -11.4562 0
      vertex -11.2295 -11.389 0
    endloop
  endfacet
  facet normal 0.513974 0.857806 -0
    outer loop
      vertex -11.0421 -11.5142 0
      vertex -11.1389 -11.4562 3
      vertex -11.0421 -11.5142 3
    endloop
  endfacet
  facet normal 0.513974 0.857806 0
    outer loop
      vertex -11.1389 -11.4562 3
      vertex -11.0421 -11.5142 0
      vertex -11.1389 -11.4562 0
    endloop
  endfacet
  facet normal 0.427972 0.903792 -0
    outer loop
      vertex -10.9401 -11.5625 0
      vertex -11.0421 -11.5142 3
      vertex -10.9401 -11.5625 3
    endloop
  endfacet
  facet normal 0.427972 0.903792 0
    outer loop
      vertex -11.0421 -11.5142 3
      vertex -10.9401 -11.5625 0
      vertex -11.0421 -11.5142 0
    endloop
  endfacet
  facet normal 0.336617 0.941642 -0
    outer loop
      vertex -10.8338 -11.6005 0
      vertex -10.9401 -11.5625 3
      vertex -10.8338 -11.6005 3
    endloop
  endfacet
  facet normal 0.336617 0.941642 0
    outer loop
      vertex -10.9401 -11.5625 3
      vertex -10.8338 -11.6005 0
      vertex -10.9401 -11.5625 0
    endloop
  endfacet
  facet normal 0.242744 0.97009 -0
    outer loop
      vertex -10.7243 -11.6279 0
      vertex -10.8338 -11.6005 3
      vertex -10.7243 -11.6279 3
    endloop
  endfacet
  facet normal 0.242744 0.97009 0
    outer loop
      vertex -10.8338 -11.6005 3
      vertex -10.7243 -11.6279 0
      vertex -10.8338 -11.6005 0
    endloop
  endfacet
  facet normal 0.147127 0.989118 -0
    outer loop
      vertex -10.6127 -11.6445 0
      vertex -10.7243 -11.6279 3
      vertex -10.6127 -11.6445 3
    endloop
  endfacet
  facet normal 0.147127 0.989118 0
    outer loop
      vertex -10.7243 -11.6279 3
      vertex -10.6127 -11.6445 0
      vertex -10.7243 -11.6279 0
    endloop
  endfacet
  facet normal 0.0487441 0.998811 -0
    outer loop
      vertex -10.5 -11.65 0
      vertex -10.6127 -11.6445 3
      vertex -10.5 -11.65 3
    endloop
  endfacet
  facet normal 0.0487441 0.998811 0
    outer loop
      vertex -10.6127 -11.6445 3
      vertex -10.5 -11.65 0
      vertex -10.6127 -11.6445 0
    endloop
  endfacet
  facet normal -0.0487441 0.998811 0
    outer loop
      vertex -10.3873 -11.6445 0
      vertex -10.5 -11.65 3
      vertex -10.3873 -11.6445 3
    endloop
  endfacet
  facet normal -0.0487441 0.998811 0
    outer loop
      vertex -10.5 -11.65 3
      vertex -10.3873 -11.6445 0
      vertex -10.5 -11.65 0
    endloop
  endfacet
  facet normal -0.147127 0.989118 0
    outer loop
      vertex 10.7243 -11.6279 0
      vertex 10.6127 -11.6445 3
      vertex 10.7243 -11.6279 3
    endloop
  endfacet
  facet normal -0.147127 0.989118 0
    outer loop
      vertex 10.6127 -11.6445 3
      vertex 10.7243 -11.6279 0
      vertex 10.6127 -11.6445 0
    endloop
  endfacet
  facet normal -0.242744 0.97009 0
    outer loop
      vertex 10.8338 -11.6005 0
      vertex 10.7243 -11.6279 3
      vertex 10.8338 -11.6005 3
    endloop
  endfacet
  facet normal -0.242744 0.97009 0
    outer loop
      vertex 10.7243 -11.6279 3
      vertex 10.8338 -11.6005 0
      vertex 10.7243 -11.6279 0
    endloop
  endfacet
  facet normal -0.336617 0.941642 0
    outer loop
      vertex 10.9401 -11.5625 0
      vertex 10.8338 -11.6005 3
      vertex 10.9401 -11.5625 3
    endloop
  endfacet
  facet normal -0.336617 0.941642 0
    outer loop
      vertex 10.8338 -11.6005 3
      vertex 10.9401 -11.5625 0
      vertex 10.8338 -11.6005 0
    endloop
  endfacet
  facet normal -0.427972 0.903792 0
    outer loop
      vertex 11.0421 -11.5142 0
      vertex 10.9401 -11.5625 3
      vertex 11.0421 -11.5142 3
    endloop
  endfacet
  facet normal -0.427972 0.903792 0
    outer loop
      vertex 10.9401 -11.5625 3
      vertex 11.0421 -11.5142 0
      vertex 10.9401 -11.5625 0
    endloop
  endfacet
  facet normal -0.513974 0.857806 0
    outer loop
      vertex 11.1389 -11.4562 0
      vertex 11.0421 -11.5142 3
      vertex 11.1389 -11.4562 3
    endloop
  endfacet
  facet normal -0.513974 0.857806 0
    outer loop
      vertex 11.0421 -11.5142 3
      vertex 11.1389 -11.4562 0
      vertex 11.0421 -11.5142 0
    endloop
  endfacet
  facet normal -0.595736 0.80318 0
    outer loop
      vertex 11.2295 -11.389 0
      vertex 11.1389 -11.4562 3
      vertex 11.2295 -11.389 3
    endloop
  endfacet
  facet normal -0.595736 0.80318 0
    outer loop
      vertex 11.1389 -11.4562 3
      vertex 11.2295 -11.389 0
      vertex 11.1389 -11.4562 0
    endloop
  endfacet
  facet normal -0.671261 0.741221 0
    outer loop
      vertex 11.3132 -11.3132 0
      vertex 11.2295 -11.389 3
      vertex 11.3132 -11.3132 3
    endloop
  endfacet
  facet normal -0.671261 0.741221 0
    outer loop
      vertex 11.2295 -11.389 3
      vertex 11.3132 -11.3132 0
      vertex 11.2295 -11.389 0
    endloop
  endfacet
  facet normal -0.741221 0.671261 0
    outer loop
      vertex 11.3132 -11.3132 0
      vertex 11.389 -11.2295 3
      vertex 11.389 -11.2295 0
    endloop
  endfacet
  facet normal -0.741221 0.671261 0
    outer loop
      vertex 11.389 -11.2295 3
      vertex 11.3132 -11.3132 0
      vertex 11.3132 -11.3132 3
    endloop
  endfacet
  facet normal -0.80318 0.595736 0
    outer loop
      vertex 11.389 -11.2295 0
      vertex 11.4562 -11.1389 3
      vertex 11.4562 -11.1389 0
    endloop
  endfacet
  facet normal -0.80318 0.595736 0
    outer loop
      vertex 11.4562 -11.1389 3
      vertex 11.389 -11.2295 0
      vertex 11.389 -11.2295 3
    endloop
  endfacet
  facet normal -0.857806 0.513974 0
    outer loop
      vertex 11.4562 -11.1389 0
      vertex 11.5142 -11.0421 3
      vertex 11.5142 -11.0421 0
    endloop
  endfacet
  facet normal -0.857806 0.513974 0
    outer loop
      vertex 11.5142 -11.0421 3
      vertex 11.4562 -11.1389 0
      vertex 11.4562 -11.1389 3
    endloop
  endfacet
  facet normal -0.903792 0.427972 0
    outer loop
      vertex 11.5142 -11.0421 0
      vertex 11.5625 -10.9401 3
      vertex 11.5625 -10.9401 0
    endloop
  endfacet
  facet normal -0.903792 0.427972 0
    outer loop
      vertex 11.5625 -10.9401 3
      vertex 11.5142 -11.0421 0
      vertex 11.5142 -11.0421 3
    endloop
  endfacet
  facet normal -0.941642 0.336617 0
    outer loop
      vertex 11.5625 -10.9401 0
      vertex 11.6005 -10.8338 3
      vertex 11.6005 -10.8338 0
    endloop
  endfacet
  facet normal -0.941642 0.336617 0
    outer loop
      vertex 11.6005 -10.8338 3
      vertex 11.5625 -10.9401 0
      vertex 11.5625 -10.9401 3
    endloop
  endfacet
  facet normal -0.97009 0.242744 0
    outer loop
      vertex 11.6005 -10.8338 0
      vertex 11.6279 -10.7243 3
      vertex 11.6279 -10.7243 0
    endloop
  endfacet
  facet normal -0.97009 0.242744 0
    outer loop
      vertex 11.6279 -10.7243 3
      vertex 11.6005 -10.8338 0
      vertex 11.6005 -10.8338 3
    endloop
  endfacet
  facet normal -0.989118 0.147127 0
    outer loop
      vertex 11.6279 -10.7243 0
      vertex 11.6445 -10.6127 3
      vertex 11.6445 -10.6127 0
    endloop
  endfacet
  facet normal -0.989118 0.147127 0
    outer loop
      vertex 11.6445 -10.6127 3
      vertex 11.6279 -10.7243 0
      vertex 11.6279 -10.7243 3
    endloop
  endfacet
  facet normal -0.998811 0.0487441 0
    outer loop
      vertex 11.6445 -10.6127 0
      vertex 11.65 -10.5 3
      vertex 11.65 -10.5 0
    endloop
  endfacet
  facet normal -0.998811 0.0487441 0
    outer loop
      vertex 11.65 -10.5 3
      vertex 11.6445 -10.6127 0
      vertex 11.6445 -10.6127 3
    endloop
  endfacet
  facet normal -0.998811 -0.0487441 0
    outer loop
      vertex 11.65 -10.5 0
      vertex 11.6445 -10.3873 3
      vertex 11.6445 -10.3873 0
    endloop
  endfacet
  facet normal -0.998811 -0.0487441 0
    outer loop
      vertex 11.6445 -10.3873 3
      vertex 11.65 -10.5 0
      vertex 11.65 -10.5 3
    endloop
  endfacet
  facet normal -0.989137 -0.146998 0
    outer loop
      vertex 11.6445 -10.3873 0
      vertex 11.6279 -10.2756 3
      vertex 11.6279 -10.2756 0
    endloop
  endfacet
  facet normal -0.989137 -0.146998 0
    outer loop
      vertex 11.6279 -10.2756 3
      vertex 11.6445 -10.3873 0
      vertex 11.6445 -10.3873 3
    endloop
  endfacet
  facet normal -0.970038 -0.242953 0
    outer loop
      vertex 11.6279 -10.2756 0
      vertex 11.6005 -10.1662 3
      vertex 11.6005 -10.1662 0
    endloop
  endfacet
  facet normal -0.970038 -0.242953 0
    outer loop
      vertex 11.6005 -10.1662 3
      vertex 11.6279 -10.2756 0
      vertex 11.6279 -10.2756 3
    endloop
  endfacet
  facet normal -0.941642 -0.336617 0
    outer loop
      vertex 11.6005 -10.1662 0
      vertex 11.5625 -10.0599 3
      vertex 11.5625 -10.0599 0
    endloop
  endfacet
  facet normal -0.941642 -0.336617 0
    outer loop
      vertex 11.5625 -10.0599 3
      vertex 11.6005 -10.1662 0
      vertex 11.6005 -10.1662 3
    endloop
  endfacet
  facet normal -0.903808 -0.427938 0
    outer loop
      vertex 11.5625 -10.0599 0
      vertex 11.5142 -9.95789 3
      vertex 11.5142 -9.95789 0
    endloop
  endfacet
  facet normal -0.903808 -0.427938 0
    outer loop
      vertex 11.5142 -9.95789 3
      vertex 11.5625 -10.0599 0
      vertex 11.5625 -10.0599 3
    endloop
  endfacet
  facet normal -0.857829 -0.513935 0
    outer loop
      vertex 11.5142 -9.95789 0
      vertex 11.4562 -9.86108 3
      vertex 11.4562 -9.86108 0
    endloop
  endfacet
  facet normal -0.857829 -0.513935 0
    outer loop
      vertex 11.4562 -9.86108 3
      vertex 11.5142 -9.95789 0
      vertex 11.5142 -9.95789 3
    endloop
  endfacet
  facet normal -0.803274 -0.595609 0
    outer loop
      vertex 11.4562 -9.86108 0
      vertex 11.389 -9.77045 3
      vertex 11.389 -9.77045 0
    endloop
  endfacet
  facet normal -0.803274 -0.595609 0
    outer loop
      vertex 11.389 -9.77045 3
      vertex 11.4562 -9.86108 0
      vertex 11.4562 -9.86108 3
    endloop
  endfacet
  facet normal -0.740981 -0.671526 0
    outer loop
      vertex 11.389 -9.77045 0
      vertex 11.3132 -9.68681 3
      vertex 11.3132 -9.68681 0
    endloop
  endfacet
  facet normal -0.740981 -0.671526 0
    outer loop
      vertex 11.3132 -9.68681 3
      vertex 11.389 -9.77045 0
      vertex 11.389 -9.77045 3
    endloop
  endfacet
  facet normal -0.671212 -0.741265 0
    outer loop
      vertex 11.2295 -9.61102 0
      vertex 11.3132 -9.68681 3
      vertex 11.2295 -9.61102 3
    endloop
  endfacet
  facet normal -0.671212 -0.741265 -0
    outer loop
      vertex 11.3132 -9.68681 3
      vertex 11.2295 -9.61102 0
      vertex 11.3132 -9.68681 0
    endloop
  endfacet
  facet normal -0.595793 -0.803138 0
    outer loop
      vertex 11.1389 -9.54381 0
      vertex 11.2295 -9.61102 3
      vertex 11.1389 -9.54381 3
    endloop
  endfacet
  facet normal -0.595793 -0.803138 -0
    outer loop
      vertex 11.2295 -9.61102 3
      vertex 11.1389 -9.54381 0
      vertex 11.2295 -9.61102 0
    endloop
  endfacet
  facet normal -0.51417 -0.857688 0
    outer loop
      vertex 11.0421 -9.48578 0
      vertex 11.1389 -9.54381 3
      vertex 11.0421 -9.48578 3
    endloop
  endfacet
  facet normal -0.51417 -0.857688 -0
    outer loop
      vertex 11.1389 -9.54381 3
      vertex 11.0421 -9.48578 0
      vertex 11.1389 -9.54381 0
    endloop
  endfacet
  facet normal -0.42761 -0.903963 0
    outer loop
      vertex 10.9401 -9.43753 0
      vertex 11.0421 -9.48578 3
      vertex 10.9401 -9.43753 3
    endloop
  endfacet
  facet normal -0.42761 -0.903963 -0
    outer loop
      vertex 11.0421 -9.48578 3
      vertex 10.9401 -9.43753 0
      vertex 11.0421 -9.48578 0
    endloop
  endfacet
  facet normal -0.336774 -0.941585 0
    outer loop
      vertex 10.8338 -9.39951 0
      vertex 10.9401 -9.43753 3
      vertex 10.8338 -9.39951 3
    endloop
  endfacet
  facet normal -0.336774 -0.941585 -0
    outer loop
      vertex 10.9401 -9.43753 3
      vertex 10.8338 -9.39951 0
      vertex 10.9401 -9.43753 0
    endloop
  endfacet
  facet normal -0.242911 -0.970049 0
    outer loop
      vertex 10.7243 -9.37209 0
      vertex 10.8338 -9.39951 3
      vertex 10.7243 -9.37209 3
    endloop
  endfacet
  facet normal -0.242911 -0.970049 -0
    outer loop
      vertex 10.8338 -9.39951 3
      vertex 10.7243 -9.37209 0
      vertex 10.8338 -9.39951 0
    endloop
  endfacet
  facet normal -0.14678 -0.989169 0
    outer loop
      vertex 10.6127 -9.35553 0
      vertex 10.7243 -9.37209 3
      vertex 10.6127 -9.35553 3
    endloop
  endfacet
  facet normal -0.14678 -0.989169 -0
    outer loop
      vertex 10.7243 -9.37209 3
      vertex 10.6127 -9.35553 0
      vertex 10.7243 -9.37209 0
    endloop
  endfacet
  facet normal -0.0490978 -0.998794 0
    outer loop
      vertex 10.5 -9.34999 0
      vertex 10.6127 -9.35553 3
      vertex 10.5 -9.34999 3
    endloop
  endfacet
  facet normal -0.0490978 -0.998794 -0
    outer loop
      vertex 10.6127 -9.35553 3
      vertex 10.5 -9.34999 0
      vertex 10.6127 -9.35553 0
    endloop
  endfacet
  facet normal 0.0490978 -0.998794 0
    outer loop
      vertex 10.3873 -9.35553 0
      vertex 10.5 -9.34999 3
      vertex 10.3873 -9.35553 3
    endloop
  endfacet
  facet normal 0.0490978 -0.998794 0
    outer loop
      vertex 10.5 -9.34999 3
      vertex 10.3873 -9.35553 0
      vertex 10.5 -9.34999 0
    endloop
  endfacet
  facet normal 0.146651 -0.989188 0
    outer loop
      vertex 10.2756 -9.37209 0
      vertex 10.3873 -9.35553 3
      vertex 10.2756 -9.37209 3
    endloop
  endfacet
  facet normal 0.146651 -0.989188 0
    outer loop
      vertex 10.3873 -9.35553 3
      vertex 10.2756 -9.37209 0
      vertex 10.3873 -9.35553 0
    endloop
  endfacet
  facet normal 0.24312 -0.969996 0
    outer loop
      vertex 10.1662 -9.39951 0
      vertex 10.2756 -9.37209 3
      vertex 10.1662 -9.39951 3
    endloop
  endfacet
  facet normal 0.24312 -0.969996 0
    outer loop
      vertex 10.2756 -9.37209 3
      vertex 10.1662 -9.39951 0
      vertex 10.2756 -9.37209 0
    endloop
  endfacet
  facet normal 0.336774 -0.941585 0
    outer loop
      vertex 10.0599 -9.43753 0
      vertex 10.1662 -9.39951 3
      vertex 10.0599 -9.43753 3
    endloop
  endfacet
  facet normal 0.336774 -0.941585 0
    outer loop
      vertex 10.1662 -9.39951 3
      vertex 10.0599 -9.43753 0
      vertex 10.1662 -9.39951 0
    endloop
  endfacet
  facet normal 0.427576 -0.903979 0
    outer loop
      vertex 9.95789 -9.48578 0
      vertex 10.0599 -9.43753 3
      vertex 9.95789 -9.48578 3
    endloop
  endfacet
  facet normal 0.427576 -0.903979 0
    outer loop
      vertex 10.0599 -9.43753 3
      vertex 9.95789 -9.48578 0
      vertex 10.0599 -9.43753 0
    endloop
  endfacet
  facet normal 0.514131 -0.857712 0
    outer loop
      vertex 9.86108 -9.54381 0
      vertex 9.95789 -9.48578 3
      vertex 9.86108 -9.54381 3
    endloop
  endfacet
  facet normal 0.514131 -0.857712 0
    outer loop
      vertex 9.95789 -9.48578 3
      vertex 9.86108 -9.54381 0
      vertex 9.95789 -9.48578 0
    endloop
  endfacet
  facet normal 0.595666 -0.803232 0
    outer loop
      vertex 9.77045 -9.61102 0
      vertex 9.86108 -9.54381 3
      vertex 9.77045 -9.61102 3
    endloop
  endfacet
  facet normal 0.595666 -0.803232 0
    outer loop
      vertex 9.86108 -9.54381 3
      vertex 9.77045 -9.61102 0
      vertex 9.86108 -9.54381 0
    endloop
  endfacet
  facet normal 0.671477 -0.741026 0
    outer loop
      vertex 9.68681 -9.68681 0
      vertex 9.77045 -9.61102 3
      vertex 9.68681 -9.68681 3
    endloop
  endfacet
  facet normal 0.671477 -0.741026 0
    outer loop
      vertex 9.77045 -9.61102 3
      vertex 9.68681 -9.68681 0
      vertex 9.77045 -9.61102 0
    endloop
  endfacet
  facet normal 0.741026 -0.671477 0
    outer loop
      vertex 9.61102 -9.77045 3
      vertex 9.68681 -9.68681 0
      vertex 9.68681 -9.68681 3
    endloop
  endfacet
  facet normal 0.741026 -0.671477 0
    outer loop
      vertex 9.68681 -9.68681 0
      vertex 9.61102 -9.77045 3
      vertex 9.61102 -9.77045 0
    endloop
  endfacet
  facet normal 0.803232 -0.595666 0
    outer loop
      vertex 9.54381 -9.86108 3
      vertex 9.61102 -9.77045 0
      vertex 9.61102 -9.77045 3
    endloop
  endfacet
  facet normal 0.803232 -0.595666 0
    outer loop
      vertex 9.61102 -9.77045 0
      vertex 9.54381 -9.86108 3
      vertex 9.54381 -9.86108 0
    endloop
  endfacet
  facet normal 0.857712 -0.514131 0
    outer loop
      vertex 9.48578 -9.95789 3
      vertex 9.54381 -9.86108 0
      vertex 9.54381 -9.86108 3
    endloop
  endfacet
  facet normal 0.857712 -0.514131 0
    outer loop
      vertex 9.54381 -9.86108 0
      vertex 9.48578 -9.95789 3
      vertex 9.48578 -9.95789 0
    endloop
  endfacet
  facet normal 0.903979 -0.427576 0
    outer loop
      vertex 9.43753 -10.0599 3
      vertex 9.48578 -9.95789 0
      vertex 9.48578 -9.95789 3
    endloop
  endfacet
  facet normal 0.903979 -0.427576 0
    outer loop
      vertex 9.48578 -9.95789 0
      vertex 9.43753 -10.0599 3
      vertex 9.43753 -10.0599 0
    endloop
  endfacet
  facet normal 0.941585 -0.336774 0
    outer loop
      vertex 9.39951 -10.1662 3
      vertex 9.43753 -10.0599 0
      vertex 9.43753 -10.0599 3
    endloop
  endfacet
  facet normal 0.941585 -0.336774 0
    outer loop
      vertex 9.43753 -10.0599 0
      vertex 9.39951 -10.1662 3
      vertex 9.39951 -10.1662 0
    endloop
  endfacet
  facet normal 0.969996 -0.24312 0
    outer loop
      vertex 9.37209 -10.2756 3
      vertex 9.39951 -10.1662 0
      vertex 9.39951 -10.1662 3
    endloop
  endfacet
  facet normal 0.969996 -0.24312 0
    outer loop
      vertex 9.39951 -10.1662 0
      vertex 9.37209 -10.2756 3
      vertex 9.37209 -10.2756 0
    endloop
  endfacet
  facet normal 0.989188 -0.146651 0
    outer loop
      vertex 9.35553 -10.3873 3
      vertex 9.37209 -10.2756 0
      vertex 9.37209 -10.2756 3
    endloop
  endfacet
  facet normal 0.989188 -0.146651 0
    outer loop
      vertex 9.37209 -10.2756 0
      vertex 9.35553 -10.3873 3
      vertex 9.35553 -10.3873 0
    endloop
  endfacet
  facet normal 0.998794 -0.0490978 0
    outer loop
      vertex 9.34999 -10.5 3
      vertex 9.35553 -10.3873 0
      vertex 9.35553 -10.3873 3
    endloop
  endfacet
  facet normal 0.998794 -0.0490978 0
    outer loop
      vertex 9.35553 -10.3873 0
      vertex 9.34999 -10.5 3
      vertex 9.34999 -10.5 0
    endloop
  endfacet
  facet normal 0.998794 0.0490978 0
    outer loop
      vertex 9.35553 -10.6127 3
      vertex 9.34999 -10.5 0
      vertex 9.34999 -10.5 3
    endloop
  endfacet
  facet normal 0.998794 0.0490978 0
    outer loop
      vertex 9.34999 -10.5 0
      vertex 9.35553 -10.6127 3
      vertex 9.35553 -10.6127 0
    endloop
  endfacet
  facet normal 0.989169 0.14678 0
    outer loop
      vertex 9.37209 -10.7243 3
      vertex 9.35553 -10.6127 0
      vertex 9.35553 -10.6127 3
    endloop
  endfacet
  facet normal 0.989169 0.14678 0
    outer loop
      vertex 9.35553 -10.6127 0
      vertex 9.37209 -10.7243 3
      vertex 9.37209 -10.7243 0
    endloop
  endfacet
  facet normal 0.970049 0.242911 0
    outer loop
      vertex 9.39951 -10.8338 3
      vertex 9.37209 -10.7243 0
      vertex 9.37209 -10.7243 3
    endloop
  endfacet
  facet normal 0.970049 0.242911 0
    outer loop
      vertex 9.37209 -10.7243 0
      vertex 9.39951 -10.8338 3
      vertex 9.39951 -10.8338 0
    endloop
  endfacet
  facet normal 0.941585 0.336774 0
    outer loop
      vertex 9.43753 -10.9401 3
      vertex 9.39951 -10.8338 0
      vertex 9.39951 -10.8338 3
    endloop
  endfacet
  facet normal 0.941585 0.336774 0
    outer loop
      vertex 9.39951 -10.8338 0
      vertex 9.43753 -10.9401 3
      vertex 9.43753 -10.9401 0
    endloop
  endfacet
  facet normal 0.903963 0.42761 0
    outer loop
      vertex 9.48578 -11.0421 3
      vertex 9.43753 -10.9401 0
      vertex 9.43753 -10.9401 3
    endloop
  endfacet
  facet normal 0.903963 0.42761 0
    outer loop
      vertex 9.43753 -10.9401 0
      vertex 9.48578 -11.0421 3
      vertex 9.48578 -11.0421 0
    endloop
  endfacet
  facet normal 0.857688 0.51417 0
    outer loop
      vertex 9.54381 -11.1389 3
      vertex 9.48578 -11.0421 0
      vertex 9.48578 -11.0421 3
    endloop
  endfacet
  facet normal 0.857688 0.51417 0
    outer loop
      vertex 9.48578 -11.0421 0
      vertex 9.54381 -11.1389 3
      vertex 9.54381 -11.1389 0
    endloop
  endfacet
  facet normal 0.803138 0.595793 0
    outer loop
      vertex 9.61102 -11.2295 3
      vertex 9.54381 -11.1389 0
      vertex 9.54381 -11.1389 3
    endloop
  endfacet
  facet normal 0.803138 0.595793 0
    outer loop
      vertex 9.54381 -11.1389 0
      vertex 9.61102 -11.2295 3
      vertex 9.61102 -11.2295 0
    endloop
  endfacet
  facet normal 0.741265 0.671212 0
    outer loop
      vertex 9.68681 -11.3132 3
      vertex 9.61102 -11.2295 0
      vertex 9.61102 -11.2295 3
    endloop
  endfacet
  facet normal 0.741265 0.671212 0
    outer loop
      vertex 9.61102 -11.2295 0
      vertex 9.68681 -11.3132 3
      vertex 9.68681 -11.3132 0
    endloop
  endfacet
  facet normal 0.671526 0.740981 -0
    outer loop
      vertex 9.77045 -11.389 0
      vertex 9.68681 -11.3132 3
      vertex 9.77045 -11.389 3
    endloop
  endfacet
  facet normal 0.671526 0.740981 0
    outer loop
      vertex 9.68681 -11.3132 3
      vertex 9.77045 -11.389 0
      vertex 9.68681 -11.3132 0
    endloop
  endfacet
  facet normal 0.595609 0.803274 -0
    outer loop
      vertex 9.86108 -11.4562 0
      vertex 9.77045 -11.389 3
      vertex 9.86108 -11.4562 3
    endloop
  endfacet
  facet normal 0.595609 0.803274 0
    outer loop
      vertex 9.77045 -11.389 3
      vertex 9.86108 -11.4562 0
      vertex 9.77045 -11.389 0
    endloop
  endfacet
  facet normal 0.513935 0.857829 -0
    outer loop
      vertex 9.95789 -11.5142 0
      vertex 9.86108 -11.4562 3
      vertex 9.95789 -11.5142 3
    endloop
  endfacet
  facet normal 0.513935 0.857829 0
    outer loop
      vertex 9.86108 -11.4562 3
      vertex 9.95789 -11.5142 0
      vertex 9.86108 -11.4562 0
    endloop
  endfacet
  facet normal 0.427938 0.903808 -0
    outer loop
      vertex 10.0599 -11.5625 0
      vertex 9.95789 -11.5142 3
      vertex 10.0599 -11.5625 3
    endloop
  endfacet
  facet normal 0.427938 0.903808 0
    outer loop
      vertex 9.95789 -11.5142 3
      vertex 10.0599 -11.5625 0
      vertex 9.95789 -11.5142 0
    endloop
  endfacet
  facet normal 0.336617 0.941642 -0
    outer loop
      vertex 10.1662 -11.6005 0
      vertex 10.0599 -11.5625 3
      vertex 10.1662 -11.6005 3
    endloop
  endfacet
  facet normal 0.336617 0.941642 0
    outer loop
      vertex 10.0599 -11.5625 3
      vertex 10.1662 -11.6005 0
      vertex 10.0599 -11.5625 0
    endloop
  endfacet
  facet normal 0.242953 0.970038 -0
    outer loop
      vertex 10.2756 -11.6279 0
      vertex 10.1662 -11.6005 3
      vertex 10.2756 -11.6279 3
    endloop
  endfacet
  facet normal 0.242953 0.970038 0
    outer loop
      vertex 10.1662 -11.6005 3
      vertex 10.2756 -11.6279 0
      vertex 10.1662 -11.6005 0
    endloop
  endfacet
  facet normal 0.146998 0.989137 -0
    outer loop
      vertex 10.3873 -11.6445 0
      vertex 10.2756 -11.6279 3
      vertex 10.3873 -11.6445 3
    endloop
  endfacet
  facet normal 0.146998 0.989137 0
    outer loop
      vertex 10.2756 -11.6279 3
      vertex 10.3873 -11.6445 0
      vertex 10.2756 -11.6279 0
    endloop
  endfacet
  facet normal 0.0487441 0.998811 -0
    outer loop
      vertex 10.5 -11.65 0
      vertex 10.3873 -11.6445 3
      vertex 10.5 -11.65 3
    endloop
  endfacet
  facet normal 0.0487441 0.998811 0
    outer loop
      vertex 10.3873 -11.6445 3
      vertex 10.5 -11.65 0
      vertex 10.3873 -11.6445 0
    endloop
  endfacet
  facet normal -0.0487441 0.998811 0
    outer loop
      vertex 10.6127 -11.6445 0
      vertex 10.5 -11.65 3
      vertex 10.6127 -11.6445 3
    endloop
  endfacet
  facet normal -0.0487441 0.998811 0
    outer loop
      vertex 10.5 -11.65 3
      vertex 10.6127 -11.6445 0
      vertex 10.5 -11.65 0
    endloop
  endfacet
  facet normal -0.147075 0.989125 0
    outer loop
      vertex -7.77563 -15.7279 0
      vertex -7.88727 -15.7445 3
      vertex -7.77563 -15.7279 3
    endloop
  endfacet
  facet normal -0.147075 0.989125 0
    outer loop
      vertex -7.88727 -15.7445 3
      vertex -7.77563 -15.7279 0
      vertex -7.88727 -15.7445 0
    endloop
  endfacet
  facet normal -0.242828 0.970069 0
    outer loop
      vertex -7.66617 -15.7005 0
      vertex -7.77563 -15.7279 3
      vertex -7.66617 -15.7005 3
    endloop
  endfacet
  facet normal -0.242828 0.970069 0
    outer loop
      vertex -7.77563 -15.7279 3
      vertex -7.66617 -15.7005 0
      vertex -7.77563 -15.7279 0
    endloop
  endfacet
  facet normal -0.336729 0.941601 0
    outer loop
      vertex -7.55991 -15.6625 0
      vertex -7.66617 -15.7005 3
      vertex -7.55991 -15.6625 3
    endloop
  endfacet
  facet normal -0.336729 0.941601 0
    outer loop
      vertex -7.66617 -15.7005 3
      vertex -7.55991 -15.6625 0
      vertex -7.66617 -15.7005 0
    endloop
  endfacet
  facet normal -0.427904 0.903824 0
    outer loop
      vertex -7.45789 -15.6142 0
      vertex -7.55991 -15.6625 3
      vertex -7.45789 -15.6142 3
    endloop
  endfacet
  facet normal -0.427904 0.903824 0
    outer loop
      vertex -7.55991 -15.6625 3
      vertex -7.45789 -15.6142 0
      vertex -7.55991 -15.6625 0
    endloop
  endfacet
  facet normal -0.513935 0.857829 0
    outer loop
      vertex -7.36108 -15.5562 0
      vertex -7.45789 -15.6142 3
      vertex -7.36108 -15.5562 3
    endloop
  endfacet
  facet normal -0.513935 0.857829 0
    outer loop
      vertex -7.45789 -15.6142 3
      vertex -7.36108 -15.5562 0
      vertex -7.45789 -15.6142 0
    endloop
  endfacet
  facet normal -0.595609 0.803274 0
    outer loop
      vertex -7.27045 -15.489 0
      vertex -7.36108 -15.5562 3
      vertex -7.27045 -15.489 3
    endloop
  endfacet
  facet normal -0.595609 0.803274 0
    outer loop
      vertex -7.36108 -15.5562 3
      vertex -7.27045 -15.489 0
      vertex -7.36108 -15.5562 0
    endloop
  endfacet
  facet normal -0.671526 0.740981 0
    outer loop
      vertex -7.18681 -15.4132 0
      vertex -7.27045 -15.489 3
      vertex -7.18681 -15.4132 3
    endloop
  endfacet
  facet normal -0.671526 0.740981 0
    outer loop
      vertex -7.27045 -15.489 3
      vertex -7.18681 -15.4132 0
      vertex -7.27045 -15.489 0
    endloop
  endfacet
  facet normal -0.741265 0.671212 0
    outer loop
      vertex -7.18681 -15.4132 0
      vertex -7.11102 -15.3295 3
      vertex -7.11102 -15.3295 0
    endloop
  endfacet
  facet normal -0.741265 0.671212 0
    outer loop
      vertex -7.11102 -15.3295 3
      vertex -7.18681 -15.4132 0
      vertex -7.18681 -15.4132 3
    endloop
  endfacet
  facet normal -0.803138 0.595793 0
    outer loop
      vertex -7.11102 -15.3295 0
      vertex -7.04381 -15.2389 3
      vertex -7.04381 -15.2389 0
    endloop
  endfacet
  facet normal -0.803138 0.595793 0
    outer loop
      vertex -7.04381 -15.2389 3
      vertex -7.11102 -15.3295 0
      vertex -7.11102 -15.3295 3
    endloop
  endfacet
  facet normal -0.857688 0.51417 0
    outer loop
      vertex -7.04381 -15.2389 0
      vertex -6.98578 -15.1421 3
      vertex -6.98578 -15.1421 0
    endloop
  endfacet
  facet normal -0.857688 0.51417 0
    outer loop
      vertex -6.98578 -15.1421 3
      vertex -7.04381 -15.2389 0
      vertex -7.04381 -15.2389 3
    endloop
  endfacet
  facet normal -0.903963 0.42761 0
    outer loop
      vertex -6.98578 -15.1421 0
      vertex -6.93753 -15.0401 3
      vertex -6.93753 -15.0401 0
    endloop
  endfacet
  facet normal -0.903963 0.42761 0
    outer loop
      vertex -6.93753 -15.0401 3
      vertex -6.98578 -15.1421 0
      vertex -6.98578 -15.1421 3
    endloop
  endfacet
  facet normal -0.941585 0.336774 0
    outer loop
      vertex -6.93753 -15.0401 0
      vertex -6.89951 -14.9338 3
      vertex -6.89951 -14.9338 0
    endloop
  endfacet
  facet normal -0.941585 0.336774 0
    outer loop
      vertex -6.89951 -14.9338 3
      vertex -6.93753 -15.0401 0
      vertex -6.93753 -15.0401 3
    endloop
  endfacet
  facet normal -0.970049 0.242911 0
    outer loop
      vertex -6.89951 -14.9338 0
      vertex -6.87209 -14.8243 3
      vertex -6.87209 -14.8243 0
    endloop
  endfacet
  facet normal -0.970049 0.242911 0
    outer loop
      vertex -6.87209 -14.8243 3
      vertex -6.89951 -14.9338 0
      vertex -6.89951 -14.9338 3
    endloop
  endfacet
  facet normal -0.989169 0.14678 0
    outer loop
      vertex -6.87209 -14.8243 0
      vertex -6.85553 -14.7127 3
      vertex -6.85553 -14.7127 0
    endloop
  endfacet
  facet normal -0.989169 0.14678 0
    outer loop
      vertex -6.85553 -14.7127 3
      vertex -6.87209 -14.8243 0
      vertex -6.87209 -14.8243 3
    endloop
  endfacet
  facet normal -0.998794 0.0490978 0
    outer loop
      vertex -6.85553 -14.7127 0
      vertex -6.84999 -14.6 3
      vertex -6.84999 -14.6 0
    endloop
  endfacet
  facet normal -0.998794 0.0490978 0
    outer loop
      vertex -6.84999 -14.6 3
      vertex -6.85553 -14.7127 0
      vertex -6.85553 -14.7127 3
    endloop
  endfacet
  facet normal -0.998794 -0.0490978 0
    outer loop
      vertex -6.84999 -14.6 0
      vertex -6.85553 -14.4873 3
      vertex -6.85553 -14.4873 0
    endloop
  endfacet
  facet normal -0.998794 -0.0490978 0
    outer loop
      vertex -6.85553 -14.4873 3
      vertex -6.84999 -14.6 0
      vertex -6.84999 -14.6 3
    endloop
  endfacet
  facet normal -0.989188 -0.146651 0
    outer loop
      vertex -6.85553 -14.4873 0
      vertex -6.87209 -14.3756 3
      vertex -6.87209 -14.3756 0
    endloop
  endfacet
  facet normal -0.989188 -0.146651 0
    outer loop
      vertex -6.87209 -14.3756 3
      vertex -6.85553 -14.4873 0
      vertex -6.85553 -14.4873 3
    endloop
  endfacet
  facet normal -0.969996 -0.24312 0
    outer loop
      vertex -6.87209 -14.3756 0
      vertex -6.89951 -14.2662 3
      vertex -6.89951 -14.2662 0
    endloop
  endfacet
  facet normal -0.969996 -0.24312 0
    outer loop
      vertex -6.89951 -14.2662 3
      vertex -6.87209 -14.3756 0
      vertex -6.87209 -14.3756 3
    endloop
  endfacet
  facet normal -0.941585 -0.336774 0
    outer loop
      vertex -6.89951 -14.2662 0
      vertex -6.93753 -14.1599 3
      vertex -6.93753 -14.1599 0
    endloop
  endfacet
  facet normal -0.941585 -0.336774 0
    outer loop
      vertex -6.93753 -14.1599 3
      vertex -6.89951 -14.2662 0
      vertex -6.89951 -14.2662 3
    endloop
  endfacet
  facet normal -0.903963 -0.42761 0
    outer loop
      vertex -6.93753 -14.1599 0
      vertex -6.98578 -14.0579 3
      vertex -6.98578 -14.0579 0
    endloop
  endfacet
  facet normal -0.903963 -0.42761 0
    outer loop
      vertex -6.98578 -14.0579 3
      vertex -6.93753 -14.1599 0
      vertex -6.93753 -14.1599 3
    endloop
  endfacet
  facet normal -0.857688 -0.51417 0
    outer loop
      vertex -6.98578 -14.0579 0
      vertex -7.04381 -13.9611 3
      vertex -7.04381 -13.9611 0
    endloop
  endfacet
  facet normal -0.857688 -0.51417 0
    outer loop
      vertex -7.04381 -13.9611 3
      vertex -6.98578 -14.0579 0
      vertex -6.98578 -14.0579 3
    endloop
  endfacet
  facet normal -0.803452 -0.595369 0
    outer loop
      vertex -7.04381 -13.9611 0
      vertex -7.11102 -13.8704 3
      vertex -7.11102 -13.8704 0
    endloop
  endfacet
  facet normal -0.803452 -0.595369 0
    outer loop
      vertex -7.11102 -13.8704 3
      vertex -7.04381 -13.9611 0
      vertex -7.04381 -13.9611 3
    endloop
  endfacet
  facet normal -0.740866 -0.671653 0
    outer loop
      vertex -7.11102 -13.8704 0
      vertex -7.18681 -13.7868 3
      vertex -7.18681 -13.7868 0
    endloop
  endfacet
  facet normal -0.740866 -0.671653 0
    outer loop
      vertex -7.18681 -13.7868 3
      vertex -7.11102 -13.8704 0
      vertex -7.11102 -13.8704 3
    endloop
  endfacet
  facet normal -0.671526 -0.740981 0
    outer loop
      vertex -7.27045 -13.711 0
      vertex -7.18681 -13.7868 3
      vertex -7.27045 -13.711 3
    endloop
  endfacet
  facet normal -0.671526 -0.740981 -0
    outer loop
      vertex -7.18681 -13.7868 3
      vertex -7.27045 -13.711 0
      vertex -7.18681 -13.7868 0
    endloop
  endfacet
  facet normal -0.595609 -0.803274 0
    outer loop
      vertex -7.36108 -13.6438 0
      vertex -7.27045 -13.711 3
      vertex -7.36108 -13.6438 3
    endloop
  endfacet
  facet normal -0.595609 -0.803274 -0
    outer loop
      vertex -7.27045 -13.711 3
      vertex -7.36108 -13.6438 0
      vertex -7.27045 -13.711 0
    endloop
  endfacet
  facet normal -0.513935 -0.857829 0
    outer loop
      vertex -7.45789 -13.5858 0
      vertex -7.36108 -13.6438 3
      vertex -7.45789 -13.5858 3
    endloop
  endfacet
  facet normal -0.513935 -0.857829 -0
    outer loop
      vertex -7.36108 -13.6438 3
      vertex -7.45789 -13.5858 0
      vertex -7.36108 -13.6438 0
    endloop
  endfacet
  facet normal -0.427904 -0.903824 0
    outer loop
      vertex -7.55991 -13.5375 0
      vertex -7.45789 -13.5858 3
      vertex -7.55991 -13.5375 3
    endloop
  endfacet
  facet normal -0.427904 -0.903824 -0
    outer loop
      vertex -7.45789 -13.5858 3
      vertex -7.55991 -13.5375 0
      vertex -7.45789 -13.5858 0
    endloop
  endfacet
  facet normal -0.336729 -0.941601 0
    outer loop
      vertex -7.66617 -13.4995 0
      vertex -7.55991 -13.5375 3
      vertex -7.66617 -13.4995 3
    endloop
  endfacet
  facet normal -0.336729 -0.941601 -0
    outer loop
      vertex -7.55991 -13.5375 3
      vertex -7.66617 -13.4995 0
      vertex -7.55991 -13.5375 0
    endloop
  endfacet
  facet normal -0.242828 -0.970069 0
    outer loop
      vertex -7.77563 -13.4721 0
      vertex -7.66617 -13.4995 3
      vertex -7.77563 -13.4721 3
    endloop
  endfacet
  facet normal -0.242828 -0.970069 -0
    outer loop
      vertex -7.66617 -13.4995 3
      vertex -7.77563 -13.4721 0
      vertex -7.66617 -13.4995 0
    endloop
  endfacet
  facet normal -0.147075 -0.989125 0
    outer loop
      vertex -7.88727 -13.4555 0
      vertex -7.77563 -13.4721 3
      vertex -7.88727 -13.4555 3
    endloop
  endfacet
  facet normal -0.147075 -0.989125 -0
    outer loop
      vertex -7.77563 -13.4721 3
      vertex -7.88727 -13.4555 0
      vertex -7.77563 -13.4721 0
    endloop
  endfacet
  facet normal -0.0487312 -0.998812 0
    outer loop
      vertex -8 -13.45 0
      vertex -7.88727 -13.4555 3
      vertex -8 -13.45 3
    endloop
  endfacet
  facet normal -0.0487312 -0.998812 -0
    outer loop
      vertex -7.88727 -13.4555 3
      vertex -8 -13.45 0
      vertex -7.88727 -13.4555 0
    endloop
  endfacet
  facet normal 0.0487355 -0.998812 0
    outer loop
      vertex -8.11272 -13.4555 0
      vertex -8 -13.45 3
      vertex -8.11272 -13.4555 3
    endloop
  endfacet
  facet normal 0.0487355 -0.998812 0
    outer loop
      vertex -8 -13.45 3
      vertex -8.11272 -13.4555 0
      vertex -8 -13.45 0
    endloop
  endfacet
  facet normal 0.147088 -0.989123 0
    outer loop
      vertex -8.22435 -13.4721 0
      vertex -8.11272 -13.4555 3
      vertex -8.22435 -13.4721 3
    endloop
  endfacet
  facet normal 0.147088 -0.989123 0
    outer loop
      vertex -8.11272 -13.4555 3
      vertex -8.22435 -13.4721 0
      vertex -8.11272 -13.4555 0
    endloop
  endfacet
  facet normal 0.242807 -0.970075 0
    outer loop
      vertex -8.33382 -13.4995 0
      vertex -8.22435 -13.4721 3
      vertex -8.33382 -13.4995 3
    endloop
  endfacet
  facet normal 0.242807 -0.970075 0
    outer loop
      vertex -8.22435 -13.4721 3
      vertex -8.33382 -13.4995 0
      vertex -8.22435 -13.4721 0
    endloop
  endfacet
  facet normal 0.336729 -0.941601 0
    outer loop
      vertex -8.44008 -13.5375 0
      vertex -8.33382 -13.4995 3
      vertex -8.44008 -13.5375 3
    endloop
  endfacet
  facet normal 0.336729 -0.941601 0
    outer loop
      vertex -8.33382 -13.4995 3
      vertex -8.44008 -13.5375 0
      vertex -8.33382 -13.4995 0
    endloop
  endfacet
  facet normal 0.427904 -0.903824 0
    outer loop
      vertex -8.5421 -13.5858 0
      vertex -8.44008 -13.5375 3
      vertex -8.5421 -13.5858 3
    endloop
  endfacet
  facet normal 0.427904 -0.903824 0
    outer loop
      vertex -8.44008 -13.5375 3
      vertex -8.5421 -13.5858 0
      vertex -8.44008 -13.5375 0
    endloop
  endfacet
  facet normal 0.513974 -0.857806 0
    outer loop
      vertex -8.6389 -13.6438 0
      vertex -8.5421 -13.5858 3
      vertex -8.6389 -13.6438 3
    endloop
  endfacet
  facet normal 0.513974 -0.857806 0
    outer loop
      vertex -8.5421 -13.5858 3
      vertex -8.6389 -13.6438 0
      vertex -8.5421 -13.5858 0
    endloop
  endfacet
  facet normal 0.595567 -0.803306 0
    outer loop
      vertex -8.72954 -13.711 0
      vertex -8.6389 -13.6438 3
      vertex -8.72954 -13.711 3
    endloop
  endfacet
  facet normal 0.595567 -0.803306 0
    outer loop
      vertex -8.6389 -13.6438 3
      vertex -8.72954 -13.711 0
      vertex -8.6389 -13.6438 0
    endloop
  endfacet
  facet normal 0.67157 -0.740941 0
    outer loop
      vertex -8.81317 -13.7868 0
      vertex -8.72954 -13.711 3
      vertex -8.81317 -13.7868 3
    endloop
  endfacet
  facet normal 0.67157 -0.740941 0
    outer loop
      vertex -8.72954 -13.711 3
      vertex -8.81317 -13.7868 0
      vertex -8.72954 -13.711 0
    endloop
  endfacet
  facet normal 0.740866 -0.671653 0
    outer loop
      vertex -8.88896 -13.8704 3
      vertex -8.81317 -13.7868 0
      vertex -8.81317 -13.7868 3
    endloop
  endfacet
  facet normal 0.740866 -0.671653 0
    outer loop
      vertex -8.81317 -13.7868 0
      vertex -8.88896 -13.8704 3
      vertex -8.88896 -13.8704 0
    endloop
  endfacet
  facet normal 0.80341 -0.595427 0
    outer loop
      vertex -8.95618 -13.9611 3
      vertex -8.88896 -13.8704 0
      vertex -8.88896 -13.8704 3
    endloop
  endfacet
  facet normal 0.80341 -0.595427 0
    outer loop
      vertex -8.88896 -13.8704 0
      vertex -8.95618 -13.9611 3
      vertex -8.95618 -13.9611 0
    endloop
  endfacet
  facet normal 0.857688 -0.51417 0
    outer loop
      vertex -9.01421 -14.0579 3
      vertex -8.95618 -13.9611 0
      vertex -8.95618 -13.9611 3
    endloop
  endfacet
  facet normal 0.857688 -0.51417 0
    outer loop
      vertex -8.95618 -13.9611 0
      vertex -9.01421 -14.0579 3
      vertex -9.01421 -14.0579 0
    endloop
  endfacet
  facet normal 0.903998 -0.427538 0
    outer loop
      vertex -9.06245 -14.1599 3
      vertex -9.01421 -14.0579 0
      vertex -9.01421 -14.0579 3
    endloop
  endfacet
  facet normal 0.903998 -0.427538 0
    outer loop
      vertex -9.01421 -14.0579 0
      vertex -9.06245 -14.1599 3
      vertex -9.06245 -14.1599 0
    endloop
  endfacet
  facet normal 0.941557 -0.336853 0
    outer loop
      vertex -9.10048 -14.2662 3
      vertex -9.06245 -14.1599 0
      vertex -9.06245 -14.1599 3
    endloop
  endfacet
  facet normal 0.941557 -0.336853 0
    outer loop
      vertex -9.06245 -14.1599 0
      vertex -9.10048 -14.2662 3
      vertex -9.10048 -14.2662 0
    endloop
  endfacet
  facet normal 0.969996 -0.24312 0
    outer loop
      vertex -9.1279 -14.3756 3
      vertex -9.10048 -14.2662 0
      vertex -9.10048 -14.2662 3
    endloop
  endfacet
  facet normal 0.969996 -0.24312 0
    outer loop
      vertex -9.10048 -14.2662 0
      vertex -9.1279 -14.3756 3
      vertex -9.1279 -14.3756 0
    endloop
  endfacet
  facet normal 0.989201 -0.146565 0
    outer loop
      vertex -9.14445 -14.4873 3
      vertex -9.1279 -14.3756 0
      vertex -9.1279 -14.3756 3
    endloop
  endfacet
  facet normal 0.989201 -0.146565 0
    outer loop
      vertex -9.1279 -14.3756 0
      vertex -9.14445 -14.4873 3
      vertex -9.14445 -14.4873 0
    endloop
  endfacet
  facet normal 0.998794 -0.0490978 0
    outer loop
      vertex -9.14999 -14.6 3
      vertex -9.14445 -14.4873 0
      vertex -9.14445 -14.4873 3
    endloop
  endfacet
  facet normal 0.998794 -0.0490978 0
    outer loop
      vertex -9.14445 -14.4873 0
      vertex -9.14999 -14.6 3
      vertex -9.14999 -14.6 0
    endloop
  endfacet
  facet normal 0.998794 0.0490978 0
    outer loop
      vertex -9.14445 -14.7127 3
      vertex -9.14999 -14.6 0
      vertex -9.14999 -14.6 3
    endloop
  endfacet
  facet normal 0.998794 0.0490978 0
    outer loop
      vertex -9.14999 -14.6 0
      vertex -9.14445 -14.7127 3
      vertex -9.14445 -14.7127 0
    endloop
  endfacet
  facet normal 0.989182 0.146693 0
    outer loop
      vertex -9.1279 -14.8243 3
      vertex -9.14445 -14.7127 0
      vertex -9.14445 -14.7127 3
    endloop
  endfacet
  facet normal 0.989182 0.146693 0
    outer loop
      vertex -9.14445 -14.7127 0
      vertex -9.1279 -14.8243 3
      vertex -9.1279 -14.8243 0
    endloop
  endfacet
  facet normal 0.970049 0.242911 0
    outer loop
      vertex -9.10048 -14.9338 3
      vertex -9.1279 -14.8243 0
      vertex -9.1279 -14.8243 3
    endloop
  endfacet
  facet normal 0.970049 0.242911 0
    outer loop
      vertex -9.1279 -14.8243 0
      vertex -9.10048 -14.9338 3
      vertex -9.10048 -14.9338 0
    endloop
  endfacet
  facet normal 0.941557 0.336853 0
    outer loop
      vertex -9.06245 -15.0401 3
      vertex -9.10048 -14.9338 0
      vertex -9.10048 -14.9338 3
    endloop
  endfacet
  facet normal 0.941557 0.336853 0
    outer loop
      vertex -9.10048 -14.9338 0
      vertex -9.06245 -15.0401 3
      vertex -9.06245 -15.0401 0
    endloop
  endfacet
  facet normal 0.903998 0.427538 0
    outer loop
      vertex -9.01421 -15.1421 3
      vertex -9.06245 -15.0401 0
      vertex -9.06245 -15.0401 3
    endloop
  endfacet
  facet normal 0.903998 0.427538 0
    outer loop
      vertex -9.06245 -15.0401 0
      vertex -9.01421 -15.1421 3
      vertex -9.01421 -15.1421 0
    endloop
  endfacet
  facet normal 0.857688 0.51417 0
    outer loop
      vertex -8.95618 -15.2389 3
      vertex -9.01421 -15.1421 0
      vertex -9.01421 -15.1421 3
    endloop
  endfacet
  facet normal 0.857688 0.51417 0
    outer loop
      vertex -9.01421 -15.1421 0
      vertex -8.95618 -15.2389 3
      vertex -8.95618 -15.2389 0
    endloop
  endfacet
  facet normal 0.803095 0.595851 0
    outer loop
      vertex -8.88896 -15.3295 3
      vertex -8.95618 -15.2389 0
      vertex -8.95618 -15.2389 3
    endloop
  endfacet
  facet normal 0.803095 0.595851 0
    outer loop
      vertex -8.95618 -15.2389 0
      vertex -8.88896 -15.3295 3
      vertex -8.88896 -15.3295 0
    endloop
  endfacet
  facet normal 0.741265 0.671212 0
    outer loop
      vertex -8.81317 -15.4132 3
      vertex -8.88896 -15.3295 0
      vertex -8.88896 -15.3295 3
    endloop
  endfacet
  facet normal 0.741265 0.671212 0
    outer loop
      vertex -8.88896 -15.3295 0
      vertex -8.81317 -15.4132 3
      vertex -8.81317 -15.4132 0
    endloop
  endfacet
  facet normal 0.67157 0.740941 -0
    outer loop
      vertex -8.72954 -15.489 0
      vertex -8.81317 -15.4132 3
      vertex -8.72954 -15.489 3
    endloop
  endfacet
  facet normal 0.67157 0.740941 0
    outer loop
      vertex -8.81317 -15.4132 3
      vertex -8.72954 -15.489 0
      vertex -8.81317 -15.4132 0
    endloop
  endfacet
  facet normal 0.595567 0.803306 -0
    outer loop
      vertex -8.6389 -15.5562 0
      vertex -8.72954 -15.489 3
      vertex -8.6389 -15.5562 3
    endloop
  endfacet
  facet normal 0.595567 0.803306 0
    outer loop
      vertex -8.72954 -15.489 3
      vertex -8.6389 -15.5562 0
      vertex -8.72954 -15.489 0
    endloop
  endfacet
  facet normal 0.513974 0.857806 -0
    outer loop
      vertex -8.5421 -15.6142 0
      vertex -8.6389 -15.5562 3
      vertex -8.5421 -15.6142 3
    endloop
  endfacet
  facet normal 0.513974 0.857806 0
    outer loop
      vertex -8.6389 -15.5562 3
      vertex -8.5421 -15.6142 0
      vertex -8.6389 -15.5562 0
    endloop
  endfacet
  facet normal 0.427904 0.903824 -0
    outer loop
      vertex -8.44008 -15.6625 0
      vertex -8.5421 -15.6142 3
      vertex -8.44008 -15.6625 3
    endloop
  endfacet
  facet normal 0.427904 0.903824 0
    outer loop
      vertex -8.5421 -15.6142 3
      vertex -8.44008 -15.6625 0
      vertex -8.5421 -15.6142 0
    endloop
  endfacet
  facet normal 0.336729 0.941601 -0
    outer loop
      vertex -8.33382 -15.7005 0
      vertex -8.44008 -15.6625 3
      vertex -8.33382 -15.7005 3
    endloop
  endfacet
  facet normal 0.336729 0.941601 0
    outer loop
      vertex -8.44008 -15.6625 3
      vertex -8.33382 -15.7005 0
      vertex -8.44008 -15.6625 0
    endloop
  endfacet
  facet normal 0.242807 0.970075 -0
    outer loop
      vertex -8.22435 -15.7279 0
      vertex -8.33382 -15.7005 3
      vertex -8.22435 -15.7279 3
    endloop
  endfacet
  facet normal 0.242807 0.970075 0
    outer loop
      vertex -8.33382 -15.7005 3
      vertex -8.22435 -15.7279 0
      vertex -8.33382 -15.7005 0
    endloop
  endfacet
  facet normal 0.147088 0.989123 -0
    outer loop
      vertex -8.11272 -15.7445 0
      vertex -8.22435 -15.7279 3
      vertex -8.11272 -15.7445 3
    endloop
  endfacet
  facet normal 0.147088 0.989123 0
    outer loop
      vertex -8.22435 -15.7279 3
      vertex -8.11272 -15.7445 0
      vertex -8.22435 -15.7279 0
    endloop
  endfacet
  facet normal 0.0487355 0.998812 -0
    outer loop
      vertex -8 -15.75 0
      vertex -8.11272 -15.7445 3
      vertex -8 -15.75 3
    endloop
  endfacet
  facet normal 0.0487355 0.998812 0
    outer loop
      vertex -8.11272 -15.7445 3
      vertex -8 -15.75 0
      vertex -8.11272 -15.7445 0
    endloop
  endfacet
  facet normal -0.0487312 0.998812 0
    outer loop
      vertex -7.88727 -15.7445 0
      vertex -8 -15.75 3
      vertex -7.88727 -15.7445 3
    endloop
  endfacet
  facet normal -0.0487312 0.998812 0
    outer loop
      vertex -8 -15.75 3
      vertex -7.88727 -15.7445 0
      vertex -8 -15.75 0
    endloop
  endfacet
  facet normal -0.147088 0.989123 0
    outer loop
      vertex 8.22435 -15.7279 0
      vertex 8.11272 -15.7445 3
      vertex 8.22435 -15.7279 3
    endloop
  endfacet
  facet normal -0.147088 0.989123 0
    outer loop
      vertex 8.11272 -15.7445 3
      vertex 8.22435 -15.7279 0
      vertex 8.11272 -15.7445 0
    endloop
  endfacet
  facet normal -0.242807 0.970075 0
    outer loop
      vertex 8.33382 -15.7005 0
      vertex 8.22435 -15.7279 3
      vertex 8.33382 -15.7005 3
    endloop
  endfacet
  facet normal -0.242807 0.970075 0
    outer loop
      vertex 8.22435 -15.7279 3
      vertex 8.33382 -15.7005 0
      vertex 8.22435 -15.7279 0
    endloop
  endfacet
  facet normal -0.336729 0.941601 0
    outer loop
      vertex 8.44008 -15.6625 0
      vertex 8.33382 -15.7005 3
      vertex 8.44008 -15.6625 3
    endloop
  endfacet
  facet normal -0.336729 0.941601 0
    outer loop
      vertex 8.33382 -15.7005 3
      vertex 8.44008 -15.6625 0
      vertex 8.33382 -15.7005 0
    endloop
  endfacet
  facet normal -0.427904 0.903824 0
    outer loop
      vertex 8.5421 -15.6142 0
      vertex 8.44008 -15.6625 3
      vertex 8.5421 -15.6142 3
    endloop
  endfacet
  facet normal -0.427904 0.903824 0
    outer loop
      vertex 8.44008 -15.6625 3
      vertex 8.5421 -15.6142 0
      vertex 8.44008 -15.6625 0
    endloop
  endfacet
  facet normal -0.513974 0.857806 0
    outer loop
      vertex 8.6389 -15.5562 0
      vertex 8.5421 -15.6142 3
      vertex 8.6389 -15.5562 3
    endloop
  endfacet
  facet normal -0.513974 0.857806 0
    outer loop
      vertex 8.5421 -15.6142 3
      vertex 8.6389 -15.5562 0
      vertex 8.5421 -15.6142 0
    endloop
  endfacet
  facet normal -0.595567 0.803306 0
    outer loop
      vertex 8.72954 -15.489 0
      vertex 8.6389 -15.5562 3
      vertex 8.72954 -15.489 3
    endloop
  endfacet
  facet normal -0.595567 0.803306 0
    outer loop
      vertex 8.6389 -15.5562 3
      vertex 8.72954 -15.489 0
      vertex 8.6389 -15.5562 0
    endloop
  endfacet
  facet normal -0.67157 0.740941 0
    outer loop
      vertex 8.81317 -15.4132 0
      vertex 8.72954 -15.489 3
      vertex 8.81317 -15.4132 3
    endloop
  endfacet
  facet normal -0.67157 0.740941 0
    outer loop
      vertex 8.72954 -15.489 3
      vertex 8.81317 -15.4132 0
      vertex 8.72954 -15.489 0
    endloop
  endfacet
  facet normal -0.741265 0.671212 0
    outer loop
      vertex 8.81317 -15.4132 0
      vertex 8.88896 -15.3295 3
      vertex 8.88896 -15.3295 0
    endloop
  endfacet
  facet normal -0.741265 0.671212 0
    outer loop
      vertex 8.88896 -15.3295 3
      vertex 8.81317 -15.4132 0
      vertex 8.81317 -15.4132 3
    endloop
  endfacet
  facet normal -0.803095 0.595851 0
    outer loop
      vertex 8.88896 -15.3295 0
      vertex 8.95618 -15.2389 3
      vertex 8.95618 -15.2389 0
    endloop
  endfacet
  facet normal -0.803095 0.595851 0
    outer loop
      vertex 8.95618 -15.2389 3
      vertex 8.88896 -15.3295 0
      vertex 8.88896 -15.3295 3
    endloop
  endfacet
  facet normal -0.857688 0.51417 0
    outer loop
      vertex 8.95618 -15.2389 0
      vertex 9.01421 -15.1421 3
      vertex 9.01421 -15.1421 0
    endloop
  endfacet
  facet normal -0.857688 0.51417 0
    outer loop
      vertex 9.01421 -15.1421 3
      vertex 8.95618 -15.2389 0
      vertex 8.95618 -15.2389 3
    endloop
  endfacet
  facet normal -0.903998 0.427538 0
    outer loop
      vertex 9.01421 -15.1421 0
      vertex 9.06245 -15.0401 3
      vertex 9.06245 -15.0401 0
    endloop
  endfacet
  facet normal -0.903998 0.427538 0
    outer loop
      vertex 9.06245 -15.0401 3
      vertex 9.01421 -15.1421 0
      vertex 9.01421 -15.1421 3
    endloop
  endfacet
  facet normal -0.941557 0.336853 0
    outer loop
      vertex 9.06245 -15.0401 0
      vertex 9.10048 -14.9338 3
      vertex 9.10048 -14.9338 0
    endloop
  endfacet
  facet normal -0.941557 0.336853 0
    outer loop
      vertex 9.10048 -14.9338 3
      vertex 9.06245 -15.0401 0
      vertex 9.06245 -15.0401 3
    endloop
  endfacet
  facet normal -0.970049 0.242911 0
    outer loop
      vertex 9.10048 -14.9338 0
      vertex 9.1279 -14.8243 3
      vertex 9.1279 -14.8243 0
    endloop
  endfacet
  facet normal -0.970049 0.242911 0
    outer loop
      vertex 9.1279 -14.8243 3
      vertex 9.10048 -14.9338 0
      vertex 9.10048 -14.9338 3
    endloop
  endfacet
  facet normal -0.989182 0.146693 0
    outer loop
      vertex 9.1279 -14.8243 0
      vertex 9.14445 -14.7127 3
      vertex 9.14445 -14.7127 0
    endloop
  endfacet
  facet normal -0.989182 0.146693 0
    outer loop
      vertex 9.14445 -14.7127 3
      vertex 9.1279 -14.8243 0
      vertex 9.1279 -14.8243 3
    endloop
  endfacet
  facet normal -0.998794 0.0490978 0
    outer loop
      vertex 9.14445 -14.7127 0
      vertex 9.14999 -14.6 3
      vertex 9.14999 -14.6 0
    endloop
  endfacet
  facet normal -0.998794 0.0490978 0
    outer loop
      vertex 9.14999 -14.6 3
      vertex 9.14445 -14.7127 0
      vertex 9.14445 -14.7127 3
    endloop
  endfacet
  facet normal -0.998794 -0.0490978 0
    outer loop
      vertex 9.14999 -14.6 0
      vertex 9.14445 -14.4873 3
      vertex 9.14445 -14.4873 0
    endloop
  endfacet
  facet normal -0.998794 -0.0490978 0
    outer loop
      vertex 9.14445 -14.4873 3
      vertex 9.14999 -14.6 0
      vertex 9.14999 -14.6 3
    endloop
  endfacet
  facet normal -0.989201 -0.146565 0
    outer loop
      vertex 9.14445 -14.4873 0
      vertex 9.1279 -14.3756 3
      vertex 9.1279 -14.3756 0
    endloop
  endfacet
  facet normal -0.989201 -0.146565 0
    outer loop
      vertex 9.1279 -14.3756 3
      vertex 9.14445 -14.4873 0
      vertex 9.14445 -14.4873 3
    endloop
  endfacet
  facet normal -0.969996 -0.24312 0
    outer loop
      vertex 9.1279 -14.3756 0
      vertex 9.10048 -14.2662 3
      vertex 9.10048 -14.2662 0
    endloop
  endfacet
  facet normal -0.969996 -0.24312 0
    outer loop
      vertex 9.10048 -14.2662 3
      vertex 9.1279 -14.3756 0
      vertex 9.1279 -14.3756 3
    endloop
  endfacet
  facet normal -0.941557 -0.336853 0
    outer loop
      vertex 9.10048 -14.2662 0
      vertex 9.06245 -14.1599 3
      vertex 9.06245 -14.1599 0
    endloop
  endfacet
  facet normal -0.941557 -0.336853 0
    outer loop
      vertex 9.06245 -14.1599 3
      vertex 9.10048 -14.2662 0
      vertex 9.10048 -14.2662 3
    endloop
  endfacet
  facet normal -0.903998 -0.427538 0
    outer loop
      vertex 9.06245 -14.1599 0
      vertex 9.01421 -14.0579 3
      vertex 9.01421 -14.0579 0
    endloop
  endfacet
  facet normal -0.903998 -0.427538 0
    outer loop
      vertex 9.01421 -14.0579 3
      vertex 9.06245 -14.1599 0
      vertex 9.06245 -14.1599 3
    endloop
  endfacet
  facet normal -0.857688 -0.51417 0
    outer loop
      vertex 9.01421 -14.0579 0
      vertex 8.95618 -13.9611 3
      vertex 8.95618 -13.9611 0
    endloop
  endfacet
  facet normal -0.857688 -0.51417 0
    outer loop
      vertex 8.95618 -13.9611 3
      vertex 9.01421 -14.0579 0
      vertex 9.01421 -14.0579 3
    endloop
  endfacet
  facet normal -0.80341 -0.595427 0
    outer loop
      vertex 8.95618 -13.9611 0
      vertex 8.88896 -13.8704 3
      vertex 8.88896 -13.8704 0
    endloop
  endfacet
  facet normal -0.80341 -0.595427 0
    outer loop
      vertex 8.88896 -13.8704 3
      vertex 8.95618 -13.9611 0
      vertex 8.95618 -13.9611 3
    endloop
  endfacet
  facet normal -0.740866 -0.671653 0
    outer loop
      vertex 8.88896 -13.8704 0
      vertex 8.81317 -13.7868 3
      vertex 8.81317 -13.7868 0
    endloop
  endfacet
  facet normal -0.740866 -0.671653 0
    outer loop
      vertex 8.81317 -13.7868 3
      vertex 8.88896 -13.8704 0
      vertex 8.88896 -13.8704 3
    endloop
  endfacet
  facet normal -0.67157 -0.740941 0
    outer loop
      vertex 8.72954 -13.711 0
      vertex 8.81317 -13.7868 3
      vertex 8.72954 -13.711 3
    endloop
  endfacet
  facet normal -0.67157 -0.740941 -0
    outer loop
      vertex 8.81317 -13.7868 3
      vertex 8.72954 -13.711 0
      vertex 8.81317 -13.7868 0
    endloop
  endfacet
  facet normal -0.595567 -0.803306 0
    outer loop
      vertex 8.6389 -13.6438 0
      vertex 8.72954 -13.711 3
      vertex 8.6389 -13.6438 3
    endloop
  endfacet
  facet normal -0.595567 -0.803306 -0
    outer loop
      vertex 8.72954 -13.711 3
      vertex 8.6389 -13.6438 0
      vertex 8.72954 -13.711 0
    endloop
  endfacet
  facet normal -0.513974 -0.857806 0
    outer loop
      vertex 8.5421 -13.5858 0
      vertex 8.6389 -13.6438 3
      vertex 8.5421 -13.5858 3
    endloop
  endfacet
  facet normal -0.513974 -0.857806 -0
    outer loop
      vertex 8.6389 -13.6438 3
      vertex 8.5421 -13.5858 0
      vertex 8.6389 -13.6438 0
    endloop
  endfacet
  facet normal -0.427904 -0.903824 0
    outer loop
      vertex 8.44008 -13.5375 0
      vertex 8.5421 -13.5858 3
      vertex 8.44008 -13.5375 3
    endloop
  endfacet
  facet normal -0.427904 -0.903824 -0
    outer loop
      vertex 8.5421 -13.5858 3
      vertex 8.44008 -13.5375 0
      vertex 8.5421 -13.5858 0
    endloop
  endfacet
  facet normal -0.336729 -0.941601 0
    outer loop
      vertex 8.33382 -13.4995 0
      vertex 8.44008 -13.5375 3
      vertex 8.33382 -13.4995 3
    endloop
  endfacet
  facet normal -0.336729 -0.941601 -0
    outer loop
      vertex 8.44008 -13.5375 3
      vertex 8.33382 -13.4995 0
      vertex 8.44008 -13.5375 0
    endloop
  endfacet
  facet normal -0.242807 -0.970075 0
    outer loop
      vertex 8.22435 -13.4721 0
      vertex 8.33382 -13.4995 3
      vertex 8.22435 -13.4721 3
    endloop
  endfacet
  facet normal -0.242807 -0.970075 -0
    outer loop
      vertex 8.33382 -13.4995 3
      vertex 8.22435 -13.4721 0
      vertex 8.33382 -13.4995 0
    endloop
  endfacet
  facet normal -0.147088 -0.989123 0
    outer loop
      vertex 8.11272 -13.4555 0
      vertex 8.22435 -13.4721 3
      vertex 8.11272 -13.4555 3
    endloop
  endfacet
  facet normal -0.147088 -0.989123 -0
    outer loop
      vertex 8.22435 -13.4721 3
      vertex 8.11272 -13.4555 0
      vertex 8.22435 -13.4721 0
    endloop
  endfacet
  facet normal -0.0487355 -0.998812 0
    outer loop
      vertex 8 -13.45 0
      vertex 8.11272 -13.4555 3
      vertex 8 -13.45 3
    endloop
  endfacet
  facet normal -0.0487355 -0.998812 -0
    outer loop
      vertex 8.11272 -13.4555 3
      vertex 8 -13.45 0
      vertex 8.11272 -13.4555 0
    endloop
  endfacet
  facet normal 0.0487312 -0.998812 0
    outer loop
      vertex 7.88727 -13.4555 0
      vertex 8 -13.45 3
      vertex 7.88727 -13.4555 3
    endloop
  endfacet
  facet normal 0.0487312 -0.998812 0
    outer loop
      vertex 8 -13.45 3
      vertex 7.88727 -13.4555 0
      vertex 8 -13.45 0
    endloop
  endfacet
  facet normal 0.147075 -0.989125 0
    outer loop
      vertex 7.77563 -13.4721 0
      vertex 7.88727 -13.4555 3
      vertex 7.77563 -13.4721 3
    endloop
  endfacet
  facet normal 0.147075 -0.989125 0
    outer loop
      vertex 7.88727 -13.4555 3
      vertex 7.77563 -13.4721 0
      vertex 7.88727 -13.4555 0
    endloop
  endfacet
  facet normal 0.242828 -0.970069 0
    outer loop
      vertex 7.66617 -13.4995 0
      vertex 7.77563 -13.4721 3
      vertex 7.66617 -13.4995 3
    endloop
  endfacet
  facet normal 0.242828 -0.970069 0
    outer loop
      vertex 7.77563 -13.4721 3
      vertex 7.66617 -13.4995 0
      vertex 7.77563 -13.4721 0
    endloop
  endfacet
  facet normal 0.336729 -0.941601 0
    outer loop
      vertex 7.55991 -13.5375 0
      vertex 7.66617 -13.4995 3
      vertex 7.55991 -13.5375 3
    endloop
  endfacet
  facet normal 0.336729 -0.941601 0
    outer loop
      vertex 7.66617 -13.4995 3
      vertex 7.55991 -13.5375 0
      vertex 7.66617 -13.4995 0
    endloop
  endfacet
  facet normal 0.427904 -0.903824 0
    outer loop
      vertex 7.45789 -13.5858 0
      vertex 7.55991 -13.5375 3
      vertex 7.45789 -13.5858 3
    endloop
  endfacet
  facet normal 0.427904 -0.903824 0
    outer loop
      vertex 7.55991 -13.5375 3
      vertex 7.45789 -13.5858 0
      vertex 7.55991 -13.5375 0
    endloop
  endfacet
  facet normal 0.513935 -0.857829 0
    outer loop
      vertex 7.36108 -13.6438 0
      vertex 7.45789 -13.5858 3
      vertex 7.36108 -13.6438 3
    endloop
  endfacet
  facet normal 0.513935 -0.857829 0
    outer loop
      vertex 7.45789 -13.5858 3
      vertex 7.36108 -13.6438 0
      vertex 7.45789 -13.5858 0
    endloop
  endfacet
  facet normal 0.595609 -0.803274 0
    outer loop
      vertex 7.27045 -13.711 0
      vertex 7.36108 -13.6438 3
      vertex 7.27045 -13.711 3
    endloop
  endfacet
  facet normal 0.595609 -0.803274 0
    outer loop
      vertex 7.36108 -13.6438 3
      vertex 7.27045 -13.711 0
      vertex 7.36108 -13.6438 0
    endloop
  endfacet
  facet normal 0.671526 -0.740981 0
    outer loop
      vertex 7.18681 -13.7868 0
      vertex 7.27045 -13.711 3
      vertex 7.18681 -13.7868 3
    endloop
  endfacet
  facet normal 0.671526 -0.740981 0
    outer loop
      vertex 7.27045 -13.711 3
      vertex 7.18681 -13.7868 0
      vertex 7.27045 -13.711 0
    endloop
  endfacet
  facet normal 0.740866 -0.671653 0
    outer loop
      vertex 7.11102 -13.8704 3
      vertex 7.18681 -13.7868 0
      vertex 7.18681 -13.7868 3
    endloop
  endfacet
  facet normal 0.740866 -0.671653 0
    outer loop
      vertex 7.18681 -13.7868 0
      vertex 7.11102 -13.8704 3
      vertex 7.11102 -13.8704 0
    endloop
  endfacet
  facet normal 0.803452 -0.595369 0
    outer loop
      vertex 7.04381 -13.9611 3
      vertex 7.11102 -13.8704 0
      vertex 7.11102 -13.8704 3
    endloop
  endfacet
  facet normal 0.803452 -0.595369 0
    outer loop
      vertex 7.11102 -13.8704 0
      vertex 7.04381 -13.9611 3
      vertex 7.04381 -13.9611 0
    endloop
  endfacet
  facet normal 0.857688 -0.51417 0
    outer loop
      vertex 6.98578 -14.0579 3
      vertex 7.04381 -13.9611 0
      vertex 7.04381 -13.9611 3
    endloop
  endfacet
  facet normal 0.857688 -0.51417 0
    outer loop
      vertex 7.04381 -13.9611 0
      vertex 6.98578 -14.0579 3
      vertex 6.98578 -14.0579 0
    endloop
  endfacet
  facet normal 0.903963 -0.42761 0
    outer loop
      vertex 6.93753 -14.1599 3
      vertex 6.98578 -14.0579 0
      vertex 6.98578 -14.0579 3
    endloop
  endfacet
  facet normal 0.903963 -0.42761 0
    outer loop
      vertex 6.98578 -14.0579 0
      vertex 6.93753 -14.1599 3
      vertex 6.93753 -14.1599 0
    endloop
  endfacet
  facet normal 0.941585 -0.336774 0
    outer loop
      vertex 6.89951 -14.2662 3
      vertex 6.93753 -14.1599 0
      vertex 6.93753 -14.1599 3
    endloop
  endfacet
  facet normal 0.941585 -0.336774 0
    outer loop
      vertex 6.93753 -14.1599 0
      vertex 6.89951 -14.2662 3
      vertex 6.89951 -14.2662 0
    endloop
  endfacet
  facet normal 0.969996 -0.24312 0
    outer loop
      vertex 6.87209 -14.3756 3
      vertex 6.89951 -14.2662 0
      vertex 6.89951 -14.2662 3
    endloop
  endfacet
  facet normal 0.969996 -0.24312 0
    outer loop
      vertex 6.89951 -14.2662 0
      vertex 6.87209 -14.3756 3
      vertex 6.87209 -14.3756 0
    endloop
  endfacet
  facet normal 0.989188 -0.146651 0
    outer loop
      vertex 6.85553 -14.4873 3
      vertex 6.87209 -14.3756 0
      vertex 6.87209 -14.3756 3
    endloop
  endfacet
  facet normal 0.989188 -0.146651 0
    outer loop
      vertex 6.87209 -14.3756 0
      vertex 6.85553 -14.4873 3
      vertex 6.85553 -14.4873 0
    endloop
  endfacet
  facet normal 0.998794 -0.0490978 0
    outer loop
      vertex 6.84999 -14.6 3
      vertex 6.85553 -14.4873 0
      vertex 6.85553 -14.4873 3
    endloop
  endfacet
  facet normal 0.998794 -0.0490978 0
    outer loop
      vertex 6.85553 -14.4873 0
      vertex 6.84999 -14.6 3
      vertex 6.84999 -14.6 0
    endloop
  endfacet
  facet normal 0.998794 0.0490978 0
    outer loop
      vertex 6.85553 -14.7127 3
      vertex 6.84999 -14.6 0
      vertex 6.84999 -14.6 3
    endloop
  endfacet
  facet normal 0.998794 0.0490978 0
    outer loop
      vertex 6.84999 -14.6 0
      vertex 6.85553 -14.7127 3
      vertex 6.85553 -14.7127 0
    endloop
  endfacet
  facet normal 0.989169 0.14678 0
    outer loop
      vertex 6.87209 -14.8243 3
      vertex 6.85553 -14.7127 0
      vertex 6.85553 -14.7127 3
    endloop
  endfacet
  facet normal 0.989169 0.14678 0
    outer loop
      vertex 6.85553 -14.7127 0
      vertex 6.87209 -14.8243 3
      vertex 6.87209 -14.8243 0
    endloop
  endfacet
  facet normal 0.970049 0.242911 0
    outer loop
      vertex 6.89951 -14.9338 3
      vertex 6.87209 -14.8243 0
      vertex 6.87209 -14.8243 3
    endloop
  endfacet
  facet normal 0.970049 0.242911 0
    outer loop
      vertex 6.87209 -14.8243 0
      vertex 6.89951 -14.9338 3
      vertex 6.89951 -14.9338 0
    endloop
  endfacet
  facet normal 0.941585 0.336774 0
    outer loop
      vertex 6.93753 -15.0401 3
      vertex 6.89951 -14.9338 0
      vertex 6.89951 -14.9338 3
    endloop
  endfacet
  facet normal 0.941585 0.336774 0
    outer loop
      vertex 6.89951 -14.9338 0
      vertex 6.93753 -15.0401 3
      vertex 6.93753 -15.0401 0
    endloop
  endfacet
  facet normal 0.903963 0.42761 0
    outer loop
      vertex 6.98578 -15.1421 3
      vertex 6.93753 -15.0401 0
      vertex 6.93753 -15.0401 3
    endloop
  endfacet
  facet normal 0.903963 0.42761 0
    outer loop
      vertex 6.93753 -15.0401 0
      vertex 6.98578 -15.1421 3
      vertex 6.98578 -15.1421 0
    endloop
  endfacet
  facet normal 0.857688 0.51417 0
    outer loop
      vertex 7.04381 -15.2389 3
      vertex 6.98578 -15.1421 0
      vertex 6.98578 -15.1421 3
    endloop
  endfacet
  facet normal 0.857688 0.51417 0
    outer loop
      vertex 6.98578 -15.1421 0
      vertex 7.04381 -15.2389 3
      vertex 7.04381 -15.2389 0
    endloop
  endfacet
  facet normal 0.803138 0.595793 0
    outer loop
      vertex 7.11102 -15.3295 3
      vertex 7.04381 -15.2389 0
      vertex 7.04381 -15.2389 3
    endloop
  endfacet
  facet normal 0.803138 0.595793 0
    outer loop
      vertex 7.04381 -15.2389 0
      vertex 7.11102 -15.3295 3
      vertex 7.11102 -15.3295 0
    endloop
  endfacet
  facet normal 0.741265 0.671212 0
    outer loop
      vertex 7.18681 -15.4132 3
      vertex 7.11102 -15.3295 0
      vertex 7.11102 -15.3295 3
    endloop
  endfacet
  facet normal 0.741265 0.671212 0
    outer loop
      vertex 7.11102 -15.3295 0
      vertex 7.18681 -15.4132 3
      vertex 7.18681 -15.4132 0
    endloop
  endfacet
  facet normal 0.671526 0.740981 -0
    outer loop
      vertex 7.27045 -15.489 0
      vertex 7.18681 -15.4132 3
      vertex 7.27045 -15.489 3
    endloop
  endfacet
  facet normal 0.671526 0.740981 0
    outer loop
      vertex 7.18681 -15.4132 3
      vertex 7.27045 -15.489 0
      vertex 7.18681 -15.4132 0
    endloop
  endfacet
  facet normal 0.595609 0.803274 -0
    outer loop
      vertex 7.36108 -15.5562 0
      vertex 7.27045 -15.489 3
      vertex 7.36108 -15.5562 3
    endloop
  endfacet
  facet normal 0.595609 0.803274 0
    outer loop
      vertex 7.27045 -15.489 3
      vertex 7.36108 -15.5562 0
      vertex 7.27045 -15.489 0
    endloop
  endfacet
  facet normal 0.513935 0.857829 -0
    outer loop
      vertex 7.45789 -15.6142 0
      vertex 7.36108 -15.5562 3
      vertex 7.45789 -15.6142 3
    endloop
  endfacet
  facet normal 0.513935 0.857829 0
    outer loop
      vertex 7.36108 -15.5562 3
      vertex 7.45789 -15.6142 0
      vertex 7.36108 -15.5562 0
    endloop
  endfacet
  facet normal 0.427904 0.903824 -0
    outer loop
      vertex 7.55991 -15.6625 0
      vertex 7.45789 -15.6142 3
      vertex 7.55991 -15.6625 3
    endloop
  endfacet
  facet normal 0.427904 0.903824 0
    outer loop
      vertex 7.45789 -15.6142 3
      vertex 7.55991 -15.6625 0
      vertex 7.45789 -15.6142 0
    endloop
  endfacet
  facet normal 0.336729 0.941601 -0
    outer loop
      vertex 7.66617 -15.7005 0
      vertex 7.55991 -15.6625 3
      vertex 7.66617 -15.7005 3
    endloop
  endfacet
  facet normal 0.336729 0.941601 0
    outer loop
      vertex 7.55991 -15.6625 3
      vertex 7.66617 -15.7005 0
      vertex 7.55991 -15.6625 0
    endloop
  endfacet
  facet normal 0.242828 0.970069 -0
    outer loop
      vertex 7.77563 -15.7279 0
      vertex 7.66617 -15.7005 3
      vertex 7.77563 -15.7279 3
    endloop
  endfacet
  facet normal 0.242828 0.970069 0
    outer loop
      vertex 7.66617 -15.7005 3
      vertex 7.77563 -15.7279 0
      vertex 7.66617 -15.7005 0
    endloop
  endfacet
  facet normal 0.147075 0.989125 -0
    outer loop
      vertex 7.88727 -15.7445 0
      vertex 7.77563 -15.7279 3
      vertex 7.88727 -15.7445 3
    endloop
  endfacet
  facet normal 0.147075 0.989125 0
    outer loop
      vertex 7.77563 -15.7279 3
      vertex 7.88727 -15.7445 0
      vertex 7.77563 -15.7279 0
    endloop
  endfacet
  facet normal 0.0487312 0.998812 -0
    outer loop
      vertex 8 -15.75 0
      vertex 7.88727 -15.7445 3
      vertex 8 -15.75 3
    endloop
  endfacet
  facet normal 0.0487312 0.998812 0
    outer loop
      vertex 7.88727 -15.7445 3
      vertex 8 -15.75 0
      vertex 7.88727 -15.7445 0
    endloop
  endfacet
  facet normal -0.0487355 0.998812 0
    outer loop
      vertex 8.11272 -15.7445 0
      vertex 8 -15.75 3
      vertex 8.11272 -15.7445 3
    endloop
  endfacet
  facet normal -0.0487355 0.998812 0
    outer loop
      vertex 8 -15.75 3
      vertex 8.11272 -15.7445 0
      vertex 8 -15.75 0
    endloop
  endfacet
endsolid OpenSCAD_Model
