solid OpenSCAD_Model
  facet normal 0.831432 0.555626 0
    outer loop
      vertex 35.4641 16 3
      vertex 35.1734 16.435 0
      vertex 35.1734 16.435 3
    endloop
  endfacet
  facet normal 0.831432 0.555626 0
    outer loop
      vertex 35.1734 16.435 0
      vertex 35.4641 16 3
      vertex 35.4641 16 0
    endloop
  endfacet
  facet normal -0.980779 -0.195124 0
    outer loop
      vertex -35.8637 -15.0353 0
      vertex -35.9658 -14.5221 3
      vertex -35.9658 -14.5221 0
    endloop
  endfacet
  facet normal -0.980779 -0.195124 0
    outer loop
      vertex -35.9658 -14.5221 3
      vertex -35.8637 -15.0353 0
      vertex -35.8637 -15.0353 3
    endloop
  endfacet
  facet normal -0.997861 -0.0653646 0
    outer loop
      vertex -35.9658 -14.5221 0
      vertex -36 -14 3
      vertex -36 -14 0
    endloop
  endfacet
  facet normal -0.997861 -0.0653646 0
    outer loop
      vertex -36 -14 3
      vertex -35.9658 -14.5221 0
      vertex -35.9658 -14.5221 3
    endloop
  endfacet
  facet normal -0.555626 0.831432 0
    outer loop
      vertex -34 17.4641 0
      vertex -34.435 17.1734 3
      vertex -34 17.4641 3
    endloop
  endfacet
  facet normal -0.555626 0.831432 0
    outer loop
      vertex -34.435 17.1734 3
      vertex -34 17.4641 0
      vertex -34.435 17.1734 0
    endloop
  endfacet
  facet normal 0.0653646 0.997861 -0
    outer loop
      vertex 32.5221 17.9658 0
      vertex 32 18 3
      vertex 32.5221 17.9658 3
    endloop
  endfacet
  facet normal 0.0653646 0.997861 0
    outer loop
      vertex 32 18 3
      vertex 32.5221 17.9658 0
      vertex 32 18 0
    endloop
  endfacet
  facet normal 0.997861 0.0653646 0
    outer loop
      vertex 36 14 3
      vertex 35.9658 14.5221 0
      vertex 35.9658 14.5221 3
    endloop
  endfacet
  facet normal 0.997861 0.0653646 0
    outer loop
      vertex 35.9658 14.5221 0
      vertex 36 14 3
      vertex 36 14 0
    endloop
  endfacet
  facet normal -0.659343 -0.751842 0
    outer loop
      vertex -34.8284 -16.8284 0
      vertex -34.435 -17.1734 3
      vertex -34.8284 -16.8284 3
    endloop
  endfacet
  facet normal -0.659343 -0.751842 -0
    outer loop
      vertex -34.435 -17.1734 3
      vertex -34.8284 -16.8284 0
      vertex -34.435 -17.1734 0
    endloop
  endfacet
  facet normal 0.321498 0.94691 -0
    outer loop
      vertex 33.5307 17.6955 0
      vertex 33.0353 17.8637 3
      vertex 33.5307 17.6955 3
    endloop
  endfacet
  facet normal 0.321498 0.94691 0
    outer loop
      vertex 33.0353 17.8637 3
      vertex 33.5307 17.6955 0
      vertex 33.0353 17.8637 0
    endloop
  endfacet
  facet normal 0 -1 0
    outer loop
      vertex -32 -18 0
      vertex 32 -18 3
      vertex -32 -18 3
    endloop
  endfacet
  facet normal 0 -1 -0
    outer loop
      vertex 32 -18 3
      vertex -32 -18 0
      vertex 32 -18 0
    endloop
  endfacet
  facet normal 0 1 -0
    outer loop
      vertex 32 18 0
      vertex -32 18 3
      vertex 32 18 3
    endloop
  endfacet
  facet normal 0 1 0
    outer loop
      vertex -32 18 3
      vertex 32 18 0
      vertex -32 18 0
    endloop
  endfacet
  facet normal -0.997861 0.0653646 0
    outer loop
      vertex -36 14 0
      vertex -35.9658 14.5221 3
      vertex -35.9658 14.5221 0
    endloop
  endfacet
  facet normal -0.997861 0.0653646 0
    outer loop
      vertex -35.9658 14.5221 3
      vertex -36 14 0
      vertex -36 14 3
    endloop
  endfacet
  facet normal -1 0 0
    outer loop
      vertex -36 -14 0
      vertex -36 14 3
      vertex -36 14 0
    endloop
  endfacet
  facet normal -1 -0 0
    outer loop
      vertex -36 14 3
      vertex -36 -14 0
      vertex -36 -14 3
    endloop
  endfacet
  facet normal 0.659343 0.751842 -0
    outer loop
      vertex 34.8284 16.8284 0
      vertex 34.435 17.1734 3
      vertex 34.8284 16.8284 3
    endloop
  endfacet
  facet normal 0.659343 0.751842 0
    outer loop
      vertex 34.435 17.1734 3
      vertex 34.8284 16.8284 0
      vertex 34.435 17.1734 0
    endloop
  endfacet
  facet normal -0.980779 0.195124 0
    outer loop
      vertex -35.9658 14.5221 0
      vertex -35.8637 15.0353 3
      vertex -35.8637 15.0353 0
    endloop
  endfacet
  facet normal -0.980779 0.195124 0
    outer loop
      vertex -35.8637 15.0353 3
      vertex -35.9658 14.5221 0
      vertex -35.9658 14.5221 3
    endloop
  endfacet
  facet normal 0.195124 -0.980779 0
    outer loop
      vertex 32.5221 -17.9658 0
      vertex 33.0353 -17.8637 3
      vertex 32.5221 -17.9658 3
    endloop
  endfacet
  facet normal 0.195124 -0.980779 0
    outer loop
      vertex 33.0353 -17.8637 3
      vertex 32.5221 -17.9658 0
      vertex 33.0353 -17.8637 0
    endloop
  endfacet
  facet normal 0.997861 -0.0653646 0
    outer loop
      vertex 35.9658 -14.5221 3
      vertex 36 -14 0
      vertex 36 -14 3
    endloop
  endfacet
  facet normal 0.997861 -0.0653646 0
    outer loop
      vertex 36 -14 0
      vertex 35.9658 -14.5221 3
      vertex 35.9658 -14.5221 0
    endloop
  endfacet
  facet normal 0.751842 -0.659343 0
    outer loop
      vertex 34.8284 -16.8284 3
      vertex 35.1734 -16.435 0
      vertex 35.1734 -16.435 3
    endloop
  endfacet
  facet normal 0.751842 -0.659343 0
    outer loop
      vertex 35.1734 -16.435 0
      vertex 34.8284 -16.8284 3
      vertex 34.8284 -16.8284 0
    endloop
  endfacet
  facet normal -0.195124 0.980779 0
    outer loop
      vertex -32.5221 17.9658 0
      vertex -33.0353 17.8637 3
      vertex -32.5221 17.9658 3
    endloop
  endfacet
  facet normal -0.195124 0.980779 0
    outer loop
      vertex -33.0353 17.8637 3
      vertex -32.5221 17.9658 0
      vertex -33.0353 17.8637 0
    endloop
  endfacet
  facet normal 0.442238 -0.896898 0
    outer loop
      vertex 33.5307 -17.6955 0
      vertex 34 -17.4641 3
      vertex 33.5307 -17.6955 3
    endloop
  endfacet
  facet normal 0.442238 -0.896898 0
    outer loop
      vertex 34 -17.4641 3
      vertex 33.5307 -17.6955 0
      vertex 34 -17.4641 0
    endloop
  endfacet
  facet normal 0.896898 0.442238 0
    outer loop
      vertex 35.6955 15.5307 3
      vertex 35.4641 16 0
      vertex 35.4641 16 3
    endloop
  endfacet
  facet normal 0.896898 0.442238 0
    outer loop
      vertex 35.4641 16 0
      vertex 35.6955 15.5307 3
      vertex 35.6955 15.5307 0
    endloop
  endfacet
  facet normal 0.831432 -0.555626 0
    outer loop
      vertex 35.1734 -16.435 3
      vertex 35.4641 -16 0
      vertex 35.4641 -16 3
    endloop
  endfacet
  facet normal 0.831432 -0.555626 0
    outer loop
      vertex 35.4641 -16 0
      vertex 35.1734 -16.435 3
      vertex 35.1734 -16.435 0
    endloop
  endfacet
  facet normal 0.555626 -0.831432 0
    outer loop
      vertex 34 -17.4641 0
      vertex 34.435 -17.1734 3
      vertex 34 -17.4641 3
    endloop
  endfacet
  facet normal 0.555626 -0.831432 0
    outer loop
      vertex 34.435 -17.1734 3
      vertex 34 -17.4641 0
      vertex 34.435 -17.1734 0
    endloop
  endfacet
  facet normal -0.751842 0.659343 0
    outer loop
      vertex -35.1734 16.435 0
      vertex -34.8284 16.8284 3
      vertex -34.8284 16.8284 0
    endloop
  endfacet
  facet normal -0.751842 0.659343 0
    outer loop
      vertex -34.8284 16.8284 3
      vertex -35.1734 16.435 0
      vertex -35.1734 16.435 3
    endloop
  endfacet
  facet normal -0.831432 0.555626 0
    outer loop
      vertex -35.4641 16 0
      vertex -35.1734 16.435 3
      vertex -35.1734 16.435 0
    endloop
  endfacet
  facet normal -0.831432 0.555626 0
    outer loop
      vertex -35.1734 16.435 3
      vertex -35.4641 16 0
      vertex -35.4641 16 3
    endloop
  endfacet
  facet normal 0.0653646 -0.997861 0
    outer loop
      vertex 32 -18 0
      vertex 32.5221 -17.9658 3
      vertex 32 -18 3
    endloop
  endfacet
  facet normal 0.0653646 -0.997861 0
    outer loop
      vertex 32.5221 -17.9658 3
      vertex 32 -18 0
      vertex 32.5221 -17.9658 0
    endloop
  endfacet
  facet normal 0.555626 0.831432 -0
    outer loop
      vertex 34.435 17.1734 0
      vertex 34 17.4641 3
      vertex 34.435 17.1734 3
    endloop
  endfacet
  facet normal 0.555626 0.831432 0
    outer loop
      vertex 34 17.4641 3
      vertex 34.435 17.1734 0
      vertex 34 17.4641 0
    endloop
  endfacet
  facet normal -0.442238 0.896898 0
    outer loop
      vertex -33.5307 17.6955 0
      vertex -34 17.4641 3
      vertex -33.5307 17.6955 3
    endloop
  endfacet
  facet normal -0.442238 0.896898 0
    outer loop
      vertex -34 17.4641 3
      vertex -33.5307 17.6955 0
      vertex -34 17.4641 0
    endloop
  endfacet
  facet normal 0.321498 -0.94691 0
    outer loop
      vertex 33.0353 -17.8637 0
      vertex 33.5307 -17.6955 3
      vertex 33.0353 -17.8637 3
    endloop
  endfacet
  facet normal 0.321498 -0.94691 0
    outer loop
      vertex 33.5307 -17.6955 3
      vertex 33.0353 -17.8637 0
      vertex 33.5307 -17.6955 0
    endloop
  endfacet
  facet normal -0.555626 -0.831432 0
    outer loop
      vertex -34.435 -17.1734 0
      vertex -34 -17.4641 3
      vertex -34.435 -17.1734 3
    endloop
  endfacet
  facet normal -0.555626 -0.831432 -0
    outer loop
      vertex -34 -17.4641 3
      vertex -34.435 -17.1734 0
      vertex -34 -17.4641 0
    endloop
  endfacet
  facet normal 0.94691 0.321498 0
    outer loop
      vertex 35.8637 15.0353 3
      vertex 35.6955 15.5307 0
      vertex 35.6955 15.5307 3
    endloop
  endfacet
  facet normal 0.94691 0.321498 0
    outer loop
      vertex 35.6955 15.5307 0
      vertex 35.8637 15.0353 3
      vertex 35.8637 15.0353 0
    endloop
  endfacet
  facet normal -0.94691 0.321498 0
    outer loop
      vertex -35.8637 15.0353 0
      vertex -35.6955 15.5307 3
      vertex -35.6955 15.5307 0
    endloop
  endfacet
  facet normal -0.94691 0.321498 0
    outer loop
      vertex -35.6955 15.5307 3
      vertex -35.8637 15.0353 0
      vertex -35.8637 15.0353 3
    endloop
  endfacet
  facet normal -0.321498 0.94691 0
    outer loop
      vertex -33.0353 17.8637 0
      vertex -33.5307 17.6955 3
      vertex -33.0353 17.8637 3
    endloop
  endfacet
  facet normal -0.321498 0.94691 0
    outer loop
      vertex -33.5307 17.6955 3
      vertex -33.0353 17.8637 0
      vertex -33.5307 17.6955 0
    endloop
  endfacet
  facet normal 0.442238 0.896898 -0
    outer loop
      vertex 34 17.4641 0
      vertex 33.5307 17.6955 3
      vertex 34 17.4641 3
    endloop
  endfacet
  facet normal 0.442238 0.896898 0
    outer loop
      vertex 33.5307 17.6955 3
      vertex 34 17.4641 0
      vertex 33.5307 17.6955 0
    endloop
  endfacet
  facet normal -0.659343 0.751842 0
    outer loop
      vertex -34.435 17.1734 0
      vertex -34.8284 16.8284 3
      vertex -34.435 17.1734 3
    endloop
  endfacet
  facet normal -0.659343 0.751842 0
    outer loop
      vertex -34.8284 16.8284 3
      vertex -34.435 17.1734 0
      vertex -34.8284 16.8284 0
    endloop
  endfacet
  facet normal 0.980779 0.195124 0
    outer loop
      vertex 35.9658 14.5221 3
      vertex 35.8637 15.0353 0
      vertex 35.8637 15.0353 3
    endloop
  endfacet
  facet normal 0.980779 0.195124 0
    outer loop
      vertex 35.8637 15.0353 0
      vertex 35.9658 14.5221 3
      vertex 35.9658 14.5221 0
    endloop
  endfacet
  facet normal 0.195124 0.980779 -0
    outer loop
      vertex 33.0353 17.8637 0
      vertex 32.5221 17.9658 3
      vertex 33.0353 17.8637 3
    endloop
  endfacet
  facet normal 0.195124 0.980779 0
    outer loop
      vertex 32.5221 17.9658 3
      vertex 33.0353 17.8637 0
      vertex 32.5221 17.9658 0
    endloop
  endfacet
  facet normal 1 -0 0
    outer loop
      vertex 36 -14 3
      vertex 36 14 0
      vertex 36 14 3
    endloop
  endfacet
  facet normal 1 0 0
    outer loop
      vertex 36 14 0
      vertex 36 -14 3
      vertex 36 -14 0
    endloop
  endfacet
  facet normal -0.0653646 0.997861 0
    outer loop
      vertex -32 18 0
      vertex -32.5221 17.9658 3
      vertex -32 18 3
    endloop
  endfacet
  facet normal -0.0653646 0.997861 0
    outer loop
      vertex -32.5221 17.9658 3
      vertex -32 18 0
      vertex -32.5221 17.9658 0
    endloop
  endfacet
  facet normal -0.896898 -0.442238 0
    outer loop
      vertex -35.4641 -16 0
      vertex -35.6955 -15.5307 3
      vertex -35.6955 -15.5307 0
    endloop
  endfacet
  facet normal -0.896898 -0.442238 0
    outer loop
      vertex -35.6955 -15.5307 3
      vertex -35.4641 -16 0
      vertex -35.4641 -16 3
    endloop
  endfacet
  facet normal -0.442238 -0.896898 0
    outer loop
      vertex -34 -17.4641 0
      vertex -33.5307 -17.6955 3
      vertex -34 -17.4641 3
    endloop
  endfacet
  facet normal -0.442238 -0.896898 -0
    outer loop
      vertex -33.5307 -17.6955 3
      vertex -34 -17.4641 0
      vertex -33.5307 -17.6955 0
    endloop
  endfacet
  facet normal -0.896898 0.442238 0
    outer loop
      vertex -35.6955 15.5307 0
      vertex -35.4641 16 3
      vertex -35.4641 16 0
    endloop
  endfacet
  facet normal -0.896898 0.442238 0
    outer loop
      vertex -35.4641 16 3
      vertex -35.6955 15.5307 0
      vertex -35.6955 15.5307 3
    endloop
  endfacet
  facet normal -0.751842 -0.659343 0
    outer loop
      vertex -34.8284 -16.8284 0
      vertex -35.1734 -16.435 3
      vertex -35.1734 -16.435 0
    endloop
  endfacet
  facet normal -0.751842 -0.659343 0
    outer loop
      vertex -35.1734 -16.435 3
      vertex -34.8284 -16.8284 0
      vertex -34.8284 -16.8284 3
    endloop
  endfacet
  facet normal -0.321498 -0.94691 0
    outer loop
      vertex -33.5307 -17.6955 0
      vertex -33.0353 -17.8637 3
      vertex -33.5307 -17.6955 3
    endloop
  endfacet
  facet normal -0.321498 -0.94691 -0
    outer loop
      vertex -33.0353 -17.8637 3
      vertex -33.5307 -17.6955 0
      vertex -33.0353 -17.8637 0
    endloop
  endfacet
  facet normal 0.659343 -0.751842 0
    outer loop
      vertex 34.435 -17.1734 0
      vertex 34.8284 -16.8284 3
      vertex 34.435 -17.1734 3
    endloop
  endfacet
  facet normal 0.659343 -0.751842 0
    outer loop
      vertex 34.8284 -16.8284 3
      vertex 34.435 -17.1734 0
      vertex 34.8284 -16.8284 0
    endloop
  endfacet
  facet normal 0.751842 0.659343 0
    outer loop
      vertex 35.1734 16.435 3
      vertex 34.8284 16.8284 0
      vertex 34.8284 16.8284 3
    endloop
  endfacet
  facet normal 0.751842 0.659343 0
    outer loop
      vertex 34.8284 16.8284 0
      vertex 35.1734 16.435 3
      vertex 35.1734 16.435 0
    endloop
  endfacet
  facet normal -0.831432 -0.555626 0
    outer loop
      vertex -35.1734 -16.435 0
      vertex -35.4641 -16 3
      vertex -35.4641 -16 0
    endloop
  endfacet
  facet normal -0.831432 -0.555626 0
    outer loop
      vertex -35.4641 -16 3
      vertex -35.1734 -16.435 0
      vertex -35.1734 -16.435 3
    endloop
  endfacet
  facet normal 0 0 -1
    outer loop
      vertex -16.1436 1.09058 0
      vertex -22.9094 7.85641 0
      vertex -22.9 8 0
    endloop
  endfacet
  facet normal 0 0 -1
    outer loop
      vertex -22.2 3.11769 0
      vertex -22.9375 7.71529 0
      vertex -22.9094 7.85641 0
    endloop
  endfacet
  facet normal 0 0 -1
    outer loop
      vertex -22.2 3.11769 0
      vertex -22.9837 7.57904 0
      vertex -22.9375 7.71529 0
    endloop
  endfacet
  facet normal 0 0 -1
    outer loop
      vertex -22.2 3.11769 0
      vertex -23.0474 7.45 0
      vertex -22.9837 7.57904 0
    endloop
  endfacet
  facet normal 0 0 -1
    outer loop
      vertex -23.3304 7.1273 0
      vertex -22.6223 3.32596 0
      vertex -23.0683 3.47733 0
    endloop
  endfacet
  facet normal 0 0 -1
    outer loop
      vertex -22.2 3.11769 0
      vertex -23.1273 7.33035 0
      vertex -23.0474 7.45 0
    endloop
  endfacet
  facet normal 0 0 -1
    outer loop
      vertex -22.2 3.11769 0
      vertex -23.2222 7.22217 0
      vertex -23.1273 7.33035 0
    endloop
  endfacet
  facet normal 0 0 -1
    outer loop
      vertex -22.6223 3.32596 0
      vertex -23.3304 7.1273 0
      vertex -23.2222 7.22217 0
    endloop
  endfacet
  facet normal 0 0 -1
    outer loop
      vertex -23.0683 3.47733 0
      vertex -23.45 7.04736 0
      vertex -23.3304 7.1273 0
    endloop
  endfacet
  facet normal 0 0 -1
    outer loop
      vertex -23.5791 6.98372 0
      vertex -23.0683 3.47733 0
      vertex -23.5301 3.5692 0
    endloop
  endfacet
  facet normal 0 0 -1
    outer loop
      vertex -23.0683 3.47733 0
      vertex -23.5791 6.98372 0
      vertex -23.45 7.04736 0
    endloop
  endfacet
  facet normal 0 0 -1
    outer loop
      vertex -23.5301 3.5692 0
      vertex -23.7153 6.93747 0
      vertex -23.5791 6.98372 0
    endloop
  endfacet
  facet normal 0 0 -1
    outer loop
      vertex -23.5301 3.5692 0
      vertex -23.8564 6.90941 0
      vertex -23.7153 6.93747 0
    endloop
  endfacet
  facet normal 0 0 -1
    outer loop
      vertex -24 3.59999 0
      vertex -23.8564 6.90941 0
      vertex -23.5301 3.5692 0
    endloop
  endfacet
  facet normal 0 0 -1
    outer loop
      vertex -24 3.59999 0
      vertex -24 6.89999 0
      vertex -23.8564 6.90941 0
    endloop
  endfacet
  facet normal 0 0 -1
    outer loop
      vertex -24 3.59999 0
      vertex -24.1436 6.90941 0
      vertex -24 6.89999 0
    endloop
  endfacet
  facet normal 0 0 -1
    outer loop
      vertex -24.4699 3.5692 0
      vertex -24.1436 6.90941 0
      vertex -24 3.59999 0
    endloop
  endfacet
  facet normal -0 0 -1
    outer loop
      vertex -24.1436 6.90941 0
      vertex -24.4699 3.5692 0
      vertex -24.2847 6.93747 0
    endloop
  endfacet
  facet normal -0 0 -1
    outer loop
      vertex -24.2847 6.93747 0
      vertex -24.4699 3.5692 0
      vertex -24.4209 6.98372 0
    endloop
  endfacet
  facet normal 0 0 -1
    outer loop
      vertex -24.9317 3.47733 0
      vertex -24.4209 6.98372 0
      vertex -24.4699 3.5692 0
    endloop
  endfacet
  facet normal -0 0 -1
    outer loop
      vertex -24.4209 6.98372 0
      vertex -24.9317 3.47733 0
      vertex -24.55 7.04736 0
    endloop
  endfacet
  facet normal -0 0 -1
    outer loop
      vertex -24.55 7.04736 0
      vertex -24.9317 3.47733 0
      vertex -24.6696 7.1273 0
    endloop
  endfacet
  facet normal 0 0 -1
    outer loop
      vertex -25.3777 3.32596 0
      vertex -24.6696 7.1273 0
      vertex -24.9317 3.47733 0
    endloop
  endfacet
  facet normal -0 0 -1
    outer loop
      vertex -24.6696 7.1273 0
      vertex -25.3777 3.32596 0
      vertex -24.7778 7.22217 0
    endloop
  endfacet
  facet normal 0 0 -1
    outer loop
      vertex -25.8 3.11769 0
      vertex -24.7778 7.22217 0
      vertex -25.3777 3.32596 0
    endloop
  endfacet
  facet normal -0 0 -1
    outer loop
      vertex -24.7778 7.22217 0
      vertex -25.8 3.11769 0
      vertex -24.8727 7.33035 0
    endloop
  endfacet
  facet normal -0 0 -1
    outer loop
      vertex -24.8727 7.33035 0
      vertex -25.8 3.11769 0
      vertex -24.9526 7.45 0
    endloop
  endfacet
  facet normal 0 0 -1
    outer loop
      vertex -26.1915 2.85606 0
      vertex -24.9526 7.45 0
      vertex -25.8 3.11769 0
    endloop
  endfacet
  facet normal -0 0 -1
    outer loop
      vertex -24.9526 7.45 0
      vertex -26.1915 2.85606 0
      vertex -25.0163 7.57904 0
    endloop
  endfacet
  facet normal -0 0 -1
    outer loop
      vertex -25.0163 7.57904 0
      vertex -26.1915 2.85606 0
      vertex -25.0625 7.71529 0
    endloop
  endfacet
  facet normal 0 0 -1
    outer loop
      vertex -5.04736 -11.45 0
      vertex -1 -10.3 0
      vertex -4.98372 -11.579 0
    endloop
  endfacet
  facet normal 0 0 -1
    outer loop
      vertex -1 7.7 0
      vertex -4.90941 11.8564 0
      vertex -4.89999 12 0
    endloop
  endfacet
  facet normal 0 0 -1
    outer loop
      vertex -5.1273 -11.3304 0
      vertex -1 -10.3 0
      vertex -5.04736 -11.45 0
    endloop
  endfacet
  facet normal 0 0 -1
    outer loop
      vertex -1 7.7 0
      vertex -4.93747 11.7153 0
      vertex -4.90941 11.8564 0
    endloop
  endfacet
  facet normal 0 0 -1
    outer loop
      vertex -5.22217 -11.2222 0
      vertex -1 -10.3 0
      vertex -5.1273 -11.3304 0
    endloop
  endfacet
  facet normal 0 0 -1
    outer loop
      vertex -1 7.7 0
      vertex -4.98372 11.579 0
      vertex -4.93747 11.7153 0
    endloop
  endfacet
  facet normal 0 0 -1
    outer loop
      vertex -5.33035 -11.1273 0
      vertex -1 -10.3 0
      vertex -5.22217 -11.2222 0
    endloop
  endfacet
  facet normal 0 0 -1
    outer loop
      vertex -1 7.7 0
      vertex -5.04736 11.45 0
      vertex -4.98372 11.579 0
    endloop
  endfacet
  facet normal -0 0 -1
    outer loop
      vertex -1 -10.3 0
      vertex -5.33035 -11.1273 0
      vertex -1 -7.7 0
    endloop
  endfacet
  facet normal 0 0 -1
    outer loop
      vertex -1 7.7 0
      vertex -5.1273 11.3304 0
      vertex -5.04736 11.45 0
    endloop
  endfacet
  facet normal 0 0 -1
    outer loop
      vertex -5.45 -11.0474 0
      vertex -1 -7.7 0
      vertex -5.33035 -11.1273 0
    endloop
  endfacet
  facet normal 0 0 -1
    outer loop
      vertex -1 7.7 0
      vertex -5.22217 11.2222 0
      vertex -5.1273 11.3304 0
    endloop
  endfacet
  facet normal 0 0 -1
    outer loop
      vertex -5.57904 -10.9837 0
      vertex -1 -7.7 0
      vertex -5.45 -11.0474 0
    endloop
  endfacet
  facet normal 0 0 -1
    outer loop
      vertex -1 7.7 0
      vertex -5.33035 11.1273 0
      vertex -5.22217 11.2222 0
    endloop
  endfacet
  facet normal 0 0 -1
    outer loop
      vertex -5.71529 -10.9375 0
      vertex -1 -7.7 0
      vertex -5.57904 -10.9837 0
    endloop
  endfacet
  facet normal 0 0 -1
    outer loop
      vertex -1 7.7 0
      vertex -5.45 11.0474 0
      vertex -5.33035 11.1273 0
    endloop
  endfacet
  facet normal 0 0 -1
    outer loop
      vertex -5.85641 -10.9094 0
      vertex -1 -7.7 0
      vertex -5.71529 -10.9375 0
    endloop
  endfacet
  facet normal 0 0 -1
    outer loop
      vertex -1 7.7 0
      vertex -5.57904 10.9837 0
      vertex -5.45 11.0474 0
    endloop
  endfacet
  facet normal 0 0 -1
    outer loop
      vertex -6 -10.9 0
      vertex -1 -7.7 0
      vertex -5.85641 -10.9094 0
    endloop
  endfacet
  facet normal 0 0 -1
    outer loop
      vertex -1 7.7 0
      vertex -5.71529 10.9375 0
      vertex -5.57904 10.9837 0
    endloop
  endfacet
  facet normal 0 -0 -1
    outer loop
      vertex -14.9 0 0
      vertex -1 -7.7 0
      vertex -14.9094 -0.14357 0
    endloop
  endfacet
  facet normal 0 0 -1
    outer loop
      vertex -1 7.7 0
      vertex -5.85641 10.9094 0
      vertex -5.71529 10.9375 0
    endloop
  endfacet
  facet normal 0 0 -1
    outer loop
      vertex -6.14357 -10.9094 0
      vertex -1 -7.7 0
      vertex -6 -10.9 0
    endloop
  endfacet
  facet normal 0 0 -1
    outer loop
      vertex -14.9094 0.14357 0
      vertex -1 7.7 0
      vertex -14.9 0 0
    endloop
  endfacet
  facet normal 0 0 -1
    outer loop
      vertex -14.9837 -0.420944 0
      vertex -1 -7.7 0
      vertex -6.14357 -10.9094 0
    endloop
  endfacet
  facet normal 0 0 -1
    outer loop
      vertex -14.9375 0.284698 0
      vertex -1 7.7 0
      vertex -14.9094 0.14357 0
    endloop
  endfacet
  facet normal 0 0 -1
    outer loop
      vertex -14.9837 -0.420944 0
      vertex -6.14357 -10.9094 0
      vertex -6.2847 -10.9375 0
    endloop
  endfacet
  facet normal 0 0 -1
    outer loop
      vertex -1 7.7 0
      vertex -6 10.9 0
      vertex -5.85641 10.9094 0
    endloop
  endfacet
  facet normal 0 0 -1
    outer loop
      vertex -15.0474 -0.549988 0
      vertex -6.2847 -10.9375 0
      vertex -6.42094 -10.9837 0
    endloop
  endfacet
  facet normal 0 0 -1
    outer loop
      vertex -14.9837 0.420944 0
      vertex -1 7.7 0
      vertex -14.9375 0.284698 0
    endloop
  endfacet
  facet normal 0 0 -1
    outer loop
      vertex -15.1273 -0.669632 0
      vertex -6.42094 -10.9837 0
      vertex -6.54999 -11.0474 0
    endloop
  endfacet
  facet normal 0 0 -1
    outer loop
      vertex -1 7.7 0
      vertex -6.14357 10.9094 0
      vertex -6 10.9 0
    endloop
  endfacet
  facet normal 0 0 -1
    outer loop
      vertex -15.2222 -0.777817 0
      vertex -6.54999 -11.0474 0
      vertex -6.66963 -11.1273 0
    endloop
  endfacet
  facet normal -0 0 -1
    outer loop
      vertex -1 7.7 0
      vertex -14.9837 0.420944 0
      vertex -6.14357 10.9094 0
    endloop
  endfacet
  facet normal 0 0 -1
    outer loop
      vertex -15.3304 -0.872681 0
      vertex -6.66963 -11.1273 0
      vertex -6.77782 -11.2222 0
    endloop
  endfacet
  facet normal -0 0 -1
    outer loop
      vertex -6.14357 10.9094 0
      vertex -14.9837 0.420944 0
      vertex -6.2847 10.9375 0
    endloop
  endfacet
  facet normal 0 0 -1
    outer loop
      vertex -15.45 -0.952621 0
      vertex -6.77782 -11.2222 0
      vertex -6.87268 -11.3304 0
    endloop
  endfacet
  facet normal 0 0 -1
    outer loop
      vertex -15.0474 0.549988 0
      vertex -6.2847 10.9375 0
      vertex -14.9837 0.420944 0
    endloop
  endfacet
  facet normal 0 0 -1
    outer loop
      vertex -15.5791 -1.01627 0
      vertex -6.87268 -11.3304 0
      vertex -6.95262 -11.45 0
    endloop
  endfacet
  facet normal -0 0 -1
    outer loop
      vertex -6.2847 10.9375 0
      vertex -15.0474 0.549988 0
      vertex -6.42094 10.9837 0
    endloop
  endfacet
  facet normal 0 0 -1
    outer loop
      vertex -15.7153 -1.06252 0
      vertex -6.95262 -11.45 0
      vertex -7.01627 -11.579 0
    endloop
  endfacet
  facet normal 0 0 -1
    outer loop
      vertex -15.1273 0.669632 0
      vertex -6.42094 10.9837 0
      vertex -15.0474 0.549988 0
    endloop
  endfacet
  facet normal 0 0 -1
    outer loop
      vertex -15.8564 -1.09058 0
      vertex -7.01627 -11.579 0
      vertex -7.06252 -11.7153 0
    endloop
  endfacet
  facet normal -0 0 -1
    outer loop
      vertex -6.42094 10.9837 0
      vertex -15.1273 0.669632 0
      vertex -6.54999 11.0474 0
    endloop
  endfacet
  facet normal 0 0 -1
    outer loop
      vertex -22.9375 -8.2847 0
      vertex -7.06252 -11.7153 0
      vertex -7.09058 -11.8564 0
    endloop
  endfacet
  facet normal 0 0 -1
    outer loop
      vertex -15.2222 0.777817 0
      vertex -6.54999 11.0474 0
      vertex -15.1273 0.669632 0
    endloop
  endfacet
  facet normal 0 0 -1
    outer loop
      vertex -22.9837 -8.42094 0
      vertex -7.09058 -11.8564 0
      vertex -7.09999 -12 0
    endloop
  endfacet
  facet normal -0 0 -1
    outer loop
      vertex -6.54999 11.0474 0
      vertex -15.2222 0.777817 0
      vertex -6.66963 11.1273 0
    endloop
  endfacet
  facet normal 0 0 -1
    outer loop
      vertex -22.9837 -7.57904 0
      vertex -21.8085 -2.85606 0
      vertex -22.9375 -7.71529 0
    endloop
  endfacet
  facet normal 0 0 -1
    outer loop
      vertex -23.0474 -7.45 0
      vertex -21.8085 -2.85606 0
      vertex -22.9837 -7.57904 0
    endloop
  endfacet
  facet normal 0 0 -1
    outer loop
      vertex -21.8085 -2.85606 0
      vertex -23.0474 -7.45 0
      vertex -22.2 -3.11769 0
    endloop
  endfacet
  facet normal 0 0 -1
    outer loop
      vertex -23.1273 -7.33035 0
      vertex -22.2 -3.11769 0
      vertex -23.0474 -7.45 0
    endloop
  endfacet
  facet normal 0 0 -1
    outer loop
      vertex -23.2222 -7.22217 0
      vertex -22.2 -3.11769 0
      vertex -23.1273 -7.33035 0
    endloop
  endfacet
  facet normal 0 0 -1
    outer loop
      vertex -22.2 -3.11769 0
      vertex -23.2222 -7.22217 0
      vertex -22.6223 -3.32596 0
    endloop
  endfacet
  facet normal 0 0 -1
    outer loop
      vertex -23.3304 -7.1273 0
      vertex -22.6223 -3.32596 0
      vertex -23.2222 -7.22217 0
    endloop
  endfacet
  facet normal 0 0 -1
    outer loop
      vertex -22.6223 -3.32596 0
      vertex -23.3304 -7.1273 0
      vertex -23.0683 -3.47733 0
    endloop
  endfacet
  facet normal 0 0 -1
    outer loop
      vertex -23.45 -7.04736 0
      vertex -23.0683 -3.47733 0
      vertex -23.3304 -7.1273 0
    endloop
  endfacet
  facet normal 0 0 -1
    outer loop
      vertex -23.5791 -6.98372 0
      vertex -23.0683 -3.47733 0
      vertex -23.45 -7.04736 0
    endloop
  endfacet
  facet normal 0 0 -1
    outer loop
      vertex -23.0683 -3.47733 0
      vertex -23.5791 -6.98372 0
      vertex -23.5301 -3.5692 0
    endloop
  endfacet
  facet normal 0 0 -1
    outer loop
      vertex -23.7153 -6.93747 0
      vertex -23.5301 -3.5692 0
      vertex -23.5791 -6.98372 0
    endloop
  endfacet
  facet normal 0 0 -1
    outer loop
      vertex -23.8564 -6.90941 0
      vertex -23.5301 -3.5692 0
      vertex -23.7153 -6.93747 0
    endloop
  endfacet
  facet normal 0 0 -1
    outer loop
      vertex -24 -3.59999 0
      vertex -23.8564 -6.90941 0
      vertex -24 -6.89999 0
    endloop
  endfacet
  facet normal 0 0 -1
    outer loop
      vertex -23.8564 -6.90941 0
      vertex -24 -3.59999 0
      vertex -23.5301 -3.5692 0
    endloop
  endfacet
  facet normal 0 0 -1
    outer loop
      vertex -24.1436 -6.90941 0
      vertex -24 -3.59999 0
      vertex -24 -6.89999 0
    endloop
  endfacet
  facet normal 0 0 -1
    outer loop
      vertex -24.4699 -3.5692 0
      vertex -24.1436 -6.90941 0
      vertex -24.2847 -6.93747 0
    endloop
  endfacet
  facet normal 0 0 -1
    outer loop
      vertex -24.4699 -3.5692 0
      vertex -24.2847 -6.93747 0
      vertex -24.4209 -6.98372 0
    endloop
  endfacet
  facet normal 0 0 -1
    outer loop
      vertex -24.1436 -6.90941 0
      vertex -24.4699 -3.5692 0
      vertex -24 -3.59999 0
    endloop
  endfacet
  facet normal 0 0 -1
    outer loop
      vertex -24.9317 -3.47733 0
      vertex -24.4209 -6.98372 0
      vertex -24.55 -7.04736 0
    endloop
  endfacet
  facet normal 0 0 -1
    outer loop
      vertex -24.9317 -3.47733 0
      vertex -24.55 -7.04736 0
      vertex -24.6696 -7.1273 0
    endloop
  endfacet
  facet normal 0 0 -1
    outer loop
      vertex -25.3777 -3.32596 0
      vertex -24.6696 -7.1273 0
      vertex -24.7778 -7.22217 0
    endloop
  endfacet
  facet normal 0 0 -1
    outer loop
      vertex -25.8 -3.11769 0
      vertex -24.7778 -7.22217 0
      vertex -24.8727 -7.33035 0
    endloop
  endfacet
  facet normal 0 0 -1
    outer loop
      vertex -24.4209 -6.98372 0
      vertex -24.9317 -3.47733 0
      vertex -24.4699 -3.5692 0
    endloop
  endfacet
  facet normal 0 0 -1
    outer loop
      vertex -25.8 -3.11769 0
      vertex -24.8727 -7.33035 0
      vertex -24.9526 -7.45 0
    endloop
  endfacet
  facet normal 0 0 -1
    outer loop
      vertex -26.1915 -2.85606 0
      vertex -24.9526 -7.45 0
      vertex -25.0163 -7.57904 0
    endloop
  endfacet
  facet normal 0 0 -1
    outer loop
      vertex -26.1915 -2.85606 0
      vertex -25.0163 -7.57904 0
      vertex -25.0625 -7.71529 0
    endloop
  endfacet
  facet normal 0 0 -1
    outer loop
      vertex -31.7153 -1.06252 0
      vertex -25.0625 -7.71529 0
      vertex -25.0906 -7.85641 0
    endloop
  endfacet
  facet normal 0 0 -1
    outer loop
      vertex -31.8564 -1.09058 0
      vertex -25.0906 -7.85641 0
      vertex -25.1 -8 0
    endloop
  endfacet
  facet normal 0 0 -1
    outer loop
      vertex -24.6696 -7.1273 0
      vertex -25.3777 -3.32596 0
      vertex -24.9317 -3.47733 0
    endloop
  endfacet
  facet normal 0 0 -1
    outer loop
      vertex 5 10.3 0
      vertex 3.09058 11.8564 0
      vertex 3.09999 12 0
    endloop
  endfacet
  facet normal 0 0 -1
    outer loop
      vertex 5 10.3 0
      vertex 3.06252 11.7153 0
      vertex 3.09058 11.8564 0
    endloop
  endfacet
  facet normal 0 0 -1
    outer loop
      vertex 5 10.3 0
      vertex 3.01627 11.579 0
      vertex 3.06252 11.7153 0
    endloop
  endfacet
  facet normal 0 0 -1
    outer loop
      vertex 5 10.3 0
      vertex 2.95262 11.45 0
      vertex 3.01627 11.579 0
    endloop
  endfacet
  facet normal 0 0 -1
    outer loop
      vertex 5 10.3 0
      vertex 2.87268 11.3304 0
      vertex 2.95262 11.45 0
    endloop
  endfacet
  facet normal 0 0 -1
    outer loop
      vertex 5 10.3 0
      vertex 2.77782 11.2222 0
      vertex 2.87268 11.3304 0
    endloop
  endfacet
  facet normal 0 0 -1
    outer loop
      vertex 5 10.3 0
      vertex 2.66963 11.1273 0
      vertex 2.77782 11.2222 0
    endloop
  endfacet
  facet normal 0 0 -1
    outer loop
      vertex 5 10.3 0
      vertex 2.54999 11.0474 0
      vertex 2.66963 11.1273 0
    endloop
  endfacet
  facet normal 0 0 -1
    outer loop
      vertex 5 10.3 0
      vertex 2.42094 10.9837 0
      vertex 2.54999 11.0474 0
    endloop
  endfacet
  facet normal 0 0 -1
    outer loop
      vertex 5 10.3 0
      vertex 2.2847 10.9375 0
      vertex 2.42094 10.9837 0
    endloop
  endfacet
  facet normal 0 0 -1
    outer loop
      vertex 5 10.3 0
      vertex 2.14357 10.9094 0
      vertex 2.2847 10.9375 0
    endloop
  endfacet
  facet normal 0 0 -1
    outer loop
      vertex 5 10.3 0
      vertex 2 10.9 0
      vertex 2.14357 10.9094 0
    endloop
  endfacet
  facet normal 0 0 -1
    outer loop
      vertex -1 10.3 0
      vertex 2 10.9 0
      vertex 5 10.3 0
    endloop
  endfacet
  facet normal -0 0 -1
    outer loop
      vertex 0.909409 11.8564 0
      vertex -1 10.3 0
      vertex 0.899994 12 0
    endloop
  endfacet
  facet normal -0 0 -1
    outer loop
      vertex 0.937469 11.7153 0
      vertex -1 10.3 0
      vertex 0.909409 11.8564 0
    endloop
  endfacet
  facet normal -0 0 -1
    outer loop
      vertex 0.983719 11.579 0
      vertex -1 10.3 0
      vertex 0.937469 11.7153 0
    endloop
  endfacet
  facet normal -0 0 -1
    outer loop
      vertex 1.04736 11.45 0
      vertex -1 10.3 0
      vertex 0.983719 11.579 0
    endloop
  endfacet
  facet normal -0 0 -1
    outer loop
      vertex 1.1273 11.3304 0
      vertex -1 10.3 0
      vertex 1.04736 11.45 0
    endloop
  endfacet
  facet normal -0 0 -1
    outer loop
      vertex 1.22217 11.2222 0
      vertex -1 10.3 0
      vertex 1.1273 11.3304 0
    endloop
  endfacet
  facet normal -0 0 -1
    outer loop
      vertex 1.33035 11.1273 0
      vertex -1 10.3 0
      vertex 1.22217 11.2222 0
    endloop
  endfacet
  facet normal -0 0 -1
    outer loop
      vertex 1.45 11.0474 0
      vertex -1 10.3 0
      vertex 1.33035 11.1273 0
    endloop
  endfacet
  facet normal -0 0 -1
    outer loop
      vertex 1.57904 10.9837 0
      vertex -1 10.3 0
      vertex 1.45 11.0474 0
    endloop
  endfacet
  facet normal -0 0 -1
    outer loop
      vertex 1.71529 10.9375 0
      vertex -1 10.3 0
      vertex 1.57904 10.9837 0
    endloop
  endfacet
  facet normal -0 0 -1
    outer loop
      vertex 1.85641 10.9094 0
      vertex -1 10.3 0
      vertex 1.71529 10.9375 0
    endloop
  endfacet
  facet normal -0 0 -1
    outer loop
      vertex 2 10.9 0
      vertex -1 10.3 0
      vertex 1.85641 10.9094 0
    endloop
  endfacet
  facet normal 0 0 -1
    outer loop
      vertex -1 -7.7 0
      vertex 5 7.7 0
      vertex 5 -7.7 0
    endloop
  endfacet
  facet normal -0 0 -1
    outer loop
      vertex 5 7.7 0
      vertex -1 -7.7 0
      vertex -1 7.7 0
    endloop
  endfacet
  facet normal 0 0 -1
    outer loop
      vertex 3.09058 -11.8564 0
      vertex 5 -10.3 0
      vertex 3.09999 -12 0
    endloop
  endfacet
  facet normal 0 0 -1
    outer loop
      vertex 3.06252 -11.7153 0
      vertex 5 -10.3 0
      vertex 3.09058 -11.8564 0
    endloop
  endfacet
  facet normal 0 0 -1
    outer loop
      vertex 3.01627 -11.579 0
      vertex 5 -10.3 0
      vertex 3.06252 -11.7153 0
    endloop
  endfacet
  facet normal 0 0 -1
    outer loop
      vertex 2.95262 -11.45 0
      vertex 5 -10.3 0
      vertex 3.01627 -11.579 0
    endloop
  endfacet
  facet normal 0 0 -1
    outer loop
      vertex 2.87268 -11.3304 0
      vertex 5 -10.3 0
      vertex 2.95262 -11.45 0
    endloop
  endfacet
  facet normal 0 0 -1
    outer loop
      vertex 2.77782 -11.2222 0
      vertex 5 -10.3 0
      vertex 2.87268 -11.3304 0
    endloop
  endfacet
  facet normal 0 0 -1
    outer loop
      vertex 2.66963 -11.1273 0
      vertex 5 -10.3 0
      vertex 2.77782 -11.2222 0
    endloop
  endfacet
  facet normal 0 0 -1
    outer loop
      vertex 2.54999 -11.0474 0
      vertex 5 -10.3 0
      vertex 2.66963 -11.1273 0
    endloop
  endfacet
  facet normal 0 0 -1
    outer loop
      vertex 2.42094 -10.9837 0
      vertex 5 -10.3 0
      vertex 2.54999 -11.0474 0
    endloop
  endfacet
  facet normal 0 0 -1
    outer loop
      vertex 2.2847 -10.9375 0
      vertex 5 -10.3 0
      vertex 2.42094 -10.9837 0
    endloop
  endfacet
  facet normal 0 0 -1
    outer loop
      vertex 2.14357 -10.9094 0
      vertex 5 -10.3 0
      vertex 2.2847 -10.9375 0
    endloop
  endfacet
  facet normal 0 0 -1
    outer loop
      vertex 2 -10.9 0
      vertex 5 -10.3 0
      vertex 2.14357 -10.9094 0
    endloop
  endfacet
  facet normal 0 0 -1
    outer loop
      vertex -1 -10.3 0
      vertex 2 -10.9 0
      vertex 1.85641 -10.9094 0
    endloop
  endfacet
  facet normal 0 0 -1
    outer loop
      vertex 2 -10.9 0
      vertex -1 -10.3 0
      vertex 5 -10.3 0
    endloop
  endfacet
  facet normal 0 0 -1
    outer loop
      vertex 1.71529 -10.9375 0
      vertex -1 -10.3 0
      vertex 1.85641 -10.9094 0
    endloop
  endfacet
  facet normal 0 0 -1
    outer loop
      vertex 1.57904 -10.9837 0
      vertex -1 -10.3 0
      vertex 1.71529 -10.9375 0
    endloop
  endfacet
  facet normal 0 0 -1
    outer loop
      vertex 1.45 -11.0474 0
      vertex -1 -10.3 0
      vertex 1.57904 -10.9837 0
    endloop
  endfacet
  facet normal 0 0 -1
    outer loop
      vertex 1.33035 -11.1273 0
      vertex -1 -10.3 0
      vertex 1.45 -11.0474 0
    endloop
  endfacet
  facet normal 0 0 -1
    outer loop
      vertex 1.22217 -11.2222 0
      vertex -1 -10.3 0
      vertex 1.33035 -11.1273 0
    endloop
  endfacet
  facet normal 0 0 -1
    outer loop
      vertex 1.1273 -11.3304 0
      vertex -1 -10.3 0
      vertex 1.22217 -11.2222 0
    endloop
  endfacet
  facet normal 0 0 -1
    outer loop
      vertex 1.04736 -11.45 0
      vertex -1 -10.3 0
      vertex 1.1273 -11.3304 0
    endloop
  endfacet
  facet normal 0 0 -1
    outer loop
      vertex 0.983719 -11.579 0
      vertex -1 -10.3 0
      vertex 1.04736 -11.45 0
    endloop
  endfacet
  facet normal 0 0 -1
    outer loop
      vertex 0.937469 -11.7153 0
      vertex -1 -10.3 0
      vertex 0.983719 -11.579 0
    endloop
  endfacet
  facet normal 0 0 -1
    outer loop
      vertex 0.909409 -11.8564 0
      vertex -1 -10.3 0
      vertex 0.937469 -11.7153 0
    endloop
  endfacet
  facet normal 0 0 -1
    outer loop
      vertex -1 -10.3 0
      vertex 0.909409 -11.8564 0
      vertex 0.899994 -12 0
    endloop
  endfacet
  facet normal 0 0 -1
    outer loop
      vertex 11 -7.7 0
      vertex 17 7.7 0
      vertex 17 -7.7 0
    endloop
  endfacet
  facet normal -0 0 -1
    outer loop
      vertex 17 7.7 0
      vertex 11 -7.7 0
      vertex 11 7.7 0
    endloop
  endfacet
  facet normal 0 0 -1
    outer loop
      vertex 25.0474 -11.45 0
      vertex 18.9526 -11.45 0
      vertex 24 -6.29999 0
    endloop
  endfacet
  facet normal 0 0 -1
    outer loop
      vertex 24 3.7 0
      vertex 19.0906 11.8564 0
      vertex 19.1 12 0
    endloop
  endfacet
  facet normal 0 0 -1
    outer loop
      vertex 18.8727 -11.3304 0
      vertex 24 -6.29999 0
      vertex 18.9526 -11.45 0
    endloop
  endfacet
  facet normal 0 0 -1
    outer loop
      vertex 24 3.7 0
      vertex 19.0625 11.7153 0
      vertex 19.0906 11.8564 0
    endloop
  endfacet
  facet normal 0 0 -1
    outer loop
      vertex 18.7778 -11.2222 0
      vertex 24 -6.29999 0
      vertex 18.8727 -11.3304 0
    endloop
  endfacet
  facet normal 0 0 -1
    outer loop
      vertex 24 3.7 0
      vertex 19.0163 11.579 0
      vertex 19.0625 11.7153 0
    endloop
  endfacet
  facet normal 0 0 -1
    outer loop
      vertex 18.6696 -11.1273 0
      vertex 24 -6.29999 0
      vertex 18.7778 -11.2222 0
    endloop
  endfacet
  facet normal 0 0 -1
    outer loop
      vertex 24 3.7 0
      vertex 18.9526 11.45 0
      vertex 19.0163 11.579 0
    endloop
  endfacet
  facet normal -0 0 -1
    outer loop
      vertex 24 -3.7 0
      vertex 17 -7.7 0
      vertex 24 3.7 0
    endloop
  endfacet
  facet normal 0 0 -1
    outer loop
      vertex 17 7.7 0
      vertex 24 3.7 0
      vertex 17 -7.7 0
    endloop
  endfacet
  facet normal 0 0 -1
    outer loop
      vertex 17 -7.7 0
      vertex 24 -6.29999 0
      vertex 18.6696 -11.1273 0
    endloop
  endfacet
  facet normal 0 -0 -1
    outer loop
      vertex 18.6696 11.1273 0
      vertex 24 3.7 0
      vertex 17 7.7 0
    endloop
  endfacet
  facet normal -0 0 -1
    outer loop
      vertex 24 -6.29999 0
      vertex 17 -7.7 0
      vertex 24 -3.7 0
    endloop
  endfacet
  facet normal 0 0 -1
    outer loop
      vertex 24 3.7 0
      vertex 18.8727 11.3304 0
      vertex 18.9526 11.45 0
    endloop
  endfacet
  facet normal 0 0 -1
    outer loop
      vertex 17 -7.7 0
      vertex 18.6696 -11.1273 0
      vertex 18.55 -11.0474 0
    endloop
  endfacet
  facet normal 0 0 -1
    outer loop
      vertex 24 3.7 0
      vertex 18.7778 11.2222 0
      vertex 18.8727 11.3304 0
    endloop
  endfacet
  facet normal 0 0 -1
    outer loop
      vertex 17 -7.7 0
      vertex 18.55 -11.0474 0
      vertex 18.4209 -10.9837 0
    endloop
  endfacet
  facet normal 0 0 -1
    outer loop
      vertex 24 3.7 0
      vertex 18.6696 11.1273 0
      vertex 18.7778 11.2222 0
    endloop
  endfacet
  facet normal 0 0 -1
    outer loop
      vertex 17 -7.7 0
      vertex 18.4209 -10.9837 0
      vertex 18.2847 -10.9375 0
    endloop
  endfacet
  facet normal 0 0 -1
    outer loop
      vertex 18.6696 11.1273 0
      vertex 17 7.7 0
      vertex 18.55 11.0474 0
    endloop
  endfacet
  facet normal 0 0 -1
    outer loop
      vertex 17 -7.7 0
      vertex 18.2847 -10.9375 0
      vertex 18.1436 -10.9094 0
    endloop
  endfacet
  facet normal 0 0 -1
    outer loop
      vertex 18.55 11.0474 0
      vertex 17 7.7 0
      vertex 18.4209 10.9837 0
    endloop
  endfacet
  facet normal 0 0 -1
    outer loop
      vertex 17 -10.3 0
      vertex 18.1436 -10.9094 0
      vertex 18 -10.9 0
    endloop
  endfacet
  facet normal 0 0 -1
    outer loop
      vertex 18.4209 10.9837 0
      vertex 17 7.7 0
      vertex 18.2847 10.9375 0
    endloop
  endfacet
  facet normal 0 0 -1
    outer loop
      vertex 17 -10.3 0
      vertex 18 -10.9 0
      vertex 17.8564 -10.9094 0
    endloop
  endfacet
  facet normal 0 0 -1
    outer loop
      vertex 18.2847 10.9375 0
      vertex 17 7.7 0
      vertex 18.1436 10.9094 0
    endloop
  endfacet
  facet normal 0 0 -1
    outer loop
      vertex 17 -10.3 0
      vertex 17.8564 -10.9094 0
      vertex 17.7153 -10.9375 0
    endloop
  endfacet
  facet normal 0 0 -1
    outer loop
      vertex 17 10.3 0
      vertex 18.1436 10.9094 0
      vertex 17 7.7 0
    endloop
  endfacet
  facet normal 0 0 -1
    outer loop
      vertex 17 -10.3 0
      vertex 17.7153 -10.9375 0
      vertex 17.579 -10.9837 0
    endloop
  endfacet
  facet normal 0 0 -1
    outer loop
      vertex 18.1436 10.9094 0
      vertex 17 10.3 0
      vertex 18 10.9 0
    endloop
  endfacet
  facet normal 0 0 -1
    outer loop
      vertex 17 -10.3 0
      vertex 17.579 -10.9837 0
      vertex 17.45 -11.0474 0
    endloop
  endfacet
  facet normal -0 0 -1
    outer loop
      vertex 18 10.9 0
      vertex 17 10.3 0
      vertex 17.8564 10.9094 0
    endloop
  endfacet
  facet normal 0 0 -1
    outer loop
      vertex 17 -10.3 0
      vertex 17.45 -11.0474 0
      vertex 17.3304 -11.1273 0
    endloop
  endfacet
  facet normal -0 0 -1
    outer loop
      vertex 17.8564 10.9094 0
      vertex 17 10.3 0
      vertex 17.7153 10.9375 0
    endloop
  endfacet
  facet normal 0 0 -1
    outer loop
      vertex 17 -10.3 0
      vertex 17.3304 -11.1273 0
      vertex 17.2222 -11.2222 0
    endloop
  endfacet
  facet normal -0 0 -1
    outer loop
      vertex 17.7153 10.9375 0
      vertex 17 10.3 0
      vertex 17.579 10.9837 0
    endloop
  endfacet
  facet normal 0 0 -1
    outer loop
      vertex 17 -10.3 0
      vertex 17.2222 -11.2222 0
      vertex 17.1273 -11.3304 0
    endloop
  endfacet
  facet normal -0 0 -1
    outer loop
      vertex 17.579 10.9837 0
      vertex 17 10.3 0
      vertex 17.45 11.0474 0
    endloop
  endfacet
  facet normal 0 0 -1
    outer loop
      vertex 17 -10.3 0
      vertex 17.1273 -11.3304 0
      vertex 17.0474 -11.45 0
    endloop
  endfacet
  facet normal -0 0 -1
    outer loop
      vertex 17.45 11.0474 0
      vertex 17 10.3 0
      vertex 17.3304 11.1273 0
    endloop
  endfacet
  facet normal 0 0 -1
    outer loop
      vertex 18.1436 -10.9094 0
      vertex 17 -10.3 0
      vertex 17 -7.7 0
    endloop
  endfacet
  facet normal 0 0 -1
    outer loop
      vertex 16.9837 -11.579 0
      vertex 17 -10.3 0
      vertex 17.0474 -11.45 0
    endloop
  endfacet
  facet normal 0 0 -1
    outer loop
      vertex 16.9375 -11.7153 0
      vertex 17 -10.3 0
      vertex 16.9837 -11.579 0
    endloop
  endfacet
  facet normal 0 0 -1
    outer loop
      vertex 11.0625 -11.7153 0
      vertex 16.9375 -11.7153 0
      vertex 16.9094 -11.8564 0
    endloop
  endfacet
  facet normal 0 0 -1
    outer loop
      vertex 11.0906 -11.8564 0
      vertex 16.9094 -11.8564 0
      vertex 16.9 -12 0
    endloop
  endfacet
  facet normal 0 0 -1
    outer loop
      vertex 11.0906 -11.8564 0
      vertex 16.9 -12 0
      vertex 11.1 -12 0
    endloop
  endfacet
  facet normal 0 0 -1
    outer loop
      vertex 16.9094 -11.8564 0
      vertex 11.0906 -11.8564 0
      vertex 11.0625 -11.7153 0
    endloop
  endfacet
  facet normal 0 0 -1
    outer loop
      vertex 16.9375 -11.7153 0
      vertex 11.0625 -11.7153 0
      vertex 17 -10.3 0
    endloop
  endfacet
  facet normal 0 0 -1
    outer loop
      vertex 11 -10.3 0
      vertex 11.0625 -11.7153 0
      vertex 11.0163 -11.579 0
    endloop
  endfacet
  facet normal 0 0 -1
    outer loop
      vertex 11.0625 -11.7153 0
      vertex 11 -10.3 0
      vertex 17 -10.3 0
    endloop
  endfacet
  facet normal 0 0 -1
    outer loop
      vertex 9.85641 -10.9094 0
      vertex 11 -7.7 0
      vertex 11 -10.3 0
    endloop
  endfacet
  facet normal 0 0 -1
    outer loop
      vertex 11 -7.7 0
      vertex 5 -7.7 0
      vertex 11 7.7 0
    endloop
  endfacet
  facet normal 0 0 -1
    outer loop
      vertex 10.8727 -11.3304 0
      vertex 11 -10.3 0
      vertex 10.9526 -11.45 0
    endloop
  endfacet
  facet normal 0 0 -1
    outer loop
      vertex 10.9526 -11.45 0
      vertex 11 -10.3 0
      vertex 11.0163 -11.579 0
    endloop
  endfacet
  facet normal -0 0 -1
    outer loop
      vertex 17.3304 11.1273 0
      vertex 17 10.3 0
      vertex 17.2222 11.2222 0
    endloop
  endfacet
  facet normal -0 0 -1
    outer loop
      vertex 17.2222 11.2222 0
      vertex 17 10.3 0
      vertex 17.1273 11.3304 0
    endloop
  endfacet
  facet normal -0 0 -1
    outer loop
      vertex 17.1273 11.3304 0
      vertex 17 10.3 0
      vertex 17.0474 11.45 0
    endloop
  endfacet
  facet normal 0 0 -1
    outer loop
      vertex 17 10.3 0
      vertex 16.9837 11.579 0
      vertex 17.0474 11.45 0
    endloop
  endfacet
  facet normal 0 0 -1
    outer loop
      vertex 17 10.3 0
      vertex 16.9375 11.7153 0
      vertex 16.9837 11.579 0
    endloop
  endfacet
  facet normal 0 0 -1
    outer loop
      vertex 11.0625 11.7153 0
      vertex 16.9375 11.7153 0
      vertex 17 10.3 0
    endloop
  endfacet
  facet normal 0 0 -1
    outer loop
      vertex 16.9375 11.7153 0
      vertex 11.0625 11.7153 0
      vertex 16.9094 11.8564 0
    endloop
  endfacet
  facet normal 0 -0 -1
    outer loop
      vertex 11.0906 11.8564 0
      vertex 16.9094 11.8564 0
      vertex 11.0625 11.7153 0
    endloop
  endfacet
  facet normal -0 0 -1
    outer loop
      vertex 16.9 12 0
      vertex 11.0906 11.8564 0
      vertex 11.1 12 0
    endloop
  endfacet
  facet normal 0 0 -1
    outer loop
      vertex 16.9094 11.8564 0
      vertex 11.0906 11.8564 0
      vertex 16.9 12 0
    endloop
  endfacet
  facet normal 0 0 -1
    outer loop
      vertex 11 10.3 0
      vertex 11.0625 11.7153 0
      vertex 17 10.3 0
    endloop
  endfacet
  facet normal 0 0 -1
    outer loop
      vertex 11.0625 11.7153 0
      vertex 11 10.3 0
      vertex 11.0163 11.579 0
    endloop
  endfacet
  facet normal 0 0 -1
    outer loop
      vertex 11 10.3 0
      vertex 10.9526 11.45 0
      vertex 11.0163 11.579 0
    endloop
  endfacet
  facet normal 0 0 -1
    outer loop
      vertex 10.7778 -11.2222 0
      vertex 11 -10.3 0
      vertex 10.8727 -11.3304 0
    endloop
  endfacet
  facet normal 0 0 -1
    outer loop
      vertex 10.6696 -11.1273 0
      vertex 11 -10.3 0
      vertex 10.7778 -11.2222 0
    endloop
  endfacet
  facet normal 0 0 -1
    outer loop
      vertex 11 10.3 0
      vertex 10.8727 11.3304 0
      vertex 10.9526 11.45 0
    endloop
  endfacet
  facet normal 0 0 -1
    outer loop
      vertex 10.55 -11.0474 0
      vertex 11 -10.3 0
      vertex 10.6696 -11.1273 0
    endloop
  endfacet
  facet normal 0 0 -1
    outer loop
      vertex 11 10.3 0
      vertex 10.7778 11.2222 0
      vertex 10.8727 11.3304 0
    endloop
  endfacet
  facet normal 0 0 -1
    outer loop
      vertex 10.4209 -10.9837 0
      vertex 11 -10.3 0
      vertex 10.55 -11.0474 0
    endloop
  endfacet
  facet normal 0 0 -1
    outer loop
      vertex 11 10.3 0
      vertex 10.6696 11.1273 0
      vertex 10.7778 11.2222 0
    endloop
  endfacet
  facet normal 0 0 -1
    outer loop
      vertex 10.2847 -10.9375 0
      vertex 11 -10.3 0
      vertex 10.4209 -10.9837 0
    endloop
  endfacet
  facet normal 0 0 -1
    outer loop
      vertex 11 10.3 0
      vertex 10.55 11.0474 0
      vertex 10.6696 11.1273 0
    endloop
  endfacet
  facet normal 0 0 -1
    outer loop
      vertex 10.1436 -10.9094 0
      vertex 11 -10.3 0
      vertex 10.2847 -10.9375 0
    endloop
  endfacet
  facet normal 0 0 -1
    outer loop
      vertex 11 10.3 0
      vertex 10.4209 10.9837 0
      vertex 10.55 11.0474 0
    endloop
  endfacet
  facet normal 0 0 -1
    outer loop
      vertex 5 7.7 0
      vertex 11 7.7 0
      vertex 5 -7.7 0
    endloop
  endfacet
  facet normal 0 0 -1
    outer loop
      vertex 11 10.3 0
      vertex 10.2847 10.9375 0
      vertex 10.4209 10.9837 0
    endloop
  endfacet
  facet normal 0 0 -1
    outer loop
      vertex 10 -10.9 0
      vertex 11 -10.3 0
      vertex 10.1436 -10.9094 0
    endloop
  endfacet
  facet normal 0 -0 -1
    outer loop
      vertex 9.45 11.0474 0
      vertex 11 7.7 0
      vertex 5 7.7 0
    endloop
  endfacet
  facet normal 0 0 -1
    outer loop
      vertex 9.85641 -10.9094 0
      vertex 11 -10.3 0
      vertex 10 -10.9 0
    endloop
  endfacet
  facet normal -0 -0 -1
    outer loop
      vertex 9.85641 10.9094 0
      vertex 11 7.7 0
      vertex 9.71529 10.9375 0
    endloop
  endfacet
  facet normal 0 0 -1
    outer loop
      vertex 11 -7.7 0
      vertex 9.85641 -10.9094 0
      vertex 9.71529 -10.9375 0
    endloop
  endfacet
  facet normal 0 0 -1
    outer loop
      vertex 11 10.3 0
      vertex 10.1436 10.9094 0
      vertex 10.2847 10.9375 0
    endloop
  endfacet
  facet normal 0 0 -1
    outer loop
      vertex 9.57904 -10.9837 0
      vertex 11 -7.7 0
      vertex 9.71529 -10.9375 0
    endloop
  endfacet
  facet normal 0 0 -1
    outer loop
      vertex 11 10.3 0
      vertex 10 10.9 0
      vertex 10.1436 10.9094 0
    endloop
  endfacet
  facet normal 0 0 -1
    outer loop
      vertex 9.45 -11.0474 0
      vertex 11 -7.7 0
      vertex 9.57904 -10.9837 0
    endloop
  endfacet
  facet normal 0 0 -1
    outer loop
      vertex 11 10.3 0
      vertex 9.85641 10.9094 0
      vertex 10 10.9 0
    endloop
  endfacet
  facet normal -0 0 -1
    outer loop
      vertex 11 -7.7 0
      vertex 9.45 -11.0474 0
      vertex 5 -7.7 0
    endloop
  endfacet
  facet normal 0 0 -1
    outer loop
      vertex 11 7.7 0
      vertex 9.85641 10.9094 0
      vertex 11 10.3 0
    endloop
  endfacet
  facet normal 0 0 -1
    outer loop
      vertex 5 -7.7 0
      vertex 9.45 -11.0474 0
      vertex 9.33035 -11.1273 0
    endloop
  endfacet
  facet normal 0 0 -1
    outer loop
      vertex 11 7.7 0
      vertex 9.57904 10.9837 0
      vertex 9.71529 10.9375 0
    endloop
  endfacet
  facet normal 0 0 -1
    outer loop
      vertex 5 -10.3 0
      vertex 9.33035 -11.1273 0
      vertex 9.22217 -11.2222 0
    endloop
  endfacet
  facet normal 0 0 -1
    outer loop
      vertex 11 7.7 0
      vertex 9.45 11.0474 0
      vertex 9.57904 10.9837 0
    endloop
  endfacet
  facet normal 0 0 -1
    outer loop
      vertex 5 -10.3 0
      vertex 9.22217 -11.2222 0
      vertex 9.1273 -11.3304 0
    endloop
  endfacet
  facet normal -0 0 -1
    outer loop
      vertex 9.45 11.0474 0
      vertex 5 7.7 0
      vertex 9.33035 11.1273 0
    endloop
  endfacet
  facet normal 0 0 -1
    outer loop
      vertex 5 -10.3 0
      vertex 9.1273 -11.3304 0
      vertex 9.04736 -11.45 0
    endloop
  endfacet
  facet normal 0 0 -1
    outer loop
      vertex 5 10.3 0
      vertex 9.33035 11.1273 0
      vertex 5 7.7 0
    endloop
  endfacet
  facet normal 0 0 -1
    outer loop
      vertex 5 -10.3 0
      vertex 9.04736 -11.45 0
      vertex 8.98372 -11.579 0
    endloop
  endfacet
  facet normal -0 0 -1
    outer loop
      vertex 9.33035 11.1273 0
      vertex 5 10.3 0
      vertex 9.22217 11.2222 0
    endloop
  endfacet
  facet normal 0 0 -1
    outer loop
      vertex 5 -10.3 0
      vertex 8.98372 -11.579 0
      vertex 8.93747 -11.7153 0
    endloop
  endfacet
  facet normal -0 0 -1
    outer loop
      vertex 9.22217 11.2222 0
      vertex 5 10.3 0
      vertex 9.1273 11.3304 0
    endloop
  endfacet
  facet normal 0 0 -1
    outer loop
      vertex 5 -10.3 0
      vertex 8.93747 -11.7153 0
      vertex 8.90941 -11.8564 0
    endloop
  endfacet
  facet normal -0 0 -1
    outer loop
      vertex 9.1273 11.3304 0
      vertex 5 10.3 0
      vertex 9.04736 11.45 0
    endloop
  endfacet
  facet normal 0 0 -1
    outer loop
      vertex 5 -10.3 0
      vertex 8.90941 -11.8564 0
      vertex 8.89999 -12 0
    endloop
  endfacet
  facet normal -0 0 -1
    outer loop
      vertex 9.04736 11.45 0
      vertex 5 10.3 0
      vertex 8.98372 11.579 0
    endloop
  endfacet
  facet normal 0 0 -1
    outer loop
      vertex 36 14 0
      vertex 27.0906 11.8564 0
      vertex 27.1 12 0
    endloop
  endfacet
  facet normal 0 0 -1
    outer loop
      vertex 30 6.29999 0
      vertex 27.0625 11.7153 0
      vertex 27.0906 11.8564 0
    endloop
  endfacet
  facet normal 0 0 -1
    outer loop
      vertex 30 6.29999 0
      vertex 27.0163 11.579 0
      vertex 27.0625 11.7153 0
    endloop
  endfacet
  facet normal 0 0 -1
    outer loop
      vertex 30 6.29999 0
      vertex 26.9526 11.45 0
      vertex 27.0163 11.579 0
    endloop
  endfacet
  facet normal 0 0 -1
    outer loop
      vertex 30 6.29999 0
      vertex 26.8727 11.3304 0
      vertex 26.9526 11.45 0
    endloop
  endfacet
  facet normal 0 0 -1
    outer loop
      vertex 30 6.29999 0
      vertex 26.7778 11.2222 0
      vertex 26.8727 11.3304 0
    endloop
  endfacet
  facet normal 0 0 -1
    outer loop
      vertex 30 6.29999 0
      vertex 26.6696 11.1273 0
      vertex 26.7778 11.2222 0
    endloop
  endfacet
  facet normal 0 0 -1
    outer loop
      vertex 30 6.29999 0
      vertex 26.55 11.0474 0
      vertex 26.6696 11.1273 0
    endloop
  endfacet
  facet normal 0 0 -1
    outer loop
      vertex 30 6.29999 0
      vertex 26.4209 10.9837 0
      vertex 26.55 11.0474 0
    endloop
  endfacet
  facet normal 0 0 -1
    outer loop
      vertex 30 6.29999 0
      vertex 26.2847 10.9375 0
      vertex 26.4209 10.9837 0
    endloop
  endfacet
  facet normal 0 0 -1
    outer loop
      vertex 24 6.29999 0
      vertex 26.2847 10.9375 0
      vertex 30 6.29999 0
    endloop
  endfacet
  facet normal 0 0 -1
    outer loop
      vertex 26.2847 10.9375 0
      vertex 24 6.29999 0
      vertex 26.1436 10.9094 0
    endloop
  endfacet
  facet normal 0 0 -1
    outer loop
      vertex 26.1436 10.9094 0
      vertex 24 6.29999 0
      vertex 26 10.9 0
    endloop
  endfacet
  facet normal -0 0 -1
    outer loop
      vertex 26 10.9 0
      vertex 24 6.29999 0
      vertex 25.8564 10.9094 0
    endloop
  endfacet
  facet normal -0 0 -1
    outer loop
      vertex 25.8564 10.9094 0
      vertex 24 6.29999 0
      vertex 25.7153 10.9375 0
    endloop
  endfacet
  facet normal -0 0 -1
    outer loop
      vertex 25.7153 10.9375 0
      vertex 24 6.29999 0
      vertex 25.579 10.9837 0
    endloop
  endfacet
  facet normal -0 0 -1
    outer loop
      vertex 25.579 10.9837 0
      vertex 24 6.29999 0
      vertex 25.45 11.0474 0
    endloop
  endfacet
  facet normal -0 0 -1
    outer loop
      vertex 25.45 11.0474 0
      vertex 24 6.29999 0
      vertex 25.3304 11.1273 0
    endloop
  endfacet
  facet normal 0 0 -1
    outer loop
      vertex 24.9375 11.7153 0
      vertex 19.1 12 0
      vertex 24.9094 11.8564 0
    endloop
  endfacet
  facet normal 0 0 -1
    outer loop
      vertex 24.9837 11.579 0
      vertex 19.1 12 0
      vertex 24.9375 11.7153 0
    endloop
  endfacet
  facet normal 0 0 -1
    outer loop
      vertex 25.0474 11.45 0
      vertex 19.1 12 0
      vertex 24.9837 11.579 0
    endloop
  endfacet
  facet normal 0 0 -1
    outer loop
      vertex 19.1 12 0
      vertex 25.0474 11.45 0
      vertex 24 6.29999 0
    endloop
  endfacet
  facet normal -0 0 -1
    outer loop
      vertex 25.1273 11.3304 0
      vertex 24 6.29999 0
      vertex 25.0474 11.45 0
    endloop
  endfacet
  facet normal -0 0 -1
    outer loop
      vertex 25.2222 11.2222 0
      vertex 24 6.29999 0
      vertex 25.1273 11.3304 0
    endloop
  endfacet
  facet normal -0 0 -1
    outer loop
      vertex 25.3304 11.1273 0
      vertex 24 6.29999 0
      vertex 25.2222 11.2222 0
    endloop
  endfacet
  facet normal 0 0 -1
    outer loop
      vertex 24 -3.7 0
      vertex 30 3.7 0
      vertex 30 -3.7 0
    endloop
  endfacet
  facet normal -0 0 -1
    outer loop
      vertex 30 3.7 0
      vertex 24 -3.7 0
      vertex 24 3.7 0
    endloop
  endfacet
  facet normal 0 0 -1
    outer loop
      vertex 32 -18 0
      vertex 36 -14 0
      vertex 35.9658 -14.5221 0
    endloop
  endfacet
  facet normal 0 0 -1
    outer loop
      vertex 36 -14 0
      vertex 30 -3.7 0
      vertex 36 14 0
    endloop
  endfacet
  facet normal 0 0 -1
    outer loop
      vertex 32 -18 0
      vertex 35.9658 -14.5221 0
      vertex 35.8637 -15.0353 0
    endloop
  endfacet
  facet normal 0 0 -1
    outer loop
      vertex 30 3.7 0
      vertex 36 14 0
      vertex 30 -3.7 0
    endloop
  endfacet
  facet normal 0 0 -1
    outer loop
      vertex 32 -18 0
      vertex 35.8637 -15.0353 0
      vertex 35.6955 -15.5307 0
    endloop
  endfacet
  facet normal 0 0 -1
    outer loop
      vertex 30 6.29999 0
      vertex 36 14 0
      vertex 30 3.7 0
    endloop
  endfacet
  facet normal 0 0 -1
    outer loop
      vertex 32 -18 0
      vertex 35.6955 -15.5307 0
      vertex 35.4641 -16 0
    endloop
  endfacet
  facet normal 0 0 -1
    outer loop
      vertex 27.0906 11.8564 0
      vertex 36 14 0
      vertex 30 6.29999 0
    endloop
  endfacet
  facet normal 0 0 -1
    outer loop
      vertex 32 -18 0
      vertex 35.4641 -16 0
      vertex 35.1734 -16.435 0
    endloop
  endfacet
  facet normal 0 0 -1
    outer loop
      vertex 27.0906 12.1436 0
      vertex 36 14 0
      vertex 27.1 12 0
    endloop
  endfacet
  facet normal 0 0 -1
    outer loop
      vertex 32 -18 0
      vertex 35.1734 -16.435 0
      vertex 34.8284 -16.8284 0
    endloop
  endfacet
  facet normal 0 0 -1
    outer loop
      vertex 27.0625 12.2847 0
      vertex 36 14 0
      vertex 27.0906 12.1436 0
    endloop
  endfacet
  facet normal 0 0 -1
    outer loop
      vertex 32 -18 0
      vertex 34.8284 -16.8284 0
      vertex 34.435 -17.1734 0
    endloop
  endfacet
  facet normal 0 -0 -1
    outer loop
      vertex 32 18 0
      vertex 36 14 0
      vertex 27.0625 12.2847 0
    endloop
  endfacet
  facet normal 0 0 -1
    outer loop
      vertex 32 -18 0
      vertex 34.435 -17.1734 0
      vertex 34 -17.4641 0
    endloop
  endfacet
  facet normal 0 0 -1
    outer loop
      vertex 36 14 0
      vertex 32 18 0
      vertex 35.9658 14.5221 0
    endloop
  endfacet
  facet normal 0 0 -1
    outer loop
      vertex 32 -18 0
      vertex 34 -17.4641 0
      vertex 33.5307 -17.6955 0
    endloop
  endfacet
  facet normal 0 0 -1
    outer loop
      vertex 35.9658 14.5221 0
      vertex 32 18 0
      vertex 35.8637 15.0353 0
    endloop
  endfacet
  facet normal 0 0 -1
    outer loop
      vertex 32 -18 0
      vertex 33.5307 -17.6955 0
      vertex 33.0353 -17.8637 0
    endloop
  endfacet
  facet normal 0 0 -1
    outer loop
      vertex 35.8637 15.0353 0
      vertex 32 18 0
      vertex 35.6955 15.5307 0
    endloop
  endfacet
  facet normal 0 0 -1
    outer loop
      vertex 32 -18 0
      vertex 33.0353 -17.8637 0
      vertex 32.5221 -17.9658 0
    endloop
  endfacet
  facet normal 0 0 -1
    outer loop
      vertex 35.6955 15.5307 0
      vertex 32 18 0
      vertex 35.4641 16 0
    endloop
  endfacet
  facet normal -0 0 -1
    outer loop
      vertex 36 -14 0
      vertex 32 -18 0
      vertex 27.0625 -12.2847 0
    endloop
  endfacet
  facet normal 0 0 -1
    outer loop
      vertex 35.4641 16 0
      vertex 32 18 0
      vertex 35.1734 16.435 0
    endloop
  endfacet
  facet normal 0 0 -1
    outer loop
      vertex 36 -14 0
      vertex 30 -6.29999 0
      vertex 30 -3.7 0
    endloop
  endfacet
  facet normal 0 0 -1
    outer loop
      vertex 36 -14 0
      vertex 27.1 -12 0
      vertex 27.0906 -11.8564 0
    endloop
  endfacet
  facet normal 0 0 -1
    outer loop
      vertex 36 -14 0
      vertex 27.0906 -12.1436 0
      vertex 27.1 -12 0
    endloop
  endfacet
  facet normal 0 0 -1
    outer loop
      vertex 36 -14 0
      vertex 27.0625 -12.2847 0
      vertex 27.0906 -12.1436 0
    endloop
  endfacet
  facet normal 0 0 -1
    outer loop
      vertex 32 -18 0
      vertex 27.0163 -12.4209 0
      vertex 27.0625 -12.2847 0
    endloop
  endfacet
  facet normal 0 0 -1
    outer loop
      vertex 32 -18 0
      vertex 26.9526 -12.55 0
      vertex 27.0163 -12.4209 0
    endloop
  endfacet
  facet normal 0 0 -1
    outer loop
      vertex 32 -18 0
      vertex 26.8727 -12.6696 0
      vertex 26.9526 -12.55 0
    endloop
  endfacet
  facet normal 0 0 -1
    outer loop
      vertex 32 -18 0
      vertex 26.7778 -12.7778 0
      vertex 26.8727 -12.6696 0
    endloop
  endfacet
  facet normal 0 0 -1
    outer loop
      vertex 32 -18 0
      vertex 26.6696 -12.8727 0
      vertex 26.7778 -12.7778 0
    endloop
  endfacet
  facet normal 0 0 -1
    outer loop
      vertex 32 -18 0
      vertex 26.55 -12.9526 0
      vertex 26.6696 -12.8727 0
    endloop
  endfacet
  facet normal 0 0 -1
    outer loop
      vertex 32 -18 0
      vertex 26.4209 -13.0163 0
      vertex 26.55 -12.9526 0
    endloop
  endfacet
  facet normal 0 0 -1
    outer loop
      vertex 32 -18 0
      vertex 26.2847 -13.0625 0
      vertex 26.4209 -13.0163 0
    endloop
  endfacet
  facet normal 0 0 -1
    outer loop
      vertex 32 -18 0
      vertex 26.1436 -13.0906 0
      vertex 26.2847 -13.0625 0
    endloop
  endfacet
  facet normal 0 0 -1
    outer loop
      vertex 32 -18 0
      vertex 26 -13.1 0
      vertex 26.1436 -13.0906 0
    endloop
  endfacet
  facet normal 0 0 -1
    outer loop
      vertex 32 -18 0
      vertex 25.8564 -13.0906 0
      vertex 26 -13.1 0
    endloop
  endfacet
  facet normal 0 0 -1
    outer loop
      vertex 32 -18 0
      vertex 25.7153 -13.0625 0
      vertex 25.8564 -13.0906 0
    endloop
  endfacet
  facet normal 0 0 -1
    outer loop
      vertex 18.2847 -13.0625 0
      vertex 25.7153 -13.0625 0
      vertex 32 -18 0
    endloop
  endfacet
  facet normal 0 0 -1
    outer loop
      vertex 25.7153 -13.0625 0
      vertex 18.2847 -13.0625 0
      vertex 25.579 -13.0163 0
    endloop
  endfacet
  facet normal 0 0 -1
    outer loop
      vertex 25.579 -13.0163 0
      vertex 18.4209 -13.0163 0
      vertex 25.45 -12.9526 0
    endloop
  endfacet
  facet normal 0 0 -1
    outer loop
      vertex 19.1 -12 0
      vertex 24.9 -12 0
      vertex 24.9094 -12.1436 0
    endloop
  endfacet
  facet normal 0 0 -1
    outer loop
      vertex 19.0163 -11.579 0
      vertex 24.9837 -11.579 0
      vertex 19.0625 -11.7153 0
    endloop
  endfacet
  facet normal 0 0 -1
    outer loop
      vertex 24.9837 -11.579 0
      vertex 19.0163 -11.579 0
      vertex 25.0474 -11.45 0
    endloop
  endfacet
  facet normal 0 0 -1
    outer loop
      vertex 18.9526 -11.45 0
      vertex 25.0474 -11.45 0
      vertex 19.0163 -11.579 0
    endloop
  endfacet
  facet normal 0 0 -1
    outer loop
      vertex 19.0906 -11.8564 0
      vertex 24.9 -12 0
      vertex 19.1 -12 0
    endloop
  endfacet
  facet normal 0 0 -1
    outer loop
      vertex 19.0906 -12.1436 0
      vertex 24.9094 -12.1436 0
      vertex 24.9375 -12.2847 0
    endloop
  endfacet
  facet normal 0 0 -1
    outer loop
      vertex 19.0625 -12.2847 0
      vertex 24.9375 -12.2847 0
      vertex 24.9837 -12.4209 0
    endloop
  endfacet
  facet normal 0 0 -1
    outer loop
      vertex 19.0163 -12.4209 0
      vertex 24.9837 -12.4209 0
      vertex 25.0474 -12.55 0
    endloop
  endfacet
  facet normal 0 0 -1
    outer loop
      vertex 18.9526 -12.55 0
      vertex 25.0474 -12.55 0
      vertex 25.1273 -12.6696 0
    endloop
  endfacet
  facet normal 0 0 -1
    outer loop
      vertex 18.8727 -12.6696 0
      vertex 25.1273 -12.6696 0
      vertex 25.2222 -12.7778 0
    endloop
  endfacet
  facet normal 0 0 -1
    outer loop
      vertex 18.7778 -12.7778 0
      vertex 25.2222 -12.7778 0
      vertex 25.3304 -12.8727 0
    endloop
  endfacet
  facet normal 0 -0 -1
    outer loop
      vertex 18.55 -12.9526 0
      vertex 25.45 -12.9526 0
      vertex 18.4209 -13.0163 0
    endloop
  endfacet
  facet normal 0 0 -1
    outer loop
      vertex 24.9094 -12.1436 0
      vertex 19.0906 -12.1436 0
      vertex 19.1 -12 0
    endloop
  endfacet
  facet normal 0 0 -1
    outer loop
      vertex 24.9375 -12.2847 0
      vertex 19.0625 -12.2847 0
      vertex 19.0906 -12.1436 0
    endloop
  endfacet
  facet normal 0 0 -1
    outer loop
      vertex 24.9837 -12.4209 0
      vertex 19.0163 -12.4209 0
      vertex 19.0625 -12.2847 0
    endloop
  endfacet
  facet normal 0 0 -1
    outer loop
      vertex 25.0474 -12.55 0
      vertex 18.9526 -12.55 0
      vertex 19.0163 -12.4209 0
    endloop
  endfacet
  facet normal 0 0 -1
    outer loop
      vertex 25.1273 -12.6696 0
      vertex 18.8727 -12.6696 0
      vertex 18.9526 -12.55 0
    endloop
  endfacet
  facet normal 0 0 -1
    outer loop
      vertex 25.2222 -12.7778 0
      vertex 18.7778 -12.7778 0
      vertex 18.8727 -12.6696 0
    endloop
  endfacet
  facet normal 0 0 -1
    outer loop
      vertex 25.3304 -12.8727 0
      vertex 18.6696 -12.8727 0
      vertex 18.7778 -12.7778 0
    endloop
  endfacet
  facet normal -0 0 -1
    outer loop
      vertex 25.3304 -12.8727 0
      vertex 18.55 -12.9526 0
      vertex 18.6696 -12.8727 0
    endloop
  endfacet
  facet normal 0 0 -1
    outer loop
      vertex 25.45 -12.9526 0
      vertex 18.55 -12.9526 0
      vertex 25.3304 -12.8727 0
    endloop
  endfacet
  facet normal -0 0 -1
    outer loop
      vertex 25.579 -13.0163 0
      vertex 18.2847 -13.0625 0
      vertex 18.4209 -13.0163 0
    endloop
  endfacet
  facet normal 0 0 -1
    outer loop
      vertex 32 -18 0
      vertex 18.1436 -13.0906 0
      vertex 18.2847 -13.0625 0
    endloop
  endfacet
  facet normal 0 0 -1
    outer loop
      vertex 32 -18 0
      vertex 18 -13.1 0
      vertex 18.1436 -13.0906 0
    endloop
  endfacet
  facet normal 0 0 -1
    outer loop
      vertex 32 -18 0
      vertex 17.8564 -13.0906 0
      vertex 18 -13.1 0
    endloop
  endfacet
  facet normal 0 0 -1
    outer loop
      vertex 10.1436 -13.0906 0
      vertex 17.8564 -13.0906 0
      vertex 32 -18 0
    endloop
  endfacet
  facet normal 0 0 -1
    outer loop
      vertex 17.8564 -13.0906 0
      vertex 10.1436 -13.0906 0
      vertex 17.7153 -13.0625 0
    endloop
  endfacet
  facet normal 0 0 -1
    outer loop
      vertex 16.9094 -12.1436 0
      vertex 11.1 -12 0
      vertex 16.9 -12 0
    endloop
  endfacet
  facet normal 0 0 -1
    outer loop
      vertex 11.0906 -12.1436 0
      vertex 16.9094 -12.1436 0
      vertex 16.9375 -12.2847 0
    endloop
  endfacet
  facet normal 0 0 -1
    outer loop
      vertex 11.0625 -12.2847 0
      vertex 16.9375 -12.2847 0
      vertex 16.9837 -12.4209 0
    endloop
  endfacet
  facet normal 0 0 -1
    outer loop
      vertex 11.0163 -12.4209 0
      vertex 16.9837 -12.4209 0
      vertex 17.0474 -12.55 0
    endloop
  endfacet
  facet normal 0 0 -1
    outer loop
      vertex 10.9526 -12.55 0
      vertex 17.0474 -12.55 0
      vertex 17.1273 -12.6696 0
    endloop
  endfacet
  facet normal 0 0 -1
    outer loop
      vertex 10.8727 -12.6696 0
      vertex 17.1273 -12.6696 0
      vertex 17.2222 -12.7778 0
    endloop
  endfacet
  facet normal 0 0 -1
    outer loop
      vertex 10.7778 -12.7778 0
      vertex 17.2222 -12.7778 0
      vertex 17.3304 -12.8727 0
    endloop
  endfacet
  facet normal 0 0 -1
    outer loop
      vertex 10.6696 -12.8727 0
      vertex 17.3304 -12.8727 0
      vertex 17.45 -12.9526 0
    endloop
  endfacet
  facet normal 0 0 -1
    outer loop
      vertex 10.55 -12.9526 0
      vertex 17.45 -12.9526 0
      vertex 17.579 -13.0163 0
    endloop
  endfacet
  facet normal 0 -0 -1
    outer loop
      vertex 10.2847 -13.0625 0
      vertex 17.7153 -13.0625 0
      vertex 10.1436 -13.0906 0
    endloop
  endfacet
  facet normal 0 0 -1
    outer loop
      vertex 16.9094 -12.1436 0
      vertex 11.0906 -12.1436 0
      vertex 11.1 -12 0
    endloop
  endfacet
  facet normal 0 0 -1
    outer loop
      vertex 16.9375 -12.2847 0
      vertex 11.0625 -12.2847 0
      vertex 11.0906 -12.1436 0
    endloop
  endfacet
  facet normal 0 0 -1
    outer loop
      vertex 16.9837 -12.4209 0
      vertex 11.0163 -12.4209 0
      vertex 11.0625 -12.2847 0
    endloop
  endfacet
  facet normal 0 0 -1
    outer loop
      vertex 17.0474 -12.55 0
      vertex 10.9526 -12.55 0
      vertex 11.0163 -12.4209 0
    endloop
  endfacet
  facet normal 0 0 -1
    outer loop
      vertex 17.1273 -12.6696 0
      vertex 10.8727 -12.6696 0
      vertex 10.9526 -12.55 0
    endloop
  endfacet
  facet normal 0 0 -1
    outer loop
      vertex 17.2222 -12.7778 0
      vertex 10.7778 -12.7778 0
      vertex 10.8727 -12.6696 0
    endloop
  endfacet
  facet normal 0 0 -1
    outer loop
      vertex 17.3304 -12.8727 0
      vertex 10.6696 -12.8727 0
      vertex 10.7778 -12.7778 0
    endloop
  endfacet
  facet normal 0 0 -1
    outer loop
      vertex 17.45 -12.9526 0
      vertex 10.55 -12.9526 0
      vertex 10.6696 -12.8727 0
    endloop
  endfacet
  facet normal 0 0 -1
    outer loop
      vertex 17.579 -13.0163 0
      vertex 10.4209 -13.0163 0
      vertex 10.55 -12.9526 0
    endloop
  endfacet
  facet normal -0 0 -1
    outer loop
      vertex 17.579 -13.0163 0
      vertex 10.2847 -13.0625 0
      vertex 10.4209 -13.0163 0
    endloop
  endfacet
  facet normal 0 0 -1
    outer loop
      vertex 17.7153 -13.0625 0
      vertex 10.2847 -13.0625 0
      vertex 17.579 -13.0163 0
    endloop
  endfacet
  facet normal 0 0 -1
    outer loop
      vertex 32 -18 0
      vertex 10 -13.1 0
      vertex 10.1436 -13.0906 0
    endloop
  endfacet
  facet normal 0 0 -1
    outer loop
      vertex 32 -18 0
      vertex 9.85641 -13.0906 0
      vertex 10 -13.1 0
    endloop
  endfacet
  facet normal 0 0 -1
    outer loop
      vertex 2.14357 -13.0906 0
      vertex 9.85641 -13.0906 0
      vertex 32 -18 0
    endloop
  endfacet
  facet normal 0 0 -1
    outer loop
      vertex 9.33035 -11.1273 0
      vertex 5 -10.3 0
      vertex 5 -7.7 0
    endloop
  endfacet
  facet normal 0 0 -1
    outer loop
      vertex 8.90941 -12.1436 0
      vertex 5 -10.3 0
      vertex 8.89999 -12 0
    endloop
  endfacet
  facet normal 0 0 -1
    outer loop
      vertex 8.93747 -12.2847 0
      vertex 5 -10.3 0
      vertex 8.90941 -12.1436 0
    endloop
  endfacet
  facet normal 0 0 -1
    outer loop
      vertex 3.06252 -12.2847 0
      vertex 8.93747 -12.2847 0
      vertex 8.98372 -12.4209 0
    endloop
  endfacet
  facet normal 0 0 -1
    outer loop
      vertex 3.01627 -12.4209 0
      vertex 8.98372 -12.4209 0
      vertex 9.04736 -12.55 0
    endloop
  endfacet
  facet normal 0 0 -1
    outer loop
      vertex 2.95262 -12.55 0
      vertex 9.04736 -12.55 0
      vertex 9.1273 -12.6696 0
    endloop
  endfacet
  facet normal 0 0 -1
    outer loop
      vertex 2.87268 -12.6696 0
      vertex 9.1273 -12.6696 0
      vertex 9.22217 -12.7778 0
    endloop
  endfacet
  facet normal 0 0 -1
    outer loop
      vertex 2.77782 -12.7778 0
      vertex 9.22217 -12.7778 0
      vertex 9.33035 -12.8727 0
    endloop
  endfacet
  facet normal 0 0 -1
    outer loop
      vertex 2.66963 -12.8727 0
      vertex 9.33035 -12.8727 0
      vertex 9.45 -12.9526 0
    endloop
  endfacet
  facet normal 0 0 -1
    outer loop
      vertex 8.93747 -12.2847 0
      vertex 3.06252 -12.2847 0
      vertex 5 -10.3 0
    endloop
  endfacet
  facet normal 0 0 -1
    outer loop
      vertex 2.54999 -12.9526 0
      vertex 9.45 -12.9526 0
      vertex 9.57904 -13.0163 0
    endloop
  endfacet
  facet normal 0 0 -1
    outer loop
      vertex 2.42094 -13.0163 0
      vertex 9.57904 -13.0163 0
      vertex 9.71529 -13.0625 0
    endloop
  endfacet
  facet normal 0 0 -1
    outer loop
      vertex 9.85641 -13.0906 0
      vertex 2.14357 -13.0906 0
      vertex 9.71529 -13.0625 0
    endloop
  endfacet
  facet normal 0 0 -1
    outer loop
      vertex 5 -10.3 0
      vertex 3.09058 -12.1436 0
      vertex 3.09999 -12 0
    endloop
  endfacet
  facet normal 0 0 -1
    outer loop
      vertex 5 -10.3 0
      vertex 3.06252 -12.2847 0
      vertex 3.09058 -12.1436 0
    endloop
  endfacet
  facet normal 0 0 -1
    outer loop
      vertex 8.98372 -12.4209 0
      vertex 3.01627 -12.4209 0
      vertex 3.06252 -12.2847 0
    endloop
  endfacet
  facet normal 0 0 -1
    outer loop
      vertex 9.04736 -12.55 0
      vertex 2.95262 -12.55 0
      vertex 3.01627 -12.4209 0
    endloop
  endfacet
  facet normal 0 0 -1
    outer loop
      vertex 9.1273 -12.6696 0
      vertex 2.87268 -12.6696 0
      vertex 2.95262 -12.55 0
    endloop
  endfacet
  facet normal 0 0 -1
    outer loop
      vertex 9.22217 -12.7778 0
      vertex 2.77782 -12.7778 0
      vertex 2.87268 -12.6696 0
    endloop
  endfacet
  facet normal 0 0 -1
    outer loop
      vertex 9.33035 -12.8727 0
      vertex 2.66963 -12.8727 0
      vertex 2.77782 -12.7778 0
    endloop
  endfacet
  facet normal 0 0 -1
    outer loop
      vertex 9.45 -12.9526 0
      vertex 2.54999 -12.9526 0
      vertex 2.66963 -12.8727 0
    endloop
  endfacet
  facet normal 0 0 -1
    outer loop
      vertex 9.57904 -13.0163 0
      vertex 2.42094 -13.0163 0
      vertex 2.54999 -12.9526 0
    endloop
  endfacet
  facet normal 0 0 -1
    outer loop
      vertex 9.71529 -13.0625 0
      vertex 2.2847 -13.0625 0
      vertex 2.42094 -13.0163 0
    endloop
  endfacet
  facet normal -0 0 -1
    outer loop
      vertex 9.71529 -13.0625 0
      vertex 2.14357 -13.0906 0
      vertex 2.2847 -13.0625 0
    endloop
  endfacet
  facet normal 0 0 -1
    outer loop
      vertex 32 -18 0
      vertex 2 -13.1 0
      vertex 2.14357 -13.0906 0
    endloop
  endfacet
  facet normal 0 0 -1
    outer loop
      vertex -32 -18 0
      vertex 2 -13.1 0
      vertex 32 -18 0
    endloop
  endfacet
  facet normal 0 0 -1
    outer loop
      vertex 0.909409 -12.1436 0
      vertex -1 -10.3 0
      vertex 0.899994 -12 0
    endloop
  endfacet
  facet normal 0 0 -1
    outer loop
      vertex 0.937469 -12.2847 0
      vertex -1 -10.3 0
      vertex 0.909409 -12.1436 0
    endloop
  endfacet
  facet normal 0 0 -1
    outer loop
      vertex -4.93747 -12.2847 0
      vertex 0.937469 -12.2847 0
      vertex 0.983719 -12.4209 0
    endloop
  endfacet
  facet normal 0 0 -1
    outer loop
      vertex -4.98372 -12.4209 0
      vertex 0.983719 -12.4209 0
      vertex 1.04736 -12.55 0
    endloop
  endfacet
  facet normal 0 0 -1
    outer loop
      vertex -5.04736 -12.55 0
      vertex 1.04736 -12.55 0
      vertex 1.1273 -12.6696 0
    endloop
  endfacet
  facet normal 0 0 -1
    outer loop
      vertex -5.1273 -12.6696 0
      vertex 1.1273 -12.6696 0
      vertex 1.22217 -12.7778 0
    endloop
  endfacet
  facet normal 0 0 -1
    outer loop
      vertex -4.90941 -11.8564 0
      vertex -1 -10.3 0
      vertex -4.89999 -12 0
    endloop
  endfacet
  facet normal 0 0 -1
    outer loop
      vertex -4.93747 -11.7153 0
      vertex -1 -10.3 0
      vertex -4.90941 -11.8564 0
    endloop
  endfacet
  facet normal 0 0 -1
    outer loop
      vertex -4.98372 -11.579 0
      vertex -1 -10.3 0
      vertex -4.93747 -11.7153 0
    endloop
  endfacet
  facet normal 0 0 -1
    outer loop
      vertex 0.937469 -12.2847 0
      vertex -4.93747 -12.2847 0
      vertex -1 -10.3 0
    endloop
  endfacet
  facet normal 0 0 -1
    outer loop
      vertex -5.22217 -12.7778 0
      vertex 1.22217 -12.7778 0
      vertex 1.33035 -12.8727 0
    endloop
  endfacet
  facet normal 0 0 -1
    outer loop
      vertex -5.33035 -12.8727 0
      vertex 1.33035 -12.8727 0
      vertex 1.45 -12.9526 0
    endloop
  endfacet
  facet normal 0 0 -1
    outer loop
      vertex -5.45 -12.9526 0
      vertex 1.45 -12.9526 0
      vertex 1.57904 -13.0163 0
    endloop
  endfacet
  facet normal 0 0 -1
    outer loop
      vertex -5.57904 -13.0163 0
      vertex 1.57904 -13.0163 0
      vertex 1.71529 -13.0625 0
    endloop
  endfacet
  facet normal 0 0 -1
    outer loop
      vertex -5.71529 -13.0625 0
      vertex 1.71529 -13.0625 0
      vertex 1.85641 -13.0906 0
    endloop
  endfacet
  facet normal 0 -0 -1
    outer loop
      vertex -6 -13.1 0
      vertex 2 -13.1 0
      vertex -32 -18 0
    endloop
  endfacet
  facet normal 0 0 -1
    outer loop
      vertex -1 -10.3 0
      vertex -4.90941 -12.1436 0
      vertex -4.89999 -12 0
    endloop
  endfacet
  facet normal 0 0 -1
    outer loop
      vertex -1 -10.3 0
      vertex -4.93747 -12.2847 0
      vertex -4.90941 -12.1436 0
    endloop
  endfacet
  facet normal 0 0 -1
    outer loop
      vertex 0.983719 -12.4209 0
      vertex -4.98372 -12.4209 0
      vertex -4.93747 -12.2847 0
    endloop
  endfacet
  facet normal 0 0 -1
    outer loop
      vertex 1.04736 -12.55 0
      vertex -5.04736 -12.55 0
      vertex -4.98372 -12.4209 0
    endloop
  endfacet
  facet normal 0 0 -1
    outer loop
      vertex 1.1273 -12.6696 0
      vertex -5.1273 -12.6696 0
      vertex -5.04736 -12.55 0
    endloop
  endfacet
  facet normal 0 0 -1
    outer loop
      vertex 1.22217 -12.7778 0
      vertex -5.22217 -12.7778 0
      vertex -5.1273 -12.6696 0
    endloop
  endfacet
  facet normal 0 0 -1
    outer loop
      vertex 1.33035 -12.8727 0
      vertex -5.33035 -12.8727 0
      vertex -5.22217 -12.7778 0
    endloop
  endfacet
  facet normal 0 0 -1
    outer loop
      vertex 1.45 -12.9526 0
      vertex -5.45 -12.9526 0
      vertex -5.33035 -12.8727 0
    endloop
  endfacet
  facet normal 0 0 -1
    outer loop
      vertex 1.57904 -13.0163 0
      vertex -5.57904 -13.0163 0
      vertex -5.45 -12.9526 0
    endloop
  endfacet
  facet normal 0 0 -1
    outer loop
      vertex 1.71529 -13.0625 0
      vertex -5.71529 -13.0625 0
      vertex -5.57904 -13.0163 0
    endloop
  endfacet
  facet normal 0 0 -1
    outer loop
      vertex 1.85641 -13.0906 0
      vertex -5.85641 -13.0906 0
      vertex -5.71529 -13.0625 0
    endloop
  endfacet
  facet normal -0 0 -1
    outer loop
      vertex 1.85641 -13.0906 0
      vertex -6 -13.1 0
      vertex -5.85641 -13.0906 0
    endloop
  endfacet
  facet normal 0 0 -1
    outer loop
      vertex 2 -13.1 0
      vertex -6 -13.1 0
      vertex 1.85641 -13.0906 0
    endloop
  endfacet
  facet normal 0 0 -1
    outer loop
      vertex -15.3304 0.872681 0
      vertex -6.66963 11.1273 0
      vertex -15.2222 0.777817 0
    endloop
  endfacet
  facet normal 0 0 -1
    outer loop
      vertex -23.0474 -8.54999 0
      vertex -7.09999 -12 0
      vertex -7.09058 -12.1436 0
    endloop
  endfacet
  facet normal 0 0 -1
    outer loop
      vertex -23.1273 -8.66963 0
      vertex -7.09058 -12.1436 0
      vertex -7.06252 -12.2847 0
    endloop
  endfacet
  facet normal 0 0 -1
    outer loop
      vertex -23.2222 -8.77782 0
      vertex -7.06252 -12.2847 0
      vertex -7.01627 -12.4209 0
    endloop
  endfacet
  facet normal 0 0 -1
    outer loop
      vertex -23.3304 -8.87268 0
      vertex -7.01627 -12.4209 0
      vertex -6.95262 -12.55 0
    endloop
  endfacet
  facet normal 0 0 -1
    outer loop
      vertex -1 -7.7 0
      vertex -14.9 0 0
      vertex -1 7.7 0
    endloop
  endfacet
  facet normal 0 0 -1
    outer loop
      vertex -1 -7.7 0
      vertex -14.9375 -0.284698 0
      vertex -14.9094 -0.14357 0
    endloop
  endfacet
  facet normal 0 0 -1
    outer loop
      vertex -1 -7.7 0
      vertex -14.9837 -0.420944 0
      vertex -14.9375 -0.284698 0
    endloop
  endfacet
  facet normal 0 0 -1
    outer loop
      vertex -6.2847 -10.9375 0
      vertex -15.0474 -0.549988 0
      vertex -14.9837 -0.420944 0
    endloop
  endfacet
  facet normal 0 0 -1
    outer loop
      vertex -23.45 -8.95262 0
      vertex -6.95262 -12.55 0
      vertex -6.87268 -12.6696 0
    endloop
  endfacet
  facet normal 0 0 -1
    outer loop
      vertex -6.42094 -10.9837 0
      vertex -15.1273 -0.669632 0
      vertex -15.0474 -0.549988 0
    endloop
  endfacet
  facet normal 0 0 -1
    outer loop
      vertex -6.54999 -11.0474 0
      vertex -15.2222 -0.777817 0
      vertex -15.1273 -0.669632 0
    endloop
  endfacet
  facet normal 0 0 -1
    outer loop
      vertex -6.66963 -11.1273 0
      vertex -15.3304 -0.872681 0
      vertex -15.2222 -0.777817 0
    endloop
  endfacet
  facet normal 0 0 -1
    outer loop
      vertex -6.77782 -11.2222 0
      vertex -15.45 -0.952621 0
      vertex -15.3304 -0.872681 0
    endloop
  endfacet
  facet normal 0 0 -1
    outer loop
      vertex -6.87268 -11.3304 0
      vertex -15.5791 -1.01627 0
      vertex -15.45 -0.952621 0
    endloop
  endfacet
  facet normal 0 0 -1
    outer loop
      vertex -6.95262 -11.45 0
      vertex -15.7153 -1.06252 0
      vertex -15.5791 -1.01627 0
    endloop
  endfacet
  facet normal 0 0 -1
    outer loop
      vertex -7.01627 -11.579 0
      vertex -15.8564 -1.09058 0
      vertex -15.7153 -1.06252 0
    endloop
  endfacet
  facet normal 0 0 -1
    outer loop
      vertex -7.06252 -11.7153 0
      vertex -22.9094 -8.14357 0
      vertex -15.8564 -1.09058 0
    endloop
  endfacet
  facet normal 0 0 -1
    outer loop
      vertex -15.8564 -1.09058 0
      vertex -22.9094 -8.14357 0
      vertex -16 -1.09999 0
    endloop
  endfacet
  facet normal 0 -0 -1
    outer loop
      vertex -22.9 -8 0
      vertex -16 -1.09999 0
      vertex -22.9094 -8.14357 0
    endloop
  endfacet
  facet normal -0 0 -1
    outer loop
      vertex -16 -1.09999 0
      vertex -22.9 -8 0
      vertex -16.1436 -1.09058 0
    endloop
  endfacet
  facet normal 0 0 -1
    outer loop
      vertex -22.9094 -7.85641 0
      vertex -16.1436 -1.09058 0
      vertex -22.9 -8 0
    endloop
  endfacet
  facet normal -0 0 -1
    outer loop
      vertex -16.1436 -1.09058 0
      vertex -22.9094 -7.85641 0
      vertex -16.2847 -1.06252 0
    endloop
  endfacet
  facet normal -0 0 -1
    outer loop
      vertex -16.2847 -1.06252 0
      vertex -21.4544 -2.54558 0
      vertex -16.421 -1.01627 0
    endloop
  endfacet
  facet normal 0 -0 -1
    outer loop
      vertex -21.1439 -2.19153 0
      vertex -16.421 -1.01627 0
      vertex -21.4544 -2.54558 0
    endloop
  endfacet
  facet normal 0 0 -1
    outer loop
      vertex -17.0906 -0.14357 0
      vertex -20.4 0 0
      vertex -17.1 0 0
    endloop
  endfacet
  facet normal 0 0 -1
    outer loop
      vertex -20.4308 -0.469879 0
      vertex -17.0906 -0.14357 0
      vertex -17.0625 -0.284698 0
    endloop
  endfacet
  facet normal 0 0 -1
    outer loop
      vertex -20.4308 -0.469879 0
      vertex -17.0625 -0.284698 0
      vertex -17.0163 -0.420944 0
    endloop
  endfacet
  facet normal 0 0 -1
    outer loop
      vertex -20.5227 -0.931747 0
      vertex -17.0163 -0.420944 0
      vertex -16.9526 -0.549988 0
    endloop
  endfacet
  facet normal 0 0 -1
    outer loop
      vertex -20.5227 -0.931747 0
      vertex -16.9526 -0.549988 0
      vertex -16.8727 -0.669632 0
    endloop
  endfacet
  facet normal -0 0 -1
    outer loop
      vertex -16.421 -1.01627 0
      vertex -21.1439 -2.19153 0
      vertex -16.55 -0.952621 0
    endloop
  endfacet
  facet normal 0 0 -1
    outer loop
      vertex -23.5791 -9.01627 0
      vertex -6.87268 -12.6696 0
      vertex -6.77782 -12.7778 0
    endloop
  endfacet
  facet normal -0 0 -1
    outer loop
      vertex -17.0906 -0.14357 0
      vertex -20.4308 -0.469879 0
      vertex -20.4 0 0
    endloop
  endfacet
  facet normal 0 0 -1
    outer loop
      vertex -17.0163 -0.420944 0
      vertex -20.5227 -0.931747 0
      vertex -20.4308 -0.469879 0
    endloop
  endfacet
  facet normal 0 0 -1
    outer loop
      vertex -32 -18 0
      vertex -6.77782 -12.7778 0
      vertex -6.66963 -12.8727 0
    endloop
  endfacet
  facet normal 0 0 -1
    outer loop
      vertex -16.8727 -0.669632 0
      vertex -20.674 -1.37766 0
      vertex -20.5227 -0.931747 0
    endloop
  endfacet
  facet normal -0 0 -1
    outer loop
      vertex -16.7778 -0.777817 0
      vertex -20.674 -1.37766 0
      vertex -16.8727 -0.669632 0
    endloop
  endfacet
  facet normal 0 -0 -1
    outer loop
      vertex -20.674 -1.37766 0
      vertex -16.7778 -0.777817 0
      vertex -20.8823 -1.79999 0
    endloop
  endfacet
  facet normal -0 0 -1
    outer loop
      vertex -16.55 -0.952621 0
      vertex -20.8823 -1.79999 0
      vertex -16.6696 -0.872681 0
    endloop
  endfacet
  facet normal -0 0 -1
    outer loop
      vertex -16.6696 -0.872681 0
      vertex -20.8823 -1.79999 0
      vertex -16.7778 -0.777817 0
    endloop
  endfacet
  facet normal 0 0 -1
    outer loop
      vertex -32 -18 0
      vertex -6.66963 -12.8727 0
      vertex -6.54999 -12.9526 0
    endloop
  endfacet
  facet normal 0 0 -1
    outer loop
      vertex -22.9375 -7.71529 0
      vertex -16.2847 -1.06252 0
      vertex -22.9094 -7.85641 0
    endloop
  endfacet
  facet normal 0 0 -1
    outer loop
      vertex -16.2847 -1.06252 0
      vertex -22.9375 -7.71529 0
      vertex -21.4544 -2.54558 0
    endloop
  endfacet
  facet normal 0 0 -1
    outer loop
      vertex -21.4544 -2.54558 0
      vertex -22.9375 -7.71529 0
      vertex -21.8085 -2.85606 0
    endloop
  endfacet
  facet normal 0 0 -1
    outer loop
      vertex -32 -18 0
      vertex -6.54999 -12.9526 0
      vertex -6.42094 -13.0163 0
    endloop
  endfacet
  facet normal 0 0 -1
    outer loop
      vertex -32 -18 0
      vertex -6.42094 -13.0163 0
      vertex -6.2847 -13.0625 0
    endloop
  endfacet
  facet normal 0 -0 -1
    outer loop
      vertex -20.8823 -1.79999 0
      vertex -16.55 -0.952621 0
      vertex -21.1439 -2.19153 0
    endloop
  endfacet
  facet normal 0 0 -1
    outer loop
      vertex -7.06252 -11.7153 0
      vertex -22.9375 -8.2847 0
      vertex -22.9094 -8.14357 0
    endloop
  endfacet
  facet normal 0 0 -1
    outer loop
      vertex -7.09058 -11.8564 0
      vertex -22.9837 -8.42094 0
      vertex -22.9375 -8.2847 0
    endloop
  endfacet
  facet normal 0 0 -1
    outer loop
      vertex -7.09999 -12 0
      vertex -23.0474 -8.54999 0
      vertex -22.9837 -8.42094 0
    endloop
  endfacet
  facet normal 0 0 -1
    outer loop
      vertex -7.09058 -12.1436 0
      vertex -23.1273 -8.66963 0
      vertex -23.0474 -8.54999 0
    endloop
  endfacet
  facet normal 0 0 -1
    outer loop
      vertex -7.06252 -12.2847 0
      vertex -23.2222 -8.77782 0
      vertex -23.1273 -8.66963 0
    endloop
  endfacet
  facet normal 0 0 -1
    outer loop
      vertex -7.01627 -12.4209 0
      vertex -23.3304 -8.87268 0
      vertex -23.2222 -8.77782 0
    endloop
  endfacet
  facet normal 0 0 -1
    outer loop
      vertex -6.95262 -12.55 0
      vertex -23.45 -8.95262 0
      vertex -23.3304 -8.87268 0
    endloop
  endfacet
  facet normal 0 0 -1
    outer loop
      vertex -6.87268 -12.6696 0
      vertex -23.5791 -9.01627 0
      vertex -23.45 -8.95262 0
    endloop
  endfacet
  facet normal -0 0 -1
    outer loop
      vertex -6.77782 -12.7778 0
      vertex -32 -18 0
      vertex -23.5791 -9.01627 0
    endloop
  endfacet
  facet normal 0 0 -1
    outer loop
      vertex -23.5791 -9.01627 0
      vertex -32 -18 0
      vertex -23.7153 -9.06252 0
    endloop
  endfacet
  facet normal 0 0 -1
    outer loop
      vertex -23.7153 -9.06252 0
      vertex -32 -18 0
      vertex -23.8564 -9.09058 0
    endloop
  endfacet
  facet normal 0 0 -1
    outer loop
      vertex -23.8564 -9.09058 0
      vertex -32 -18 0
      vertex -24 -9.09999 0
    endloop
  endfacet
  facet normal -0 0 -1
    outer loop
      vertex -24 -9.09999 0
      vertex -32 -18 0
      vertex -24.1436 -9.09058 0
    endloop
  endfacet
  facet normal 0 0 -1
    outer loop
      vertex -24.7778 -7.22217 0
      vertex -25.8 -3.11769 0
      vertex -25.3777 -3.32596 0
    endloop
  endfacet
  facet normal 0 0 -1
    outer loop
      vertex -36 -14 0
      vertex -25.1 -8 0
      vertex -25.0906 -8.14357 0
    endloop
  endfacet
  facet normal 0 0 -1
    outer loop
      vertex -24.9526 -7.45 0
      vertex -26.1915 -2.85606 0
      vertex -25.8 -3.11769 0
    endloop
  endfacet
  facet normal 0 0 -1
    outer loop
      vertex -36 -14 0
      vertex -25.0906 -8.14357 0
      vertex -25.0625 -8.2847 0
    endloop
  endfacet
  facet normal 0 0 -1
    outer loop
      vertex -25.0625 -7.71529 0
      vertex -26.5456 -2.54558 0
      vertex -26.1915 -2.85606 0
    endloop
  endfacet
  facet normal 0 0 -1
    outer loop
      vertex -25.0625 -7.71529 0
      vertex -31.7153 -1.06252 0
      vertex -26.5456 -2.54558 0
    endloop
  endfacet
  facet normal 0 0 -1
    outer loop
      vertex -26.5456 -2.54558 0
      vertex -31.7153 -1.06252 0
      vertex -26.8561 -2.19153 0
    endloop
  endfacet
  facet normal 0 -0 -1
    outer loop
      vertex -31.579 -1.01627 0
      vertex -26.8561 -2.19153 0
      vertex -31.7153 -1.06252 0
    endloop
  endfacet
  facet normal 0 0 -1
    outer loop
      vertex -26.8561 -2.19153 0
      vertex -31.45 -0.952621 0
      vertex -27.1177 -1.79999 0
    endloop
  endfacet
  facet normal 0 0 -1
    outer loop
      vertex -30.9094 -0.14357 0
      vertex -27.6 0 0
      vertex -27.5692 -0.469879 0
    endloop
  endfacet
  facet normal 0 0 -1
    outer loop
      vertex -30.9837 -0.420944 0
      vertex -27.5692 -0.469879 0
      vertex -27.4773 -0.931747 0
    endloop
  endfacet
  facet normal 0 -0 -1
    outer loop
      vertex -31.3304 -0.872681 0
      vertex -27.1177 -1.79999 0
      vertex -31.45 -0.952621 0
    endloop
  endfacet
  facet normal 0 0 -1
    outer loop
      vertex -36 -14 0
      vertex -25.0625 -8.2847 0
      vertex -25.0163 -8.42094 0
    endloop
  endfacet
  facet normal 0 0 -1
    outer loop
      vertex -36 -14 0
      vertex -25.0163 -8.42094 0
      vertex -24.9526 -8.54999 0
    endloop
  endfacet
  facet normal 0 0 -1
    outer loop
      vertex -36 -14 0
      vertex -24.9526 -8.54999 0
      vertex -24.8727 -8.66963 0
    endloop
  endfacet
  facet normal -0 0 -1
    outer loop
      vertex -27.6 0 0
      vertex -30.9094 -0.14357 0
      vertex -30.9 0 0
    endloop
  endfacet
  facet normal 0 0 -1
    outer loop
      vertex -27.5692 -0.469879 0
      vertex -30.9375 -0.284698 0
      vertex -30.9094 -0.14357 0
    endloop
  endfacet
  facet normal 0 0 -1
    outer loop
      vertex -27.5692 -0.469879 0
      vertex -30.9837 -0.420944 0
      vertex -30.9375 -0.284698 0
    endloop
  endfacet
  facet normal 0 0 -1
    outer loop
      vertex -27.4773 -0.931747 0
      vertex -31.0474 -0.549988 0
      vertex -30.9837 -0.420944 0
    endloop
  endfacet
  facet normal 0 0 -1
    outer loop
      vertex -27.4773 -0.931747 0
      vertex -31.1273 -0.669632 0
      vertex -31.0474 -0.549988 0
    endloop
  endfacet
  facet normal 0 0 -1
    outer loop
      vertex -27.326 -1.37766 0
      vertex -31.1273 -0.669632 0
      vertex -27.4773 -0.931747 0
    endloop
  endfacet
  facet normal 0 -0 -1
    outer loop
      vertex -31.1273 -0.669632 0
      vertex -27.326 -1.37766 0
      vertex -31.2222 -0.777817 0
    endloop
  endfacet
  facet normal 0 0 -1
    outer loop
      vertex -27.1177 -1.79999 0
      vertex -31.2222 -0.777817 0
      vertex -27.326 -1.37766 0
    endloop
  endfacet
  facet normal 0 -0 -1
    outer loop
      vertex -31.2222 -0.777817 0
      vertex -27.1177 -1.79999 0
      vertex -31.3304 -0.872681 0
    endloop
  endfacet
  facet normal 0 -0 -1
    outer loop
      vertex -31.45 -0.952621 0
      vertex -26.8561 -2.19153 0
      vertex -31.579 -1.01627 0
    endloop
  endfacet
  facet normal 0 0 -1
    outer loop
      vertex -32 -18 0
      vertex -24.8727 -8.66963 0
      vertex -24.7778 -8.77782 0
    endloop
  endfacet
  facet normal 0 0 -1
    outer loop
      vertex -25.0906 -7.85641 0
      vertex -31.8564 -1.09058 0
      vertex -31.7153 -1.06252 0
    endloop
  endfacet
  facet normal -0 0 -1
    outer loop
      vertex -6 -13.1 0
      vertex -32 -18 0
      vertex -6.14357 -13.0906 0
    endloop
  endfacet
  facet normal 0 0 -1
    outer loop
      vertex -32 -18 0
      vertex -6.2847 -13.0625 0
      vertex -6.14357 -13.0906 0
    endloop
  endfacet
  facet normal -0 0 -1
    outer loop
      vertex -24.1436 -9.09058 0
      vertex -32 -18 0
      vertex -24.2847 -9.06252 0
    endloop
  endfacet
  facet normal 0 0 -1
    outer loop
      vertex -32 -18 0
      vertex -24.4209 -9.01627 0
      vertex -24.2847 -9.06252 0
    endloop
  endfacet
  facet normal 0 0 -1
    outer loop
      vertex -32 -18 0
      vertex -24.55 -8.95262 0
      vertex -24.4209 -9.01627 0
    endloop
  endfacet
  facet normal 0 0 -1
    outer loop
      vertex -32 -18 0
      vertex -24.6696 -8.87268 0
      vertex -24.55 -8.95262 0
    endloop
  endfacet
  facet normal 0 0 -1
    outer loop
      vertex -32 -18 0
      vertex -24.7778 -8.77782 0
      vertex -24.6696 -8.87268 0
    endloop
  endfacet
  facet normal 0 0 -1
    outer loop
      vertex -24.8727 -8.66963 0
      vertex -32 -18 0
      vertex -36 -14 0
    endloop
  endfacet
  facet normal -0 0 -1
    outer loop
      vertex -25.1 -8 0
      vertex -36 -14 0
      vertex -32 -1.09999 0
    endloop
  endfacet
  facet normal 0 0 -1
    outer loop
      vertex -25.1 -8 0
      vertex -32 -1.09999 0
      vertex -31.8564 -1.09058 0
    endloop
  endfacet
  facet normal -0 0 -1
    outer loop
      vertex -32 -1.09999 0
      vertex -36 -14 0
      vertex -32.1436 -1.09058 0
    endloop
  endfacet
  facet normal -0 0 -1
    outer loop
      vertex -32.1436 -1.09058 0
      vertex -36 -14 0
      vertex -32.2847 -1.06252 0
    endloop
  endfacet
  facet normal 0 0 -1
    outer loop
      vertex -36 -14 0
      vertex -32 -18 0
      vertex -32.5221 -17.9658 0
    endloop
  endfacet
  facet normal -0 0 -1
    outer loop
      vertex -32.2847 -1.06252 0
      vertex -36 -14 0
      vertex -32.4209 -1.01627 0
    endloop
  endfacet
  facet normal -0 0 -1
    outer loop
      vertex -32.4209 -1.01627 0
      vertex -36 -14 0
      vertex -32.55 -0.952621 0
    endloop
  endfacet
  facet normal -0 0 -1
    outer loop
      vertex -32.55 -0.952621 0
      vertex -36 -14 0
      vertex -32.6696 -0.872681 0
    endloop
  endfacet
  facet normal -0 0 -1
    outer loop
      vertex -32.6696 -0.872681 0
      vertex -36 -14 0
      vertex -32.7778 -0.777817 0
    endloop
  endfacet
  facet normal -0 0 -1
    outer loop
      vertex -32.7778 -0.777817 0
      vertex -36 -14 0
      vertex -32.8727 -0.669632 0
    endloop
  endfacet
  facet normal -0 0 -1
    outer loop
      vertex -32.8727 -0.669632 0
      vertex -36 -14 0
      vertex -32.9526 -0.549988 0
    endloop
  endfacet
  facet normal 0 0 -1
    outer loop
      vertex -36 -14 0
      vertex -32.5221 -17.9658 0
      vertex -33.0353 -17.8637 0
    endloop
  endfacet
  facet normal -0 0 -1
    outer loop
      vertex -32.9526 -0.549988 0
      vertex -36 -14 0
      vertex -33.0163 -0.420944 0
    endloop
  endfacet
  facet normal -0 0 -1
    outer loop
      vertex -33.0163 -0.420944 0
      vertex -36 -14 0
      vertex -33.0625 -0.284698 0
    endloop
  endfacet
  facet normal -0 0 -1
    outer loop
      vertex -33.0625 -0.284698 0
      vertex -36 -14 0
      vertex -33.0906 -0.14357 0
    endloop
  endfacet
  facet normal 0 0 -1
    outer loop
      vertex -36 -14 0
      vertex -33.0353 -17.8637 0
      vertex -33.5307 -17.6955 0
    endloop
  endfacet
  facet normal 0 0 -1
    outer loop
      vertex 35.1734 16.435 0
      vertex 32 18 0
      vertex 34.8284 16.8284 0
    endloop
  endfacet
  facet normal 0 0 -1
    outer loop
      vertex 34.435 17.1734 0
      vertex 32 18 0
      vertex 34 17.4641 0
    endloop
  endfacet
  facet normal 0 0 -1
    outer loop
      vertex 34 17.4641 0
      vertex 32 18 0
      vertex 33.5307 17.6955 0
    endloop
  endfacet
  facet normal 0 0 -1
    outer loop
      vertex 33.5307 17.6955 0
      vertex 32 18 0
      vertex 33.0353 17.8637 0
    endloop
  endfacet
  facet normal 0 0 -1
    outer loop
      vertex 33.0353 17.8637 0
      vertex 32 18 0
      vertex 32.5221 17.9658 0
    endloop
  endfacet
  facet normal 0 0 -1
    outer loop
      vertex 34.8284 16.8284 0
      vertex 32 18 0
      vertex 34.435 17.1734 0
    endloop
  endfacet
  facet normal 0 0 -1
    outer loop
      vertex 27.0163 12.4209 0
      vertex 32 18 0
      vertex 27.0625 12.2847 0
    endloop
  endfacet
  facet normal 0 0 -1
    outer loop
      vertex 26.9526 12.55 0
      vertex 32 18 0
      vertex 27.0163 12.4209 0
    endloop
  endfacet
  facet normal 0 0 -1
    outer loop
      vertex 26.8727 12.6696 0
      vertex 32 18 0
      vertex 26.9526 12.55 0
    endloop
  endfacet
  facet normal 0 0 -1
    outer loop
      vertex 26.7778 12.7778 0
      vertex 32 18 0
      vertex 26.8727 12.6696 0
    endloop
  endfacet
  facet normal 0 0 -1
    outer loop
      vertex 26.6696 12.8727 0
      vertex 32 18 0
      vertex 26.7778 12.7778 0
    endloop
  endfacet
  facet normal 0 0 -1
    outer loop
      vertex 26.55 12.9526 0
      vertex 32 18 0
      vertex 26.6696 12.8727 0
    endloop
  endfacet
  facet normal 0 0 -1
    outer loop
      vertex 26.4209 13.0163 0
      vertex 32 18 0
      vertex 26.55 12.9526 0
    endloop
  endfacet
  facet normal 0 0 -1
    outer loop
      vertex 26.2847 13.0625 0
      vertex 32 18 0
      vertex 26.4209 13.0163 0
    endloop
  endfacet
  facet normal 0 0 -1
    outer loop
      vertex 26.1436 13.0906 0
      vertex 32 18 0
      vertex 26.2847 13.0625 0
    endloop
  endfacet
  facet normal 0 0 -1
    outer loop
      vertex 26 13.1 0
      vertex 32 18 0
      vertex 26.1436 13.0906 0
    endloop
  endfacet
  facet normal 0 0 -1
    outer loop
      vertex 25.8564 13.0906 0
      vertex 32 18 0
      vertex 26 13.1 0
    endloop
  endfacet
  facet normal 0 0 -1
    outer loop
      vertex 25.7153 13.0625 0
      vertex 32 18 0
      vertex 25.8564 13.0906 0
    endloop
  endfacet
  facet normal 0 0 -1
    outer loop
      vertex 18.2847 13.0625 0
      vertex 25.7153 13.0625 0
      vertex 25.579 13.0163 0
    endloop
  endfacet
  facet normal 0 0 -1
    outer loop
      vertex 18.4209 13.0163 0
      vertex 25.579 13.0163 0
      vertex 25.45 12.9526 0
    endloop
  endfacet
  facet normal 0 0 -1
    outer loop
      vertex 18.55 12.9526 0
      vertex 25.45 12.9526 0
      vertex 25.3304 12.8727 0
    endloop
  endfacet
  facet normal 0 0 -1
    outer loop
      vertex 24.9094 11.8564 0
      vertex 19.1 12 0
      vertex 24.9 12 0
    endloop
  endfacet
  facet normal 0 0 -1
    outer loop
      vertex 24 3.7 0
      vertex 19.1 12 0
      vertex 24 6.29999 0
    endloop
  endfacet
  facet normal 0 0 -1
    outer loop
      vertex 24.9 12 0
      vertex 19.1 12 0
      vertex 24.9094 12.1436 0
    endloop
  endfacet
  facet normal 0 0 -1
    outer loop
      vertex 19.0906 12.1436 0
      vertex 24.9094 12.1436 0
      vertex 19.1 12 0
    endloop
  endfacet
  facet normal 0 0 -1
    outer loop
      vertex 24.9094 12.1436 0
      vertex 19.0906 12.1436 0
      vertex 24.9375 12.2847 0
    endloop
  endfacet
  facet normal 0 0 -1
    outer loop
      vertex 19.0625 12.2847 0
      vertex 24.9375 12.2847 0
      vertex 19.0906 12.1436 0
    endloop
  endfacet
  facet normal 0 0 -1
    outer loop
      vertex 24.9375 12.2847 0
      vertex 19.0625 12.2847 0
      vertex 24.9837 12.4209 0
    endloop
  endfacet
  facet normal 0 0 -1
    outer loop
      vertex 19.0163 12.4209 0
      vertex 24.9837 12.4209 0
      vertex 19.0625 12.2847 0
    endloop
  endfacet
  facet normal 0 0 -1
    outer loop
      vertex 24.9837 12.4209 0
      vertex 19.0163 12.4209 0
      vertex 25.0474 12.55 0
    endloop
  endfacet
  facet normal 0 0 -1
    outer loop
      vertex 18.9526 12.55 0
      vertex 25.0474 12.55 0
      vertex 19.0163 12.4209 0
    endloop
  endfacet
  facet normal 0 0 -1
    outer loop
      vertex 25.0474 12.55 0
      vertex 18.9526 12.55 0
      vertex 25.1273 12.6696 0
    endloop
  endfacet
  facet normal 0 0 -1
    outer loop
      vertex 18.8727 12.6696 0
      vertex 25.1273 12.6696 0
      vertex 18.9526 12.55 0
    endloop
  endfacet
  facet normal 0 0 -1
    outer loop
      vertex 25.1273 12.6696 0
      vertex 18.8727 12.6696 0
      vertex 25.2222 12.7778 0
    endloop
  endfacet
  facet normal 0 0 -1
    outer loop
      vertex 18.7778 12.7778 0
      vertex 25.2222 12.7778 0
      vertex 18.8727 12.6696 0
    endloop
  endfacet
  facet normal 0 0 -1
    outer loop
      vertex 25.2222 12.7778 0
      vertex 18.7778 12.7778 0
      vertex 25.3304 12.8727 0
    endloop
  endfacet
  facet normal 0 0 -1
    outer loop
      vertex 18.6696 12.8727 0
      vertex 25.3304 12.8727 0
      vertex 18.7778 12.7778 0
    endloop
  endfacet
  facet normal 0 0 -1
    outer loop
      vertex 18.55 12.9526 0
      vertex 25.3304 12.8727 0
      vertex 18.6696 12.8727 0
    endloop
  endfacet
  facet normal 0 0 -1
    outer loop
      vertex 25.45 12.9526 0
      vertex 18.55 12.9526 0
      vertex 18.4209 13.0163 0
    endloop
  endfacet
  facet normal 0 0 -1
    outer loop
      vertex 18.2847 13.0625 0
      vertex 25.579 13.0163 0
      vertex 18.4209 13.0163 0
    endloop
  endfacet
  facet normal 0 0 -1
    outer loop
      vertex 25.7153 13.0625 0
      vertex 18.2847 13.0625 0
      vertex 32 18 0
    endloop
  endfacet
  facet normal 0 0 -1
    outer loop
      vertex 18.1436 13.0906 0
      vertex 32 18 0
      vertex 18.2847 13.0625 0
    endloop
  endfacet
  facet normal 0 0 -1
    outer loop
      vertex 18 13.1 0
      vertex 32 18 0
      vertex 18.1436 13.0906 0
    endloop
  endfacet
  facet normal 0 0 -1
    outer loop
      vertex 17.8564 13.0906 0
      vertex 32 18 0
      vertex 18 13.1 0
    endloop
  endfacet
  facet normal 0 0 -1
    outer loop
      vertex 10.1436 13.0906 0
      vertex 17.8564 13.0906 0
      vertex 17.7153 13.0625 0
    endloop
  endfacet
  facet normal 0 0 -1
    outer loop
      vertex 10.2847 13.0625 0
      vertex 17.7153 13.0625 0
      vertex 17.579 13.0163 0
    endloop
  endfacet
  facet normal 0 0 -1
    outer loop
      vertex 11.1 12 0
      vertex 16.9094 12.1436 0
      vertex 16.9 12 0
    endloop
  endfacet
  facet normal 0 0 -1
    outer loop
      vertex 11.0906 12.1436 0
      vertex 16.9094 12.1436 0
      vertex 11.1 12 0
    endloop
  endfacet
  facet normal 0 0 -1
    outer loop
      vertex 16.9094 12.1436 0
      vertex 11.0906 12.1436 0
      vertex 16.9375 12.2847 0
    endloop
  endfacet
  facet normal 0 0 -1
    outer loop
      vertex 11.0625 12.2847 0
      vertex 16.9375 12.2847 0
      vertex 11.0906 12.1436 0
    endloop
  endfacet
  facet normal 0 0 -1
    outer loop
      vertex 16.9375 12.2847 0
      vertex 11.0625 12.2847 0
      vertex 16.9837 12.4209 0
    endloop
  endfacet
  facet normal 0 0 -1
    outer loop
      vertex 11.0163 12.4209 0
      vertex 16.9837 12.4209 0
      vertex 11.0625 12.2847 0
    endloop
  endfacet
  facet normal 0 0 -1
    outer loop
      vertex 16.9837 12.4209 0
      vertex 11.0163 12.4209 0
      vertex 17.0474 12.55 0
    endloop
  endfacet
  facet normal 0 0 -1
    outer loop
      vertex 10.9526 12.55 0
      vertex 17.0474 12.55 0
      vertex 11.0163 12.4209 0
    endloop
  endfacet
  facet normal 0 0 -1
    outer loop
      vertex 17.0474 12.55 0
      vertex 10.9526 12.55 0
      vertex 17.1273 12.6696 0
    endloop
  endfacet
  facet normal 0 0 -1
    outer loop
      vertex 10.8727 12.6696 0
      vertex 17.1273 12.6696 0
      vertex 10.9526 12.55 0
    endloop
  endfacet
  facet normal 0 0 -1
    outer loop
      vertex 17.1273 12.6696 0
      vertex 10.8727 12.6696 0
      vertex 17.2222 12.7778 0
    endloop
  endfacet
  facet normal 0 0 -1
    outer loop
      vertex 10.7778 12.7778 0
      vertex 17.2222 12.7778 0
      vertex 10.8727 12.6696 0
    endloop
  endfacet
  facet normal 0 0 -1
    outer loop
      vertex 17.2222 12.7778 0
      vertex 10.7778 12.7778 0
      vertex 17.3304 12.8727 0
    endloop
  endfacet
  facet normal 0 0 -1
    outer loop
      vertex 10.6696 12.8727 0
      vertex 17.3304 12.8727 0
      vertex 10.7778 12.7778 0
    endloop
  endfacet
  facet normal 0 0 -1
    outer loop
      vertex 17.3304 12.8727 0
      vertex 10.6696 12.8727 0
      vertex 17.45 12.9526 0
    endloop
  endfacet
  facet normal 0 0 -1
    outer loop
      vertex 10.55 12.9526 0
      vertex 17.45 12.9526 0
      vertex 10.6696 12.8727 0
    endloop
  endfacet
  facet normal 0 0 -1
    outer loop
      vertex 17.45 12.9526 0
      vertex 10.55 12.9526 0
      vertex 17.579 13.0163 0
    endloop
  endfacet
  facet normal 0 0 -1
    outer loop
      vertex 10.4209 13.0163 0
      vertex 17.579 13.0163 0
      vertex 10.55 12.9526 0
    endloop
  endfacet
  facet normal 0 0 -1
    outer loop
      vertex 10.2847 13.0625 0
      vertex 17.579 13.0163 0
      vertex 10.4209 13.0163 0
    endloop
  endfacet
  facet normal 0 0 -1
    outer loop
      vertex 17.7153 13.0625 0
      vertex 10.2847 13.0625 0
      vertex 10.1436 13.0906 0
    endloop
  endfacet
  facet normal 0 0 -1
    outer loop
      vertex 17.8564 13.0906 0
      vertex 10.1436 13.0906 0
      vertex 32 18 0
    endloop
  endfacet
  facet normal 0 0 -1
    outer loop
      vertex 10 13.1 0
      vertex 32 18 0
      vertex 10.1436 13.0906 0
    endloop
  endfacet
  facet normal 0 0 -1
    outer loop
      vertex 9.85641 13.0906 0
      vertex 32 18 0
      vertex 10 13.1 0
    endloop
  endfacet
  facet normal 0 0 -1
    outer loop
      vertex 2.14357 13.0906 0
      vertex 9.85641 13.0906 0
      vertex 9.71529 13.0625 0
    endloop
  endfacet
  facet normal -0 0 -1
    outer loop
      vertex 8.98372 11.579 0
      vertex 5 10.3 0
      vertex 8.93747 11.7153 0
    endloop
  endfacet
  facet normal -0 0 -1
    outer loop
      vertex 8.93747 11.7153 0
      vertex 5 10.3 0
      vertex 8.90941 11.8564 0
    endloop
  endfacet
  facet normal -0 0 -1
    outer loop
      vertex 8.90941 11.8564 0
      vertex 5 10.3 0
      vertex 8.89999 12 0
    endloop
  endfacet
  facet normal -0 0 -1
    outer loop
      vertex 8.89999 12 0
      vertex 5 10.3 0
      vertex 8.90941 12.1436 0
    endloop
  endfacet
  facet normal -0 0 -1
    outer loop
      vertex 8.90941 12.1436 0
      vertex 5 10.3 0
      vertex 8.93747 12.2847 0
    endloop
  endfacet
  facet normal 0 0 -1
    outer loop
      vertex 3.06252 12.2847 0
      vertex 8.93747 12.2847 0
      vertex 5 10.3 0
    endloop
  endfacet
  facet normal 0 0 -1
    outer loop
      vertex 8.93747 12.2847 0
      vertex 3.06252 12.2847 0
      vertex 8.98372 12.4209 0
    endloop
  endfacet
  facet normal 0 0 -1
    outer loop
      vertex 3.01627 12.4209 0
      vertex 8.98372 12.4209 0
      vertex 3.06252 12.2847 0
    endloop
  endfacet
  facet normal 0 0 -1
    outer loop
      vertex 8.98372 12.4209 0
      vertex 3.01627 12.4209 0
      vertex 9.04736 12.55 0
    endloop
  endfacet
  facet normal 0 0 -1
    outer loop
      vertex 2.95262 12.55 0
      vertex 9.04736 12.55 0
      vertex 3.01627 12.4209 0
    endloop
  endfacet
  facet normal 0 0 -1
    outer loop
      vertex 9.04736 12.55 0
      vertex 2.95262 12.55 0
      vertex 9.1273 12.6696 0
    endloop
  endfacet
  facet normal 0 0 -1
    outer loop
      vertex 3.09058 12.1436 0
      vertex 5 10.3 0
      vertex 3.09999 12 0
    endloop
  endfacet
  facet normal 0 0 -1
    outer loop
      vertex 3.06252 12.2847 0
      vertex 5 10.3 0
      vertex 3.09058 12.1436 0
    endloop
  endfacet
  facet normal 0 0 -1
    outer loop
      vertex 2.87268 12.6696 0
      vertex 9.1273 12.6696 0
      vertex 2.95262 12.55 0
    endloop
  endfacet
  facet normal 0 0 -1
    outer loop
      vertex 9.1273 12.6696 0
      vertex 2.87268 12.6696 0
      vertex 9.22217 12.7778 0
    endloop
  endfacet
  facet normal 0 0 -1
    outer loop
      vertex 2.77782 12.7778 0
      vertex 9.22217 12.7778 0
      vertex 2.87268 12.6696 0
    endloop
  endfacet
  facet normal 0 0 -1
    outer loop
      vertex 9.22217 12.7778 0
      vertex 2.77782 12.7778 0
      vertex 9.33035 12.8727 0
    endloop
  endfacet
  facet normal 0 0 -1
    outer loop
      vertex 2.66963 12.8727 0
      vertex 9.33035 12.8727 0
      vertex 2.77782 12.7778 0
    endloop
  endfacet
  facet normal 0 0 -1
    outer loop
      vertex 9.33035 12.8727 0
      vertex 2.66963 12.8727 0
      vertex 9.45 12.9526 0
    endloop
  endfacet
  facet normal 0 0 -1
    outer loop
      vertex 2.54999 12.9526 0
      vertex 9.45 12.9526 0
      vertex 2.66963 12.8727 0
    endloop
  endfacet
  facet normal 0 0 -1
    outer loop
      vertex 9.45 12.9526 0
      vertex 2.54999 12.9526 0
      vertex 9.57904 13.0163 0
    endloop
  endfacet
  facet normal 0 0 -1
    outer loop
      vertex 2.42094 13.0163 0
      vertex 9.57904 13.0163 0
      vertex 2.54999 12.9526 0
    endloop
  endfacet
  facet normal 0 0 -1
    outer loop
      vertex 9.57904 13.0163 0
      vertex 2.42094 13.0163 0
      vertex 9.71529 13.0625 0
    endloop
  endfacet
  facet normal 0 0 -1
    outer loop
      vertex 2.2847 13.0625 0
      vertex 9.71529 13.0625 0
      vertex 2.42094 13.0163 0
    endloop
  endfacet
  facet normal 0 0 -1
    outer loop
      vertex 2.14357 13.0906 0
      vertex 9.71529 13.0625 0
      vertex 2.2847 13.0625 0
    endloop
  endfacet
  facet normal 0 0 -1
    outer loop
      vertex 9.85641 13.0906 0
      vertex 2.14357 13.0906 0
      vertex 32 18 0
    endloop
  endfacet
  facet normal 0 0 -1
    outer loop
      vertex 2 13.1 0
      vertex 32 18 0
      vertex 2.14357 13.0906 0
    endloop
  endfacet
  facet normal 0 0 -1
    outer loop
      vertex -6 13.1 0
      vertex 2 13.1 0
      vertex 1.85641 13.0906 0
    endloop
  endfacet
  facet normal 0 0 -1
    outer loop
      vertex -1 10.3 0
      vertex 0.909409 12.1436 0
      vertex 0.899994 12 0
    endloop
  endfacet
  facet normal 0 0 -1
    outer loop
      vertex -1 10.3 0
      vertex 0.937469 12.2847 0
      vertex 0.909409 12.1436 0
    endloop
  endfacet
  facet normal 0 0 -1
    outer loop
      vertex -4.93747 12.2847 0
      vertex 0.937469 12.2847 0
      vertex -1 10.3 0
    endloop
  endfacet
  facet normal 0 0 -1
    outer loop
      vertex 0.937469 12.2847 0
      vertex -4.93747 12.2847 0
      vertex 0.983719 12.4209 0
    endloop
  endfacet
  facet normal 0 0 -1
    outer loop
      vertex -4.98372 12.4209 0
      vertex 0.983719 12.4209 0
      vertex -4.93747 12.2847 0
    endloop
  endfacet
  facet normal 0 0 -1
    outer loop
      vertex 0.983719 12.4209 0
      vertex -4.98372 12.4209 0
      vertex 1.04736 12.55 0
    endloop
  endfacet
  facet normal 0 0 -1
    outer loop
      vertex -1 7.7 0
      vertex -4.89999 12 0
      vertex -1 10.3 0
    endloop
  endfacet
  facet normal 0 0 -1
    outer loop
      vertex -4.90941 12.1436 0
      vertex -1 10.3 0
      vertex -4.89999 12 0
    endloop
  endfacet
  facet normal 0 0 -1
    outer loop
      vertex -4.93747 12.2847 0
      vertex -1 10.3 0
      vertex -4.90941 12.1436 0
    endloop
  endfacet
  facet normal 0 0 -1
    outer loop
      vertex -5.04736 12.55 0
      vertex 1.04736 12.55 0
      vertex -4.98372 12.4209 0
    endloop
  endfacet
  facet normal 0 0 -1
    outer loop
      vertex 1.04736 12.55 0
      vertex -5.04736 12.55 0
      vertex 1.1273 12.6696 0
    endloop
  endfacet
  facet normal 0 0 -1
    outer loop
      vertex -5.1273 12.6696 0
      vertex 1.1273 12.6696 0
      vertex -5.04736 12.55 0
    endloop
  endfacet
  facet normal 0 0 -1
    outer loop
      vertex 1.1273 12.6696 0
      vertex -5.1273 12.6696 0
      vertex 1.22217 12.7778 0
    endloop
  endfacet
  facet normal 0 0 -1
    outer loop
      vertex -5.22217 12.7778 0
      vertex 1.22217 12.7778 0
      vertex -5.1273 12.6696 0
    endloop
  endfacet
  facet normal 0 0 -1
    outer loop
      vertex 1.22217 12.7778 0
      vertex -5.22217 12.7778 0
      vertex 1.33035 12.8727 0
    endloop
  endfacet
  facet normal 0 0 -1
    outer loop
      vertex -5.33035 12.8727 0
      vertex 1.33035 12.8727 0
      vertex -5.22217 12.7778 0
    endloop
  endfacet
  facet normal 0 0 -1
    outer loop
      vertex 1.33035 12.8727 0
      vertex -5.33035 12.8727 0
      vertex 1.45 12.9526 0
    endloop
  endfacet
  facet normal 0 0 -1
    outer loop
      vertex -5.45 12.9526 0
      vertex 1.45 12.9526 0
      vertex -5.33035 12.8727 0
    endloop
  endfacet
  facet normal 0 0 -1
    outer loop
      vertex 1.45 12.9526 0
      vertex -5.45 12.9526 0
      vertex 1.57904 13.0163 0
    endloop
  endfacet
  facet normal 0 0 -1
    outer loop
      vertex -5.57904 13.0163 0
      vertex 1.57904 13.0163 0
      vertex -5.45 12.9526 0
    endloop
  endfacet
  facet normal 0 0 -1
    outer loop
      vertex 1.57904 13.0163 0
      vertex -5.57904 13.0163 0
      vertex 1.71529 13.0625 0
    endloop
  endfacet
  facet normal 0 0 -1
    outer loop
      vertex -5.71529 13.0625 0
      vertex 1.71529 13.0625 0
      vertex -5.57904 13.0163 0
    endloop
  endfacet
  facet normal 0 0 -1
    outer loop
      vertex 1.71529 13.0625 0
      vertex -5.71529 13.0625 0
      vertex 1.85641 13.0906 0
    endloop
  endfacet
  facet normal 0 0 -1
    outer loop
      vertex -5.85641 13.0906 0
      vertex 1.85641 13.0906 0
      vertex -5.71529 13.0625 0
    endloop
  endfacet
  facet normal 0 0 -1
    outer loop
      vertex -6 13.1 0
      vertex 1.85641 13.0906 0
      vertex -5.85641 13.0906 0
    endloop
  endfacet
  facet normal 0 0 -1
    outer loop
      vertex 2 13.1 0
      vertex -6 13.1 0
      vertex -32 18 0
    endloop
  endfacet
  facet normal 0 0 -1
    outer loop
      vertex -32 18 0
      vertex -6 13.1 0
      vertex -6.14357 13.0906 0
    endloop
  endfacet
  facet normal -0 0 -1
    outer loop
      vertex -6.66963 11.1273 0
      vertex -15.3304 0.872681 0
      vertex -6.77782 11.2222 0
    endloop
  endfacet
  facet normal 0 0 -1
    outer loop
      vertex -15.45 0.952621 0
      vertex -6.77782 11.2222 0
      vertex -15.3304 0.872681 0
    endloop
  endfacet
  facet normal -0 0 -1
    outer loop
      vertex -6.77782 11.2222 0
      vertex -15.45 0.952621 0
      vertex -6.87268 11.3304 0
    endloop
  endfacet
  facet normal 0 0 -1
    outer loop
      vertex -15.5791 1.01627 0
      vertex -6.87268 11.3304 0
      vertex -15.45 0.952621 0
    endloop
  endfacet
  facet normal -0 0 -1
    outer loop
      vertex -6.87268 11.3304 0
      vertex -15.5791 1.01627 0
      vertex -6.95262 11.45 0
    endloop
  endfacet
  facet normal 0 0 -1
    outer loop
      vertex -15.7153 1.06252 0
      vertex -6.95262 11.45 0
      vertex -15.5791 1.01627 0
    endloop
  endfacet
  facet normal -0 0 -1
    outer loop
      vertex -6.95262 11.45 0
      vertex -15.7153 1.06252 0
      vertex -7.01627 11.579 0
    endloop
  endfacet
  facet normal 0 0 -1
    outer loop
      vertex -15.8564 1.09058 0
      vertex -7.01627 11.579 0
      vertex -15.7153 1.06252 0
    endloop
  endfacet
  facet normal -0 0 -1
    outer loop
      vertex -7.01627 11.579 0
      vertex -15.8564 1.09058 0
      vertex -7.06252 11.7153 0
    endloop
  endfacet
  facet normal 0 0 -1
    outer loop
      vertex -22.9094 8.14357 0
      vertex -7.06252 11.7153 0
      vertex -15.8564 1.09058 0
    endloop
  endfacet
  facet normal 0 0 -1
    outer loop
      vertex -22.9375 8.2847 0
      vertex -7.06252 11.7153 0
      vertex -22.9094 8.14357 0
    endloop
  endfacet
  facet normal -0 0 -1
    outer loop
      vertex -7.06252 11.7153 0
      vertex -22.9375 8.2847 0
      vertex -7.09058 11.8564 0
    endloop
  endfacet
  facet normal 0 0 -1
    outer loop
      vertex -22.9837 8.42094 0
      vertex -7.09058 11.8564 0
      vertex -22.9375 8.2847 0
    endloop
  endfacet
  facet normal -0 0 -1
    outer loop
      vertex -7.09058 11.8564 0
      vertex -22.9837 8.42094 0
      vertex -7.09999 12 0
    endloop
  endfacet
  facet normal 0 0 -1
    outer loop
      vertex -23.0474 8.54999 0
      vertex -7.09999 12 0
      vertex -22.9837 8.42094 0
    endloop
  endfacet
  facet normal -0 0 -1
    outer loop
      vertex -7.09999 12 0
      vertex -23.0474 8.54999 0
      vertex -7.09058 12.1436 0
    endloop
  endfacet
  facet normal 0 0 -1
    outer loop
      vertex -22.9094 8.14357 0
      vertex -15.8564 1.09058 0
      vertex -16 1.09999 0
    endloop
  endfacet
  facet normal 0 0 -1
    outer loop
      vertex -22.9 8 0
      vertex -16 1.09999 0
      vertex -16.1436 1.09058 0
    endloop
  endfacet
  facet normal 0 0 -1
    outer loop
      vertex -22.9094 7.85641 0
      vertex -16.1436 1.09058 0
      vertex -16.2847 1.06252 0
    endloop
  endfacet
  facet normal 0 0 -1
    outer loop
      vertex -21.4544 2.54558 0
      vertex -16.2847 1.06252 0
      vertex -16.421 1.01627 0
    endloop
  endfacet
  facet normal 0 0 -1
    outer loop
      vertex -21.1439 2.19153 0
      vertex -16.421 1.01627 0
      vertex -16.55 0.952621 0
    endloop
  endfacet
  facet normal 0 0 -1
    outer loop
      vertex -20.8823 1.79999 0
      vertex -16.55 0.952621 0
      vertex -16.6696 0.872681 0
    endloop
  endfacet
  facet normal 0 0 -1
    outer loop
      vertex -20.8823 1.79999 0
      vertex -16.6696 0.872681 0
      vertex -16.7778 0.777817 0
    endloop
  endfacet
  facet normal 0 0 -1
    outer loop
      vertex -20.674 1.37766 0
      vertex -16.7778 0.777817 0
      vertex -16.8727 0.669632 0
    endloop
  endfacet
  facet normal 0 0 -1
    outer loop
      vertex -20.4 0 0
      vertex -17.0906 0.14357 0
      vertex -17.1 0 0
    endloop
  endfacet
  facet normal 0 0 -1
    outer loop
      vertex -20.4308 0.469879 0
      vertex -17.0906 0.14357 0
      vertex -20.4 0 0
    endloop
  endfacet
  facet normal 0 0 -1
    outer loop
      vertex -17.0906 0.14357 0
      vertex -20.4308 0.469879 0
      vertex -17.0625 0.284698 0
    endloop
  endfacet
  facet normal 0 0 -1
    outer loop
      vertex -17.0625 0.284698 0
      vertex -20.4308 0.469879 0
      vertex -17.0163 0.420944 0
    endloop
  endfacet
  facet normal 0 0 -1
    outer loop
      vertex -20.5227 0.931747 0
      vertex -17.0163 0.420944 0
      vertex -20.4308 0.469879 0
    endloop
  endfacet
  facet normal 0 0 -1
    outer loop
      vertex -17.0163 0.420944 0
      vertex -20.5227 0.931747 0
      vertex -16.9526 0.549988 0
    endloop
  endfacet
  facet normal 0 0 -1
    outer loop
      vertex -16.9526 0.549988 0
      vertex -20.5227 0.931747 0
      vertex -16.8727 0.669632 0
    endloop
  endfacet
  facet normal 0 0 -1
    outer loop
      vertex -20.674 1.37766 0
      vertex -16.8727 0.669632 0
      vertex -20.5227 0.931747 0
    endloop
  endfacet
  facet normal 0 0 -1
    outer loop
      vertex -16.7778 0.777817 0
      vertex -20.674 1.37766 0
      vertex -20.8823 1.79999 0
    endloop
  endfacet
  facet normal 0 0 -1
    outer loop
      vertex -16.55 0.952621 0
      vertex -20.8823 1.79999 0
      vertex -21.1439 2.19153 0
    endloop
  endfacet
  facet normal 0 0 -1
    outer loop
      vertex -16.421 1.01627 0
      vertex -21.1439 2.19153 0
      vertex -21.4544 2.54558 0
    endloop
  endfacet
  facet normal 0 0 -1
    outer loop
      vertex -16 1.09999 0
      vertex -22.9 8 0
      vertex -22.9094 8.14357 0
    endloop
  endfacet
  facet normal 0 0 -1
    outer loop
      vertex -23.1273 8.66963 0
      vertex -7.09058 12.1436 0
      vertex -23.0474 8.54999 0
    endloop
  endfacet
  facet normal 0 0 -1
    outer loop
      vertex -22.9094 7.85641 0
      vertex -16.2847 1.06252 0
      vertex -21.4544 2.54558 0
    endloop
  endfacet
  facet normal 0 0 -1
    outer loop
      vertex -22.9094 7.85641 0
      vertex -21.4544 2.54558 0
      vertex -21.8085 2.85606 0
    endloop
  endfacet
  facet normal -0 0 -1
    outer loop
      vertex -7.09058 12.1436 0
      vertex -23.1273 8.66963 0
      vertex -7.06252 12.2847 0
    endloop
  endfacet
  facet normal 0 0 -1
    outer loop
      vertex -22.9094 7.85641 0
      vertex -21.8085 2.85606 0
      vertex -22.2 3.11769 0
    endloop
  endfacet
  facet normal 0 0 -1
    outer loop
      vertex -23.2222 7.22217 0
      vertex -22.2 3.11769 0
      vertex -22.6223 3.32596 0
    endloop
  endfacet
  facet normal 0 0 -1
    outer loop
      vertex -23.2222 8.77782 0
      vertex -7.06252 12.2847 0
      vertex -23.1273 8.66963 0
    endloop
  endfacet
  facet normal -0 0 -1
    outer loop
      vertex -7.06252 12.2847 0
      vertex -23.2222 8.77782 0
      vertex -7.01627 12.4209 0
    endloop
  endfacet
  facet normal 0 0 -1
    outer loop
      vertex -23.3304 8.87268 0
      vertex -7.01627 12.4209 0
      vertex -23.2222 8.77782 0
    endloop
  endfacet
  facet normal -0 0 -1
    outer loop
      vertex -7.01627 12.4209 0
      vertex -23.3304 8.87268 0
      vertex -6.95262 12.55 0
    endloop
  endfacet
  facet normal 0 0 -1
    outer loop
      vertex -23.45 8.95262 0
      vertex -6.95262 12.55 0
      vertex -23.3304 8.87268 0
    endloop
  endfacet
  facet normal -0 0 -1
    outer loop
      vertex -6.95262 12.55 0
      vertex -23.45 8.95262 0
      vertex -6.87268 12.6696 0
    endloop
  endfacet
  facet normal 0 0 -1
    outer loop
      vertex -23.5791 9.01627 0
      vertex -6.87268 12.6696 0
      vertex -23.45 8.95262 0
    endloop
  endfacet
  facet normal -0 0 -1
    outer loop
      vertex -6.87268 12.6696 0
      vertex -23.5791 9.01627 0
      vertex -6.77782 12.7778 0
    endloop
  endfacet
  facet normal 0 0 -1
    outer loop
      vertex -32 18 0
      vertex -6.77782 12.7778 0
      vertex -23.5791 9.01627 0
    endloop
  endfacet
  facet normal 0 0 -1
    outer loop
      vertex -6.77782 12.7778 0
      vertex -32 18 0
      vertex -6.66963 12.8727 0
    endloop
  endfacet
  facet normal 0 0 -1
    outer loop
      vertex -6.66963 12.8727 0
      vertex -32 18 0
      vertex -6.54999 12.9526 0
    endloop
  endfacet
  facet normal 0 0 -1
    outer loop
      vertex -6.54999 12.9526 0
      vertex -32 18 0
      vertex -6.42094 13.0163 0
    endloop
  endfacet
  facet normal 0 0 -1
    outer loop
      vertex -32 18 0
      vertex -23.5791 9.01627 0
      vertex -23.7153 9.06252 0
    endloop
  endfacet
  facet normal 0 0 -1
    outer loop
      vertex -32 18 0
      vertex -23.7153 9.06252 0
      vertex -23.8564 9.09058 0
    endloop
  endfacet
  facet normal 0 0 -1
    outer loop
      vertex -32 18 0
      vertex -23.8564 9.09058 0
      vertex -24 9.09999 0
    endloop
  endfacet
  facet normal 0 0 -1
    outer loop
      vertex -32 18 0
      vertex -24 9.09999 0
      vertex -24.1436 9.09058 0
    endloop
  endfacet
  facet normal 0 0 -1
    outer loop
      vertex -32 18 0
      vertex -24.1436 9.09058 0
      vertex -24.2847 9.06252 0
    endloop
  endfacet
  facet normal 0 0 -1
    outer loop
      vertex -26.5456 2.54558 0
      vertex -25.0625 7.71529 0
      vertex -26.1915 2.85606 0
    endloop
  endfacet
  facet normal 0 0 -1
    outer loop
      vertex -31.7153 1.06252 0
      vertex -25.0625 7.71529 0
      vertex -26.5456 2.54558 0
    endloop
  endfacet
  facet normal -0 0 -1
    outer loop
      vertex -25.0625 7.71529 0
      vertex -31.7153 1.06252 0
      vertex -25.0906 7.85641 0
    endloop
  endfacet
  facet normal 0 0 -1
    outer loop
      vertex -31.8564 1.09058 0
      vertex -25.0906 7.85641 0
      vertex -31.7153 1.06252 0
    endloop
  endfacet
  facet normal -0 0 -1
    outer loop
      vertex -25.0906 7.85641 0
      vertex -31.8564 1.09058 0
      vertex -25.1 8 0
    endloop
  endfacet
  facet normal 0 0 -1
    outer loop
      vertex -31.7153 1.06252 0
      vertex -26.5456 2.54558 0
      vertex -26.8561 2.19153 0
    endloop
  endfacet
  facet normal 0 0 -1
    outer loop
      vertex -31.45 0.952621 0
      vertex -26.8561 2.19153 0
      vertex -27.1177 1.79999 0
    endloop
  endfacet
  facet normal 0 0 -1
    outer loop
      vertex -31.2222 0.777817 0
      vertex -27.1177 1.79999 0
      vertex -27.326 1.37766 0
    endloop
  endfacet
  facet normal 0 0 -1
    outer loop
      vertex -31.1273 0.669632 0
      vertex -27.326 1.37766 0
      vertex -27.4773 0.931747 0
    endloop
  endfacet
  facet normal 0 0 -1
    outer loop
      vertex -30.9094 0.14357 0
      vertex -27.6 0 0
      vertex -30.9 0 0
    endloop
  endfacet
  facet normal 0 0 -1
    outer loop
      vertex -27.6 0 0
      vertex -30.9094 0.14357 0
      vertex -27.5692 0.469879 0
    endloop
  endfacet
  facet normal 0 0 -1
    outer loop
      vertex -30.9375 0.284698 0
      vertex -27.5692 0.469879 0
      vertex -30.9094 0.14357 0
    endloop
  endfacet
  facet normal 0 0 -1
    outer loop
      vertex -30.9837 0.420944 0
      vertex -27.5692 0.469879 0
      vertex -30.9375 0.284698 0
    endloop
  endfacet
  facet normal -0 0 -1
    outer loop
      vertex -27.5692 0.469879 0
      vertex -30.9837 0.420944 0
      vertex -27.4773 0.931747 0
    endloop
  endfacet
  facet normal 0 0 -1
    outer loop
      vertex -31.0474 0.549988 0
      vertex -27.4773 0.931747 0
      vertex -30.9837 0.420944 0
    endloop
  endfacet
  facet normal 0 0 -1
    outer loop
      vertex -31.1273 0.669632 0
      vertex -27.4773 0.931747 0
      vertex -31.0474 0.549988 0
    endloop
  endfacet
  facet normal 0 0 -1
    outer loop
      vertex -27.326 1.37766 0
      vertex -31.1273 0.669632 0
      vertex -31.2222 0.777817 0
    endloop
  endfacet
  facet normal 0 0 -1
    outer loop
      vertex -27.1177 1.79999 0
      vertex -31.2222 0.777817 0
      vertex -31.3304 0.872681 0
    endloop
  endfacet
  facet normal 0 0 -1
    outer loop
      vertex -27.1177 1.79999 0
      vertex -31.3304 0.872681 0
      vertex -31.45 0.952621 0
    endloop
  endfacet
  facet normal 0 0 -1
    outer loop
      vertex -26.8561 2.19153 0
      vertex -31.45 0.952621 0
      vertex -31.579 1.01627 0
    endloop
  endfacet
  facet normal 0 0 -1
    outer loop
      vertex -26.8561 2.19153 0
      vertex -31.579 1.01627 0
      vertex -31.7153 1.06252 0
    endloop
  endfacet
  facet normal 0 0 -1
    outer loop
      vertex -32 1.09999 0
      vertex -25.1 8 0
      vertex -31.8564 1.09058 0
    endloop
  endfacet
  facet normal 0 0 -1
    outer loop
      vertex -36 14 0
      vertex -25.1 8 0
      vertex -32 1.09999 0
    endloop
  endfacet
  facet normal 0 0 -1
    outer loop
      vertex -25.1 8 0
      vertex -36 14 0
      vertex -25.0906 8.14357 0
    endloop
  endfacet
  facet normal 0 0 -1
    outer loop
      vertex -25.0906 8.14357 0
      vertex -36 14 0
      vertex -25.0625 8.2847 0
    endloop
  endfacet
  facet normal 0 0 -1
    outer loop
      vertex -25.0625 8.2847 0
      vertex -36 14 0
      vertex -25.0163 8.42094 0
    endloop
  endfacet
  facet normal 0 0 -1
    outer loop
      vertex -25.0163 8.42094 0
      vertex -36 14 0
      vertex -24.9526 8.54999 0
    endloop
  endfacet
  facet normal 0 0 -1
    outer loop
      vertex -24.9526 8.54999 0
      vertex -36 14 0
      vertex -24.8727 8.66963 0
    endloop
  endfacet
  facet normal 0 0 -1
    outer loop
      vertex 2 13.1 0
      vertex -32 18 0
      vertex 32 18 0
    endloop
  endfacet
  facet normal 0 0 -1
    outer loop
      vertex -6.2847 13.0625 0
      vertex -32 18 0
      vertex -6.14357 13.0906 0
    endloop
  endfacet
  facet normal 0 0 -1
    outer loop
      vertex -6.42094 13.0163 0
      vertex -32 18 0
      vertex -6.2847 13.0625 0
    endloop
  endfacet
  facet normal 0 0 -1
    outer loop
      vertex -24.4209 9.01627 0
      vertex -32 18 0
      vertex -24.2847 9.06252 0
    endloop
  endfacet
  facet normal 0 0 -1
    outer loop
      vertex -24.55 8.95262 0
      vertex -32 18 0
      vertex -24.4209 9.01627 0
    endloop
  endfacet
  facet normal 0 0 -1
    outer loop
      vertex -24.6696 8.87268 0
      vertex -32 18 0
      vertex -24.55 8.95262 0
    endloop
  endfacet
  facet normal 0 0 -1
    outer loop
      vertex -24.7778 8.77782 0
      vertex -32 18 0
      vertex -24.6696 8.87268 0
    endloop
  endfacet
  facet normal 0 -0 -1
    outer loop
      vertex -32 18 0
      vertex -24.8727 8.66963 0
      vertex -36 14 0
    endloop
  endfacet
  facet normal 0 0 -1
    outer loop
      vertex -36 14 0
      vertex -32 1.09999 0
      vertex -32.1436 1.09058 0
    endloop
  endfacet
  facet normal 0 0 -1
    outer loop
      vertex -36 14 0
      vertex -32.1436 1.09058 0
      vertex -32.2847 1.06252 0
    endloop
  endfacet
  facet normal 0 0 -1
    outer loop
      vertex -36 14 0
      vertex -32.2847 1.06252 0
      vertex -32.4209 1.01627 0
    endloop
  endfacet
  facet normal 0 0 -1
    outer loop
      vertex -24.8727 8.66963 0
      vertex -32 18 0
      vertex -24.7778 8.77782 0
    endloop
  endfacet
  facet normal 0 0 -1
    outer loop
      vertex -36 14 0
      vertex -32.4209 1.01627 0
      vertex -32.55 0.952621 0
    endloop
  endfacet
  facet normal 0 0 -1
    outer loop
      vertex -36 14 0
      vertex -32.55 0.952621 0
      vertex -32.6696 0.872681 0
    endloop
  endfacet
  facet normal 0 0 -1
    outer loop
      vertex -36 14 0
      vertex -32.6696 0.872681 0
      vertex -32.7778 0.777817 0
    endloop
  endfacet
  facet normal 0 0 -1
    outer loop
      vertex -36 14 0
      vertex -32.7778 0.777817 0
      vertex -32.8727 0.669632 0
    endloop
  endfacet
  facet normal 0 0 -1
    outer loop
      vertex -36 14 0
      vertex -32.8727 0.669632 0
      vertex -32.9526 0.549988 0
    endloop
  endfacet
  facet normal 0 0 -1
    outer loop
      vertex -36 14 0
      vertex -32.9526 0.549988 0
      vertex -33.0163 0.420944 0
    endloop
  endfacet
  facet normal 0 0 -1
    outer loop
      vertex -32 18 0
      vertex -36 14 0
      vertex -32.5221 17.9658 0
    endloop
  endfacet
  facet normal 0 0 -1
    outer loop
      vertex -36 14 0
      vertex -33.0163 0.420944 0
      vertex -33.0625 0.284698 0
    endloop
  endfacet
  facet normal 0 0 -1
    outer loop
      vertex -36 14 0
      vertex -33.0625 0.284698 0
      vertex -33.0906 0.14357 0
    endloop
  endfacet
  facet normal 0 0 -1
    outer loop
      vertex -36 14 0
      vertex -33.0906 0.14357 0
      vertex -33.1 0 0
    endloop
  endfacet
  facet normal -0 0 -1
    outer loop
      vertex -33.0906 -0.14357 0
      vertex -36 -14 0
      vertex -33.1 0 0
    endloop
  endfacet
  facet normal 0 0 -1
    outer loop
      vertex -36 14 0
      vertex -33.1 0 0
      vertex -36 -14 0
    endloop
  endfacet
  facet normal 0 0 -1
    outer loop
      vertex -36 -14 0
      vertex -33.5307 -17.6955 0
      vertex -34 -17.4641 0
    endloop
  endfacet
  facet normal 0 0 -1
    outer loop
      vertex -32.5221 17.9658 0
      vertex -36 14 0
      vertex -33.0353 17.8637 0
    endloop
  endfacet
  facet normal 0 0 -1
    outer loop
      vertex -36 -14 0
      vertex -34 -17.4641 0
      vertex -34.435 -17.1734 0
    endloop
  endfacet
  facet normal 0 0 -1
    outer loop
      vertex -33.0353 17.8637 0
      vertex -36 14 0
      vertex -33.5307 17.6955 0
    endloop
  endfacet
  facet normal 0 0 -1
    outer loop
      vertex -36 -14 0
      vertex -34.435 -17.1734 0
      vertex -34.8284 -16.8284 0
    endloop
  endfacet
  facet normal 0 0 -1
    outer loop
      vertex -33.5307 17.6955 0
      vertex -36 14 0
      vertex -34 17.4641 0
    endloop
  endfacet
  facet normal 0 0 -1
    outer loop
      vertex -36 -14 0
      vertex -34.8284 -16.8284 0
      vertex -35.1734 -16.435 0
    endloop
  endfacet
  facet normal 0 0 -1
    outer loop
      vertex -34 17.4641 0
      vertex -36 14 0
      vertex -34.435 17.1734 0
    endloop
  endfacet
  facet normal 0 0 -1
    outer loop
      vertex -36 -14 0
      vertex -35.1734 -16.435 0
      vertex -35.4641 -16 0
    endloop
  endfacet
  facet normal 0 0 -1
    outer loop
      vertex -34.435 17.1734 0
      vertex -36 14 0
      vertex -34.8284 16.8284 0
    endloop
  endfacet
  facet normal 0 0 -1
    outer loop
      vertex -36 -14 0
      vertex -35.4641 -16 0
      vertex -35.6955 -15.5307 0
    endloop
  endfacet
  facet normal 0 0 -1
    outer loop
      vertex -34.8284 16.8284 0
      vertex -36 14 0
      vertex -35.1734 16.435 0
    endloop
  endfacet
  facet normal 0 0 -1
    outer loop
      vertex -36 -14 0
      vertex -35.6955 -15.5307 0
      vertex -35.8637 -15.0353 0
    endloop
  endfacet
  facet normal 0 0 -1
    outer loop
      vertex -35.1734 16.435 0
      vertex -36 14 0
      vertex -35.4641 16 0
    endloop
  endfacet
  facet normal 0 0 -1
    outer loop
      vertex -36 -14 0
      vertex -35.8637 -15.0353 0
      vertex -35.9658 -14.5221 0
    endloop
  endfacet
  facet normal 0 0 -1
    outer loop
      vertex -35.4641 16 0
      vertex -36 14 0
      vertex -35.6955 15.5307 0
    endloop
  endfacet
  facet normal 0 0 -1
    outer loop
      vertex -35.6955 15.5307 0
      vertex -36 14 0
      vertex -35.8637 15.0353 0
    endloop
  endfacet
  facet normal 0 0 -1
    outer loop
      vertex -35.8637 15.0353 0
      vertex -36 14 0
      vertex -35.9658 14.5221 0
    endloop
  endfacet
  facet normal 0 0 -1
    outer loop
      vertex 36 -14 0
      vertex 27.0906 -11.8564 0
      vertex 30 -6.29999 0
    endloop
  endfacet
  facet normal 0 0 -1
    outer loop
      vertex 27.0625 -11.7153 0
      vertex 30 -6.29999 0
      vertex 27.0906 -11.8564 0
    endloop
  endfacet
  facet normal 0 0 -1
    outer loop
      vertex 27.0163 -11.579 0
      vertex 30 -6.29999 0
      vertex 27.0625 -11.7153 0
    endloop
  endfacet
  facet normal 0 0 -1
    outer loop
      vertex 26.9526 -11.45 0
      vertex 30 -6.29999 0
      vertex 27.0163 -11.579 0
    endloop
  endfacet
  facet normal 0 0 -1
    outer loop
      vertex 26.8727 -11.3304 0
      vertex 30 -6.29999 0
      vertex 26.9526 -11.45 0
    endloop
  endfacet
  facet normal 0 0 -1
    outer loop
      vertex 26.7778 -11.2222 0
      vertex 30 -6.29999 0
      vertex 26.8727 -11.3304 0
    endloop
  endfacet
  facet normal 0 0 -1
    outer loop
      vertex 26.6696 -11.1273 0
      vertex 30 -6.29999 0
      vertex 26.7778 -11.2222 0
    endloop
  endfacet
  facet normal 0 0 -1
    outer loop
      vertex 26.55 -11.0474 0
      vertex 30 -6.29999 0
      vertex 26.6696 -11.1273 0
    endloop
  endfacet
  facet normal 0 0 -1
    outer loop
      vertex 26.4209 -10.9837 0
      vertex 30 -6.29999 0
      vertex 26.55 -11.0474 0
    endloop
  endfacet
  facet normal 0 0 -1
    outer loop
      vertex 26.2847 -10.9375 0
      vertex 30 -6.29999 0
      vertex 26.4209 -10.9837 0
    endloop
  endfacet
  facet normal 0 0 -1
    outer loop
      vertex 24 -6.29999 0
      vertex 26.2847 -10.9375 0
      vertex 26.1436 -10.9094 0
    endloop
  endfacet
  facet normal 0 0 -1
    outer loop
      vertex 24 -6.29999 0
      vertex 26.1436 -10.9094 0
      vertex 26 -10.9 0
    endloop
  endfacet
  facet normal 0 0 -1
    outer loop
      vertex 24 -6.29999 0
      vertex 26 -10.9 0
      vertex 25.8564 -10.9094 0
    endloop
  endfacet
  facet normal 0 0 -1
    outer loop
      vertex 24 -6.29999 0
      vertex 25.8564 -10.9094 0
      vertex 25.7153 -10.9375 0
    endloop
  endfacet
  facet normal 0 0 -1
    outer loop
      vertex 24 -6.29999 0
      vertex 25.7153 -10.9375 0
      vertex 25.579 -10.9837 0
    endloop
  endfacet
  facet normal 0 0 -1
    outer loop
      vertex 24 -6.29999 0
      vertex 25.579 -10.9837 0
      vertex 25.45 -11.0474 0
    endloop
  endfacet
  facet normal 0 0 -1
    outer loop
      vertex 24 -6.29999 0
      vertex 25.45 -11.0474 0
      vertex 25.3304 -11.1273 0
    endloop
  endfacet
  facet normal 0 0 -1
    outer loop
      vertex 24 -6.29999 0
      vertex 25.3304 -11.1273 0
      vertex 25.2222 -11.2222 0
    endloop
  endfacet
  facet normal 0 0 -1
    outer loop
      vertex 26.2847 -10.9375 0
      vertex 24 -6.29999 0
      vertex 30 -6.29999 0
    endloop
  endfacet
  facet normal 0 0 -1
    outer loop
      vertex 25.1273 -11.3304 0
      vertex 24 -6.29999 0
      vertex 25.2222 -11.2222 0
    endloop
  endfacet
  facet normal 0 0 -1
    outer loop
      vertex 25.0474 -11.45 0
      vertex 24 -6.29999 0
      vertex 25.1273 -11.3304 0
    endloop
  endfacet
  facet normal 0 0 -1
    outer loop
      vertex 24.9375 -11.7153 0
      vertex 19.0625 -11.7153 0
      vertex 24.9837 -11.579 0
    endloop
  endfacet
  facet normal 0 0 -1
    outer loop
      vertex 19.0625 -11.7153 0
      vertex 24.9375 -11.7153 0
      vertex 19.0906 -11.8564 0
    endloop
  endfacet
  facet normal 0 0 -1
    outer loop
      vertex 19.0906 -11.8564 0
      vertex 24.9375 -11.7153 0
      vertex 24.9094 -11.8564 0
    endloop
  endfacet
  facet normal 0 0 -1
    outer loop
      vertex 19.0906 -11.8564 0
      vertex 24.9094 -11.8564 0
      vertex 24.9 -12 0
    endloop
  endfacet
  facet normal 0.980779 -0.195124 0
    outer loop
      vertex 35.8637 -15.0353 3
      vertex 35.9658 -14.5221 0
      vertex 35.9658 -14.5221 3
    endloop
  endfacet
  facet normal 0.980779 -0.195124 0
    outer loop
      vertex 35.9658 -14.5221 0
      vertex 35.8637 -15.0353 3
      vertex 35.8637 -15.0353 0
    endloop
  endfacet
  facet normal 0.94691 -0.321498 0
    outer loop
      vertex 35.6955 -15.5307 3
      vertex 35.8637 -15.0353 0
      vertex 35.8637 -15.0353 3
    endloop
  endfacet
  facet normal 0.94691 -0.321498 0
    outer loop
      vertex 35.8637 -15.0353 0
      vertex 35.6955 -15.5307 3
      vertex 35.6955 -15.5307 0
    endloop
  endfacet
  facet normal -0.0653646 -0.997861 0
    outer loop
      vertex -32.5221 -17.9658 0
      vertex -32 -18 3
      vertex -32.5221 -17.9658 3
    endloop
  endfacet
  facet normal -0.0653646 -0.997861 -0
    outer loop
      vertex -32 -18 3
      vertex -32.5221 -17.9658 0
      vertex -32 -18 0
    endloop
  endfacet
  facet normal -0.195124 -0.980779 0
    outer loop
      vertex -33.0353 -17.8637 0
      vertex -32.5221 -17.9658 3
      vertex -33.0353 -17.8637 3
    endloop
  endfacet
  facet normal -0.195124 -0.980779 -0
    outer loop
      vertex -32.5221 -17.9658 3
      vertex -33.0353 -17.8637 0
      vertex -32.5221 -17.9658 0
    endloop
  endfacet
  facet normal 0.896898 -0.442238 0
    outer loop
      vertex 35.4641 -16 3
      vertex 35.6955 -15.5307 0
      vertex 35.6955 -15.5307 3
    endloop
  endfacet
  facet normal 0.896898 -0.442238 0
    outer loop
      vertex 35.6955 -15.5307 0
      vertex 35.4641 -16 3
      vertex 35.4641 -16 0
    endloop
  endfacet
  facet normal -0.94691 -0.321498 0
    outer loop
      vertex -35.6955 -15.5307 0
      vertex -35.8637 -15.0353 3
      vertex -35.8637 -15.0353 0
    endloop
  endfacet
  facet normal -0.94691 -0.321498 0
    outer loop
      vertex -35.8637 -15.0353 3
      vertex -35.6955 -15.5307 0
      vertex -35.6955 -15.5307 3
    endloop
  endfacet
  facet normal 0 0 1
    outer loop
      vertex -16.1436 -1.09058 3
      vertex -22.9094 -7.85641 3
      vertex -22.9 -8 3
    endloop
  endfacet
  facet normal 0 0 1
    outer loop
      vertex -22.2 -3.11769 3
      vertex -22.9375 -7.71529 3
      vertex -22.9094 -7.85641 3
    endloop
  endfacet
  facet normal 0 0 1
    outer loop
      vertex -22.2 -3.11769 3
      vertex -22.9837 -7.57904 3
      vertex -22.9375 -7.71529 3
    endloop
  endfacet
  facet normal 0 0 1
    outer loop
      vertex -22.2 -3.11769 3
      vertex -23.0474 -7.45 3
      vertex -22.9837 -7.57904 3
    endloop
  endfacet
  facet normal 0 0 1
    outer loop
      vertex -23.3304 -7.1273 3
      vertex -22.6223 -3.32596 3
      vertex -23.0683 -3.47733 3
    endloop
  endfacet
  facet normal 0 0 1
    outer loop
      vertex -22.2 -3.11769 3
      vertex -23.1273 -7.33035 3
      vertex -23.0474 -7.45 3
    endloop
  endfacet
  facet normal 0 0 1
    outer loop
      vertex -22.2 -3.11769 3
      vertex -23.2222 -7.22217 3
      vertex -23.1273 -7.33035 3
    endloop
  endfacet
  facet normal 0 0 1
    outer loop
      vertex -22.6223 -3.32596 3
      vertex -23.3304 -7.1273 3
      vertex -23.2222 -7.22217 3
    endloop
  endfacet
  facet normal 0 0 1
    outer loop
      vertex -23.0683 -3.47733 3
      vertex -23.45 -7.04736 3
      vertex -23.3304 -7.1273 3
    endloop
  endfacet
  facet normal 0 0 1
    outer loop
      vertex -23.5791 -6.98372 3
      vertex -23.0683 -3.47733 3
      vertex -23.5301 -3.5692 3
    endloop
  endfacet
  facet normal 0 0 1
    outer loop
      vertex -23.0683 -3.47733 3
      vertex -23.5791 -6.98372 3
      vertex -23.45 -7.04736 3
    endloop
  endfacet
  facet normal 0 0 1
    outer loop
      vertex -23.5301 -3.5692 3
      vertex -23.7153 -6.93747 3
      vertex -23.5791 -6.98372 3
    endloop
  endfacet
  facet normal 0 0 1
    outer loop
      vertex -23.5301 -3.5692 3
      vertex -23.8564 -6.90941 3
      vertex -23.7153 -6.93747 3
    endloop
  endfacet
  facet normal -0 0 1
    outer loop
      vertex -24 -3.59999 3
      vertex -23.8564 -6.90941 3
      vertex -23.5301 -3.5692 3
    endloop
  endfacet
  facet normal 0 0 1
    outer loop
      vertex -24 -3.59999 3
      vertex -24 -6.89999 3
      vertex -23.8564 -6.90941 3
    endloop
  endfacet
  facet normal 0 0 1
    outer loop
      vertex -24 -3.59999 3
      vertex -24.1436 -6.90941 3
      vertex -24 -6.89999 3
    endloop
  endfacet
  facet normal 0 0 1
    outer loop
      vertex -24.4699 -3.5692 3
      vertex -24.1436 -6.90941 3
      vertex -24 -3.59999 3
    endloop
  endfacet
  facet normal 0 0 1
    outer loop
      vertex -24.1436 -6.90941 3
      vertex -24.4699 -3.5692 3
      vertex -24.2847 -6.93747 3
    endloop
  endfacet
  facet normal 0 0 1
    outer loop
      vertex -24.2847 -6.93747 3
      vertex -24.4699 -3.5692 3
      vertex -24.4209 -6.98372 3
    endloop
  endfacet
  facet normal 0 0 1
    outer loop
      vertex -24.9317 -3.47733 3
      vertex -24.4209 -6.98372 3
      vertex -24.4699 -3.5692 3
    endloop
  endfacet
  facet normal 0 0 1
    outer loop
      vertex -24.4209 -6.98372 3
      vertex -24.9317 -3.47733 3
      vertex -24.55 -7.04736 3
    endloop
  endfacet
  facet normal 0 0 1
    outer loop
      vertex -24.55 -7.04736 3
      vertex -24.9317 -3.47733 3
      vertex -24.6696 -7.1273 3
    endloop
  endfacet
  facet normal 0 0 1
    outer loop
      vertex -25.3777 -3.32596 3
      vertex -24.6696 -7.1273 3
      vertex -24.9317 -3.47733 3
    endloop
  endfacet
  facet normal 0 0 1
    outer loop
      vertex -24.6696 -7.1273 3
      vertex -25.3777 -3.32596 3
      vertex -24.7778 -7.22217 3
    endloop
  endfacet
  facet normal 0 0 1
    outer loop
      vertex -25.8 -3.11769 3
      vertex -24.7778 -7.22217 3
      vertex -25.3777 -3.32596 3
    endloop
  endfacet
  facet normal 0 0 1
    outer loop
      vertex -24.7778 -7.22217 3
      vertex -25.8 -3.11769 3
      vertex -24.8727 -7.33035 3
    endloop
  endfacet
  facet normal 0 0 1
    outer loop
      vertex -24.8727 -7.33035 3
      vertex -25.8 -3.11769 3
      vertex -24.9526 -7.45 3
    endloop
  endfacet
  facet normal 0 0 1
    outer loop
      vertex -26.1915 -2.85606 3
      vertex -24.9526 -7.45 3
      vertex -25.8 -3.11769 3
    endloop
  endfacet
  facet normal 0 0 1
    outer loop
      vertex -24.9526 -7.45 3
      vertex -26.1915 -2.85606 3
      vertex -25.0163 -7.57904 3
    endloop
  endfacet
  facet normal 0 0 1
    outer loop
      vertex -25.0163 -7.57904 3
      vertex -26.1915 -2.85606 3
      vertex -25.0625 -7.71529 3
    endloop
  endfacet
  facet normal -0 0 1
    outer loop
      vertex -5.04736 11.45 3
      vertex -1 10.3 3
      vertex -4.98372 11.579 3
    endloop
  endfacet
  facet normal 0 0 1
    outer loop
      vertex -1 -7.7 3
      vertex -4.90941 -11.8564 3
      vertex -4.89999 -12 3
    endloop
  endfacet
  facet normal -0 0 1
    outer loop
      vertex -5.1273 11.3304 3
      vertex -1 10.3 3
      vertex -5.04736 11.45 3
    endloop
  endfacet
  facet normal 0 0 1
    outer loop
      vertex -1 -7.7 3
      vertex -4.93747 -11.7153 3
      vertex -4.90941 -11.8564 3
    endloop
  endfacet
  facet normal -0 0 1
    outer loop
      vertex -5.22217 11.2222 3
      vertex -1 10.3 3
      vertex -5.1273 11.3304 3
    endloop
  endfacet
  facet normal 0 0 1
    outer loop
      vertex -1 -7.7 3
      vertex -4.98372 -11.579 3
      vertex -4.93747 -11.7153 3
    endloop
  endfacet
  facet normal -0 0 1
    outer loop
      vertex -5.33035 11.1273 3
      vertex -1 10.3 3
      vertex -5.22217 11.2222 3
    endloop
  endfacet
  facet normal 0 0 1
    outer loop
      vertex -1 -7.7 3
      vertex -5.04736 -11.45 3
      vertex -4.98372 -11.579 3
    endloop
  endfacet
  facet normal 0 0 1
    outer loop
      vertex -1 10.3 3
      vertex -5.33035 11.1273 3
      vertex -1 7.7 3
    endloop
  endfacet
  facet normal 0 0 1
    outer loop
      vertex -1 -7.7 3
      vertex -5.1273 -11.3304 3
      vertex -5.04736 -11.45 3
    endloop
  endfacet
  facet normal -0 0 1
    outer loop
      vertex -5.45 11.0474 3
      vertex -1 7.7 3
      vertex -5.33035 11.1273 3
    endloop
  endfacet
  facet normal 0 0 1
    outer loop
      vertex -1 -7.7 3
      vertex -5.22217 -11.2222 3
      vertex -5.1273 -11.3304 3
    endloop
  endfacet
  facet normal -0 0 1
    outer loop
      vertex -5.57904 10.9837 3
      vertex -1 7.7 3
      vertex -5.45 11.0474 3
    endloop
  endfacet
  facet normal 0 0 1
    outer loop
      vertex -1 -7.7 3
      vertex -5.33035 -11.1273 3
      vertex -5.22217 -11.2222 3
    endloop
  endfacet
  facet normal -0 0 1
    outer loop
      vertex -5.71529 10.9375 3
      vertex -1 7.7 3
      vertex -5.57904 10.9837 3
    endloop
  endfacet
  facet normal 0 0 1
    outer loop
      vertex -1 -7.7 3
      vertex -5.45 -11.0474 3
      vertex -5.33035 -11.1273 3
    endloop
  endfacet
  facet normal -0 0 1
    outer loop
      vertex -5.85641 10.9094 3
      vertex -1 7.7 3
      vertex -5.71529 10.9375 3
    endloop
  endfacet
  facet normal 0 0 1
    outer loop
      vertex -1 -7.7 3
      vertex -5.57904 -10.9837 3
      vertex -5.45 -11.0474 3
    endloop
  endfacet
  facet normal -0 0 1
    outer loop
      vertex -6 10.9 3
      vertex -1 7.7 3
      vertex -5.85641 10.9094 3
    endloop
  endfacet
  facet normal 0 0 1
    outer loop
      vertex -1 -7.7 3
      vertex -5.71529 -10.9375 3
      vertex -5.57904 -10.9837 3
    endloop
  endfacet
  facet normal 0 -0 1
    outer loop
      vertex -14.9 0 3
      vertex -1 7.7 3
      vertex -14.9094 0.14357 3
    endloop
  endfacet
  facet normal 0 0 1
    outer loop
      vertex -1 -7.7 3
      vertex -5.85641 -10.9094 3
      vertex -5.71529 -10.9375 3
    endloop
  endfacet
  facet normal 0 0 1
    outer loop
      vertex -6.14357 10.9094 3
      vertex -1 7.7 3
      vertex -6 10.9 3
    endloop
  endfacet
  facet normal -0 0 1
    outer loop
      vertex -14.9094 -0.14357 3
      vertex -1 -7.7 3
      vertex -14.9 0 3
    endloop
  endfacet
  facet normal 0 0 1
    outer loop
      vertex -14.9837 0.420944 3
      vertex -1 7.7 3
      vertex -6.14357 10.9094 3
    endloop
  endfacet
  facet normal -0 0 1
    outer loop
      vertex -14.9375 -0.284698 3
      vertex -1 -7.7 3
      vertex -14.9094 -0.14357 3
    endloop
  endfacet
  facet normal 0 0 1
    outer loop
      vertex -14.9837 0.420944 3
      vertex -6.14357 10.9094 3
      vertex -6.2847 10.9375 3
    endloop
  endfacet
  facet normal 0 0 1
    outer loop
      vertex -1 -7.7 3
      vertex -6 -10.9 3
      vertex -5.85641 -10.9094 3
    endloop
  endfacet
  facet normal 0 0 1
    outer loop
      vertex -15.0474 0.549988 3
      vertex -6.2847 10.9375 3
      vertex -6.42094 10.9837 3
    endloop
  endfacet
  facet normal -0 0 1
    outer loop
      vertex -14.9837 -0.420944 3
      vertex -1 -7.7 3
      vertex -14.9375 -0.284698 3
    endloop
  endfacet
  facet normal 0 0 1
    outer loop
      vertex -15.1273 0.669632 3
      vertex -6.42094 10.9837 3
      vertex -6.54999 11.0474 3
    endloop
  endfacet
  facet normal 0 0 1
    outer loop
      vertex -1 -7.7 3
      vertex -6.14357 -10.9094 3
      vertex -6 -10.9 3
    endloop
  endfacet
  facet normal 0 0 1
    outer loop
      vertex -15.2222 0.777817 3
      vertex -6.54999 11.0474 3
      vertex -6.66963 11.1273 3
    endloop
  endfacet
  facet normal 0 0 1
    outer loop
      vertex -1 -7.7 3
      vertex -14.9837 -0.420944 3
      vertex -6.14357 -10.9094 3
    endloop
  endfacet
  facet normal 0 0 1
    outer loop
      vertex -15.3304 0.872681 3
      vertex -6.66963 11.1273 3
      vertex -6.77782 11.2222 3
    endloop
  endfacet
  facet normal 0 0 1
    outer loop
      vertex -6.14357 -10.9094 3
      vertex -14.9837 -0.420944 3
      vertex -6.2847 -10.9375 3
    endloop
  endfacet
  facet normal 0 0 1
    outer loop
      vertex -15.45 0.952621 3
      vertex -6.77782 11.2222 3
      vertex -6.87268 11.3304 3
    endloop
  endfacet
  facet normal -0 0 1
    outer loop
      vertex -15.0474 -0.549988 3
      vertex -6.2847 -10.9375 3
      vertex -14.9837 -0.420944 3
    endloop
  endfacet
  facet normal 0 0 1
    outer loop
      vertex -15.5791 1.01627 3
      vertex -6.87268 11.3304 3
      vertex -6.95262 11.45 3
    endloop
  endfacet
  facet normal 0 0 1
    outer loop
      vertex -6.2847 -10.9375 3
      vertex -15.0474 -0.549988 3
      vertex -6.42094 -10.9837 3
    endloop
  endfacet
  facet normal 0 0 1
    outer loop
      vertex -15.7153 1.06252 3
      vertex -6.95262 11.45 3
      vertex -7.01627 11.579 3
    endloop
  endfacet
  facet normal -0 0 1
    outer loop
      vertex -15.1273 -0.669632 3
      vertex -6.42094 -10.9837 3
      vertex -15.0474 -0.549988 3
    endloop
  endfacet
  facet normal 0 0 1
    outer loop
      vertex -15.8564 1.09058 3
      vertex -7.01627 11.579 3
      vertex -7.06252 11.7153 3
    endloop
  endfacet
  facet normal 0 0 1
    outer loop
      vertex -6.42094 -10.9837 3
      vertex -15.1273 -0.669632 3
      vertex -6.54999 -11.0474 3
    endloop
  endfacet
  facet normal 0 0 1
    outer loop
      vertex -22.9375 8.2847 3
      vertex -7.06252 11.7153 3
      vertex -7.09058 11.8564 3
    endloop
  endfacet
  facet normal -0 0 1
    outer loop
      vertex -15.2222 -0.777817 3
      vertex -6.54999 -11.0474 3
      vertex -15.1273 -0.669632 3
    endloop
  endfacet
  facet normal 0 0 1
    outer loop
      vertex -22.9837 8.42094 3
      vertex -7.09058 11.8564 3
      vertex -7.09999 12 3
    endloop
  endfacet
  facet normal 0 0 1
    outer loop
      vertex -6.54999 -11.0474 3
      vertex -15.2222 -0.777817 3
      vertex -6.66963 -11.1273 3
    endloop
  endfacet
  facet normal -0 0 1
    outer loop
      vertex -22.9837 7.57904 3
      vertex -21.8085 2.85606 3
      vertex -22.9375 7.71529 3
    endloop
  endfacet
  facet normal -0 0 1
    outer loop
      vertex -23.0474 7.45 3
      vertex -21.8085 2.85606 3
      vertex -22.9837 7.57904 3
    endloop
  endfacet
  facet normal 0 0 1
    outer loop
      vertex -21.8085 2.85606 3
      vertex -23.0474 7.45 3
      vertex -22.2 3.11769 3
    endloop
  endfacet
  facet normal -0 0 1
    outer loop
      vertex -23.1273 7.33035 3
      vertex -22.2 3.11769 3
      vertex -23.0474 7.45 3
    endloop
  endfacet
  facet normal -0 0 1
    outer loop
      vertex -23.2222 7.22217 3
      vertex -22.2 3.11769 3
      vertex -23.1273 7.33035 3
    endloop
  endfacet
  facet normal 0 0 1
    outer loop
      vertex -22.2 3.11769 3
      vertex -23.2222 7.22217 3
      vertex -22.6223 3.32596 3
    endloop
  endfacet
  facet normal -0 0 1
    outer loop
      vertex -23.3304 7.1273 3
      vertex -22.6223 3.32596 3
      vertex -23.2222 7.22217 3
    endloop
  endfacet
  facet normal 0 0 1
    outer loop
      vertex -22.6223 3.32596 3
      vertex -23.3304 7.1273 3
      vertex -23.0683 3.47733 3
    endloop
  endfacet
  facet normal -0 0 1
    outer loop
      vertex -23.45 7.04736 3
      vertex -23.0683 3.47733 3
      vertex -23.3304 7.1273 3
    endloop
  endfacet
  facet normal -0 0 1
    outer loop
      vertex -23.5791 6.98372 3
      vertex -23.0683 3.47733 3
      vertex -23.45 7.04736 3
    endloop
  endfacet
  facet normal 0 0 1
    outer loop
      vertex -23.0683 3.47733 3
      vertex -23.5791 6.98372 3
      vertex -23.5301 3.5692 3
    endloop
  endfacet
  facet normal -0 0 1
    outer loop
      vertex -23.7153 6.93747 3
      vertex -23.5301 3.5692 3
      vertex -23.5791 6.98372 3
    endloop
  endfacet
  facet normal -0 0 1
    outer loop
      vertex -23.8564 6.90941 3
      vertex -23.5301 3.5692 3
      vertex -23.7153 6.93747 3
    endloop
  endfacet
  facet normal 0 0 1
    outer loop
      vertex -24 3.59999 3
      vertex -23.8564 6.90941 3
      vertex -24 6.89999 3
    endloop
  endfacet
  facet normal 0 0 1
    outer loop
      vertex -23.8564 6.90941 3
      vertex -24 3.59999 3
      vertex -23.5301 3.5692 3
    endloop
  endfacet
  facet normal 0 0 1
    outer loop
      vertex -24.1436 6.90941 3
      vertex -24 3.59999 3
      vertex -24 6.89999 3
    endloop
  endfacet
  facet normal 0 0 1
    outer loop
      vertex -24.4699 3.5692 3
      vertex -24.1436 6.90941 3
      vertex -24.2847 6.93747 3
    endloop
  endfacet
  facet normal 0 0 1
    outer loop
      vertex -24.4699 3.5692 3
      vertex -24.2847 6.93747 3
      vertex -24.4209 6.98372 3
    endloop
  endfacet
  facet normal 0 0 1
    outer loop
      vertex -24.1436 6.90941 3
      vertex -24.4699 3.5692 3
      vertex -24 3.59999 3
    endloop
  endfacet
  facet normal 0 0 1
    outer loop
      vertex -24.9317 3.47733 3
      vertex -24.4209 6.98372 3
      vertex -24.55 7.04736 3
    endloop
  endfacet
  facet normal 0 0 1
    outer loop
      vertex -24.9317 3.47733 3
      vertex -24.55 7.04736 3
      vertex -24.6696 7.1273 3
    endloop
  endfacet
  facet normal 0 0 1
    outer loop
      vertex -25.3777 3.32596 3
      vertex -24.6696 7.1273 3
      vertex -24.7778 7.22217 3
    endloop
  endfacet
  facet normal 0 0 1
    outer loop
      vertex -25.8 3.11769 3
      vertex -24.7778 7.22217 3
      vertex -24.8727 7.33035 3
    endloop
  endfacet
  facet normal 0 0 1
    outer loop
      vertex -24.4209 6.98372 3
      vertex -24.9317 3.47733 3
      vertex -24.4699 3.5692 3
    endloop
  endfacet
  facet normal 0 0 1
    outer loop
      vertex -25.8 3.11769 3
      vertex -24.8727 7.33035 3
      vertex -24.9526 7.45 3
    endloop
  endfacet
  facet normal 0 0 1
    outer loop
      vertex -26.1915 2.85606 3
      vertex -24.9526 7.45 3
      vertex -25.0163 7.57904 3
    endloop
  endfacet
  facet normal 0 0 1
    outer loop
      vertex -26.1915 2.85606 3
      vertex -25.0163 7.57904 3
      vertex -25.0625 7.71529 3
    endloop
  endfacet
  facet normal 0 0 1
    outer loop
      vertex -31.7153 1.06252 3
      vertex -25.0625 7.71529 3
      vertex -25.0906 7.85641 3
    endloop
  endfacet
  facet normal 0 0 1
    outer loop
      vertex -31.8564 1.09058 3
      vertex -25.0906 7.85641 3
      vertex -25.1 8 3
    endloop
  endfacet
  facet normal 0 0 1
    outer loop
      vertex -24.6696 7.1273 3
      vertex -25.3777 3.32596 3
      vertex -24.9317 3.47733 3
    endloop
  endfacet
  facet normal 0 0 1
    outer loop
      vertex 5 -10.3 3
      vertex 3.09058 -11.8564 3
      vertex 3.09999 -12 3
    endloop
  endfacet
  facet normal 0 0 1
    outer loop
      vertex 5 -10.3 3
      vertex 3.06252 -11.7153 3
      vertex 3.09058 -11.8564 3
    endloop
  endfacet
  facet normal 0 0 1
    outer loop
      vertex 5 -10.3 3
      vertex 3.01627 -11.579 3
      vertex 3.06252 -11.7153 3
    endloop
  endfacet
  facet normal 0 0 1
    outer loop
      vertex 5 -10.3 3
      vertex 2.95262 -11.45 3
      vertex 3.01627 -11.579 3
    endloop
  endfacet
  facet normal 0 0 1
    outer loop
      vertex 5 -10.3 3
      vertex 2.87268 -11.3304 3
      vertex 2.95262 -11.45 3
    endloop
  endfacet
  facet normal 0 0 1
    outer loop
      vertex 5 -10.3 3
      vertex 2.77782 -11.2222 3
      vertex 2.87268 -11.3304 3
    endloop
  endfacet
  facet normal 0 0 1
    outer loop
      vertex 5 -10.3 3
      vertex 2.66963 -11.1273 3
      vertex 2.77782 -11.2222 3
    endloop
  endfacet
  facet normal 0 0 1
    outer loop
      vertex 5 -10.3 3
      vertex 2.54999 -11.0474 3
      vertex 2.66963 -11.1273 3
    endloop
  endfacet
  facet normal 0 0 1
    outer loop
      vertex 5 -10.3 3
      vertex 2.42094 -10.9837 3
      vertex 2.54999 -11.0474 3
    endloop
  endfacet
  facet normal 0 0 1
    outer loop
      vertex 5 -10.3 3
      vertex 2.2847 -10.9375 3
      vertex 2.42094 -10.9837 3
    endloop
  endfacet
  facet normal 0 0 1
    outer loop
      vertex 5 -10.3 3
      vertex 2.14357 -10.9094 3
      vertex 2.2847 -10.9375 3
    endloop
  endfacet
  facet normal 0 0 1
    outer loop
      vertex 5 -10.3 3
      vertex 2 -10.9 3
      vertex 2.14357 -10.9094 3
    endloop
  endfacet
  facet normal -0 0 1
    outer loop
      vertex -1 -10.3 3
      vertex 2 -10.9 3
      vertex 5 -10.3 3
    endloop
  endfacet
  facet normal 0 0 1
    outer loop
      vertex 0.909409 -11.8564 3
      vertex -1 -10.3 3
      vertex 0.899994 -12 3
    endloop
  endfacet
  facet normal 0 0 1
    outer loop
      vertex 0.937469 -11.7153 3
      vertex -1 -10.3 3
      vertex 0.909409 -11.8564 3
    endloop
  endfacet
  facet normal 0 0 1
    outer loop
      vertex 0.983719 -11.579 3
      vertex -1 -10.3 3
      vertex 0.937469 -11.7153 3
    endloop
  endfacet
  facet normal 0 0 1
    outer loop
      vertex 1.04736 -11.45 3
      vertex -1 -10.3 3
      vertex 0.983719 -11.579 3
    endloop
  endfacet
  facet normal 0 0 1
    outer loop
      vertex 1.1273 -11.3304 3
      vertex -1 -10.3 3
      vertex 1.04736 -11.45 3
    endloop
  endfacet
  facet normal 0 0 1
    outer loop
      vertex 1.22217 -11.2222 3
      vertex -1 -10.3 3
      vertex 1.1273 -11.3304 3
    endloop
  endfacet
  facet normal 0 0 1
    outer loop
      vertex 1.33035 -11.1273 3
      vertex -1 -10.3 3
      vertex 1.22217 -11.2222 3
    endloop
  endfacet
  facet normal 0 0 1
    outer loop
      vertex 1.45 -11.0474 3
      vertex -1 -10.3 3
      vertex 1.33035 -11.1273 3
    endloop
  endfacet
  facet normal 0 0 1
    outer loop
      vertex 1.57904 -10.9837 3
      vertex -1 -10.3 3
      vertex 1.45 -11.0474 3
    endloop
  endfacet
  facet normal 0 0 1
    outer loop
      vertex 1.71529 -10.9375 3
      vertex -1 -10.3 3
      vertex 1.57904 -10.9837 3
    endloop
  endfacet
  facet normal 0 0 1
    outer loop
      vertex 1.85641 -10.9094 3
      vertex -1 -10.3 3
      vertex 1.71529 -10.9375 3
    endloop
  endfacet
  facet normal 0 0 1
    outer loop
      vertex 2 -10.9 3
      vertex -1 -10.3 3
      vertex 1.85641 -10.9094 3
    endloop
  endfacet
  facet normal -0 0 1
    outer loop
      vertex -1 7.7 3
      vertex 5 -7.7 3
      vertex 5 7.7 3
    endloop
  endfacet
  facet normal 0 0 1
    outer loop
      vertex 5 -7.7 3
      vertex -1 7.7 3
      vertex -1 -7.7 3
    endloop
  endfacet
  facet normal -0 0 1
    outer loop
      vertex 3.09058 11.8564 3
      vertex 5 10.3 3
      vertex 3.09999 12 3
    endloop
  endfacet
  facet normal -0 0 1
    outer loop
      vertex 3.06252 11.7153 3
      vertex 5 10.3 3
      vertex 3.09058 11.8564 3
    endloop
  endfacet
  facet normal -0 0 1
    outer loop
      vertex 3.01627 11.579 3
      vertex 5 10.3 3
      vertex 3.06252 11.7153 3
    endloop
  endfacet
  facet normal -0 0 1
    outer loop
      vertex 2.95262 11.45 3
      vertex 5 10.3 3
      vertex 3.01627 11.579 3
    endloop
  endfacet
  facet normal -0 0 1
    outer loop
      vertex 2.87268 11.3304 3
      vertex 5 10.3 3
      vertex 2.95262 11.45 3
    endloop
  endfacet
  facet normal -0 0 1
    outer loop
      vertex 2.77782 11.2222 3
      vertex 5 10.3 3
      vertex 2.87268 11.3304 3
    endloop
  endfacet
  facet normal -0 0 1
    outer loop
      vertex 2.66963 11.1273 3
      vertex 5 10.3 3
      vertex 2.77782 11.2222 3
    endloop
  endfacet
  facet normal -0 0 1
    outer loop
      vertex 2.54999 11.0474 3
      vertex 5 10.3 3
      vertex 2.66963 11.1273 3
    endloop
  endfacet
  facet normal -0 0 1
    outer loop
      vertex 2.42094 10.9837 3
      vertex 5 10.3 3
      vertex 2.54999 11.0474 3
    endloop
  endfacet
  facet normal -0 0 1
    outer loop
      vertex 2.2847 10.9375 3
      vertex 5 10.3 3
      vertex 2.42094 10.9837 3
    endloop
  endfacet
  facet normal -0 0 1
    outer loop
      vertex 2.14357 10.9094 3
      vertex 5 10.3 3
      vertex 2.2847 10.9375 3
    endloop
  endfacet
  facet normal -0 0 1
    outer loop
      vertex 2 10.9 3
      vertex 5 10.3 3
      vertex 2.14357 10.9094 3
    endloop
  endfacet
  facet normal 0 0 1
    outer loop
      vertex -1 10.3 3
      vertex 2 10.9 3
      vertex 1.85641 10.9094 3
    endloop
  endfacet
  facet normal 0 0 1
    outer loop
      vertex 2 10.9 3
      vertex -1 10.3 3
      vertex 5 10.3 3
    endloop
  endfacet
  facet normal 0 0 1
    outer loop
      vertex 1.71529 10.9375 3
      vertex -1 10.3 3
      vertex 1.85641 10.9094 3
    endloop
  endfacet
  facet normal 0 0 1
    outer loop
      vertex 1.57904 10.9837 3
      vertex -1 10.3 3
      vertex 1.71529 10.9375 3
    endloop
  endfacet
  facet normal 0 0 1
    outer loop
      vertex 1.45 11.0474 3
      vertex -1 10.3 3
      vertex 1.57904 10.9837 3
    endloop
  endfacet
  facet normal 0 0 1
    outer loop
      vertex 1.33035 11.1273 3
      vertex -1 10.3 3
      vertex 1.45 11.0474 3
    endloop
  endfacet
  facet normal 0 0 1
    outer loop
      vertex 1.22217 11.2222 3
      vertex -1 10.3 3
      vertex 1.33035 11.1273 3
    endloop
  endfacet
  facet normal 0 0 1
    outer loop
      vertex 1.1273 11.3304 3
      vertex -1 10.3 3
      vertex 1.22217 11.2222 3
    endloop
  endfacet
  facet normal 0 0 1
    outer loop
      vertex 1.04736 11.45 3
      vertex -1 10.3 3
      vertex 1.1273 11.3304 3
    endloop
  endfacet
  facet normal 0 0 1
    outer loop
      vertex 0.983719 11.579 3
      vertex -1 10.3 3
      vertex 1.04736 11.45 3
    endloop
  endfacet
  facet normal 0 0 1
    outer loop
      vertex 0.937469 11.7153 3
      vertex -1 10.3 3
      vertex 0.983719 11.579 3
    endloop
  endfacet
  facet normal 0 0 1
    outer loop
      vertex 0.909409 11.8564 3
      vertex -1 10.3 3
      vertex 0.937469 11.7153 3
    endloop
  endfacet
  facet normal 0 0 1
    outer loop
      vertex -1 10.3 3
      vertex 0.909409 11.8564 3
      vertex 0.899994 12 3
    endloop
  endfacet
  facet normal -0 0 1
    outer loop
      vertex 11 7.7 3
      vertex 17 -7.7 3
      vertex 17 7.7 3
    endloop
  endfacet
  facet normal 0 0 1
    outer loop
      vertex 17 -7.7 3
      vertex 11 7.7 3
      vertex 11 -7.7 3
    endloop
  endfacet
  facet normal 0 0 1
    outer loop
      vertex 25.0474 11.45 3
      vertex 18.9526 11.45 3
      vertex 24 6.29999 3
    endloop
  endfacet
  facet normal 0 0 1
    outer loop
      vertex 24 -3.7 3
      vertex 19.0906 -11.8564 3
      vertex 19.1 -12 3
    endloop
  endfacet
  facet normal -0 0 1
    outer loop
      vertex 18.8727 11.3304 3
      vertex 24 6.29999 3
      vertex 18.9526 11.45 3
    endloop
  endfacet
  facet normal 0 0 1
    outer loop
      vertex 24 -3.7 3
      vertex 19.0625 -11.7153 3
      vertex 19.0906 -11.8564 3
    endloop
  endfacet
  facet normal -0 0 1
    outer loop
      vertex 18.7778 11.2222 3
      vertex 24 6.29999 3
      vertex 18.8727 11.3304 3
    endloop
  endfacet
  facet normal 0 0 1
    outer loop
      vertex 24 -3.7 3
      vertex 19.0163 -11.579 3
      vertex 19.0625 -11.7153 3
    endloop
  endfacet
  facet normal -0 0 1
    outer loop
      vertex 18.6696 11.1273 3
      vertex 24 6.29999 3
      vertex 18.7778 11.2222 3
    endloop
  endfacet
  facet normal 0 0 1
    outer loop
      vertex 24 -3.7 3
      vertex 18.9526 -11.45 3
      vertex 19.0163 -11.579 3
    endloop
  endfacet
  facet normal 0 0 1
    outer loop
      vertex 24 3.7 3
      vertex 17 7.7 3
      vertex 24 -3.7 3
    endloop
  endfacet
  facet normal 0 0 1
    outer loop
      vertex 17 -7.7 3
      vertex 24 -3.7 3
      vertex 17 7.7 3
    endloop
  endfacet
  facet normal -0 0 1
    outer loop
      vertex 17 7.7 3
      vertex 24 6.29999 3
      vertex 18.6696 11.1273 3
    endloop
  endfacet
  facet normal 0 -0 1
    outer loop
      vertex 18.6696 -11.1273 3
      vertex 24 -3.7 3
      vertex 17 -7.7 3
    endloop
  endfacet
  facet normal 0 0 1
    outer loop
      vertex 24 6.29999 3
      vertex 17 7.7 3
      vertex 24 3.7 3
    endloop
  endfacet
  facet normal 0 0 1
    outer loop
      vertex 24 -3.7 3
      vertex 18.8727 -11.3304 3
      vertex 18.9526 -11.45 3
    endloop
  endfacet
  facet normal 0 0 1
    outer loop
      vertex 17 7.7 3
      vertex 18.6696 11.1273 3
      vertex 18.55 11.0474 3
    endloop
  endfacet
  facet normal 0 0 1
    outer loop
      vertex 24 -3.7 3
      vertex 18.7778 -11.2222 3
      vertex 18.8727 -11.3304 3
    endloop
  endfacet
  facet normal 0 0 1
    outer loop
      vertex 17 7.7 3
      vertex 18.55 11.0474 3
      vertex 18.4209 10.9837 3
    endloop
  endfacet
  facet normal 0 0 1
    outer loop
      vertex 24 -3.7 3
      vertex 18.6696 -11.1273 3
      vertex 18.7778 -11.2222 3
    endloop
  endfacet
  facet normal 0 0 1
    outer loop
      vertex 17 7.7 3
      vertex 18.4209 10.9837 3
      vertex 18.2847 10.9375 3
    endloop
  endfacet
  facet normal 0 0 1
    outer loop
      vertex 18.6696 -11.1273 3
      vertex 17 -7.7 3
      vertex 18.55 -11.0474 3
    endloop
  endfacet
  facet normal 0 0 1
    outer loop
      vertex 17 7.7 3
      vertex 18.2847 10.9375 3
      vertex 18.1436 10.9094 3
    endloop
  endfacet
  facet normal 0 0 1
    outer loop
      vertex 18.55 -11.0474 3
      vertex 17 -7.7 3
      vertex 18.4209 -10.9837 3
    endloop
  endfacet
  facet normal 0 0 1
    outer loop
      vertex 17 10.3 3
      vertex 18.1436 10.9094 3
      vertex 18 10.9 3
    endloop
  endfacet
  facet normal 0 0 1
    outer loop
      vertex 18.4209 -10.9837 3
      vertex 17 -7.7 3
      vertex 18.2847 -10.9375 3
    endloop
  endfacet
  facet normal 0 0 1
    outer loop
      vertex 17 10.3 3
      vertex 18 10.9 3
      vertex 17.8564 10.9094 3
    endloop
  endfacet
  facet normal 0 0 1
    outer loop
      vertex 18.2847 -10.9375 3
      vertex 17 -7.7 3
      vertex 18.1436 -10.9094 3
    endloop
  endfacet
  facet normal 0 0 1
    outer loop
      vertex 17 10.3 3
      vertex 17.8564 10.9094 3
      vertex 17.7153 10.9375 3
    endloop
  endfacet
  facet normal -0 0 1
    outer loop
      vertex 17 -10.3 3
      vertex 18.1436 -10.9094 3
      vertex 17 -7.7 3
    endloop
  endfacet
  facet normal 0 0 1
    outer loop
      vertex 17 10.3 3
      vertex 17.7153 10.9375 3
      vertex 17.579 10.9837 3
    endloop
  endfacet
  facet normal 0 0 1
    outer loop
      vertex 18.1436 -10.9094 3
      vertex 17 -10.3 3
      vertex 18 -10.9 3
    endloop
  endfacet
  facet normal 0 0 1
    outer loop
      vertex 17 10.3 3
      vertex 17.579 10.9837 3
      vertex 17.45 11.0474 3
    endloop
  endfacet
  facet normal 0 0 1
    outer loop
      vertex 18 -10.9 3
      vertex 17 -10.3 3
      vertex 17.8564 -10.9094 3
    endloop
  endfacet
  facet normal 0 0 1
    outer loop
      vertex 17 10.3 3
      vertex 17.45 11.0474 3
      vertex 17.3304 11.1273 3
    endloop
  endfacet
  facet normal 0 0 1
    outer loop
      vertex 17.8564 -10.9094 3
      vertex 17 -10.3 3
      vertex 17.7153 -10.9375 3
    endloop
  endfacet
  facet normal 0 0 1
    outer loop
      vertex 17 10.3 3
      vertex 17.3304 11.1273 3
      vertex 17.2222 11.2222 3
    endloop
  endfacet
  facet normal 0 0 1
    outer loop
      vertex 17.7153 -10.9375 3
      vertex 17 -10.3 3
      vertex 17.579 -10.9837 3
    endloop
  endfacet
  facet normal 0 0 1
    outer loop
      vertex 17 10.3 3
      vertex 17.2222 11.2222 3
      vertex 17.1273 11.3304 3
    endloop
  endfacet
  facet normal 0 0 1
    outer loop
      vertex 17.579 -10.9837 3
      vertex 17 -10.3 3
      vertex 17.45 -11.0474 3
    endloop
  endfacet
  facet normal 0 0 1
    outer loop
      vertex 17 10.3 3
      vertex 17.1273 11.3304 3
      vertex 17.0474 11.45 3
    endloop
  endfacet
  facet normal 0 0 1
    outer loop
      vertex 17.45 -11.0474 3
      vertex 17 -10.3 3
      vertex 17.3304 -11.1273 3
    endloop
  endfacet
  facet normal 0 0 1
    outer loop
      vertex 18.1436 10.9094 3
      vertex 17 10.3 3
      vertex 17 7.7 3
    endloop
  endfacet
  facet normal 0 0 1
    outer loop
      vertex 16.9837 11.579 3
      vertex 17 10.3 3
      vertex 17.0474 11.45 3
    endloop
  endfacet
  facet normal 0 0 1
    outer loop
      vertex 16.9375 11.7153 3
      vertex 17 10.3 3
      vertex 16.9837 11.579 3
    endloop
  endfacet
  facet normal 0 0 1
    outer loop
      vertex 11.0625 11.7153 3
      vertex 16.9375 11.7153 3
      vertex 16.9094 11.8564 3
    endloop
  endfacet
  facet normal 0 0 1
    outer loop
      vertex 11.0906 11.8564 3
      vertex 16.9094 11.8564 3
      vertex 16.9 12 3
    endloop
  endfacet
  facet normal 0 0 1
    outer loop
      vertex 11.0906 11.8564 3
      vertex 16.9 12 3
      vertex 11.1 12 3
    endloop
  endfacet
  facet normal 0 0 1
    outer loop
      vertex 16.9094 11.8564 3
      vertex 11.0906 11.8564 3
      vertex 11.0625 11.7153 3
    endloop
  endfacet
  facet normal 0 0 1
    outer loop
      vertex 16.9375 11.7153 3
      vertex 11.0625 11.7153 3
      vertex 17 10.3 3
    endloop
  endfacet
  facet normal 0 0 1
    outer loop
      vertex 11 10.3 3
      vertex 11.0625 11.7153 3
      vertex 11.0163 11.579 3
    endloop
  endfacet
  facet normal 0 0 1
    outer loop
      vertex 11.0625 11.7153 3
      vertex 11 10.3 3
      vertex 17 10.3 3
    endloop
  endfacet
  facet normal 0 0 1
    outer loop
      vertex 9.85641 10.9094 3
      vertex 11 7.7 3
      vertex 11 10.3 3
    endloop
  endfacet
  facet normal 0 0 1
    outer loop
      vertex 11 7.7 3
      vertex 5 7.7 3
      vertex 11 -7.7 3
    endloop
  endfacet
  facet normal -0 0 1
    outer loop
      vertex 10.8727 11.3304 3
      vertex 11 10.3 3
      vertex 10.9526 11.45 3
    endloop
  endfacet
  facet normal -0 0 1
    outer loop
      vertex 10.9526 11.45 3
      vertex 11 10.3 3
      vertex 11.0163 11.579 3
    endloop
  endfacet
  facet normal 0 0 1
    outer loop
      vertex 17.3304 -11.1273 3
      vertex 17 -10.3 3
      vertex 17.2222 -11.2222 3
    endloop
  endfacet
  facet normal 0 0 1
    outer loop
      vertex 17.2222 -11.2222 3
      vertex 17 -10.3 3
      vertex 17.1273 -11.3304 3
    endloop
  endfacet
  facet normal 0 0 1
    outer loop
      vertex 17.1273 -11.3304 3
      vertex 17 -10.3 3
      vertex 17.0474 -11.45 3
    endloop
  endfacet
  facet normal 0 0 1
    outer loop
      vertex 17 -10.3 3
      vertex 16.9837 -11.579 3
      vertex 17.0474 -11.45 3
    endloop
  endfacet
  facet normal 0 0 1
    outer loop
      vertex 17 -10.3 3
      vertex 16.9375 -11.7153 3
      vertex 16.9837 -11.579 3
    endloop
  endfacet
  facet normal 0 0 1
    outer loop
      vertex 11.0625 -11.7153 3
      vertex 16.9375 -11.7153 3
      vertex 17 -10.3 3
    endloop
  endfacet
  facet normal 0 0 1
    outer loop
      vertex 16.9375 -11.7153 3
      vertex 11.0625 -11.7153 3
      vertex 16.9094 -11.8564 3
    endloop
  endfacet
  facet normal 0 -0 1
    outer loop
      vertex 11.0906 -11.8564 3
      vertex 16.9094 -11.8564 3
      vertex 11.0625 -11.7153 3
    endloop
  endfacet
  facet normal 0 0 1
    outer loop
      vertex 16.9 -12 3
      vertex 11.0906 -11.8564 3
      vertex 11.1 -12 3
    endloop
  endfacet
  facet normal 0 0 1
    outer loop
      vertex 16.9094 -11.8564 3
      vertex 11.0906 -11.8564 3
      vertex 16.9 -12 3
    endloop
  endfacet
  facet normal -0 0 1
    outer loop
      vertex 11 -10.3 3
      vertex 11.0625 -11.7153 3
      vertex 17 -10.3 3
    endloop
  endfacet
  facet normal 0 0 1
    outer loop
      vertex 11.0625 -11.7153 3
      vertex 11 -10.3 3
      vertex 11.0163 -11.579 3
    endloop
  endfacet
  facet normal 0 0 1
    outer loop
      vertex 11 -10.3 3
      vertex 10.9526 -11.45 3
      vertex 11.0163 -11.579 3
    endloop
  endfacet
  facet normal -0 0 1
    outer loop
      vertex 10.7778 11.2222 3
      vertex 11 10.3 3
      vertex 10.8727 11.3304 3
    endloop
  endfacet
  facet normal -0 0 1
    outer loop
      vertex 10.6696 11.1273 3
      vertex 11 10.3 3
      vertex 10.7778 11.2222 3
    endloop
  endfacet
  facet normal 0 0 1
    outer loop
      vertex 11 -10.3 3
      vertex 10.8727 -11.3304 3
      vertex 10.9526 -11.45 3
    endloop
  endfacet
  facet normal -0 0 1
    outer loop
      vertex 10.55 11.0474 3
      vertex 11 10.3 3
      vertex 10.6696 11.1273 3
    endloop
  endfacet
  facet normal 0 0 1
    outer loop
      vertex 11 -10.3 3
      vertex 10.7778 -11.2222 3
      vertex 10.8727 -11.3304 3
    endloop
  endfacet
  facet normal -0 0 1
    outer loop
      vertex 10.4209 10.9837 3
      vertex 11 10.3 3
      vertex 10.55 11.0474 3
    endloop
  endfacet
  facet normal 0 0 1
    outer loop
      vertex 11 -10.3 3
      vertex 10.6696 -11.1273 3
      vertex 10.7778 -11.2222 3
    endloop
  endfacet
  facet normal -0 0 1
    outer loop
      vertex 10.2847 10.9375 3
      vertex 11 10.3 3
      vertex 10.4209 10.9837 3
    endloop
  endfacet
  facet normal 0 0 1
    outer loop
      vertex 11 -10.3 3
      vertex 10.55 -11.0474 3
      vertex 10.6696 -11.1273 3
    endloop
  endfacet
  facet normal -0 0 1
    outer loop
      vertex 10.1436 10.9094 3
      vertex 11 10.3 3
      vertex 10.2847 10.9375 3
    endloop
  endfacet
  facet normal 0 0 1
    outer loop
      vertex 11 -10.3 3
      vertex 10.4209 -10.9837 3
      vertex 10.55 -11.0474 3
    endloop
  endfacet
  facet normal 0 0 1
    outer loop
      vertex 5 -7.7 3
      vertex 11 -7.7 3
      vertex 5 7.7 3
    endloop
  endfacet
  facet normal 0 0 1
    outer loop
      vertex 11 -10.3 3
      vertex 10.2847 -10.9375 3
      vertex 10.4209 -10.9837 3
    endloop
  endfacet
  facet normal -0 0 1
    outer loop
      vertex 10 10.9 3
      vertex 11 10.3 3
      vertex 10.1436 10.9094 3
    endloop
  endfacet
  facet normal 0 -0 1
    outer loop
      vertex 9.45 -11.0474 3
      vertex 11 -7.7 3
      vertex 5 -7.7 3
    endloop
  endfacet
  facet normal 0 0 1
    outer loop
      vertex 9.85641 10.9094 3
      vertex 11 10.3 3
      vertex 10 10.9 3
    endloop
  endfacet
  facet normal 0 -0 1
    outer loop
      vertex 9.85641 -10.9094 3
      vertex 11 -7.7 3
      vertex 9.71529 -10.9375 3
    endloop
  endfacet
  facet normal 0 0 1
    outer loop
      vertex 11 7.7 3
      vertex 9.85641 10.9094 3
      vertex 9.71529 10.9375 3
    endloop
  endfacet
  facet normal 0 0 1
    outer loop
      vertex 11 -10.3 3
      vertex 10.1436 -10.9094 3
      vertex 10.2847 -10.9375 3
    endloop
  endfacet
  facet normal 0 0 1
    outer loop
      vertex 9.57904 10.9837 3
      vertex 11 7.7 3
      vertex 9.71529 10.9375 3
    endloop
  endfacet
  facet normal 0 0 1
    outer loop
      vertex 11 -10.3 3
      vertex 10 -10.9 3
      vertex 10.1436 -10.9094 3
    endloop
  endfacet
  facet normal 0 0 1
    outer loop
      vertex 9.45 11.0474 3
      vertex 11 7.7 3
      vertex 9.57904 10.9837 3
    endloop
  endfacet
  facet normal 0 0 1
    outer loop
      vertex 11 -10.3 3
      vertex 9.85641 -10.9094 3
      vertex 10 -10.9 3
    endloop
  endfacet
  facet normal 0 0 1
    outer loop
      vertex 11 7.7 3
      vertex 9.45 11.0474 3
      vertex 5 7.7 3
    endloop
  endfacet
  facet normal 0 0 1
    outer loop
      vertex 11 -7.7 3
      vertex 9.85641 -10.9094 3
      vertex 11 -10.3 3
    endloop
  endfacet
  facet normal 0 0 1
    outer loop
      vertex 5 7.7 3
      vertex 9.45 11.0474 3
      vertex 9.33035 11.1273 3
    endloop
  endfacet
  facet normal 0 0 1
    outer loop
      vertex 11 -7.7 3
      vertex 9.57904 -10.9837 3
      vertex 9.71529 -10.9375 3
    endloop
  endfacet
  facet normal 0 0 1
    outer loop
      vertex 5 10.3 3
      vertex 9.33035 11.1273 3
      vertex 9.22217 11.2222 3
    endloop
  endfacet
  facet normal 0 0 1
    outer loop
      vertex 11 -7.7 3
      vertex 9.45 -11.0474 3
      vertex 9.57904 -10.9837 3
    endloop
  endfacet
  facet normal 0 0 1
    outer loop
      vertex 5 10.3 3
      vertex 9.22217 11.2222 3
      vertex 9.1273 11.3304 3
    endloop
  endfacet
  facet normal 0 0 1
    outer loop
      vertex 9.45 -11.0474 3
      vertex 5 -7.7 3
      vertex 9.33035 -11.1273 3
    endloop
  endfacet
  facet normal 0 0 1
    outer loop
      vertex 5 10.3 3
      vertex 9.1273 11.3304 3
      vertex 9.04736 11.45 3
    endloop
  endfacet
  facet normal -0 0 1
    outer loop
      vertex 5 -10.3 3
      vertex 9.33035 -11.1273 3
      vertex 5 -7.7 3
    endloop
  endfacet
  facet normal 0 0 1
    outer loop
      vertex 5 10.3 3
      vertex 9.04736 11.45 3
      vertex 8.98372 11.579 3
    endloop
  endfacet
  facet normal 0 0 1
    outer loop
      vertex 9.33035 -11.1273 3
      vertex 5 -10.3 3
      vertex 9.22217 -11.2222 3
    endloop
  endfacet
  facet normal 0 0 1
    outer loop
      vertex 5 10.3 3
      vertex 8.98372 11.579 3
      vertex 8.93747 11.7153 3
    endloop
  endfacet
  facet normal 0 0 1
    outer loop
      vertex 9.22217 -11.2222 3
      vertex 5 -10.3 3
      vertex 9.1273 -11.3304 3
    endloop
  endfacet
  facet normal 0 0 1
    outer loop
      vertex 5 10.3 3
      vertex 8.93747 11.7153 3
      vertex 8.90941 11.8564 3
    endloop
  endfacet
  facet normal 0 0 1
    outer loop
      vertex 9.1273 -11.3304 3
      vertex 5 -10.3 3
      vertex 9.04736 -11.45 3
    endloop
  endfacet
  facet normal 0 0 1
    outer loop
      vertex 5 10.3 3
      vertex 8.90941 11.8564 3
      vertex 8.89999 12 3
    endloop
  endfacet
  facet normal 0 0 1
    outer loop
      vertex 9.04736 -11.45 3
      vertex 5 -10.3 3
      vertex 8.98372 -11.579 3
    endloop
  endfacet
  facet normal 0 0 1
    outer loop
      vertex 36 -14 3
      vertex 27.0906 -11.8564 3
      vertex 27.1 -12 3
    endloop
  endfacet
  facet normal 0 0 1
    outer loop
      vertex 30 -6.29999 3
      vertex 27.0625 -11.7153 3
      vertex 27.0906 -11.8564 3
    endloop
  endfacet
  facet normal 0 0 1
    outer loop
      vertex 30 -6.29999 3
      vertex 27.0163 -11.579 3
      vertex 27.0625 -11.7153 3
    endloop
  endfacet
  facet normal 0 0 1
    outer loop
      vertex 30 -6.29999 3
      vertex 26.9526 -11.45 3
      vertex 27.0163 -11.579 3
    endloop
  endfacet
  facet normal 0 0 1
    outer loop
      vertex 30 -6.29999 3
      vertex 26.8727 -11.3304 3
      vertex 26.9526 -11.45 3
    endloop
  endfacet
  facet normal 0 0 1
    outer loop
      vertex 30 -6.29999 3
      vertex 26.7778 -11.2222 3
      vertex 26.8727 -11.3304 3
    endloop
  endfacet
  facet normal 0 0 1
    outer loop
      vertex 30 -6.29999 3
      vertex 26.6696 -11.1273 3
      vertex 26.7778 -11.2222 3
    endloop
  endfacet
  facet normal 0 0 1
    outer loop
      vertex 30 -6.29999 3
      vertex 26.55 -11.0474 3
      vertex 26.6696 -11.1273 3
    endloop
  endfacet
  facet normal 0 0 1
    outer loop
      vertex 30 -6.29999 3
      vertex 26.4209 -10.9837 3
      vertex 26.55 -11.0474 3
    endloop
  endfacet
  facet normal 0 0 1
    outer loop
      vertex 30 -6.29999 3
      vertex 26.2847 -10.9375 3
      vertex 26.4209 -10.9837 3
    endloop
  endfacet
  facet normal -0 0 1
    outer loop
      vertex 24 -6.29999 3
      vertex 26.2847 -10.9375 3
      vertex 30 -6.29999 3
    endloop
  endfacet
  facet normal 0 0 1
    outer loop
      vertex 26.2847 -10.9375 3
      vertex 24 -6.29999 3
      vertex 26.1436 -10.9094 3
    endloop
  endfacet
  facet normal 0 0 1
    outer loop
      vertex 26.1436 -10.9094 3
      vertex 24 -6.29999 3
      vertex 26 -10.9 3
    endloop
  endfacet
  facet normal 0 0 1
    outer loop
      vertex 26 -10.9 3
      vertex 24 -6.29999 3
      vertex 25.8564 -10.9094 3
    endloop
  endfacet
  facet normal 0 0 1
    outer loop
      vertex 25.8564 -10.9094 3
      vertex 24 -6.29999 3
      vertex 25.7153 -10.9375 3
    endloop
  endfacet
  facet normal 0 0 1
    outer loop
      vertex 25.7153 -10.9375 3
      vertex 24 -6.29999 3
      vertex 25.579 -10.9837 3
    endloop
  endfacet
  facet normal 0 0 1
    outer loop
      vertex 25.579 -10.9837 3
      vertex 24 -6.29999 3
      vertex 25.45 -11.0474 3
    endloop
  endfacet
  facet normal 0 0 1
    outer loop
      vertex 25.45 -11.0474 3
      vertex 24 -6.29999 3
      vertex 25.3304 -11.1273 3
    endloop
  endfacet
  facet normal 0 0 1
    outer loop
      vertex 24.9375 -11.7153 3
      vertex 19.1 -12 3
      vertex 24.9094 -11.8564 3
    endloop
  endfacet
  facet normal 0 0 1
    outer loop
      vertex 24.9837 -11.579 3
      vertex 19.1 -12 3
      vertex 24.9375 -11.7153 3
    endloop
  endfacet
  facet normal 0 0 1
    outer loop
      vertex 25.0474 -11.45 3
      vertex 19.1 -12 3
      vertex 24.9837 -11.579 3
    endloop
  endfacet
  facet normal 0 0 1
    outer loop
      vertex 19.1 -12 3
      vertex 25.0474 -11.45 3
      vertex 24 -6.29999 3
    endloop
  endfacet
  facet normal 0 0 1
    outer loop
      vertex 25.1273 -11.3304 3
      vertex 24 -6.29999 3
      vertex 25.0474 -11.45 3
    endloop
  endfacet
  facet normal 0 0 1
    outer loop
      vertex 25.2222 -11.2222 3
      vertex 24 -6.29999 3
      vertex 25.1273 -11.3304 3
    endloop
  endfacet
  facet normal 0 0 1
    outer loop
      vertex 25.3304 -11.1273 3
      vertex 24 -6.29999 3
      vertex 25.2222 -11.2222 3
    endloop
  endfacet
  facet normal -0 0 1
    outer loop
      vertex 24 3.7 3
      vertex 30 -3.7 3
      vertex 30 3.7 3
    endloop
  endfacet
  facet normal 0 0 1
    outer loop
      vertex 30 -3.7 3
      vertex 24 3.7 3
      vertex 24 -3.7 3
    endloop
  endfacet
  facet normal 0 0 1
    outer loop
      vertex 32 18 3
      vertex 36 14 3
      vertex 35.9658 14.5221 3
    endloop
  endfacet
  facet normal 0 0 1
    outer loop
      vertex 36 14 3
      vertex 30 3.7 3
      vertex 36 -14 3
    endloop
  endfacet
  facet normal 0 0 1
    outer loop
      vertex 32 18 3
      vertex 35.9658 14.5221 3
      vertex 35.8637 15.0353 3
    endloop
  endfacet
  facet normal -0 0 1
    outer loop
      vertex 30 -3.7 3
      vertex 36 -14 3
      vertex 30 3.7 3
    endloop
  endfacet
  facet normal 0 0 1
    outer loop
      vertex 32 18 3
      vertex 35.8637 15.0353 3
      vertex 35.6955 15.5307 3
    endloop
  endfacet
  facet normal -0 0 1
    outer loop
      vertex 30 -6.29999 3
      vertex 36 -14 3
      vertex 30 -3.7 3
    endloop
  endfacet
  facet normal 0 0 1
    outer loop
      vertex 32 18 3
      vertex 35.6955 15.5307 3
      vertex 35.4641 16 3
    endloop
  endfacet
  facet normal -0 0 1
    outer loop
      vertex 27.0906 -11.8564 3
      vertex 36 -14 3
      vertex 30 -6.29999 3
    endloop
  endfacet
  facet normal 0 0 1
    outer loop
      vertex 32 18 3
      vertex 35.4641 16 3
      vertex 35.1734 16.435 3
    endloop
  endfacet
  facet normal -0 0 1
    outer loop
      vertex 27.0906 -12.1436 3
      vertex 36 -14 3
      vertex 27.1 -12 3
    endloop
  endfacet
  facet normal 0 0 1
    outer loop
      vertex 32 18 3
      vertex 35.1734 16.435 3
      vertex 34.8284 16.8284 3
    endloop
  endfacet
  facet normal -0 0 1
    outer loop
      vertex 27.0625 -12.2847 3
      vertex 36 -14 3
      vertex 27.0906 -12.1436 3
    endloop
  endfacet
  facet normal 0 0 1
    outer loop
      vertex 32 18 3
      vertex 34.8284 16.8284 3
      vertex 34.435 17.1734 3
    endloop
  endfacet
  facet normal 0 -0 1
    outer loop
      vertex 32 -18 3
      vertex 36 -14 3
      vertex 27.0625 -12.2847 3
    endloop
  endfacet
  facet normal 0 0 1
    outer loop
      vertex 32 18 3
      vertex 34.435 17.1734 3
      vertex 34 17.4641 3
    endloop
  endfacet
  facet normal 0 0 1
    outer loop
      vertex 36 -14 3
      vertex 32 -18 3
      vertex 35.9658 -14.5221 3
    endloop
  endfacet
  facet normal 0 0 1
    outer loop
      vertex 32 18 3
      vertex 34 17.4641 3
      vertex 33.5307 17.6955 3
    endloop
  endfacet
  facet normal 0 0 1
    outer loop
      vertex 35.9658 -14.5221 3
      vertex 32 -18 3
      vertex 35.8637 -15.0353 3
    endloop
  endfacet
  facet normal 0 0 1
    outer loop
      vertex 32 18 3
      vertex 33.5307 17.6955 3
      vertex 33.0353 17.8637 3
    endloop
  endfacet
  facet normal 0 0 1
    outer loop
      vertex 35.8637 -15.0353 3
      vertex 32 -18 3
      vertex 35.6955 -15.5307 3
    endloop
  endfacet
  facet normal 0 0 1
    outer loop
      vertex 32 18 3
      vertex 33.0353 17.8637 3
      vertex 32.5221 17.9658 3
    endloop
  endfacet
  facet normal 0 0 1
    outer loop
      vertex 35.6955 -15.5307 3
      vertex 32 -18 3
      vertex 35.4641 -16 3
    endloop
  endfacet
  facet normal 0 0 1
    outer loop
      vertex 36 14 3
      vertex 32 18 3
      vertex 27.0625 12.2847 3
    endloop
  endfacet
  facet normal 0 0 1
    outer loop
      vertex 35.4641 -16 3
      vertex 32 -18 3
      vertex 35.1734 -16.435 3
    endloop
  endfacet
  facet normal 0 0 1
    outer loop
      vertex 36 14 3
      vertex 30 6.29999 3
      vertex 30 3.7 3
    endloop
  endfacet
  facet normal 0 0 1
    outer loop
      vertex 36 14 3
      vertex 27.1 12 3
      vertex 27.0906 11.8564 3
    endloop
  endfacet
  facet normal 0 0 1
    outer loop
      vertex 36 14 3
      vertex 27.0906 12.1436 3
      vertex 27.1 12 3
    endloop
  endfacet
  facet normal 0 0 1
    outer loop
      vertex 36 14 3
      vertex 27.0625 12.2847 3
      vertex 27.0906 12.1436 3
    endloop
  endfacet
  facet normal 0 0 1
    outer loop
      vertex 32 18 3
      vertex 27.0163 12.4209 3
      vertex 27.0625 12.2847 3
    endloop
  endfacet
  facet normal 0 0 1
    outer loop
      vertex 32 18 3
      vertex 26.9526 12.55 3
      vertex 27.0163 12.4209 3
    endloop
  endfacet
  facet normal 0 0 1
    outer loop
      vertex 32 18 3
      vertex 26.8727 12.6696 3
      vertex 26.9526 12.55 3
    endloop
  endfacet
  facet normal 0 0 1
    outer loop
      vertex 32 18 3
      vertex 26.7778 12.7778 3
      vertex 26.8727 12.6696 3
    endloop
  endfacet
  facet normal 0 0 1
    outer loop
      vertex 32 18 3
      vertex 26.6696 12.8727 3
      vertex 26.7778 12.7778 3
    endloop
  endfacet
  facet normal 0 0 1
    outer loop
      vertex 32 18 3
      vertex 26.55 12.9526 3
      vertex 26.6696 12.8727 3
    endloop
  endfacet
  facet normal 0 0 1
    outer loop
      vertex 32 18 3
      vertex 26.4209 13.0163 3
      vertex 26.55 12.9526 3
    endloop
  endfacet
  facet normal 0 0 1
    outer loop
      vertex 32 18 3
      vertex 26.2847 13.0625 3
      vertex 26.4209 13.0163 3
    endloop
  endfacet
  facet normal 0 0 1
    outer loop
      vertex 32 18 3
      vertex 26.1436 13.0906 3
      vertex 26.2847 13.0625 3
    endloop
  endfacet
  facet normal 0 0 1
    outer loop
      vertex 32 18 3
      vertex 26 13.1 3
      vertex 26.1436 13.0906 3
    endloop
  endfacet
  facet normal 0 0 1
    outer loop
      vertex 32 18 3
      vertex 25.8564 13.0906 3
      vertex 26 13.1 3
    endloop
  endfacet
  facet normal 0 0 1
    outer loop
      vertex 32 18 3
      vertex 25.7153 13.0625 3
      vertex 25.8564 13.0906 3
    endloop
  endfacet
  facet normal 0 0 1
    outer loop
      vertex 18.2847 13.0625 3
      vertex 25.7153 13.0625 3
      vertex 32 18 3
    endloop
  endfacet
  facet normal 0 0 1
    outer loop
      vertex 25.7153 13.0625 3
      vertex 18.2847 13.0625 3
      vertex 25.579 13.0163 3
    endloop
  endfacet
  facet normal 0 0 1
    outer loop
      vertex 25.579 13.0163 3
      vertex 18.4209 13.0163 3
      vertex 25.45 12.9526 3
    endloop
  endfacet
  facet normal 0 0 1
    outer loop
      vertex 19.1 12 3
      vertex 24.9 12 3
      vertex 24.9094 12.1436 3
    endloop
  endfacet
  facet normal 0 0 1
    outer loop
      vertex 19.0163 11.579 3
      vertex 24.9837 11.579 3
      vertex 19.0625 11.7153 3
    endloop
  endfacet
  facet normal 0 0 1
    outer loop
      vertex 24.9837 11.579 3
      vertex 19.0163 11.579 3
      vertex 25.0474 11.45 3
    endloop
  endfacet
  facet normal 0 0 1
    outer loop
      vertex 18.9526 11.45 3
      vertex 25.0474 11.45 3
      vertex 19.0163 11.579 3
    endloop
  endfacet
  facet normal 0 0 1
    outer loop
      vertex 19.0906 11.8564 3
      vertex 24.9 12 3
      vertex 19.1 12 3
    endloop
  endfacet
  facet normal 0 0 1
    outer loop
      vertex 19.0906 12.1436 3
      vertex 24.9094 12.1436 3
      vertex 24.9375 12.2847 3
    endloop
  endfacet
  facet normal 0 0 1
    outer loop
      vertex 19.0625 12.2847 3
      vertex 24.9375 12.2847 3
      vertex 24.9837 12.4209 3
    endloop
  endfacet
  facet normal 0 0 1
    outer loop
      vertex 19.0163 12.4209 3
      vertex 24.9837 12.4209 3
      vertex 25.0474 12.55 3
    endloop
  endfacet
  facet normal 0 0 1
    outer loop
      vertex 18.9526 12.55 3
      vertex 25.0474 12.55 3
      vertex 25.1273 12.6696 3
    endloop
  endfacet
  facet normal 0 0 1
    outer loop
      vertex 18.8727 12.6696 3
      vertex 25.1273 12.6696 3
      vertex 25.2222 12.7778 3
    endloop
  endfacet
  facet normal 0 0 1
    outer loop
      vertex 18.7778 12.7778 3
      vertex 25.2222 12.7778 3
      vertex 25.3304 12.8727 3
    endloop
  endfacet
  facet normal 0 -0 1
    outer loop
      vertex 18.55 12.9526 3
      vertex 25.45 12.9526 3
      vertex 18.4209 13.0163 3
    endloop
  endfacet
  facet normal 0 0 1
    outer loop
      vertex 24.9094 12.1436 3
      vertex 19.0906 12.1436 3
      vertex 19.1 12 3
    endloop
  endfacet
  facet normal 0 0 1
    outer loop
      vertex 24.9375 12.2847 3
      vertex 19.0625 12.2847 3
      vertex 19.0906 12.1436 3
    endloop
  endfacet
  facet normal 0 0 1
    outer loop
      vertex 24.9837 12.4209 3
      vertex 19.0163 12.4209 3
      vertex 19.0625 12.2847 3
    endloop
  endfacet
  facet normal 0 0 1
    outer loop
      vertex 25.0474 12.55 3
      vertex 18.9526 12.55 3
      vertex 19.0163 12.4209 3
    endloop
  endfacet
  facet normal 0 0 1
    outer loop
      vertex 25.1273 12.6696 3
      vertex 18.8727 12.6696 3
      vertex 18.9526 12.55 3
    endloop
  endfacet
  facet normal 0 0 1
    outer loop
      vertex 25.2222 12.7778 3
      vertex 18.7778 12.7778 3
      vertex 18.8727 12.6696 3
    endloop
  endfacet
  facet normal 0 0 1
    outer loop
      vertex 25.3304 12.8727 3
      vertex 18.6696 12.8727 3
      vertex 18.7778 12.7778 3
    endloop
  endfacet
  facet normal 0 0 1
    outer loop
      vertex 25.3304 12.8727 3
      vertex 18.55 12.9526 3
      vertex 18.6696 12.8727 3
    endloop
  endfacet
  facet normal 0 0 1
    outer loop
      vertex 25.45 12.9526 3
      vertex 18.55 12.9526 3
      vertex 25.3304 12.8727 3
    endloop
  endfacet
  facet normal 0 0 1
    outer loop
      vertex 25.579 13.0163 3
      vertex 18.2847 13.0625 3
      vertex 18.4209 13.0163 3
    endloop
  endfacet
  facet normal 0 0 1
    outer loop
      vertex 32 18 3
      vertex 18.1436 13.0906 3
      vertex 18.2847 13.0625 3
    endloop
  endfacet
  facet normal 0 0 1
    outer loop
      vertex 32 18 3
      vertex 18 13.1 3
      vertex 18.1436 13.0906 3
    endloop
  endfacet
  facet normal 0 0 1
    outer loop
      vertex 32 18 3
      vertex 17.8564 13.0906 3
      vertex 18 13.1 3
    endloop
  endfacet
  facet normal 0 0 1
    outer loop
      vertex 10.1436 13.0906 3
      vertex 17.8564 13.0906 3
      vertex 32 18 3
    endloop
  endfacet
  facet normal 0 0 1
    outer loop
      vertex 17.8564 13.0906 3
      vertex 10.1436 13.0906 3
      vertex 17.7153 13.0625 3
    endloop
  endfacet
  facet normal 0 0 1
    outer loop
      vertex 16.9094 12.1436 3
      vertex 11.1 12 3
      vertex 16.9 12 3
    endloop
  endfacet
  facet normal 0 0 1
    outer loop
      vertex 11.0906 12.1436 3
      vertex 16.9094 12.1436 3
      vertex 16.9375 12.2847 3
    endloop
  endfacet
  facet normal 0 0 1
    outer loop
      vertex 11.0625 12.2847 3
      vertex 16.9375 12.2847 3
      vertex 16.9837 12.4209 3
    endloop
  endfacet
  facet normal 0 0 1
    outer loop
      vertex 11.0163 12.4209 3
      vertex 16.9837 12.4209 3
      vertex 17.0474 12.55 3
    endloop
  endfacet
  facet normal 0 0 1
    outer loop
      vertex 10.9526 12.55 3
      vertex 17.0474 12.55 3
      vertex 17.1273 12.6696 3
    endloop
  endfacet
  facet normal 0 0 1
    outer loop
      vertex 10.8727 12.6696 3
      vertex 17.1273 12.6696 3
      vertex 17.2222 12.7778 3
    endloop
  endfacet
  facet normal 0 0 1
    outer loop
      vertex 10.7778 12.7778 3
      vertex 17.2222 12.7778 3
      vertex 17.3304 12.8727 3
    endloop
  endfacet
  facet normal 0 0 1
    outer loop
      vertex 10.6696 12.8727 3
      vertex 17.3304 12.8727 3
      vertex 17.45 12.9526 3
    endloop
  endfacet
  facet normal 0 0 1
    outer loop
      vertex 10.55 12.9526 3
      vertex 17.45 12.9526 3
      vertex 17.579 13.0163 3
    endloop
  endfacet
  facet normal 0 -0 1
    outer loop
      vertex 10.2847 13.0625 3
      vertex 17.7153 13.0625 3
      vertex 10.1436 13.0906 3
    endloop
  endfacet
  facet normal 0 0 1
    outer loop
      vertex 16.9094 12.1436 3
      vertex 11.0906 12.1436 3
      vertex 11.1 12 3
    endloop
  endfacet
  facet normal 0 0 1
    outer loop
      vertex 16.9375 12.2847 3
      vertex 11.0625 12.2847 3
      vertex 11.0906 12.1436 3
    endloop
  endfacet
  facet normal 0 0 1
    outer loop
      vertex 16.9837 12.4209 3
      vertex 11.0163 12.4209 3
      vertex 11.0625 12.2847 3
    endloop
  endfacet
  facet normal 0 0 1
    outer loop
      vertex 17.0474 12.55 3
      vertex 10.9526 12.55 3
      vertex 11.0163 12.4209 3
    endloop
  endfacet
  facet normal 0 0 1
    outer loop
      vertex 17.1273 12.6696 3
      vertex 10.8727 12.6696 3
      vertex 10.9526 12.55 3
    endloop
  endfacet
  facet normal 0 0 1
    outer loop
      vertex 17.2222 12.7778 3
      vertex 10.7778 12.7778 3
      vertex 10.8727 12.6696 3
    endloop
  endfacet
  facet normal 0 0 1
    outer loop
      vertex 17.3304 12.8727 3
      vertex 10.6696 12.8727 3
      vertex 10.7778 12.7778 3
    endloop
  endfacet
  facet normal 0 0 1
    outer loop
      vertex 17.45 12.9526 3
      vertex 10.55 12.9526 3
      vertex 10.6696 12.8727 3
    endloop
  endfacet
  facet normal 0 0 1
    outer loop
      vertex 17.579 13.0163 3
      vertex 10.4209 13.0163 3
      vertex 10.55 12.9526 3
    endloop
  endfacet
  facet normal 0 0 1
    outer loop
      vertex 17.579 13.0163 3
      vertex 10.2847 13.0625 3
      vertex 10.4209 13.0163 3
    endloop
  endfacet
  facet normal 0 0 1
    outer loop
      vertex 17.7153 13.0625 3
      vertex 10.2847 13.0625 3
      vertex 17.579 13.0163 3
    endloop
  endfacet
  facet normal 0 0 1
    outer loop
      vertex 32 18 3
      vertex 10 13.1 3
      vertex 10.1436 13.0906 3
    endloop
  endfacet
  facet normal 0 0 1
    outer loop
      vertex 32 18 3
      vertex 9.85641 13.0906 3
      vertex 10 13.1 3
    endloop
  endfacet
  facet normal 0 0 1
    outer loop
      vertex 2.14357 13.0906 3
      vertex 9.85641 13.0906 3
      vertex 32 18 3
    endloop
  endfacet
  facet normal 0 0 1
    outer loop
      vertex 9.33035 11.1273 3
      vertex 5 10.3 3
      vertex 5 7.7 3
    endloop
  endfacet
  facet normal 0 0 1
    outer loop
      vertex 8.90941 12.1436 3
      vertex 5 10.3 3
      vertex 8.89999 12 3
    endloop
  endfacet
  facet normal 0 0 1
    outer loop
      vertex 8.93747 12.2847 3
      vertex 5 10.3 3
      vertex 8.90941 12.1436 3
    endloop
  endfacet
  facet normal 0 0 1
    outer loop
      vertex 3.06252 12.2847 3
      vertex 8.93747 12.2847 3
      vertex 8.98372 12.4209 3
    endloop
  endfacet
  facet normal 0 0 1
    outer loop
      vertex 3.01627 12.4209 3
      vertex 8.98372 12.4209 3
      vertex 9.04736 12.55 3
    endloop
  endfacet
  facet normal 0 0 1
    outer loop
      vertex 2.95262 12.55 3
      vertex 9.04736 12.55 3
      vertex 9.1273 12.6696 3
    endloop
  endfacet
  facet normal 0 0 1
    outer loop
      vertex 2.87268 12.6696 3
      vertex 9.1273 12.6696 3
      vertex 9.22217 12.7778 3
    endloop
  endfacet
  facet normal 0 0 1
    outer loop
      vertex 2.77782 12.7778 3
      vertex 9.22217 12.7778 3
      vertex 9.33035 12.8727 3
    endloop
  endfacet
  facet normal 0 0 1
    outer loop
      vertex 2.66963 12.8727 3
      vertex 9.33035 12.8727 3
      vertex 9.45 12.9526 3
    endloop
  endfacet
  facet normal 0 0 1
    outer loop
      vertex 8.93747 12.2847 3
      vertex 3.06252 12.2847 3
      vertex 5 10.3 3
    endloop
  endfacet
  facet normal 0 0 1
    outer loop
      vertex 2.54999 12.9526 3
      vertex 9.45 12.9526 3
      vertex 9.57904 13.0163 3
    endloop
  endfacet
  facet normal 0 0 1
    outer loop
      vertex 2.42094 13.0163 3
      vertex 9.57904 13.0163 3
      vertex 9.71529 13.0625 3
    endloop
  endfacet
  facet normal 0 0 1
    outer loop
      vertex 9.85641 13.0906 3
      vertex 2.14357 13.0906 3
      vertex 9.71529 13.0625 3
    endloop
  endfacet
  facet normal 0 0 1
    outer loop
      vertex 5 10.3 3
      vertex 3.09058 12.1436 3
      vertex 3.09999 12 3
    endloop
  endfacet
  facet normal 0 0 1
    outer loop
      vertex 5 10.3 3
      vertex 3.06252 12.2847 3
      vertex 3.09058 12.1436 3
    endloop
  endfacet
  facet normal 0 0 1
    outer loop
      vertex 8.98372 12.4209 3
      vertex 3.01627 12.4209 3
      vertex 3.06252 12.2847 3
    endloop
  endfacet
  facet normal 0 0 1
    outer loop
      vertex 9.04736 12.55 3
      vertex 2.95262 12.55 3
      vertex 3.01627 12.4209 3
    endloop
  endfacet
  facet normal 0 0 1
    outer loop
      vertex 9.1273 12.6696 3
      vertex 2.87268 12.6696 3
      vertex 2.95262 12.55 3
    endloop
  endfacet
  facet normal 0 0 1
    outer loop
      vertex 9.22217 12.7778 3
      vertex 2.77782 12.7778 3
      vertex 2.87268 12.6696 3
    endloop
  endfacet
  facet normal 0 0 1
    outer loop
      vertex 9.33035 12.8727 3
      vertex 2.66963 12.8727 3
      vertex 2.77782 12.7778 3
    endloop
  endfacet
  facet normal 0 0 1
    outer loop
      vertex 9.45 12.9526 3
      vertex 2.54999 12.9526 3
      vertex 2.66963 12.8727 3
    endloop
  endfacet
  facet normal 0 0 1
    outer loop
      vertex 9.57904 13.0163 3
      vertex 2.42094 13.0163 3
      vertex 2.54999 12.9526 3
    endloop
  endfacet
  facet normal 0 0 1
    outer loop
      vertex 9.71529 13.0625 3
      vertex 2.2847 13.0625 3
      vertex 2.42094 13.0163 3
    endloop
  endfacet
  facet normal 0 0 1
    outer loop
      vertex 9.71529 13.0625 3
      vertex 2.14357 13.0906 3
      vertex 2.2847 13.0625 3
    endloop
  endfacet
  facet normal 0 0 1
    outer loop
      vertex 32 18 3
      vertex 2 13.1 3
      vertex 2.14357 13.0906 3
    endloop
  endfacet
  facet normal -0 0 1
    outer loop
      vertex -32 18 3
      vertex 2 13.1 3
      vertex 32 18 3
    endloop
  endfacet
  facet normal 0 0 1
    outer loop
      vertex 0.909409 12.1436 3
      vertex -1 10.3 3
      vertex 0.899994 12 3
    endloop
  endfacet
  facet normal 0 0 1
    outer loop
      vertex 0.937469 12.2847 3
      vertex -1 10.3 3
      vertex 0.909409 12.1436 3
    endloop
  endfacet
  facet normal 0 0 1
    outer loop
      vertex -4.93747 12.2847 3
      vertex 0.937469 12.2847 3
      vertex 0.983719 12.4209 3
    endloop
  endfacet
  facet normal 0 0 1
    outer loop
      vertex -4.98372 12.4209 3
      vertex 0.983719 12.4209 3
      vertex 1.04736 12.55 3
    endloop
  endfacet
  facet normal 0 0 1
    outer loop
      vertex -5.04736 12.55 3
      vertex 1.04736 12.55 3
      vertex 1.1273 12.6696 3
    endloop
  endfacet
  facet normal 0 0 1
    outer loop
      vertex -5.1273 12.6696 3
      vertex 1.1273 12.6696 3
      vertex 1.22217 12.7778 3
    endloop
  endfacet
  facet normal -0 0 1
    outer loop
      vertex -4.90941 11.8564 3
      vertex -1 10.3 3
      vertex -4.89999 12 3
    endloop
  endfacet
  facet normal -0 0 1
    outer loop
      vertex -4.93747 11.7153 3
      vertex -1 10.3 3
      vertex -4.90941 11.8564 3
    endloop
  endfacet
  facet normal -0 0 1
    outer loop
      vertex -4.98372 11.579 3
      vertex -1 10.3 3
      vertex -4.93747 11.7153 3
    endloop
  endfacet
  facet normal 0 0 1
    outer loop
      vertex 0.937469 12.2847 3
      vertex -4.93747 12.2847 3
      vertex -1 10.3 3
    endloop
  endfacet
  facet normal 0 0 1
    outer loop
      vertex -5.22217 12.7778 3
      vertex 1.22217 12.7778 3
      vertex 1.33035 12.8727 3
    endloop
  endfacet
  facet normal 0 0 1
    outer loop
      vertex -5.33035 12.8727 3
      vertex 1.33035 12.8727 3
      vertex 1.45 12.9526 3
    endloop
  endfacet
  facet normal 0 0 1
    outer loop
      vertex -5.45 12.9526 3
      vertex 1.45 12.9526 3
      vertex 1.57904 13.0163 3
    endloop
  endfacet
  facet normal 0 0 1
    outer loop
      vertex -5.57904 13.0163 3
      vertex 1.57904 13.0163 3
      vertex 1.71529 13.0625 3
    endloop
  endfacet
  facet normal 0 0 1
    outer loop
      vertex -5.71529 13.0625 3
      vertex 1.71529 13.0625 3
      vertex 1.85641 13.0906 3
    endloop
  endfacet
  facet normal 0 -0 1
    outer loop
      vertex -6 13.1 3
      vertex 2 13.1 3
      vertex -32 18 3
    endloop
  endfacet
  facet normal 0 0 1
    outer loop
      vertex -1 10.3 3
      vertex -4.90941 12.1436 3
      vertex -4.89999 12 3
    endloop
  endfacet
  facet normal 0 0 1
    outer loop
      vertex -1 10.3 3
      vertex -4.93747 12.2847 3
      vertex -4.90941 12.1436 3
    endloop
  endfacet
  facet normal 0 0 1
    outer loop
      vertex 0.983719 12.4209 3
      vertex -4.98372 12.4209 3
      vertex -4.93747 12.2847 3
    endloop
  endfacet
  facet normal 0 0 1
    outer loop
      vertex 1.04736 12.55 3
      vertex -5.04736 12.55 3
      vertex -4.98372 12.4209 3
    endloop
  endfacet
  facet normal 0 0 1
    outer loop
      vertex 1.1273 12.6696 3
      vertex -5.1273 12.6696 3
      vertex -5.04736 12.55 3
    endloop
  endfacet
  facet normal 0 0 1
    outer loop
      vertex 1.22217 12.7778 3
      vertex -5.22217 12.7778 3
      vertex -5.1273 12.6696 3
    endloop
  endfacet
  facet normal 0 0 1
    outer loop
      vertex 1.33035 12.8727 3
      vertex -5.33035 12.8727 3
      vertex -5.22217 12.7778 3
    endloop
  endfacet
  facet normal 0 0 1
    outer loop
      vertex 1.45 12.9526 3
      vertex -5.45 12.9526 3
      vertex -5.33035 12.8727 3
    endloop
  endfacet
  facet normal 0 0 1
    outer loop
      vertex 1.57904 13.0163 3
      vertex -5.57904 13.0163 3
      vertex -5.45 12.9526 3
    endloop
  endfacet
  facet normal 0 0 1
    outer loop
      vertex 1.71529 13.0625 3
      vertex -5.71529 13.0625 3
      vertex -5.57904 13.0163 3
    endloop
  endfacet
  facet normal 0 0 1
    outer loop
      vertex 1.85641 13.0906 3
      vertex -5.85641 13.0906 3
      vertex -5.71529 13.0625 3
    endloop
  endfacet
  facet normal 0 0 1
    outer loop
      vertex 1.85641 13.0906 3
      vertex -6 13.1 3
      vertex -5.85641 13.0906 3
    endloop
  endfacet
  facet normal 0 0 1
    outer loop
      vertex 2 13.1 3
      vertex -6 13.1 3
      vertex 1.85641 13.0906 3
    endloop
  endfacet
  facet normal -0 0 1
    outer loop
      vertex -15.3304 -0.872681 3
      vertex -6.66963 -11.1273 3
      vertex -15.2222 -0.777817 3
    endloop
  endfacet
  facet normal 0 0 1
    outer loop
      vertex -23.0474 8.54999 3
      vertex -7.09999 12 3
      vertex -7.09058 12.1436 3
    endloop
  endfacet
  facet normal 0 0 1
    outer loop
      vertex -23.1273 8.66963 3
      vertex -7.09058 12.1436 3
      vertex -7.06252 12.2847 3
    endloop
  endfacet
  facet normal 0 0 1
    outer loop
      vertex -23.2222 8.77782 3
      vertex -7.06252 12.2847 3
      vertex -7.01627 12.4209 3
    endloop
  endfacet
  facet normal 0 0 1
    outer loop
      vertex -23.3304 8.87268 3
      vertex -7.01627 12.4209 3
      vertex -6.95262 12.55 3
    endloop
  endfacet
  facet normal 0 0 1
    outer loop
      vertex -1 7.7 3
      vertex -14.9 0 3
      vertex -1 -7.7 3
    endloop
  endfacet
  facet normal 0 0 1
    outer loop
      vertex -1 7.7 3
      vertex -14.9375 0.284698 3
      vertex -14.9094 0.14357 3
    endloop
  endfacet
  facet normal 0 0 1
    outer loop
      vertex -1 7.7 3
      vertex -14.9837 0.420944 3
      vertex -14.9375 0.284698 3
    endloop
  endfacet
  facet normal 0 0 1
    outer loop
      vertex -6.2847 10.9375 3
      vertex -15.0474 0.549988 3
      vertex -14.9837 0.420944 3
    endloop
  endfacet
  facet normal 0 0 1
    outer loop
      vertex -23.45 8.95262 3
      vertex -6.95262 12.55 3
      vertex -6.87268 12.6696 3
    endloop
  endfacet
  facet normal 0 0 1
    outer loop
      vertex -6.42094 10.9837 3
      vertex -15.1273 0.669632 3
      vertex -15.0474 0.549988 3
    endloop
  endfacet
  facet normal 0 0 1
    outer loop
      vertex -6.54999 11.0474 3
      vertex -15.2222 0.777817 3
      vertex -15.1273 0.669632 3
    endloop
  endfacet
  facet normal 0 0 1
    outer loop
      vertex -6.66963 11.1273 3
      vertex -15.3304 0.872681 3
      vertex -15.2222 0.777817 3
    endloop
  endfacet
  facet normal 0 0 1
    outer loop
      vertex -6.77782 11.2222 3
      vertex -15.45 0.952621 3
      vertex -15.3304 0.872681 3
    endloop
  endfacet
  facet normal 0 0 1
    outer loop
      vertex -6.87268 11.3304 3
      vertex -15.5791 1.01627 3
      vertex -15.45 0.952621 3
    endloop
  endfacet
  facet normal 0 0 1
    outer loop
      vertex -6.95262 11.45 3
      vertex -15.7153 1.06252 3
      vertex -15.5791 1.01627 3
    endloop
  endfacet
  facet normal 0 0 1
    outer loop
      vertex -7.01627 11.579 3
      vertex -15.8564 1.09058 3
      vertex -15.7153 1.06252 3
    endloop
  endfacet
  facet normal 0 0 1
    outer loop
      vertex -7.06252 11.7153 3
      vertex -22.9094 8.14357 3
      vertex -15.8564 1.09058 3
    endloop
  endfacet
  facet normal 0 0 1
    outer loop
      vertex -15.8564 1.09058 3
      vertex -22.9094 8.14357 3
      vertex -16 1.09999 3
    endloop
  endfacet
  facet normal -0 -0 1
    outer loop
      vertex -22.9 8 3
      vertex -16 1.09999 3
      vertex -22.9094 8.14357 3
    endloop
  endfacet
  facet normal 0 0 1
    outer loop
      vertex -16 1.09999 3
      vertex -22.9 8 3
      vertex -16.1436 1.09058 3
    endloop
  endfacet
  facet normal -0 0 1
    outer loop
      vertex -22.9094 7.85641 3
      vertex -16.1436 1.09058 3
      vertex -22.9 8 3
    endloop
  endfacet
  facet normal 0 0 1
    outer loop
      vertex -16.1436 1.09058 3
      vertex -22.9094 7.85641 3
      vertex -16.2847 1.06252 3
    endloop
  endfacet
  facet normal 0 0 1
    outer loop
      vertex -16.2847 1.06252 3
      vertex -21.4544 2.54558 3
      vertex -16.421 1.01627 3
    endloop
  endfacet
  facet normal -0 -0 1
    outer loop
      vertex -21.1439 2.19153 3
      vertex -16.421 1.01627 3
      vertex -21.4544 2.54558 3
    endloop
  endfacet
  facet normal 0 0 1
    outer loop
      vertex -17.0906 0.14357 3
      vertex -20.4 0 3
      vertex -17.1 0 3
    endloop
  endfacet
  facet normal 0 0 1
    outer loop
      vertex -20.4308 0.469879 3
      vertex -17.0906 0.14357 3
      vertex -17.0625 0.284698 3
    endloop
  endfacet
  facet normal 0 0 1
    outer loop
      vertex -20.4308 0.469879 3
      vertex -17.0625 0.284698 3
      vertex -17.0163 0.420944 3
    endloop
  endfacet
  facet normal 0 0 1
    outer loop
      vertex -20.5227 0.931747 3
      vertex -17.0163 0.420944 3
      vertex -16.9526 0.549988 3
    endloop
  endfacet
  facet normal 0 0 1
    outer loop
      vertex -20.5227 0.931747 3
      vertex -16.9526 0.549988 3
      vertex -16.8727 0.669632 3
    endloop
  endfacet
  facet normal 0 0 1
    outer loop
      vertex -16.421 1.01627 3
      vertex -21.1439 2.19153 3
      vertex -16.55 0.952621 3
    endloop
  endfacet
  facet normal 0 0 1
    outer loop
      vertex -23.5791 9.01627 3
      vertex -6.87268 12.6696 3
      vertex -6.77782 12.7778 3
    endloop
  endfacet
  facet normal 0 0 1
    outer loop
      vertex -17.0906 0.14357 3
      vertex -20.4308 0.469879 3
      vertex -20.4 0 3
    endloop
  endfacet
  facet normal 0 0 1
    outer loop
      vertex -17.0163 0.420944 3
      vertex -20.5227 0.931747 3
      vertex -20.4308 0.469879 3
    endloop
  endfacet
  facet normal 0 0 1
    outer loop
      vertex -32 18 3
      vertex -6.77782 12.7778 3
      vertex -6.66963 12.8727 3
    endloop
  endfacet
  facet normal 0 0 1
    outer loop
      vertex -16.8727 0.669632 3
      vertex -20.674 1.37766 3
      vertex -20.5227 0.931747 3
    endloop
  endfacet
  facet normal 0 0 1
    outer loop
      vertex -16.7778 0.777817 3
      vertex -20.674 1.37766 3
      vertex -16.8727 0.669632 3
    endloop
  endfacet
  facet normal -0 -0 1
    outer loop
      vertex -20.674 1.37766 3
      vertex -16.7778 0.777817 3
      vertex -20.8823 1.79999 3
    endloop
  endfacet
  facet normal 0 0 1
    outer loop
      vertex -16.55 0.952621 3
      vertex -20.8823 1.79999 3
      vertex -16.6696 0.872681 3
    endloop
  endfacet
  facet normal 0 0 1
    outer loop
      vertex -16.6696 0.872681 3
      vertex -20.8823 1.79999 3
      vertex -16.7778 0.777817 3
    endloop
  endfacet
  facet normal 0 0 1
    outer loop
      vertex -32 18 3
      vertex -6.66963 12.8727 3
      vertex -6.54999 12.9526 3
    endloop
  endfacet
  facet normal -0 0 1
    outer loop
      vertex -22.9375 7.71529 3
      vertex -16.2847 1.06252 3
      vertex -22.9094 7.85641 3
    endloop
  endfacet
  facet normal 0 0 1
    outer loop
      vertex -16.2847 1.06252 3
      vertex -22.9375 7.71529 3
      vertex -21.4544 2.54558 3
    endloop
  endfacet
  facet normal 0 0 1
    outer loop
      vertex -21.4544 2.54558 3
      vertex -22.9375 7.71529 3
      vertex -21.8085 2.85606 3
    endloop
  endfacet
  facet normal 0 0 1
    outer loop
      vertex -32 18 3
      vertex -6.54999 12.9526 3
      vertex -6.42094 13.0163 3
    endloop
  endfacet
  facet normal 0 0 1
    outer loop
      vertex -32 18 3
      vertex -6.42094 13.0163 3
      vertex -6.2847 13.0625 3
    endloop
  endfacet
  facet normal -0 -0 1
    outer loop
      vertex -20.8823 1.79999 3
      vertex -16.55 0.952621 3
      vertex -21.1439 2.19153 3
    endloop
  endfacet
  facet normal 0 0 1
    outer loop
      vertex -7.06252 11.7153 3
      vertex -22.9375 8.2847 3
      vertex -22.9094 8.14357 3
    endloop
  endfacet
  facet normal 0 0 1
    outer loop
      vertex -7.09058 11.8564 3
      vertex -22.9837 8.42094 3
      vertex -22.9375 8.2847 3
    endloop
  endfacet
  facet normal 0 0 1
    outer loop
      vertex -7.09999 12 3
      vertex -23.0474 8.54999 3
      vertex -22.9837 8.42094 3
    endloop
  endfacet
  facet normal 0 0 1
    outer loop
      vertex -7.09058 12.1436 3
      vertex -23.1273 8.66963 3
      vertex -23.0474 8.54999 3
    endloop
  endfacet
  facet normal 0 0 1
    outer loop
      vertex -7.06252 12.2847 3
      vertex -23.2222 8.77782 3
      vertex -23.1273 8.66963 3
    endloop
  endfacet
  facet normal 0 0 1
    outer loop
      vertex -7.01627 12.4209 3
      vertex -23.3304 8.87268 3
      vertex -23.2222 8.77782 3
    endloop
  endfacet
  facet normal 0 0 1
    outer loop
      vertex -6.95262 12.55 3
      vertex -23.45 8.95262 3
      vertex -23.3304 8.87268 3
    endloop
  endfacet
  facet normal 0 0 1
    outer loop
      vertex -6.87268 12.6696 3
      vertex -23.5791 9.01627 3
      vertex -23.45 8.95262 3
    endloop
  endfacet
  facet normal 0 0 1
    outer loop
      vertex -6.77782 12.7778 3
      vertex -32 18 3
      vertex -23.5791 9.01627 3
    endloop
  endfacet
  facet normal 0 0 1
    outer loop
      vertex -23.5791 9.01627 3
      vertex -32 18 3
      vertex -23.7153 9.06252 3
    endloop
  endfacet
  facet normal 0 0 1
    outer loop
      vertex -23.7153 9.06252 3
      vertex -32 18 3
      vertex -23.8564 9.09058 3
    endloop
  endfacet
  facet normal 0 0 1
    outer loop
      vertex -23.8564 9.09058 3
      vertex -32 18 3
      vertex -24 9.09999 3
    endloop
  endfacet
  facet normal 0 0 1
    outer loop
      vertex -24 9.09999 3
      vertex -32 18 3
      vertex -24.1436 9.09058 3
    endloop
  endfacet
  facet normal 0 0 1
    outer loop
      vertex -24.7778 7.22217 3
      vertex -25.8 3.11769 3
      vertex -25.3777 3.32596 3
    endloop
  endfacet
  facet normal 0 0 1
    outer loop
      vertex -36 14 3
      vertex -25.1 8 3
      vertex -25.0906 8.14357 3
    endloop
  endfacet
  facet normal 0 0 1
    outer loop
      vertex -24.9526 7.45 3
      vertex -26.1915 2.85606 3
      vertex -25.8 3.11769 3
    endloop
  endfacet
  facet normal 0 0 1
    outer loop
      vertex -36 14 3
      vertex -25.0906 8.14357 3
      vertex -25.0625 8.2847 3
    endloop
  endfacet
  facet normal 0 0 1
    outer loop
      vertex -25.0625 7.71529 3
      vertex -26.5456 2.54558 3
      vertex -26.1915 2.85606 3
    endloop
  endfacet
  facet normal 0 0 1
    outer loop
      vertex -25.0625 7.71529 3
      vertex -31.7153 1.06252 3
      vertex -26.5456 2.54558 3
    endloop
  endfacet
  facet normal 0 0 1
    outer loop
      vertex -26.5456 2.54558 3
      vertex -31.7153 1.06252 3
      vertex -26.8561 2.19153 3
    endloop
  endfacet
  facet normal 0 -0 1
    outer loop
      vertex -31.579 1.01627 3
      vertex -26.8561 2.19153 3
      vertex -31.7153 1.06252 3
    endloop
  endfacet
  facet normal 0 0 1
    outer loop
      vertex -26.8561 2.19153 3
      vertex -31.45 0.952621 3
      vertex -27.1177 1.79999 3
    endloop
  endfacet
  facet normal -0 0 1
    outer loop
      vertex -30.9094 0.14357 3
      vertex -27.6 0 3
      vertex -27.5692 0.469879 3
    endloop
  endfacet
  facet normal 0 0 1
    outer loop
      vertex -30.9837 0.420944 3
      vertex -27.5692 0.469879 3
      vertex -27.4773 0.931747 3
    endloop
  endfacet
  facet normal 0 -0 1
    outer loop
      vertex -31.3304 0.872681 3
      vertex -27.1177 1.79999 3
      vertex -31.45 0.952621 3
    endloop
  endfacet
  facet normal 0 0 1
    outer loop
      vertex -36 14 3
      vertex -25.0625 8.2847 3
      vertex -25.0163 8.42094 3
    endloop
  endfacet
  facet normal 0 0 1
    outer loop
      vertex -36 14 3
      vertex -25.0163 8.42094 3
      vertex -24.9526 8.54999 3
    endloop
  endfacet
  facet normal 0 0 1
    outer loop
      vertex -36 14 3
      vertex -24.9526 8.54999 3
      vertex -24.8727 8.66963 3
    endloop
  endfacet
  facet normal 0 0 1
    outer loop
      vertex -27.6 0 3
      vertex -30.9094 0.14357 3
      vertex -30.9 0 3
    endloop
  endfacet
  facet normal 0 0 1
    outer loop
      vertex -27.5692 0.469879 3
      vertex -30.9375 0.284698 3
      vertex -30.9094 0.14357 3
    endloop
  endfacet
  facet normal 0 0 1
    outer loop
      vertex -27.5692 0.469879 3
      vertex -30.9837 0.420944 3
      vertex -30.9375 0.284698 3
    endloop
  endfacet
  facet normal 0 0 1
    outer loop
      vertex -27.4773 0.931747 3
      vertex -31.0474 0.549988 3
      vertex -30.9837 0.420944 3
    endloop
  endfacet
  facet normal 0 0 1
    outer loop
      vertex -27.4773 0.931747 3
      vertex -31.1273 0.669632 3
      vertex -31.0474 0.549988 3
    endloop
  endfacet
  facet normal 0 0 1
    outer loop
      vertex -27.326 1.37766 3
      vertex -31.1273 0.669632 3
      vertex -27.4773 0.931747 3
    endloop
  endfacet
  facet normal 0 -0 1
    outer loop
      vertex -31.1273 0.669632 3
      vertex -27.326 1.37766 3
      vertex -31.2222 0.777817 3
    endloop
  endfacet
  facet normal 0 0 1
    outer loop
      vertex -27.1177 1.79999 3
      vertex -31.2222 0.777817 3
      vertex -27.326 1.37766 3
    endloop
  endfacet
  facet normal 0 -0 1
    outer loop
      vertex -31.2222 0.777817 3
      vertex -27.1177 1.79999 3
      vertex -31.3304 0.872681 3
    endloop
  endfacet
  facet normal 0 -0 1
    outer loop
      vertex -31.45 0.952621 3
      vertex -26.8561 2.19153 3
      vertex -31.579 1.01627 3
    endloop
  endfacet
  facet normal 0 0 1
    outer loop
      vertex -32 18 3
      vertex -24.8727 8.66963 3
      vertex -24.7778 8.77782 3
    endloop
  endfacet
  facet normal 0 0 1
    outer loop
      vertex -25.0906 7.85641 3
      vertex -31.8564 1.09058 3
      vertex -31.7153 1.06252 3
    endloop
  endfacet
  facet normal 0 0 1
    outer loop
      vertex -6 13.1 3
      vertex -32 18 3
      vertex -6.14357 13.0906 3
    endloop
  endfacet
  facet normal 0 0 1
    outer loop
      vertex -32 18 3
      vertex -6.2847 13.0625 3
      vertex -6.14357 13.0906 3
    endloop
  endfacet
  facet normal 0 0 1
    outer loop
      vertex -24.1436 9.09058 3
      vertex -32 18 3
      vertex -24.2847 9.06252 3
    endloop
  endfacet
  facet normal 0 0 1
    outer loop
      vertex -32 18 3
      vertex -24.4209 9.01627 3
      vertex -24.2847 9.06252 3
    endloop
  endfacet
  facet normal 0 0 1
    outer loop
      vertex -32 18 3
      vertex -24.55 8.95262 3
      vertex -24.4209 9.01627 3
    endloop
  endfacet
  facet normal 0 0 1
    outer loop
      vertex -32 18 3
      vertex -24.6696 8.87268 3
      vertex -24.55 8.95262 3
    endloop
  endfacet
  facet normal 0 0 1
    outer loop
      vertex -32 18 3
      vertex -24.7778 8.77782 3
      vertex -24.6696 8.87268 3
    endloop
  endfacet
  facet normal 0 0 1
    outer loop
      vertex -24.8727 8.66963 3
      vertex -32 18 3
      vertex -36 14 3
    endloop
  endfacet
  facet normal 0 0 1
    outer loop
      vertex -25.1 8 3
      vertex -36 14 3
      vertex -32 1.09999 3
    endloop
  endfacet
  facet normal 0 0 1
    outer loop
      vertex -25.1 8 3
      vertex -32 1.09999 3
      vertex -31.8564 1.09058 3
    endloop
  endfacet
  facet normal 0 0 1
    outer loop
      vertex -32 1.09999 3
      vertex -36 14 3
      vertex -32.1436 1.09058 3
    endloop
  endfacet
  facet normal 0 0 1
    outer loop
      vertex -32.1436 1.09058 3
      vertex -36 14 3
      vertex -32.2847 1.06252 3
    endloop
  endfacet
  facet normal 0 0 1
    outer loop
      vertex -36 14 3
      vertex -32 18 3
      vertex -32.5221 17.9658 3
    endloop
  endfacet
  facet normal 0 0 1
    outer loop
      vertex -32.2847 1.06252 3
      vertex -36 14 3
      vertex -32.4209 1.01627 3
    endloop
  endfacet
  facet normal 0 0 1
    outer loop
      vertex -32.4209 1.01627 3
      vertex -36 14 3
      vertex -32.55 0.952621 3
    endloop
  endfacet
  facet normal 0 0 1
    outer loop
      vertex -32.55 0.952621 3
      vertex -36 14 3
      vertex -32.6696 0.872681 3
    endloop
  endfacet
  facet normal 0 0 1
    outer loop
      vertex -32.6696 0.872681 3
      vertex -36 14 3
      vertex -32.7778 0.777817 3
    endloop
  endfacet
  facet normal 0 0 1
    outer loop
      vertex -32.7778 0.777817 3
      vertex -36 14 3
      vertex -32.8727 0.669632 3
    endloop
  endfacet
  facet normal 0 0 1
    outer loop
      vertex -32.8727 0.669632 3
      vertex -36 14 3
      vertex -32.9526 0.549988 3
    endloop
  endfacet
  facet normal 0 0 1
    outer loop
      vertex -36 14 3
      vertex -32.5221 17.9658 3
      vertex -33.0353 17.8637 3
    endloop
  endfacet
  facet normal 0 0 1
    outer loop
      vertex -32.9526 0.549988 3
      vertex -36 14 3
      vertex -33.0163 0.420944 3
    endloop
  endfacet
  facet normal 0 0 1
    outer loop
      vertex -33.0163 0.420944 3
      vertex -36 14 3
      vertex -33.0625 0.284698 3
    endloop
  endfacet
  facet normal 0 0 1
    outer loop
      vertex -33.0625 0.284698 3
      vertex -36 14 3
      vertex -33.0906 0.14357 3
    endloop
  endfacet
  facet normal 0 0 1
    outer loop
      vertex -36 14 3
      vertex -33.0353 17.8637 3
      vertex -33.5307 17.6955 3
    endloop
  endfacet
  facet normal 0 0 1
    outer loop
      vertex 35.1734 -16.435 3
      vertex 32 -18 3
      vertex 34.8284 -16.8284 3
    endloop
  endfacet
  facet normal 0 0 1
    outer loop
      vertex 34.435 -17.1734 3
      vertex 32 -18 3
      vertex 34 -17.4641 3
    endloop
  endfacet
  facet normal 0 0 1
    outer loop
      vertex 34 -17.4641 3
      vertex 32 -18 3
      vertex 33.5307 -17.6955 3
    endloop
  endfacet
  facet normal 0 0 1
    outer loop
      vertex 33.5307 -17.6955 3
      vertex 32 -18 3
      vertex 33.0353 -17.8637 3
    endloop
  endfacet
  facet normal 0 0 1
    outer loop
      vertex 33.0353 -17.8637 3
      vertex 32 -18 3
      vertex 32.5221 -17.9658 3
    endloop
  endfacet
  facet normal 0 0 1
    outer loop
      vertex 34.8284 -16.8284 3
      vertex 32 -18 3
      vertex 34.435 -17.1734 3
    endloop
  endfacet
  facet normal -0 0 1
    outer loop
      vertex 27.0163 -12.4209 3
      vertex 32 -18 3
      vertex 27.0625 -12.2847 3
    endloop
  endfacet
  facet normal -0 0 1
    outer loop
      vertex 26.9526 -12.55 3
      vertex 32 -18 3
      vertex 27.0163 -12.4209 3
    endloop
  endfacet
  facet normal -0 0 1
    outer loop
      vertex 26.8727 -12.6696 3
      vertex 32 -18 3
      vertex 26.9526 -12.55 3
    endloop
  endfacet
  facet normal -0 0 1
    outer loop
      vertex 26.7778 -12.7778 3
      vertex 32 -18 3
      vertex 26.8727 -12.6696 3
    endloop
  endfacet
  facet normal -0 0 1
    outer loop
      vertex 26.6696 -12.8727 3
      vertex 32 -18 3
      vertex 26.7778 -12.7778 3
    endloop
  endfacet
  facet normal -0 0 1
    outer loop
      vertex 26.55 -12.9526 3
      vertex 32 -18 3
      vertex 26.6696 -12.8727 3
    endloop
  endfacet
  facet normal -0 0 1
    outer loop
      vertex 26.4209 -13.0163 3
      vertex 32 -18 3
      vertex 26.55 -12.9526 3
    endloop
  endfacet
  facet normal -0 0 1
    outer loop
      vertex 26.2847 -13.0625 3
      vertex 32 -18 3
      vertex 26.4209 -13.0163 3
    endloop
  endfacet
  facet normal -0 0 1
    outer loop
      vertex 26.1436 -13.0906 3
      vertex 32 -18 3
      vertex 26.2847 -13.0625 3
    endloop
  endfacet
  facet normal -0 0 1
    outer loop
      vertex 26 -13.1 3
      vertex 32 -18 3
      vertex 26.1436 -13.0906 3
    endloop
  endfacet
  facet normal 0 0 1
    outer loop
      vertex 25.8564 -13.0906 3
      vertex 32 -18 3
      vertex 26 -13.1 3
    endloop
  endfacet
  facet normal 0 0 1
    outer loop
      vertex 25.7153 -13.0625 3
      vertex 32 -18 3
      vertex 25.8564 -13.0906 3
    endloop
  endfacet
  facet normal 0 0 1
    outer loop
      vertex 18.2847 -13.0625 3
      vertex 25.7153 -13.0625 3
      vertex 25.579 -13.0163 3
    endloop
  endfacet
  facet normal 0 0 1
    outer loop
      vertex 18.4209 -13.0163 3
      vertex 25.579 -13.0163 3
      vertex 25.45 -12.9526 3
    endloop
  endfacet
  facet normal 0 0 1
    outer loop
      vertex 18.55 -12.9526 3
      vertex 25.45 -12.9526 3
      vertex 25.3304 -12.8727 3
    endloop
  endfacet
  facet normal 0 0 1
    outer loop
      vertex 24.9094 -11.8564 3
      vertex 19.1 -12 3
      vertex 24.9 -12 3
    endloop
  endfacet
  facet normal 0 0 1
    outer loop
      vertex 24 -3.7 3
      vertex 19.1 -12 3
      vertex 24 -6.29999 3
    endloop
  endfacet
  facet normal 0 0 1
    outer loop
      vertex 24.9 -12 3
      vertex 19.1 -12 3
      vertex 24.9094 -12.1436 3
    endloop
  endfacet
  facet normal 0 0 1
    outer loop
      vertex 19.0906 -12.1436 3
      vertex 24.9094 -12.1436 3
      vertex 19.1 -12 3
    endloop
  endfacet
  facet normal 0 0 1
    outer loop
      vertex 24.9094 -12.1436 3
      vertex 19.0906 -12.1436 3
      vertex 24.9375 -12.2847 3
    endloop
  endfacet
  facet normal 0 0 1
    outer loop
      vertex 19.0625 -12.2847 3
      vertex 24.9375 -12.2847 3
      vertex 19.0906 -12.1436 3
    endloop
  endfacet
  facet normal 0 0 1
    outer loop
      vertex 24.9375 -12.2847 3
      vertex 19.0625 -12.2847 3
      vertex 24.9837 -12.4209 3
    endloop
  endfacet
  facet normal 0 0 1
    outer loop
      vertex 19.0163 -12.4209 3
      vertex 24.9837 -12.4209 3
      vertex 19.0625 -12.2847 3
    endloop
  endfacet
  facet normal 0 0 1
    outer loop
      vertex 24.9837 -12.4209 3
      vertex 19.0163 -12.4209 3
      vertex 25.0474 -12.55 3
    endloop
  endfacet
  facet normal 0 0 1
    outer loop
      vertex 18.9526 -12.55 3
      vertex 25.0474 -12.55 3
      vertex 19.0163 -12.4209 3
    endloop
  endfacet
  facet normal 0 0 1
    outer loop
      vertex 25.0474 -12.55 3
      vertex 18.9526 -12.55 3
      vertex 25.1273 -12.6696 3
    endloop
  endfacet
  facet normal 0 0 1
    outer loop
      vertex 18.8727 -12.6696 3
      vertex 25.1273 -12.6696 3
      vertex 18.9526 -12.55 3
    endloop
  endfacet
  facet normal 0 0 1
    outer loop
      vertex 25.1273 -12.6696 3
      vertex 18.8727 -12.6696 3
      vertex 25.2222 -12.7778 3
    endloop
  endfacet
  facet normal 0 0 1
    outer loop
      vertex 18.7778 -12.7778 3
      vertex 25.2222 -12.7778 3
      vertex 18.8727 -12.6696 3
    endloop
  endfacet
  facet normal 0 0 1
    outer loop
      vertex 25.2222 -12.7778 3
      vertex 18.7778 -12.7778 3
      vertex 25.3304 -12.8727 3
    endloop
  endfacet
  facet normal 0 0 1
    outer loop
      vertex 18.6696 -12.8727 3
      vertex 25.3304 -12.8727 3
      vertex 18.7778 -12.7778 3
    endloop
  endfacet
  facet normal 0 0 1
    outer loop
      vertex 18.55 -12.9526 3
      vertex 25.3304 -12.8727 3
      vertex 18.6696 -12.8727 3
    endloop
  endfacet
  facet normal 0 0 1
    outer loop
      vertex 25.45 -12.9526 3
      vertex 18.55 -12.9526 3
      vertex 18.4209 -13.0163 3
    endloop
  endfacet
  facet normal 0 0 1
    outer loop
      vertex 18.2847 -13.0625 3
      vertex 25.579 -13.0163 3
      vertex 18.4209 -13.0163 3
    endloop
  endfacet
  facet normal 0 0 1
    outer loop
      vertex 25.7153 -13.0625 3
      vertex 18.2847 -13.0625 3
      vertex 32 -18 3
    endloop
  endfacet
  facet normal -0 0 1
    outer loop
      vertex 18.1436 -13.0906 3
      vertex 32 -18 3
      vertex 18.2847 -13.0625 3
    endloop
  endfacet
  facet normal -0 0 1
    outer loop
      vertex 18 -13.1 3
      vertex 32 -18 3
      vertex 18.1436 -13.0906 3
    endloop
  endfacet
  facet normal 0 0 1
    outer loop
      vertex 17.8564 -13.0906 3
      vertex 32 -18 3
      vertex 18 -13.1 3
    endloop
  endfacet
  facet normal 0 0 1
    outer loop
      vertex 10.1436 -13.0906 3
      vertex 17.8564 -13.0906 3
      vertex 17.7153 -13.0625 3
    endloop
  endfacet
  facet normal 0 0 1
    outer loop
      vertex 10.2847 -13.0625 3
      vertex 17.7153 -13.0625 3
      vertex 17.579 -13.0163 3
    endloop
  endfacet
  facet normal -0 0 1
    outer loop
      vertex 11.1 -12 3
      vertex 16.9094 -12.1436 3
      vertex 16.9 -12 3
    endloop
  endfacet
  facet normal 0 0 1
    outer loop
      vertex 11.0906 -12.1436 3
      vertex 16.9094 -12.1436 3
      vertex 11.1 -12 3
    endloop
  endfacet
  facet normal 0 0 1
    outer loop
      vertex 16.9094 -12.1436 3
      vertex 11.0906 -12.1436 3
      vertex 16.9375 -12.2847 3
    endloop
  endfacet
  facet normal 0 0 1
    outer loop
      vertex 11.0625 -12.2847 3
      vertex 16.9375 -12.2847 3
      vertex 11.0906 -12.1436 3
    endloop
  endfacet
  facet normal 0 0 1
    outer loop
      vertex 16.9375 -12.2847 3
      vertex 11.0625 -12.2847 3
      vertex 16.9837 -12.4209 3
    endloop
  endfacet
  facet normal 0 0 1
    outer loop
      vertex 11.0163 -12.4209 3
      vertex 16.9837 -12.4209 3
      vertex 11.0625 -12.2847 3
    endloop
  endfacet
  facet normal 0 0 1
    outer loop
      vertex 16.9837 -12.4209 3
      vertex 11.0163 -12.4209 3
      vertex 17.0474 -12.55 3
    endloop
  endfacet
  facet normal 0 0 1
    outer loop
      vertex 10.9526 -12.55 3
      vertex 17.0474 -12.55 3
      vertex 11.0163 -12.4209 3
    endloop
  endfacet
  facet normal 0 0 1
    outer loop
      vertex 17.0474 -12.55 3
      vertex 10.9526 -12.55 3
      vertex 17.1273 -12.6696 3
    endloop
  endfacet
  facet normal 0 0 1
    outer loop
      vertex 10.8727 -12.6696 3
      vertex 17.1273 -12.6696 3
      vertex 10.9526 -12.55 3
    endloop
  endfacet
  facet normal 0 0 1
    outer loop
      vertex 17.1273 -12.6696 3
      vertex 10.8727 -12.6696 3
      vertex 17.2222 -12.7778 3
    endloop
  endfacet
  facet normal 0 0 1
    outer loop
      vertex 10.7778 -12.7778 3
      vertex 17.2222 -12.7778 3
      vertex 10.8727 -12.6696 3
    endloop
  endfacet
  facet normal 0 0 1
    outer loop
      vertex 17.2222 -12.7778 3
      vertex 10.7778 -12.7778 3
      vertex 17.3304 -12.8727 3
    endloop
  endfacet
  facet normal 0 0 1
    outer loop
      vertex 10.6696 -12.8727 3
      vertex 17.3304 -12.8727 3
      vertex 10.7778 -12.7778 3
    endloop
  endfacet
  facet normal 0 0 1
    outer loop
      vertex 17.3304 -12.8727 3
      vertex 10.6696 -12.8727 3
      vertex 17.45 -12.9526 3
    endloop
  endfacet
  facet normal 0 0 1
    outer loop
      vertex 10.55 -12.9526 3
      vertex 17.45 -12.9526 3
      vertex 10.6696 -12.8727 3
    endloop
  endfacet
  facet normal 0 0 1
    outer loop
      vertex 17.45 -12.9526 3
      vertex 10.55 -12.9526 3
      vertex 17.579 -13.0163 3
    endloop
  endfacet
  facet normal 0 0 1
    outer loop
      vertex 10.4209 -13.0163 3
      vertex 17.579 -13.0163 3
      vertex 10.55 -12.9526 3
    endloop
  endfacet
  facet normal 0 0 1
    outer loop
      vertex 10.2847 -13.0625 3
      vertex 17.579 -13.0163 3
      vertex 10.4209 -13.0163 3
    endloop
  endfacet
  facet normal 0 0 1
    outer loop
      vertex 17.7153 -13.0625 3
      vertex 10.2847 -13.0625 3
      vertex 10.1436 -13.0906 3
    endloop
  endfacet
  facet normal 0 0 1
    outer loop
      vertex 17.8564 -13.0906 3
      vertex 10.1436 -13.0906 3
      vertex 32 -18 3
    endloop
  endfacet
  facet normal -0 0 1
    outer loop
      vertex 10 -13.1 3
      vertex 32 -18 3
      vertex 10.1436 -13.0906 3
    endloop
  endfacet
  facet normal 0 0 1
    outer loop
      vertex 9.85641 -13.0906 3
      vertex 32 -18 3
      vertex 10 -13.1 3
    endloop
  endfacet
  facet normal 0 0 1
    outer loop
      vertex 2.14357 -13.0906 3
      vertex 9.85641 -13.0906 3
      vertex 9.71529 -13.0625 3
    endloop
  endfacet
  facet normal 0 0 1
    outer loop
      vertex 8.98372 -11.579 3
      vertex 5 -10.3 3
      vertex 8.93747 -11.7153 3
    endloop
  endfacet
  facet normal 0 0 1
    outer loop
      vertex 8.93747 -11.7153 3
      vertex 5 -10.3 3
      vertex 8.90941 -11.8564 3
    endloop
  endfacet
  facet normal 0 0 1
    outer loop
      vertex 8.90941 -11.8564 3
      vertex 5 -10.3 3
      vertex 8.89999 -12 3
    endloop
  endfacet
  facet normal 0 0 1
    outer loop
      vertex 8.89999 -12 3
      vertex 5 -10.3 3
      vertex 8.90941 -12.1436 3
    endloop
  endfacet
  facet normal 0 0 1
    outer loop
      vertex 8.90941 -12.1436 3
      vertex 5 -10.3 3
      vertex 8.93747 -12.2847 3
    endloop
  endfacet
  facet normal 0 0 1
    outer loop
      vertex 3.06252 -12.2847 3
      vertex 8.93747 -12.2847 3
      vertex 5 -10.3 3
    endloop
  endfacet
  facet normal 0 0 1
    outer loop
      vertex 8.93747 -12.2847 3
      vertex 3.06252 -12.2847 3
      vertex 8.98372 -12.4209 3
    endloop
  endfacet
  facet normal 0 0 1
    outer loop
      vertex 3.01627 -12.4209 3
      vertex 8.98372 -12.4209 3
      vertex 3.06252 -12.2847 3
    endloop
  endfacet
  facet normal 0 0 1
    outer loop
      vertex 8.98372 -12.4209 3
      vertex 3.01627 -12.4209 3
      vertex 9.04736 -12.55 3
    endloop
  endfacet
  facet normal 0 0 1
    outer loop
      vertex 2.95262 -12.55 3
      vertex 9.04736 -12.55 3
      vertex 3.01627 -12.4209 3
    endloop
  endfacet
  facet normal 0 0 1
    outer loop
      vertex 9.04736 -12.55 3
      vertex 2.95262 -12.55 3
      vertex 9.1273 -12.6696 3
    endloop
  endfacet
  facet normal 0 0 1
    outer loop
      vertex 3.09058 -12.1436 3
      vertex 5 -10.3 3
      vertex 3.09999 -12 3
    endloop
  endfacet
  facet normal 0 0 1
    outer loop
      vertex 3.06252 -12.2847 3
      vertex 5 -10.3 3
      vertex 3.09058 -12.1436 3
    endloop
  endfacet
  facet normal 0 0 1
    outer loop
      vertex 2.87268 -12.6696 3
      vertex 9.1273 -12.6696 3
      vertex 2.95262 -12.55 3
    endloop
  endfacet
  facet normal 0 0 1
    outer loop
      vertex 9.1273 -12.6696 3
      vertex 2.87268 -12.6696 3
      vertex 9.22217 -12.7778 3
    endloop
  endfacet
  facet normal 0 0 1
    outer loop
      vertex 2.77782 -12.7778 3
      vertex 9.22217 -12.7778 3
      vertex 2.87268 -12.6696 3
    endloop
  endfacet
  facet normal 0 0 1
    outer loop
      vertex 9.22217 -12.7778 3
      vertex 2.77782 -12.7778 3
      vertex 9.33035 -12.8727 3
    endloop
  endfacet
  facet normal 0 0 1
    outer loop
      vertex 2.66963 -12.8727 3
      vertex 9.33035 -12.8727 3
      vertex 2.77782 -12.7778 3
    endloop
  endfacet
  facet normal 0 0 1
    outer loop
      vertex 9.33035 -12.8727 3
      vertex 2.66963 -12.8727 3
      vertex 9.45 -12.9526 3
    endloop
  endfacet
  facet normal 0 0 1
    outer loop
      vertex 2.54999 -12.9526 3
      vertex 9.45 -12.9526 3
      vertex 2.66963 -12.8727 3
    endloop
  endfacet
  facet normal 0 0 1
    outer loop
      vertex 9.45 -12.9526 3
      vertex 2.54999 -12.9526 3
      vertex 9.57904 -13.0163 3
    endloop
  endfacet
  facet normal 0 0 1
    outer loop
      vertex 2.42094 -13.0163 3
      vertex 9.57904 -13.0163 3
      vertex 2.54999 -12.9526 3
    endloop
  endfacet
  facet normal 0 0 1
    outer loop
      vertex 9.57904 -13.0163 3
      vertex 2.42094 -13.0163 3
      vertex 9.71529 -13.0625 3
    endloop
  endfacet
  facet normal 0 0 1
    outer loop
      vertex 2.2847 -13.0625 3
      vertex 9.71529 -13.0625 3
      vertex 2.42094 -13.0163 3
    endloop
  endfacet
  facet normal 0 0 1
    outer loop
      vertex 2.14357 -13.0906 3
      vertex 9.71529 -13.0625 3
      vertex 2.2847 -13.0625 3
    endloop
  endfacet
  facet normal 0 0 1
    outer loop
      vertex 9.85641 -13.0906 3
      vertex 2.14357 -13.0906 3
      vertex 32 -18 3
    endloop
  endfacet
  facet normal -0 0 1
    outer loop
      vertex 2 -13.1 3
      vertex 32 -18 3
      vertex 2.14357 -13.0906 3
    endloop
  endfacet
  facet normal 0 0 1
    outer loop
      vertex -6 -13.1 3
      vertex 2 -13.1 3
      vertex 1.85641 -13.0906 3
    endloop
  endfacet
  facet normal 0 0 1
    outer loop
      vertex -1 -10.3 3
      vertex 0.909409 -12.1436 3
      vertex 0.899994 -12 3
    endloop
  endfacet
  facet normal 0 0 1
    outer loop
      vertex -1 -10.3 3
      vertex 0.937469 -12.2847 3
      vertex 0.909409 -12.1436 3
    endloop
  endfacet
  facet normal 0 0 1
    outer loop
      vertex -4.93747 -12.2847 3
      vertex 0.937469 -12.2847 3
      vertex -1 -10.3 3
    endloop
  endfacet
  facet normal 0 0 1
    outer loop
      vertex 0.937469 -12.2847 3
      vertex -4.93747 -12.2847 3
      vertex 0.983719 -12.4209 3
    endloop
  endfacet
  facet normal 0 0 1
    outer loop
      vertex -4.98372 -12.4209 3
      vertex 0.983719 -12.4209 3
      vertex -4.93747 -12.2847 3
    endloop
  endfacet
  facet normal 0 0 1
    outer loop
      vertex 0.983719 -12.4209 3
      vertex -4.98372 -12.4209 3
      vertex 1.04736 -12.55 3
    endloop
  endfacet
  facet normal 0 0 1
    outer loop
      vertex -1 -7.7 3
      vertex -4.89999 -12 3
      vertex -1 -10.3 3
    endloop
  endfacet
  facet normal 0 0 1
    outer loop
      vertex -4.90941 -12.1436 3
      vertex -1 -10.3 3
      vertex -4.89999 -12 3
    endloop
  endfacet
  facet normal 0 0 1
    outer loop
      vertex -4.93747 -12.2847 3
      vertex -1 -10.3 3
      vertex -4.90941 -12.1436 3
    endloop
  endfacet
  facet normal 0 0 1
    outer loop
      vertex -5.04736 -12.55 3
      vertex 1.04736 -12.55 3
      vertex -4.98372 -12.4209 3
    endloop
  endfacet
  facet normal 0 0 1
    outer loop
      vertex 1.04736 -12.55 3
      vertex -5.04736 -12.55 3
      vertex 1.1273 -12.6696 3
    endloop
  endfacet
  facet normal 0 0 1
    outer loop
      vertex -5.1273 -12.6696 3
      vertex 1.1273 -12.6696 3
      vertex -5.04736 -12.55 3
    endloop
  endfacet
  facet normal 0 0 1
    outer loop
      vertex 1.1273 -12.6696 3
      vertex -5.1273 -12.6696 3
      vertex 1.22217 -12.7778 3
    endloop
  endfacet
  facet normal 0 0 1
    outer loop
      vertex -5.22217 -12.7778 3
      vertex 1.22217 -12.7778 3
      vertex -5.1273 -12.6696 3
    endloop
  endfacet
  facet normal 0 0 1
    outer loop
      vertex 1.22217 -12.7778 3
      vertex -5.22217 -12.7778 3
      vertex 1.33035 -12.8727 3
    endloop
  endfacet
  facet normal 0 0 1
    outer loop
      vertex -5.33035 -12.8727 3
      vertex 1.33035 -12.8727 3
      vertex -5.22217 -12.7778 3
    endloop
  endfacet
  facet normal 0 0 1
    outer loop
      vertex 1.33035 -12.8727 3
      vertex -5.33035 -12.8727 3
      vertex 1.45 -12.9526 3
    endloop
  endfacet
  facet normal 0 0 1
    outer loop
      vertex -5.45 -12.9526 3
      vertex 1.45 -12.9526 3
      vertex -5.33035 -12.8727 3
    endloop
  endfacet
  facet normal 0 0 1
    outer loop
      vertex 1.45 -12.9526 3
      vertex -5.45 -12.9526 3
      vertex 1.57904 -13.0163 3
    endloop
  endfacet
  facet normal 0 0 1
    outer loop
      vertex -5.57904 -13.0163 3
      vertex 1.57904 -13.0163 3
      vertex -5.45 -12.9526 3
    endloop
  endfacet
  facet normal 0 0 1
    outer loop
      vertex 1.57904 -13.0163 3
      vertex -5.57904 -13.0163 3
      vertex 1.71529 -13.0625 3
    endloop
  endfacet
  facet normal 0 0 1
    outer loop
      vertex -5.71529 -13.0625 3
      vertex 1.71529 -13.0625 3
      vertex -5.57904 -13.0163 3
    endloop
  endfacet
  facet normal 0 0 1
    outer loop
      vertex 1.71529 -13.0625 3
      vertex -5.71529 -13.0625 3
      vertex 1.85641 -13.0906 3
    endloop
  endfacet
  facet normal 0 0 1
    outer loop
      vertex -5.85641 -13.0906 3
      vertex 1.85641 -13.0906 3
      vertex -5.71529 -13.0625 3
    endloop
  endfacet
  facet normal 0 0 1
    outer loop
      vertex -6 -13.1 3
      vertex 1.85641 -13.0906 3
      vertex -5.85641 -13.0906 3
    endloop
  endfacet
  facet normal 0 0 1
    outer loop
      vertex 2 -13.1 3
      vertex -6 -13.1 3
      vertex -32 -18 3
    endloop
  endfacet
  facet normal 0 0 1
    outer loop
      vertex -32 -18 3
      vertex -6 -13.1 3
      vertex -6.14357 -13.0906 3
    endloop
  endfacet
  facet normal 0 0 1
    outer loop
      vertex -6.66963 -11.1273 3
      vertex -15.3304 -0.872681 3
      vertex -6.77782 -11.2222 3
    endloop
  endfacet
  facet normal -0 0 1
    outer loop
      vertex -15.45 -0.952621 3
      vertex -6.77782 -11.2222 3
      vertex -15.3304 -0.872681 3
    endloop
  endfacet
  facet normal 0 0 1
    outer loop
      vertex -6.77782 -11.2222 3
      vertex -15.45 -0.952621 3
      vertex -6.87268 -11.3304 3
    endloop
  endfacet
  facet normal -0 0 1
    outer loop
      vertex -15.5791 -1.01627 3
      vertex -6.87268 -11.3304 3
      vertex -15.45 -0.952621 3
    endloop
  endfacet
  facet normal 0 0 1
    outer loop
      vertex -6.87268 -11.3304 3
      vertex -15.5791 -1.01627 3
      vertex -6.95262 -11.45 3
    endloop
  endfacet
  facet normal -0 0 1
    outer loop
      vertex -15.7153 -1.06252 3
      vertex -6.95262 -11.45 3
      vertex -15.5791 -1.01627 3
    endloop
  endfacet
  facet normal 0 0 1
    outer loop
      vertex -6.95262 -11.45 3
      vertex -15.7153 -1.06252 3
      vertex -7.01627 -11.579 3
    endloop
  endfacet
  facet normal -0 0 1
    outer loop
      vertex -15.8564 -1.09058 3
      vertex -7.01627 -11.579 3
      vertex -15.7153 -1.06252 3
    endloop
  endfacet
  facet normal 0 0 1
    outer loop
      vertex -7.01627 -11.579 3
      vertex -15.8564 -1.09058 3
      vertex -7.06252 -11.7153 3
    endloop
  endfacet
  facet normal -0 0 1
    outer loop
      vertex -22.9094 -8.14357 3
      vertex -7.06252 -11.7153 3
      vertex -15.8564 -1.09058 3
    endloop
  endfacet
  facet normal -0 0 1
    outer loop
      vertex -22.9375 -8.2847 3
      vertex -7.06252 -11.7153 3
      vertex -22.9094 -8.14357 3
    endloop
  endfacet
  facet normal 0 0 1
    outer loop
      vertex -7.06252 -11.7153 3
      vertex -22.9375 -8.2847 3
      vertex -7.09058 -11.8564 3
    endloop
  endfacet
  facet normal -0 0 1
    outer loop
      vertex -22.9837 -8.42094 3
      vertex -7.09058 -11.8564 3
      vertex -22.9375 -8.2847 3
    endloop
  endfacet
  facet normal 0 0 1
    outer loop
      vertex -7.09058 -11.8564 3
      vertex -22.9837 -8.42094 3
      vertex -7.09999 -12 3
    endloop
  endfacet
  facet normal -0 0 1
    outer loop
      vertex -23.0474 -8.54999 3
      vertex -7.09999 -12 3
      vertex -22.9837 -8.42094 3
    endloop
  endfacet
  facet normal 0 0 1
    outer loop
      vertex -7.09999 -12 3
      vertex -23.0474 -8.54999 3
      vertex -7.09058 -12.1436 3
    endloop
  endfacet
  facet normal 0 0 1
    outer loop
      vertex -22.9094 -8.14357 3
      vertex -15.8564 -1.09058 3
      vertex -16 -1.09999 3
    endloop
  endfacet
  facet normal 0 0 1
    outer loop
      vertex -22.9 -8 3
      vertex -16 -1.09999 3
      vertex -16.1436 -1.09058 3
    endloop
  endfacet
  facet normal 0 0 1
    outer loop
      vertex -22.9094 -7.85641 3
      vertex -16.1436 -1.09058 3
      vertex -16.2847 -1.06252 3
    endloop
  endfacet
  facet normal 0 0 1
    outer loop
      vertex -21.4544 -2.54558 3
      vertex -16.2847 -1.06252 3
      vertex -16.421 -1.01627 3
    endloop
  endfacet
  facet normal 0 0 1
    outer loop
      vertex -21.1439 -2.19153 3
      vertex -16.421 -1.01627 3
      vertex -16.55 -0.952621 3
    endloop
  endfacet
  facet normal 0 0 1
    outer loop
      vertex -20.8823 -1.79999 3
      vertex -16.55 -0.952621 3
      vertex -16.6696 -0.872681 3
    endloop
  endfacet
  facet normal 0 0 1
    outer loop
      vertex -20.8823 -1.79999 3
      vertex -16.6696 -0.872681 3
      vertex -16.7778 -0.777817 3
    endloop
  endfacet
  facet normal 0 0 1
    outer loop
      vertex -20.674 -1.37766 3
      vertex -16.7778 -0.777817 3
      vertex -16.8727 -0.669632 3
    endloop
  endfacet
  facet normal -0 0 1
    outer loop
      vertex -20.4 0 3
      vertex -17.0906 -0.14357 3
      vertex -17.1 0 3
    endloop
  endfacet
  facet normal 0 0 1
    outer loop
      vertex -20.4308 -0.469879 3
      vertex -17.0906 -0.14357 3
      vertex -20.4 0 3
    endloop
  endfacet
  facet normal 0 0 1
    outer loop
      vertex -17.0906 -0.14357 3
      vertex -20.4308 -0.469879 3
      vertex -17.0625 -0.284698 3
    endloop
  endfacet
  facet normal 0 0 1
    outer loop
      vertex -17.0625 -0.284698 3
      vertex -20.4308 -0.469879 3
      vertex -17.0163 -0.420944 3
    endloop
  endfacet
  facet normal 0 0 1
    outer loop
      vertex -20.5227 -0.931747 3
      vertex -17.0163 -0.420944 3
      vertex -20.4308 -0.469879 3
    endloop
  endfacet
  facet normal 0 0 1
    outer loop
      vertex -17.0163 -0.420944 3
      vertex -20.5227 -0.931747 3
      vertex -16.9526 -0.549988 3
    endloop
  endfacet
  facet normal 0 0 1
    outer loop
      vertex -16.9526 -0.549988 3
      vertex -20.5227 -0.931747 3
      vertex -16.8727 -0.669632 3
    endloop
  endfacet
  facet normal 0 0 1
    outer loop
      vertex -20.674 -1.37766 3
      vertex -16.8727 -0.669632 3
      vertex -20.5227 -0.931747 3
    endloop
  endfacet
  facet normal 0 0 1
    outer loop
      vertex -16.7778 -0.777817 3
      vertex -20.674 -1.37766 3
      vertex -20.8823 -1.79999 3
    endloop
  endfacet
  facet normal 0 0 1
    outer loop
      vertex -16.55 -0.952621 3
      vertex -20.8823 -1.79999 3
      vertex -21.1439 -2.19153 3
    endloop
  endfacet
  facet normal 0 0 1
    outer loop
      vertex -16.421 -1.01627 3
      vertex -21.1439 -2.19153 3
      vertex -21.4544 -2.54558 3
    endloop
  endfacet
  facet normal 0 0 1
    outer loop
      vertex -16 -1.09999 3
      vertex -22.9 -8 3
      vertex -22.9094 -8.14357 3
    endloop
  endfacet
  facet normal -0 0 1
    outer loop
      vertex -23.1273 -8.66963 3
      vertex -7.09058 -12.1436 3
      vertex -23.0474 -8.54999 3
    endloop
  endfacet
  facet normal 0 0 1
    outer loop
      vertex -22.9094 -7.85641 3
      vertex -16.2847 -1.06252 3
      vertex -21.4544 -2.54558 3
    endloop
  endfacet
  facet normal 0 0 1
    outer loop
      vertex -22.9094 -7.85641 3
      vertex -21.4544 -2.54558 3
      vertex -21.8085 -2.85606 3
    endloop
  endfacet
  facet normal 0 0 1
    outer loop
      vertex -7.09058 -12.1436 3
      vertex -23.1273 -8.66963 3
      vertex -7.06252 -12.2847 3
    endloop
  endfacet
  facet normal 0 0 1
    outer loop
      vertex -22.9094 -7.85641 3
      vertex -21.8085 -2.85606 3
      vertex -22.2 -3.11769 3
    endloop
  endfacet
  facet normal 0 0 1
    outer loop
      vertex -23.2222 -7.22217 3
      vertex -22.2 -3.11769 3
      vertex -22.6223 -3.32596 3
    endloop
  endfacet
  facet normal -0 0 1
    outer loop
      vertex -23.2222 -8.77782 3
      vertex -7.06252 -12.2847 3
      vertex -23.1273 -8.66963 3
    endloop
  endfacet
  facet normal 0 0 1
    outer loop
      vertex -7.06252 -12.2847 3
      vertex -23.2222 -8.77782 3
      vertex -7.01627 -12.4209 3
    endloop
  endfacet
  facet normal -0 0 1
    outer loop
      vertex -23.3304 -8.87268 3
      vertex -7.01627 -12.4209 3
      vertex -23.2222 -8.77782 3
    endloop
  endfacet
  facet normal 0 0 1
    outer loop
      vertex -7.01627 -12.4209 3
      vertex -23.3304 -8.87268 3
      vertex -6.95262 -12.55 3
    endloop
  endfacet
  facet normal -0 0 1
    outer loop
      vertex -23.45 -8.95262 3
      vertex -6.95262 -12.55 3
      vertex -23.3304 -8.87268 3
    endloop
  endfacet
  facet normal 0 0 1
    outer loop
      vertex -6.95262 -12.55 3
      vertex -23.45 -8.95262 3
      vertex -6.87268 -12.6696 3
    endloop
  endfacet
  facet normal -0 0 1
    outer loop
      vertex -23.5791 -9.01627 3
      vertex -6.87268 -12.6696 3
      vertex -23.45 -8.95262 3
    endloop
  endfacet
  facet normal 0 0 1
    outer loop
      vertex -6.87268 -12.6696 3
      vertex -23.5791 -9.01627 3
      vertex -6.77782 -12.7778 3
    endloop
  endfacet
  facet normal 0 0 1
    outer loop
      vertex -32 -18 3
      vertex -6.77782 -12.7778 3
      vertex -23.5791 -9.01627 3
    endloop
  endfacet
  facet normal 0 0 1
    outer loop
      vertex -6.77782 -12.7778 3
      vertex -32 -18 3
      vertex -6.66963 -12.8727 3
    endloop
  endfacet
  facet normal 0 0 1
    outer loop
      vertex -6.66963 -12.8727 3
      vertex -32 -18 3
      vertex -6.54999 -12.9526 3
    endloop
  endfacet
  facet normal 0 0 1
    outer loop
      vertex -6.54999 -12.9526 3
      vertex -32 -18 3
      vertex -6.42094 -13.0163 3
    endloop
  endfacet
  facet normal 0 0 1
    outer loop
      vertex -32 -18 3
      vertex -23.5791 -9.01627 3
      vertex -23.7153 -9.06252 3
    endloop
  endfacet
  facet normal 0 0 1
    outer loop
      vertex -32 -18 3
      vertex -23.7153 -9.06252 3
      vertex -23.8564 -9.09058 3
    endloop
  endfacet
  facet normal 0 0 1
    outer loop
      vertex -32 -18 3
      vertex -23.8564 -9.09058 3
      vertex -24 -9.09999 3
    endloop
  endfacet
  facet normal 0 0 1
    outer loop
      vertex -32 -18 3
      vertex -24 -9.09999 3
      vertex -24.1436 -9.09058 3
    endloop
  endfacet
  facet normal 0 0 1
    outer loop
      vertex -32 -18 3
      vertex -24.1436 -9.09058 3
      vertex -24.2847 -9.06252 3
    endloop
  endfacet
  facet normal 0 0 1
    outer loop
      vertex -26.5456 -2.54558 3
      vertex -25.0625 -7.71529 3
      vertex -26.1915 -2.85606 3
    endloop
  endfacet
  facet normal 0 0 1
    outer loop
      vertex -31.7153 -1.06252 3
      vertex -25.0625 -7.71529 3
      vertex -26.5456 -2.54558 3
    endloop
  endfacet
  facet normal 0 0 1
    outer loop
      vertex -25.0625 -7.71529 3
      vertex -31.7153 -1.06252 3
      vertex -25.0906 -7.85641 3
    endloop
  endfacet
  facet normal -0 0 1
    outer loop
      vertex -31.8564 -1.09058 3
      vertex -25.0906 -7.85641 3
      vertex -31.7153 -1.06252 3
    endloop
  endfacet
  facet normal 0 0 1
    outer loop
      vertex -25.0906 -7.85641 3
      vertex -31.8564 -1.09058 3
      vertex -25.1 -8 3
    endloop
  endfacet
  facet normal 0 0 1
    outer loop
      vertex -31.7153 -1.06252 3
      vertex -26.5456 -2.54558 3
      vertex -26.8561 -2.19153 3
    endloop
  endfacet
  facet normal 0 0 1
    outer loop
      vertex -31.45 -0.952621 3
      vertex -26.8561 -2.19153 3
      vertex -27.1177 -1.79999 3
    endloop
  endfacet
  facet normal 0 0 1
    outer loop
      vertex -31.2222 -0.777817 3
      vertex -27.1177 -1.79999 3
      vertex -27.326 -1.37766 3
    endloop
  endfacet
  facet normal 0 0 1
    outer loop
      vertex -31.1273 -0.669632 3
      vertex -27.326 -1.37766 3
      vertex -27.4773 -0.931747 3
    endloop
  endfacet
  facet normal 0 0 1
    outer loop
      vertex -30.9094 -0.14357 3
      vertex -27.6 0 3
      vertex -30.9 0 3
    endloop
  endfacet
  facet normal 0 0 1
    outer loop
      vertex -27.6 0 3
      vertex -30.9094 -0.14357 3
      vertex -27.5692 -0.469879 3
    endloop
  endfacet
  facet normal -0 0 1
    outer loop
      vertex -30.9375 -0.284698 3
      vertex -27.5692 -0.469879 3
      vertex -30.9094 -0.14357 3
    endloop
  endfacet
  facet normal -0 0 1
    outer loop
      vertex -30.9837 -0.420944 3
      vertex -27.5692 -0.469879 3
      vertex -30.9375 -0.284698 3
    endloop
  endfacet
  facet normal 0 0 1
    outer loop
      vertex -27.5692 -0.469879 3
      vertex -30.9837 -0.420944 3
      vertex -27.4773 -0.931747 3
    endloop
  endfacet
  facet normal -0 0 1
    outer loop
      vertex -31.0474 -0.549988 3
      vertex -27.4773 -0.931747 3
      vertex -30.9837 -0.420944 3
    endloop
  endfacet
  facet normal -0 0 1
    outer loop
      vertex -31.1273 -0.669632 3
      vertex -27.4773 -0.931747 3
      vertex -31.0474 -0.549988 3
    endloop
  endfacet
  facet normal 0 0 1
    outer loop
      vertex -27.326 -1.37766 3
      vertex -31.1273 -0.669632 3
      vertex -31.2222 -0.777817 3
    endloop
  endfacet
  facet normal 0 0 1
    outer loop
      vertex -27.1177 -1.79999 3
      vertex -31.2222 -0.777817 3
      vertex -31.3304 -0.872681 3
    endloop
  endfacet
  facet normal 0 0 1
    outer loop
      vertex -27.1177 -1.79999 3
      vertex -31.3304 -0.872681 3
      vertex -31.45 -0.952621 3
    endloop
  endfacet
  facet normal 0 0 1
    outer loop
      vertex -26.8561 -2.19153 3
      vertex -31.45 -0.952621 3
      vertex -31.579 -1.01627 3
    endloop
  endfacet
  facet normal 0 0 1
    outer loop
      vertex -26.8561 -2.19153 3
      vertex -31.579 -1.01627 3
      vertex -31.7153 -1.06252 3
    endloop
  endfacet
  facet normal -0 0 1
    outer loop
      vertex -32 -1.09999 3
      vertex -25.1 -8 3
      vertex -31.8564 -1.09058 3
    endloop
  endfacet
  facet normal 0 0 1
    outer loop
      vertex -36 -14 3
      vertex -25.1 -8 3
      vertex -32 -1.09999 3
    endloop
  endfacet
  facet normal 0 0 1
    outer loop
      vertex -25.1 -8 3
      vertex -36 -14 3
      vertex -25.0906 -8.14357 3
    endloop
  endfacet
  facet normal 0 0 1
    outer loop
      vertex -25.0906 -8.14357 3
      vertex -36 -14 3
      vertex -25.0625 -8.2847 3
    endloop
  endfacet
  facet normal 0 0 1
    outer loop
      vertex -25.0625 -8.2847 3
      vertex -36 -14 3
      vertex -25.0163 -8.42094 3
    endloop
  endfacet
  facet normal 0 0 1
    outer loop
      vertex -25.0163 -8.42094 3
      vertex -36 -14 3
      vertex -24.9526 -8.54999 3
    endloop
  endfacet
  facet normal 0 0 1
    outer loop
      vertex -24.9526 -8.54999 3
      vertex -36 -14 3
      vertex -24.8727 -8.66963 3
    endloop
  endfacet
  facet normal 0 0 1
    outer loop
      vertex 2 -13.1 3
      vertex -32 -18 3
      vertex 32 -18 3
    endloop
  endfacet
  facet normal 0 0 1
    outer loop
      vertex -6.2847 -13.0625 3
      vertex -32 -18 3
      vertex -6.14357 -13.0906 3
    endloop
  endfacet
  facet normal 0 0 1
    outer loop
      vertex -6.42094 -13.0163 3
      vertex -32 -18 3
      vertex -6.2847 -13.0625 3
    endloop
  endfacet
  facet normal 0 0 1
    outer loop
      vertex -24.4209 -9.01627 3
      vertex -32 -18 3
      vertex -24.2847 -9.06252 3
    endloop
  endfacet
  facet normal 0 0 1
    outer loop
      vertex -24.55 -8.95262 3
      vertex -32 -18 3
      vertex -24.4209 -9.01627 3
    endloop
  endfacet
  facet normal 0 0 1
    outer loop
      vertex -24.6696 -8.87268 3
      vertex -32 -18 3
      vertex -24.55 -8.95262 3
    endloop
  endfacet
  facet normal 0 0 1
    outer loop
      vertex -24.7778 -8.77782 3
      vertex -32 -18 3
      vertex -24.6696 -8.87268 3
    endloop
  endfacet
  facet normal 0 -0 1
    outer loop
      vertex -32 -18 3
      vertex -24.8727 -8.66963 3
      vertex -36 -14 3
    endloop
  endfacet
  facet normal 0 0 1
    outer loop
      vertex -36 -14 3
      vertex -32 -1.09999 3
      vertex -32.1436 -1.09058 3
    endloop
  endfacet
  facet normal 0 0 1
    outer loop
      vertex -36 -14 3
      vertex -32.1436 -1.09058 3
      vertex -32.2847 -1.06252 3
    endloop
  endfacet
  facet normal 0 0 1
    outer loop
      vertex -36 -14 3
      vertex -32.2847 -1.06252 3
      vertex -32.4209 -1.01627 3
    endloop
  endfacet
  facet normal 0 0 1
    outer loop
      vertex -24.8727 -8.66963 3
      vertex -32 -18 3
      vertex -24.7778 -8.77782 3
    endloop
  endfacet
  facet normal 0 0 1
    outer loop
      vertex -36 -14 3
      vertex -32.4209 -1.01627 3
      vertex -32.55 -0.952621 3
    endloop
  endfacet
  facet normal 0 0 1
    outer loop
      vertex -36 -14 3
      vertex -32.55 -0.952621 3
      vertex -32.6696 -0.872681 3
    endloop
  endfacet
  facet normal 0 0 1
    outer loop
      vertex -36 -14 3
      vertex -32.6696 -0.872681 3
      vertex -32.7778 -0.777817 3
    endloop
  endfacet
  facet normal 0 0 1
    outer loop
      vertex -36 -14 3
      vertex -32.7778 -0.777817 3
      vertex -32.8727 -0.669632 3
    endloop
  endfacet
  facet normal 0 0 1
    outer loop
      vertex -36 -14 3
      vertex -32.8727 -0.669632 3
      vertex -32.9526 -0.549988 3
    endloop
  endfacet
  facet normal 0 0 1
    outer loop
      vertex -36 -14 3
      vertex -32.9526 -0.549988 3
      vertex -33.0163 -0.420944 3
    endloop
  endfacet
  facet normal 0 0 1
    outer loop
      vertex -32 -18 3
      vertex -36 -14 3
      vertex -32.5221 -17.9658 3
    endloop
  endfacet
  facet normal 0 0 1
    outer loop
      vertex -36 -14 3
      vertex -33.0163 -0.420944 3
      vertex -33.0625 -0.284698 3
    endloop
  endfacet
  facet normal 0 0 1
    outer loop
      vertex -36 -14 3
      vertex -33.0625 -0.284698 3
      vertex -33.0906 -0.14357 3
    endloop
  endfacet
  facet normal 0 0 1
    outer loop
      vertex -36 -14 3
      vertex -33.0906 -0.14357 3
      vertex -33.1 0 3
    endloop
  endfacet
  facet normal 0 0 1
    outer loop
      vertex -33.0906 0.14357 3
      vertex -36 14 3
      vertex -33.1 0 3
    endloop
  endfacet
  facet normal 0 0 1
    outer loop
      vertex -36 -14 3
      vertex -33.1 0 3
      vertex -36 14 3
    endloop
  endfacet
  facet normal 0 0 1
    outer loop
      vertex -36 14 3
      vertex -33.5307 17.6955 3
      vertex -34 17.4641 3
    endloop
  endfacet
  facet normal 0 0 1
    outer loop
      vertex -32.5221 -17.9658 3
      vertex -36 -14 3
      vertex -33.0353 -17.8637 3
    endloop
  endfacet
  facet normal 0 0 1
    outer loop
      vertex -36 14 3
      vertex -34 17.4641 3
      vertex -34.435 17.1734 3
    endloop
  endfacet
  facet normal 0 0 1
    outer loop
      vertex -33.0353 -17.8637 3
      vertex -36 -14 3
      vertex -33.5307 -17.6955 3
    endloop
  endfacet
  facet normal 0 0 1
    outer loop
      vertex -36 14 3
      vertex -34.435 17.1734 3
      vertex -34.8284 16.8284 3
    endloop
  endfacet
  facet normal 0 0 1
    outer loop
      vertex -33.5307 -17.6955 3
      vertex -36 -14 3
      vertex -34 -17.4641 3
    endloop
  endfacet
  facet normal 0 0 1
    outer loop
      vertex -36 14 3
      vertex -34.8284 16.8284 3
      vertex -35.1734 16.435 3
    endloop
  endfacet
  facet normal 0 0 1
    outer loop
      vertex -34 -17.4641 3
      vertex -36 -14 3
      vertex -34.435 -17.1734 3
    endloop
  endfacet
  facet normal 0 0 1
    outer loop
      vertex -36 14 3
      vertex -35.1734 16.435 3
      vertex -35.4641 16 3
    endloop
  endfacet
  facet normal 0 0 1
    outer loop
      vertex -34.435 -17.1734 3
      vertex -36 -14 3
      vertex -34.8284 -16.8284 3
    endloop
  endfacet
  facet normal 0 0 1
    outer loop
      vertex -36 14 3
      vertex -35.4641 16 3
      vertex -35.6955 15.5307 3
    endloop
  endfacet
  facet normal 0 0 1
    outer loop
      vertex -34.8284 -16.8284 3
      vertex -36 -14 3
      vertex -35.1734 -16.435 3
    endloop
  endfacet
  facet normal 0 0 1
    outer loop
      vertex -36 14 3
      vertex -35.6955 15.5307 3
      vertex -35.8637 15.0353 3
    endloop
  endfacet
  facet normal 0 0 1
    outer loop
      vertex -35.1734 -16.435 3
      vertex -36 -14 3
      vertex -35.4641 -16 3
    endloop
  endfacet
  facet normal 0 0 1
    outer loop
      vertex -36 14 3
      vertex -35.8637 15.0353 3
      vertex -35.9658 14.5221 3
    endloop
  endfacet
  facet normal 0 0 1
    outer loop
      vertex -35.4641 -16 3
      vertex -36 -14 3
      vertex -35.6955 -15.5307 3
    endloop
  endfacet
  facet normal 0 0 1
    outer loop
      vertex -35.6955 -15.5307 3
      vertex -36 -14 3
      vertex -35.8637 -15.0353 3
    endloop
  endfacet
  facet normal 0 0 1
    outer loop
      vertex -35.8637 -15.0353 3
      vertex -36 -14 3
      vertex -35.9658 -14.5221 3
    endloop
  endfacet
  facet normal 0 0 1
    outer loop
      vertex 36 14 3
      vertex 27.0906 11.8564 3
      vertex 30 6.29999 3
    endloop
  endfacet
  facet normal -0 0 1
    outer loop
      vertex 27.0625 11.7153 3
      vertex 30 6.29999 3
      vertex 27.0906 11.8564 3
    endloop
  endfacet
  facet normal -0 0 1
    outer loop
      vertex 27.0163 11.579 3
      vertex 30 6.29999 3
      vertex 27.0625 11.7153 3
    endloop
  endfacet
  facet normal -0 0 1
    outer loop
      vertex 26.9526 11.45 3
      vertex 30 6.29999 3
      vertex 27.0163 11.579 3
    endloop
  endfacet
  facet normal -0 0 1
    outer loop
      vertex 26.8727 11.3304 3
      vertex 30 6.29999 3
      vertex 26.9526 11.45 3
    endloop
  endfacet
  facet normal -0 0 1
    outer loop
      vertex 26.7778 11.2222 3
      vertex 30 6.29999 3
      vertex 26.8727 11.3304 3
    endloop
  endfacet
  facet normal -0 0 1
    outer loop
      vertex 26.6696 11.1273 3
      vertex 30 6.29999 3
      vertex 26.7778 11.2222 3
    endloop
  endfacet
  facet normal -0 0 1
    outer loop
      vertex 26.55 11.0474 3
      vertex 30 6.29999 3
      vertex 26.6696 11.1273 3
    endloop
  endfacet
  facet normal -0 0 1
    outer loop
      vertex 26.4209 10.9837 3
      vertex 30 6.29999 3
      vertex 26.55 11.0474 3
    endloop
  endfacet
  facet normal -0 0 1
    outer loop
      vertex 26.2847 10.9375 3
      vertex 30 6.29999 3
      vertex 26.4209 10.9837 3
    endloop
  endfacet
  facet normal 0 0 1
    outer loop
      vertex 24 6.29999 3
      vertex 26.2847 10.9375 3
      vertex 26.1436 10.9094 3
    endloop
  endfacet
  facet normal 0 0 1
    outer loop
      vertex 24 6.29999 3
      vertex 26.1436 10.9094 3
      vertex 26 10.9 3
    endloop
  endfacet
  facet normal 0 0 1
    outer loop
      vertex 24 6.29999 3
      vertex 26 10.9 3
      vertex 25.8564 10.9094 3
    endloop
  endfacet
  facet normal 0 0 1
    outer loop
      vertex 24 6.29999 3
      vertex 25.8564 10.9094 3
      vertex 25.7153 10.9375 3
    endloop
  endfacet
  facet normal 0 0 1
    outer loop
      vertex 24 6.29999 3
      vertex 25.7153 10.9375 3
      vertex 25.579 10.9837 3
    endloop
  endfacet
  facet normal 0 0 1
    outer loop
      vertex 24 6.29999 3
      vertex 25.579 10.9837 3
      vertex 25.45 11.0474 3
    endloop
  endfacet
  facet normal 0 0 1
    outer loop
      vertex 24 6.29999 3
      vertex 25.45 11.0474 3
      vertex 25.3304 11.1273 3
    endloop
  endfacet
  facet normal 0 0 1
    outer loop
      vertex 24 6.29999 3
      vertex 25.3304 11.1273 3
      vertex 25.2222 11.2222 3
    endloop
  endfacet
  facet normal 0 0 1
    outer loop
      vertex 26.2847 10.9375 3
      vertex 24 6.29999 3
      vertex 30 6.29999 3
    endloop
  endfacet
  facet normal 0 0 1
    outer loop
      vertex 25.1273 11.3304 3
      vertex 24 6.29999 3
      vertex 25.2222 11.2222 3
    endloop
  endfacet
  facet normal 0 0 1
    outer loop
      vertex 25.0474 11.45 3
      vertex 24 6.29999 3
      vertex 25.1273 11.3304 3
    endloop
  endfacet
  facet normal 0 0 1
    outer loop
      vertex 24.9375 11.7153 3
      vertex 19.0625 11.7153 3
      vertex 24.9837 11.579 3
    endloop
  endfacet
  facet normal 0 0 1
    outer loop
      vertex 19.0625 11.7153 3
      vertex 24.9375 11.7153 3
      vertex 19.0906 11.8564 3
    endloop
  endfacet
  facet normal -0 0 1
    outer loop
      vertex 19.0906 11.8564 3
      vertex 24.9375 11.7153 3
      vertex 24.9094 11.8564 3
    endloop
  endfacet
  facet normal 0 0 1
    outer loop
      vertex 19.0906 11.8564 3
      vertex 24.9094 11.8564 3
      vertex 24.9 12 3
    endloop
  endfacet
  facet normal -0.195314 0.980741 0
    outer loop
      vertex 26.2847 10.9375 0
      vertex 26.1436 10.9094 3
      vertex 26.2847 10.9375 3
    endloop
  endfacet
  facet normal -0.195314 0.980741 0
    outer loop
      vertex 26.1436 10.9094 3
      vertex 26.2847 10.9375 0
      vertex 26.1436 10.9094 0
    endloop
  endfacet
  facet normal -0.32123 0.947001 0
    outer loop
      vertex 26.4209 10.9837 0
      vertex 26.2847 10.9375 3
      vertex 26.4209 10.9837 3
    endloop
  endfacet
  facet normal -0.32123 0.947001 0
    outer loop
      vertex 26.2847 10.9375 3
      vertex 26.4209 10.9837 0
      vertex 26.2847 10.9375 0
    endloop
  endfacet
  facet normal -0.442484 0.896776 0
    outer loop
      vertex 26.55 11.0474 0
      vertex 26.4209 10.9837 3
      vertex 26.55 11.0474 3
    endloop
  endfacet
  facet normal -0.442484 0.896776 0
    outer loop
      vertex 26.4209 10.9837 3
      vertex 26.55 11.0474 0
      vertex 26.4209 10.9837 0
    endloop
  endfacet
  facet normal -0.555502 0.831515 0
    outer loop
      vertex 26.6696 11.1273 0
      vertex 26.55 11.0474 3
      vertex 26.6696 11.1273 3
    endloop
  endfacet
  facet normal -0.555502 0.831515 0
    outer loop
      vertex 26.55 11.0474 3
      vertex 26.6696 11.1273 0
      vertex 26.55 11.0474 0
    endloop
  endfacet
  facet normal -0.65939 0.751801 0
    outer loop
      vertex 26.7778 11.2222 0
      vertex 26.6696 11.1273 3
      vertex 26.7778 11.2222 3
    endloop
  endfacet
  facet normal -0.65939 0.751801 0
    outer loop
      vertex 26.6696 11.1273 3
      vertex 26.7778 11.2222 0
      vertex 26.6696 11.1273 0
    endloop
  endfacet
  facet normal -0.751801 0.65939 0
    outer loop
      vertex 26.7778 11.2222 0
      vertex 26.8727 11.3304 3
      vertex 26.8727 11.3304 0
    endloop
  endfacet
  facet normal -0.751801 0.65939 0
    outer loop
      vertex 26.8727 11.3304 3
      vertex 26.7778 11.2222 0
      vertex 26.7778 11.2222 3
    endloop
  endfacet
  facet normal -0.831515 0.555502 0
    outer loop
      vertex 26.8727 11.3304 0
      vertex 26.9526 11.45 3
      vertex 26.9526 11.45 0
    endloop
  endfacet
  facet normal -0.831515 0.555502 0
    outer loop
      vertex 26.9526 11.45 3
      vertex 26.8727 11.3304 0
      vertex 26.8727 11.3304 3
    endloop
  endfacet
  facet normal -0.89664 0.44276 0
    outer loop
      vertex 26.9526 11.45 0
      vertex 27.0163 11.579 3
      vertex 27.0163 11.579 0
    endloop
  endfacet
  facet normal -0.89664 0.44276 0
    outer loop
      vertex 27.0163 11.579 3
      vertex 26.9526 11.45 0
      vertex 26.9526 11.45 3
    endloop
  endfacet
  facet normal -0.947073 0.321018 0
    outer loop
      vertex 27.0163 11.579 0
      vertex 27.0625 11.7153 3
      vertex 27.0625 11.7153 0
    endloop
  endfacet
  facet normal -0.947073 0.321018 0
    outer loop
      vertex 27.0625 11.7153 3
      vertex 27.0163 11.579 0
      vertex 27.0163 11.579 3
    endloop
  endfacet
  facet normal -0.980741 0.195314 0
    outer loop
      vertex 27.0625 11.7153 0
      vertex 27.0906 11.8564 3
      vertex 27.0906 11.8564 0
    endloop
  endfacet
  facet normal -0.980741 0.195314 0
    outer loop
      vertex 27.0906 11.8564 3
      vertex 27.0625 11.7153 0
      vertex 27.0625 11.7153 3
    endloop
  endfacet
  facet normal -0.997864 0.0653198 0
    outer loop
      vertex 27.0906 11.8564 0
      vertex 27.1 12 3
      vertex 27.1 12 0
    endloop
  endfacet
  facet normal -0.997864 0.0653198 0
    outer loop
      vertex 27.1 12 3
      vertex 27.0906 11.8564 0
      vertex 27.0906 11.8564 3
    endloop
  endfacet
  facet normal -0.997864 -0.0653198 0
    outer loop
      vertex 27.1 12 0
      vertex 27.0906 12.1436 3
      vertex 27.0906 12.1436 0
    endloop
  endfacet
  facet normal -0.997864 -0.0653198 0
    outer loop
      vertex 27.0906 12.1436 3
      vertex 27.1 12 0
      vertex 27.1 12 3
    endloop
  endfacet
  facet normal -0.980741 -0.195314 0
    outer loop
      vertex 27.0906 12.1436 0
      vertex 27.0625 12.2847 3
      vertex 27.0625 12.2847 0
    endloop
  endfacet
  facet normal -0.980741 -0.195314 0
    outer loop
      vertex 27.0625 12.2847 3
      vertex 27.0906 12.1436 0
      vertex 27.0906 12.1436 3
    endloop
  endfacet
  facet normal -0.947001 -0.32123 0
    outer loop
      vertex 27.0625 12.2847 0
      vertex 27.0163 12.4209 3
      vertex 27.0163 12.4209 0
    endloop
  endfacet
  facet normal -0.947001 -0.32123 0
    outer loop
      vertex 27.0163 12.4209 3
      vertex 27.0625 12.2847 0
      vertex 27.0625 12.2847 3
    endloop
  endfacet
  facet normal -0.896776 -0.442484 0
    outer loop
      vertex 27.0163 12.4209 0
      vertex 26.9526 12.55 3
      vertex 26.9526 12.55 0
    endloop
  endfacet
  facet normal -0.896776 -0.442484 0
    outer loop
      vertex 26.9526 12.55 3
      vertex 27.0163 12.4209 0
      vertex 27.0163 12.4209 3
    endloop
  endfacet
  facet normal -0.831515 -0.555502 0
    outer loop
      vertex 26.9526 12.55 0
      vertex 26.8727 12.6696 3
      vertex 26.8727 12.6696 0
    endloop
  endfacet
  facet normal -0.831515 -0.555502 0
    outer loop
      vertex 26.8727 12.6696 3
      vertex 26.9526 12.55 0
      vertex 26.9526 12.55 3
    endloop
  endfacet
  facet normal -0.751801 -0.65939 0
    outer loop
      vertex 26.8727 12.6696 0
      vertex 26.7778 12.7778 3
      vertex 26.7778 12.7778 0
    endloop
  endfacet
  facet normal -0.751801 -0.65939 0
    outer loop
      vertex 26.7778 12.7778 3
      vertex 26.8727 12.6696 0
      vertex 26.8727 12.6696 3
    endloop
  endfacet
  facet normal -0.65939 -0.751801 0
    outer loop
      vertex 26.6696 12.8727 0
      vertex 26.7778 12.7778 3
      vertex 26.6696 12.8727 3
    endloop
  endfacet
  facet normal -0.65939 -0.751801 -0
    outer loop
      vertex 26.7778 12.7778 3
      vertex 26.6696 12.8727 0
      vertex 26.7778 12.7778 0
    endloop
  endfacet
  facet normal -0.555502 -0.831515 0
    outer loop
      vertex 26.55 12.9526 0
      vertex 26.6696 12.8727 3
      vertex 26.55 12.9526 3
    endloop
  endfacet
  facet normal -0.555502 -0.831515 -0
    outer loop
      vertex 26.6696 12.8727 3
      vertex 26.55 12.9526 0
      vertex 26.6696 12.8727 0
    endloop
  endfacet
  facet normal -0.442484 -0.896776 0
    outer loop
      vertex 26.4209 13.0163 0
      vertex 26.55 12.9526 3
      vertex 26.4209 13.0163 3
    endloop
  endfacet
  facet normal -0.442484 -0.896776 -0
    outer loop
      vertex 26.55 12.9526 3
      vertex 26.4209 13.0163 0
      vertex 26.55 12.9526 0
    endloop
  endfacet
  facet normal -0.32123 -0.947001 0
    outer loop
      vertex 26.2847 13.0625 0
      vertex 26.4209 13.0163 3
      vertex 26.2847 13.0625 3
    endloop
  endfacet
  facet normal -0.32123 -0.947001 -0
    outer loop
      vertex 26.4209 13.0163 3
      vertex 26.2847 13.0625 0
      vertex 26.4209 13.0163 0
    endloop
  endfacet
  facet normal -0.195314 -0.980741 0
    outer loop
      vertex 26.1436 13.0906 0
      vertex 26.2847 13.0625 3
      vertex 26.1436 13.0906 3
    endloop
  endfacet
  facet normal -0.195314 -0.980741 -0
    outer loop
      vertex 26.2847 13.0625 3
      vertex 26.1436 13.0906 0
      vertex 26.2847 13.0625 0
    endloop
  endfacet
  facet normal -0.0653198 -0.997864 0
    outer loop
      vertex 26 13.1 0
      vertex 26.1436 13.0906 3
      vertex 26 13.1 3
    endloop
  endfacet
  facet normal -0.0653198 -0.997864 -0
    outer loop
      vertex 26.1436 13.0906 3
      vertex 26 13.1 0
      vertex 26.1436 13.0906 0
    endloop
  endfacet
  facet normal 0.0653198 -0.997864 0
    outer loop
      vertex 25.8564 13.0906 0
      vertex 26 13.1 3
      vertex 25.8564 13.0906 3
    endloop
  endfacet
  facet normal 0.0653198 -0.997864 0
    outer loop
      vertex 26 13.1 3
      vertex 25.8564 13.0906 0
      vertex 26 13.1 0
    endloop
  endfacet
  facet normal 0.195314 -0.980741 0
    outer loop
      vertex 25.7153 13.0625 0
      vertex 25.8564 13.0906 3
      vertex 25.7153 13.0625 3
    endloop
  endfacet
  facet normal 0.195314 -0.980741 0
    outer loop
      vertex 25.8564 13.0906 3
      vertex 25.7153 13.0625 0
      vertex 25.8564 13.0906 0
    endloop
  endfacet
  facet normal 0.321018 -0.947073 0
    outer loop
      vertex 25.579 13.0163 0
      vertex 25.7153 13.0625 3
      vertex 25.579 13.0163 3
    endloop
  endfacet
  facet normal 0.321018 -0.947073 0
    outer loop
      vertex 25.7153 13.0625 3
      vertex 25.579 13.0163 0
      vertex 25.7153 13.0625 0
    endloop
  endfacet
  facet normal 0.44276 -0.89664 0
    outer loop
      vertex 25.45 12.9526 0
      vertex 25.579 13.0163 3
      vertex 25.45 12.9526 3
    endloop
  endfacet
  facet normal 0.44276 -0.89664 0
    outer loop
      vertex 25.579 13.0163 3
      vertex 25.45 12.9526 0
      vertex 25.579 13.0163 0
    endloop
  endfacet
  facet normal 0.555502 -0.831515 0
    outer loop
      vertex 25.3304 12.8727 0
      vertex 25.45 12.9526 3
      vertex 25.3304 12.8727 3
    endloop
  endfacet
  facet normal 0.555502 -0.831515 0
    outer loop
      vertex 25.45 12.9526 3
      vertex 25.3304 12.8727 0
      vertex 25.45 12.9526 0
    endloop
  endfacet
  facet normal 0.65939 -0.751801 0
    outer loop
      vertex 25.2222 12.7778 0
      vertex 25.3304 12.8727 3
      vertex 25.2222 12.7778 3
    endloop
  endfacet
  facet normal 0.65939 -0.751801 0
    outer loop
      vertex 25.3304 12.8727 3
      vertex 25.2222 12.7778 0
      vertex 25.3304 12.8727 0
    endloop
  endfacet
  facet normal 0.751801 -0.65939 0
    outer loop
      vertex 25.1273 12.6696 3
      vertex 25.2222 12.7778 0
      vertex 25.2222 12.7778 3
    endloop
  endfacet
  facet normal 0.751801 -0.65939 0
    outer loop
      vertex 25.2222 12.7778 0
      vertex 25.1273 12.6696 3
      vertex 25.1273 12.6696 0
    endloop
  endfacet
  facet normal 0.831515 -0.555502 0
    outer loop
      vertex 25.0474 12.55 3
      vertex 25.1273 12.6696 0
      vertex 25.1273 12.6696 3
    endloop
  endfacet
  facet normal 0.831515 -0.555502 0
    outer loop
      vertex 25.1273 12.6696 0
      vertex 25.0474 12.55 3
      vertex 25.0474 12.55 0
    endloop
  endfacet
  facet normal 0.896776 -0.442484 0
    outer loop
      vertex 24.9837 12.4209 3
      vertex 25.0474 12.55 0
      vertex 25.0474 12.55 3
    endloop
  endfacet
  facet normal 0.896776 -0.442484 0
    outer loop
      vertex 25.0474 12.55 0
      vertex 24.9837 12.4209 3
      vertex 24.9837 12.4209 0
    endloop
  endfacet
  facet normal 0.947001 -0.32123 0
    outer loop
      vertex 24.9375 12.2847 3
      vertex 24.9837 12.4209 0
      vertex 24.9837 12.4209 3
    endloop
  endfacet
  facet normal 0.947001 -0.32123 0
    outer loop
      vertex 24.9837 12.4209 0
      vertex 24.9375 12.2847 3
      vertex 24.9375 12.2847 0
    endloop
  endfacet
  facet normal 0.980741 -0.195314 0
    outer loop
      vertex 24.9094 12.1436 3
      vertex 24.9375 12.2847 0
      vertex 24.9375 12.2847 3
    endloop
  endfacet
  facet normal 0.980741 -0.195314 0
    outer loop
      vertex 24.9375 12.2847 0
      vertex 24.9094 12.1436 3
      vertex 24.9094 12.1436 0
    endloop
  endfacet
  facet normal 0.997864 -0.0653198 0
    outer loop
      vertex 24.9 12 3
      vertex 24.9094 12.1436 0
      vertex 24.9094 12.1436 3
    endloop
  endfacet
  facet normal 0.997864 -0.0653198 0
    outer loop
      vertex 24.9094 12.1436 0
      vertex 24.9 12 3
      vertex 24.9 12 0
    endloop
  endfacet
  facet normal 0.997864 0.0653198 0
    outer loop
      vertex 24.9094 11.8564 3
      vertex 24.9 12 0
      vertex 24.9 12 3
    endloop
  endfacet
  facet normal 0.997864 0.0653198 0
    outer loop
      vertex 24.9 12 0
      vertex 24.9094 11.8564 3
      vertex 24.9094 11.8564 0
    endloop
  endfacet
  facet normal 0.980741 0.195314 0
    outer loop
      vertex 24.9375 11.7153 3
      vertex 24.9094 11.8564 0
      vertex 24.9094 11.8564 3
    endloop
  endfacet
  facet normal 0.980741 0.195314 0
    outer loop
      vertex 24.9094 11.8564 0
      vertex 24.9375 11.7153 3
      vertex 24.9375 11.7153 0
    endloop
  endfacet
  facet normal 0.947073 0.321018 0
    outer loop
      vertex 24.9837 11.579 3
      vertex 24.9375 11.7153 0
      vertex 24.9375 11.7153 3
    endloop
  endfacet
  facet normal 0.947073 0.321018 0
    outer loop
      vertex 24.9375 11.7153 0
      vertex 24.9837 11.579 3
      vertex 24.9837 11.579 0
    endloop
  endfacet
  facet normal 0.89664 0.44276 0
    outer loop
      vertex 25.0474 11.45 3
      vertex 24.9837 11.579 0
      vertex 24.9837 11.579 3
    endloop
  endfacet
  facet normal 0.89664 0.44276 0
    outer loop
      vertex 24.9837 11.579 0
      vertex 25.0474 11.45 3
      vertex 25.0474 11.45 0
    endloop
  endfacet
  facet normal 0.831515 0.555502 0
    outer loop
      vertex 25.1273 11.3304 3
      vertex 25.0474 11.45 0
      vertex 25.0474 11.45 3
    endloop
  endfacet
  facet normal 0.831515 0.555502 0
    outer loop
      vertex 25.0474 11.45 0
      vertex 25.1273 11.3304 3
      vertex 25.1273 11.3304 0
    endloop
  endfacet
  facet normal 0.751801 0.65939 0
    outer loop
      vertex 25.2222 11.2222 3
      vertex 25.1273 11.3304 0
      vertex 25.1273 11.3304 3
    endloop
  endfacet
  facet normal 0.751801 0.65939 0
    outer loop
      vertex 25.1273 11.3304 0
      vertex 25.2222 11.2222 3
      vertex 25.2222 11.2222 0
    endloop
  endfacet
  facet normal 0.65939 0.751801 -0
    outer loop
      vertex 25.3304 11.1273 0
      vertex 25.2222 11.2222 3
      vertex 25.3304 11.1273 3
    endloop
  endfacet
  facet normal 0.65939 0.751801 0
    outer loop
      vertex 25.2222 11.2222 3
      vertex 25.3304 11.1273 0
      vertex 25.2222 11.2222 0
    endloop
  endfacet
  facet normal 0.555502 0.831515 -0
    outer loop
      vertex 25.45 11.0474 0
      vertex 25.3304 11.1273 3
      vertex 25.45 11.0474 3
    endloop
  endfacet
  facet normal 0.555502 0.831515 0
    outer loop
      vertex 25.3304 11.1273 3
      vertex 25.45 11.0474 0
      vertex 25.3304 11.1273 0
    endloop
  endfacet
  facet normal 0.44276 0.89664 -0
    outer loop
      vertex 25.579 10.9837 0
      vertex 25.45 11.0474 3
      vertex 25.579 10.9837 3
    endloop
  endfacet
  facet normal 0.44276 0.89664 0
    outer loop
      vertex 25.45 11.0474 3
      vertex 25.579 10.9837 0
      vertex 25.45 11.0474 0
    endloop
  endfacet
  facet normal 0.321018 0.947073 -0
    outer loop
      vertex 25.7153 10.9375 0
      vertex 25.579 10.9837 3
      vertex 25.7153 10.9375 3
    endloop
  endfacet
  facet normal 0.321018 0.947073 0
    outer loop
      vertex 25.579 10.9837 3
      vertex 25.7153 10.9375 0
      vertex 25.579 10.9837 0
    endloop
  endfacet
  facet normal 0.195314 0.980741 -0
    outer loop
      vertex 25.8564 10.9094 0
      vertex 25.7153 10.9375 3
      vertex 25.8564 10.9094 3
    endloop
  endfacet
  facet normal 0.195314 0.980741 0
    outer loop
      vertex 25.7153 10.9375 3
      vertex 25.8564 10.9094 0
      vertex 25.7153 10.9375 0
    endloop
  endfacet
  facet normal 0.0653198 0.997864 -0
    outer loop
      vertex 26 10.9 0
      vertex 25.8564 10.9094 3
      vertex 26 10.9 3
    endloop
  endfacet
  facet normal 0.0653198 0.997864 0
    outer loop
      vertex 25.8564 10.9094 3
      vertex 26 10.9 0
      vertex 25.8564 10.9094 0
    endloop
  endfacet
  facet normal -0.0653198 0.997864 0
    outer loop
      vertex 26.1436 10.9094 0
      vertex 26 10.9 3
      vertex 26.1436 10.9094 3
    endloop
  endfacet
  facet normal -0.0653198 0.997864 0
    outer loop
      vertex 26 10.9 3
      vertex 26.1436 10.9094 0
      vertex 26 10.9 0
    endloop
  endfacet
  facet normal -0.195314 0.980741 0
    outer loop
      vertex 18.2847 10.9375 0
      vertex 18.1436 10.9094 3
      vertex 18.2847 10.9375 3
    endloop
  endfacet
  facet normal -0.195314 0.980741 0
    outer loop
      vertex 18.1436 10.9094 3
      vertex 18.2847 10.9375 0
      vertex 18.1436 10.9094 0
    endloop
  endfacet
  facet normal -0.32123 0.947001 0
    outer loop
      vertex 18.4209 10.9837 0
      vertex 18.2847 10.9375 3
      vertex 18.4209 10.9837 3
    endloop
  endfacet
  facet normal -0.32123 0.947001 0
    outer loop
      vertex 18.2847 10.9375 3
      vertex 18.4209 10.9837 0
      vertex 18.2847 10.9375 0
    endloop
  endfacet
  facet normal -0.442484 0.896776 0
    outer loop
      vertex 18.55 11.0474 0
      vertex 18.4209 10.9837 3
      vertex 18.55 11.0474 3
    endloop
  endfacet
  facet normal -0.442484 0.896776 0
    outer loop
      vertex 18.4209 10.9837 3
      vertex 18.55 11.0474 0
      vertex 18.4209 10.9837 0
    endloop
  endfacet
  facet normal -0.555502 0.831515 0
    outer loop
      vertex 18.6696 11.1273 0
      vertex 18.55 11.0474 3
      vertex 18.6696 11.1273 3
    endloop
  endfacet
  facet normal -0.555502 0.831515 0
    outer loop
      vertex 18.55 11.0474 3
      vertex 18.6696 11.1273 0
      vertex 18.55 11.0474 0
    endloop
  endfacet
  facet normal -0.65939 0.751801 0
    outer loop
      vertex 18.7778 11.2222 0
      vertex 18.6696 11.1273 3
      vertex 18.7778 11.2222 3
    endloop
  endfacet
  facet normal -0.65939 0.751801 0
    outer loop
      vertex 18.6696 11.1273 3
      vertex 18.7778 11.2222 0
      vertex 18.6696 11.1273 0
    endloop
  endfacet
  facet normal -0.751801 0.65939 0
    outer loop
      vertex 18.7778 11.2222 0
      vertex 18.8727 11.3304 3
      vertex 18.8727 11.3304 0
    endloop
  endfacet
  facet normal -0.751801 0.65939 0
    outer loop
      vertex 18.8727 11.3304 3
      vertex 18.7778 11.2222 0
      vertex 18.7778 11.2222 3
    endloop
  endfacet
  facet normal -0.831515 0.555502 0
    outer loop
      vertex 18.8727 11.3304 0
      vertex 18.9526 11.45 3
      vertex 18.9526 11.45 0
    endloop
  endfacet
  facet normal -0.831515 0.555502 0
    outer loop
      vertex 18.9526 11.45 3
      vertex 18.8727 11.3304 0
      vertex 18.8727 11.3304 3
    endloop
  endfacet
  facet normal -0.89664 0.44276 0
    outer loop
      vertex 18.9526 11.45 0
      vertex 19.0163 11.579 3
      vertex 19.0163 11.579 0
    endloop
  endfacet
  facet normal -0.89664 0.44276 0
    outer loop
      vertex 19.0163 11.579 3
      vertex 18.9526 11.45 0
      vertex 18.9526 11.45 3
    endloop
  endfacet
  facet normal -0.947073 0.321018 0
    outer loop
      vertex 19.0163 11.579 0
      vertex 19.0625 11.7153 3
      vertex 19.0625 11.7153 0
    endloop
  endfacet
  facet normal -0.947073 0.321018 0
    outer loop
      vertex 19.0625 11.7153 3
      vertex 19.0163 11.579 0
      vertex 19.0163 11.579 3
    endloop
  endfacet
  facet normal -0.980741 0.195314 0
    outer loop
      vertex 19.0625 11.7153 0
      vertex 19.0906 11.8564 3
      vertex 19.0906 11.8564 0
    endloop
  endfacet
  facet normal -0.980741 0.195314 0
    outer loop
      vertex 19.0906 11.8564 3
      vertex 19.0625 11.7153 0
      vertex 19.0625 11.7153 3
    endloop
  endfacet
  facet normal -0.997864 0.0653198 0
    outer loop
      vertex 19.0906 11.8564 0
      vertex 19.1 12 3
      vertex 19.1 12 0
    endloop
  endfacet
  facet normal -0.997864 0.0653198 0
    outer loop
      vertex 19.1 12 3
      vertex 19.0906 11.8564 0
      vertex 19.0906 11.8564 3
    endloop
  endfacet
  facet normal -0.997864 -0.0653198 0
    outer loop
      vertex 19.1 12 0
      vertex 19.0906 12.1436 3
      vertex 19.0906 12.1436 0
    endloop
  endfacet
  facet normal -0.997864 -0.0653198 0
    outer loop
      vertex 19.0906 12.1436 3
      vertex 19.1 12 0
      vertex 19.1 12 3
    endloop
  endfacet
  facet normal -0.980741 -0.195314 0
    outer loop
      vertex 19.0906 12.1436 0
      vertex 19.0625 12.2847 3
      vertex 19.0625 12.2847 0
    endloop
  endfacet
  facet normal -0.980741 -0.195314 0
    outer loop
      vertex 19.0625 12.2847 3
      vertex 19.0906 12.1436 0
      vertex 19.0906 12.1436 3
    endloop
  endfacet
  facet normal -0.947001 -0.32123 0
    outer loop
      vertex 19.0625 12.2847 0
      vertex 19.0163 12.4209 3
      vertex 19.0163 12.4209 0
    endloop
  endfacet
  facet normal -0.947001 -0.32123 0
    outer loop
      vertex 19.0163 12.4209 3
      vertex 19.0625 12.2847 0
      vertex 19.0625 12.2847 3
    endloop
  endfacet
  facet normal -0.896776 -0.442484 0
    outer loop
      vertex 19.0163 12.4209 0
      vertex 18.9526 12.55 3
      vertex 18.9526 12.55 0
    endloop
  endfacet
  facet normal -0.896776 -0.442484 0
    outer loop
      vertex 18.9526 12.55 3
      vertex 19.0163 12.4209 0
      vertex 19.0163 12.4209 3
    endloop
  endfacet
  facet normal -0.831515 -0.555502 0
    outer loop
      vertex 18.9526 12.55 0
      vertex 18.8727 12.6696 3
      vertex 18.8727 12.6696 0
    endloop
  endfacet
  facet normal -0.831515 -0.555502 0
    outer loop
      vertex 18.8727 12.6696 3
      vertex 18.9526 12.55 0
      vertex 18.9526 12.55 3
    endloop
  endfacet
  facet normal -0.751801 -0.65939 0
    outer loop
      vertex 18.8727 12.6696 0
      vertex 18.7778 12.7778 3
      vertex 18.7778 12.7778 0
    endloop
  endfacet
  facet normal -0.751801 -0.65939 0
    outer loop
      vertex 18.7778 12.7778 3
      vertex 18.8727 12.6696 0
      vertex 18.8727 12.6696 3
    endloop
  endfacet
  facet normal -0.65939 -0.751801 0
    outer loop
      vertex 18.6696 12.8727 0
      vertex 18.7778 12.7778 3
      vertex 18.6696 12.8727 3
    endloop
  endfacet
  facet normal -0.65939 -0.751801 -0
    outer loop
      vertex 18.7778 12.7778 3
      vertex 18.6696 12.8727 0
      vertex 18.7778 12.7778 0
    endloop
  endfacet
  facet normal -0.555502 -0.831515 0
    outer loop
      vertex 18.55 12.9526 0
      vertex 18.6696 12.8727 3
      vertex 18.55 12.9526 3
    endloop
  endfacet
  facet normal -0.555502 -0.831515 -0
    outer loop
      vertex 18.6696 12.8727 3
      vertex 18.55 12.9526 0
      vertex 18.6696 12.8727 0
    endloop
  endfacet
  facet normal -0.442484 -0.896776 0
    outer loop
      vertex 18.4209 13.0163 0
      vertex 18.55 12.9526 3
      vertex 18.4209 13.0163 3
    endloop
  endfacet
  facet normal -0.442484 -0.896776 -0
    outer loop
      vertex 18.55 12.9526 3
      vertex 18.4209 13.0163 0
      vertex 18.55 12.9526 0
    endloop
  endfacet
  facet normal -0.32123 -0.947001 0
    outer loop
      vertex 18.2847 13.0625 0
      vertex 18.4209 13.0163 3
      vertex 18.2847 13.0625 3
    endloop
  endfacet
  facet normal -0.32123 -0.947001 -0
    outer loop
      vertex 18.4209 13.0163 3
      vertex 18.2847 13.0625 0
      vertex 18.4209 13.0163 0
    endloop
  endfacet
  facet normal -0.195314 -0.980741 0
    outer loop
      vertex 18.1436 13.0906 0
      vertex 18.2847 13.0625 3
      vertex 18.1436 13.0906 3
    endloop
  endfacet
  facet normal -0.195314 -0.980741 -0
    outer loop
      vertex 18.2847 13.0625 3
      vertex 18.1436 13.0906 0
      vertex 18.2847 13.0625 0
    endloop
  endfacet
  facet normal -0.0653198 -0.997864 0
    outer loop
      vertex 18 13.1 0
      vertex 18.1436 13.0906 3
      vertex 18 13.1 3
    endloop
  endfacet
  facet normal -0.0653198 -0.997864 -0
    outer loop
      vertex 18.1436 13.0906 3
      vertex 18 13.1 0
      vertex 18.1436 13.0906 0
    endloop
  endfacet
  facet normal 0.0653198 -0.997864 0
    outer loop
      vertex 17.8564 13.0906 0
      vertex 18 13.1 3
      vertex 17.8564 13.0906 3
    endloop
  endfacet
  facet normal 0.0653198 -0.997864 0
    outer loop
      vertex 18 13.1 3
      vertex 17.8564 13.0906 0
      vertex 18 13.1 0
    endloop
  endfacet
  facet normal 0.195314 -0.980741 0
    outer loop
      vertex 17.7153 13.0625 0
      vertex 17.8564 13.0906 3
      vertex 17.7153 13.0625 3
    endloop
  endfacet
  facet normal 0.195314 -0.980741 0
    outer loop
      vertex 17.8564 13.0906 3
      vertex 17.7153 13.0625 0
      vertex 17.8564 13.0906 0
    endloop
  endfacet
  facet normal 0.321018 -0.947073 0
    outer loop
      vertex 17.579 13.0163 0
      vertex 17.7153 13.0625 3
      vertex 17.579 13.0163 3
    endloop
  endfacet
  facet normal 0.321018 -0.947073 0
    outer loop
      vertex 17.7153 13.0625 3
      vertex 17.579 13.0163 0
      vertex 17.7153 13.0625 0
    endloop
  endfacet
  facet normal 0.44276 -0.89664 0
    outer loop
      vertex 17.45 12.9526 0
      vertex 17.579 13.0163 3
      vertex 17.45 12.9526 3
    endloop
  endfacet
  facet normal 0.44276 -0.89664 0
    outer loop
      vertex 17.579 13.0163 3
      vertex 17.45 12.9526 0
      vertex 17.579 13.0163 0
    endloop
  endfacet
  facet normal 0.555502 -0.831515 0
    outer loop
      vertex 17.3304 12.8727 0
      vertex 17.45 12.9526 3
      vertex 17.3304 12.8727 3
    endloop
  endfacet
  facet normal 0.555502 -0.831515 0
    outer loop
      vertex 17.45 12.9526 3
      vertex 17.3304 12.8727 0
      vertex 17.45 12.9526 0
    endloop
  endfacet
  facet normal 0.65939 -0.751801 0
    outer loop
      vertex 17.2222 12.7778 0
      vertex 17.3304 12.8727 3
      vertex 17.2222 12.7778 3
    endloop
  endfacet
  facet normal 0.65939 -0.751801 0
    outer loop
      vertex 17.3304 12.8727 3
      vertex 17.2222 12.7778 0
      vertex 17.3304 12.8727 0
    endloop
  endfacet
  facet normal 0.751801 -0.65939 0
    outer loop
      vertex 17.1273 12.6696 3
      vertex 17.2222 12.7778 0
      vertex 17.2222 12.7778 3
    endloop
  endfacet
  facet normal 0.751801 -0.65939 0
    outer loop
      vertex 17.2222 12.7778 0
      vertex 17.1273 12.6696 3
      vertex 17.1273 12.6696 0
    endloop
  endfacet
  facet normal 0.831515 -0.555502 0
    outer loop
      vertex 17.0474 12.55 3
      vertex 17.1273 12.6696 0
      vertex 17.1273 12.6696 3
    endloop
  endfacet
  facet normal 0.831515 -0.555502 0
    outer loop
      vertex 17.1273 12.6696 0
      vertex 17.0474 12.55 3
      vertex 17.0474 12.55 0
    endloop
  endfacet
  facet normal 0.896776 -0.442484 0
    outer loop
      vertex 16.9837 12.4209 3
      vertex 17.0474 12.55 0
      vertex 17.0474 12.55 3
    endloop
  endfacet
  facet normal 0.896776 -0.442484 0
    outer loop
      vertex 17.0474 12.55 0
      vertex 16.9837 12.4209 3
      vertex 16.9837 12.4209 0
    endloop
  endfacet
  facet normal 0.947001 -0.32123 0
    outer loop
      vertex 16.9375 12.2847 3
      vertex 16.9837 12.4209 0
      vertex 16.9837 12.4209 3
    endloop
  endfacet
  facet normal 0.947001 -0.32123 0
    outer loop
      vertex 16.9837 12.4209 0
      vertex 16.9375 12.2847 3
      vertex 16.9375 12.2847 0
    endloop
  endfacet
  facet normal 0.980741 -0.195314 0
    outer loop
      vertex 16.9094 12.1436 3
      vertex 16.9375 12.2847 0
      vertex 16.9375 12.2847 3
    endloop
  endfacet
  facet normal 0.980741 -0.195314 0
    outer loop
      vertex 16.9375 12.2847 0
      vertex 16.9094 12.1436 3
      vertex 16.9094 12.1436 0
    endloop
  endfacet
  facet normal 0.997864 -0.0653198 0
    outer loop
      vertex 16.9 12 3
      vertex 16.9094 12.1436 0
      vertex 16.9094 12.1436 3
    endloop
  endfacet
  facet normal 0.997864 -0.0653198 0
    outer loop
      vertex 16.9094 12.1436 0
      vertex 16.9 12 3
      vertex 16.9 12 0
    endloop
  endfacet
  facet normal 0.997864 0.0653198 0
    outer loop
      vertex 16.9094 11.8564 3
      vertex 16.9 12 0
      vertex 16.9 12 3
    endloop
  endfacet
  facet normal 0.997864 0.0653198 0
    outer loop
      vertex 16.9 12 0
      vertex 16.9094 11.8564 3
      vertex 16.9094 11.8564 0
    endloop
  endfacet
  facet normal 0.980741 0.195314 0
    outer loop
      vertex 16.9375 11.7153 3
      vertex 16.9094 11.8564 0
      vertex 16.9094 11.8564 3
    endloop
  endfacet
  facet normal 0.980741 0.195314 0
    outer loop
      vertex 16.9094 11.8564 0
      vertex 16.9375 11.7153 3
      vertex 16.9375 11.7153 0
    endloop
  endfacet
  facet normal 0.947073 0.321018 0
    outer loop
      vertex 16.9837 11.579 3
      vertex 16.9375 11.7153 0
      vertex 16.9375 11.7153 3
    endloop
  endfacet
  facet normal 0.947073 0.321018 0
    outer loop
      vertex 16.9375 11.7153 0
      vertex 16.9837 11.579 3
      vertex 16.9837 11.579 0
    endloop
  endfacet
  facet normal 0.89664 0.44276 0
    outer loop
      vertex 17.0474 11.45 3
      vertex 16.9837 11.579 0
      vertex 16.9837 11.579 3
    endloop
  endfacet
  facet normal 0.89664 0.44276 0
    outer loop
      vertex 16.9837 11.579 0
      vertex 17.0474 11.45 3
      vertex 17.0474 11.45 0
    endloop
  endfacet
  facet normal 0.831515 0.555502 0
    outer loop
      vertex 17.1273 11.3304 3
      vertex 17.0474 11.45 0
      vertex 17.0474 11.45 3
    endloop
  endfacet
  facet normal 0.831515 0.555502 0
    outer loop
      vertex 17.0474 11.45 0
      vertex 17.1273 11.3304 3
      vertex 17.1273 11.3304 0
    endloop
  endfacet
  facet normal 0.751801 0.65939 0
    outer loop
      vertex 17.2222 11.2222 3
      vertex 17.1273 11.3304 0
      vertex 17.1273 11.3304 3
    endloop
  endfacet
  facet normal 0.751801 0.65939 0
    outer loop
      vertex 17.1273 11.3304 0
      vertex 17.2222 11.2222 3
      vertex 17.2222 11.2222 0
    endloop
  endfacet
  facet normal 0.65939 0.751801 -0
    outer loop
      vertex 17.3304 11.1273 0
      vertex 17.2222 11.2222 3
      vertex 17.3304 11.1273 3
    endloop
  endfacet
  facet normal 0.65939 0.751801 0
    outer loop
      vertex 17.2222 11.2222 3
      vertex 17.3304 11.1273 0
      vertex 17.2222 11.2222 0
    endloop
  endfacet
  facet normal 0.555502 0.831515 -0
    outer loop
      vertex 17.45 11.0474 0
      vertex 17.3304 11.1273 3
      vertex 17.45 11.0474 3
    endloop
  endfacet
  facet normal 0.555502 0.831515 0
    outer loop
      vertex 17.3304 11.1273 3
      vertex 17.45 11.0474 0
      vertex 17.3304 11.1273 0
    endloop
  endfacet
  facet normal 0.44276 0.89664 -0
    outer loop
      vertex 17.579 10.9837 0
      vertex 17.45 11.0474 3
      vertex 17.579 10.9837 3
    endloop
  endfacet
  facet normal 0.44276 0.89664 0
    outer loop
      vertex 17.45 11.0474 3
      vertex 17.579 10.9837 0
      vertex 17.45 11.0474 0
    endloop
  endfacet
  facet normal 0.321018 0.947073 -0
    outer loop
      vertex 17.7153 10.9375 0
      vertex 17.579 10.9837 3
      vertex 17.7153 10.9375 3
    endloop
  endfacet
  facet normal 0.321018 0.947073 0
    outer loop
      vertex 17.579 10.9837 3
      vertex 17.7153 10.9375 0
      vertex 17.579 10.9837 0
    endloop
  endfacet
  facet normal 0.195314 0.980741 -0
    outer loop
      vertex 17.8564 10.9094 0
      vertex 17.7153 10.9375 3
      vertex 17.8564 10.9094 3
    endloop
  endfacet
  facet normal 0.195314 0.980741 0
    outer loop
      vertex 17.7153 10.9375 3
      vertex 17.8564 10.9094 0
      vertex 17.7153 10.9375 0
    endloop
  endfacet
  facet normal 0.0653198 0.997864 -0
    outer loop
      vertex 18 10.9 0
      vertex 17.8564 10.9094 3
      vertex 18 10.9 3
    endloop
  endfacet
  facet normal 0.0653198 0.997864 0
    outer loop
      vertex 17.8564 10.9094 3
      vertex 18 10.9 0
      vertex 17.8564 10.9094 0
    endloop
  endfacet
  facet normal -0.0653198 0.997864 0
    outer loop
      vertex 18.1436 10.9094 0
      vertex 18 10.9 3
      vertex 18.1436 10.9094 3
    endloop
  endfacet
  facet normal -0.0653198 0.997864 0
    outer loop
      vertex 18 10.9 3
      vertex 18.1436 10.9094 0
      vertex 18 10.9 0
    endloop
  endfacet
  facet normal -0.195314 0.980741 0
    outer loop
      vertex 10.2847 10.9375 0
      vertex 10.1436 10.9094 3
      vertex 10.2847 10.9375 3
    endloop
  endfacet
  facet normal -0.195314 0.980741 0
    outer loop
      vertex 10.1436 10.9094 3
      vertex 10.2847 10.9375 0
      vertex 10.1436 10.9094 0
    endloop
  endfacet
  facet normal -0.32123 0.947001 0
    outer loop
      vertex 10.4209 10.9837 0
      vertex 10.2847 10.9375 3
      vertex 10.4209 10.9837 3
    endloop
  endfacet
  facet normal -0.32123 0.947001 0
    outer loop
      vertex 10.2847 10.9375 3
      vertex 10.4209 10.9837 0
      vertex 10.2847 10.9375 0
    endloop
  endfacet
  facet normal -0.442484 0.896776 0
    outer loop
      vertex 10.55 11.0474 0
      vertex 10.4209 10.9837 3
      vertex 10.55 11.0474 3
    endloop
  endfacet
  facet normal -0.442484 0.896776 0
    outer loop
      vertex 10.4209 10.9837 3
      vertex 10.55 11.0474 0
      vertex 10.4209 10.9837 0
    endloop
  endfacet
  facet normal -0.555502 0.831515 0
    outer loop
      vertex 10.6696 11.1273 0
      vertex 10.55 11.0474 3
      vertex 10.6696 11.1273 3
    endloop
  endfacet
  facet normal -0.555502 0.831515 0
    outer loop
      vertex 10.55 11.0474 3
      vertex 10.6696 11.1273 0
      vertex 10.55 11.0474 0
    endloop
  endfacet
  facet normal -0.65939 0.751801 0
    outer loop
      vertex 10.7778 11.2222 0
      vertex 10.6696 11.1273 3
      vertex 10.7778 11.2222 3
    endloop
  endfacet
  facet normal -0.65939 0.751801 0
    outer loop
      vertex 10.6696 11.1273 3
      vertex 10.7778 11.2222 0
      vertex 10.6696 11.1273 0
    endloop
  endfacet
  facet normal -0.751801 0.65939 0
    outer loop
      vertex 10.7778 11.2222 0
      vertex 10.8727 11.3304 3
      vertex 10.8727 11.3304 0
    endloop
  endfacet
  facet normal -0.751801 0.65939 0
    outer loop
      vertex 10.8727 11.3304 3
      vertex 10.7778 11.2222 0
      vertex 10.7778 11.2222 3
    endloop
  endfacet
  facet normal -0.831515 0.555502 0
    outer loop
      vertex 10.8727 11.3304 0
      vertex 10.9526 11.45 3
      vertex 10.9526 11.45 0
    endloop
  endfacet
  facet normal -0.831515 0.555502 0
    outer loop
      vertex 10.9526 11.45 3
      vertex 10.8727 11.3304 0
      vertex 10.8727 11.3304 3
    endloop
  endfacet
  facet normal -0.89664 0.44276 0
    outer loop
      vertex 10.9526 11.45 0
      vertex 11.0163 11.579 3
      vertex 11.0163 11.579 0
    endloop
  endfacet
  facet normal -0.89664 0.44276 0
    outer loop
      vertex 11.0163 11.579 3
      vertex 10.9526 11.45 0
      vertex 10.9526 11.45 3
    endloop
  endfacet
  facet normal -0.947073 0.321018 0
    outer loop
      vertex 11.0163 11.579 0
      vertex 11.0625 11.7153 3
      vertex 11.0625 11.7153 0
    endloop
  endfacet
  facet normal -0.947073 0.321018 0
    outer loop
      vertex 11.0625 11.7153 3
      vertex 11.0163 11.579 0
      vertex 11.0163 11.579 3
    endloop
  endfacet
  facet normal -0.980741 0.195314 0
    outer loop
      vertex 11.0625 11.7153 0
      vertex 11.0906 11.8564 3
      vertex 11.0906 11.8564 0
    endloop
  endfacet
  facet normal -0.980741 0.195314 0
    outer loop
      vertex 11.0906 11.8564 3
      vertex 11.0625 11.7153 0
      vertex 11.0625 11.7153 3
    endloop
  endfacet
  facet normal -0.997864 0.0653198 0
    outer loop
      vertex 11.0906 11.8564 0
      vertex 11.1 12 3
      vertex 11.1 12 0
    endloop
  endfacet
  facet normal -0.997864 0.0653198 0
    outer loop
      vertex 11.1 12 3
      vertex 11.0906 11.8564 0
      vertex 11.0906 11.8564 3
    endloop
  endfacet
  facet normal -0.997864 -0.0653198 0
    outer loop
      vertex 11.1 12 0
      vertex 11.0906 12.1436 3
      vertex 11.0906 12.1436 0
    endloop
  endfacet
  facet normal -0.997864 -0.0653198 0
    outer loop
      vertex 11.0906 12.1436 3
      vertex 11.1 12 0
      vertex 11.1 12 3
    endloop
  endfacet
  facet normal -0.980741 -0.195314 0
    outer loop
      vertex 11.0906 12.1436 0
      vertex 11.0625 12.2847 3
      vertex 11.0625 12.2847 0
    endloop
  endfacet
  facet normal -0.980741 -0.195314 0
    outer loop
      vertex 11.0625 12.2847 3
      vertex 11.0906 12.1436 0
      vertex 11.0906 12.1436 3
    endloop
  endfacet
  facet normal -0.947001 -0.32123 0
    outer loop
      vertex 11.0625 12.2847 0
      vertex 11.0163 12.4209 3
      vertex 11.0163 12.4209 0
    endloop
  endfacet
  facet normal -0.947001 -0.32123 0
    outer loop
      vertex 11.0163 12.4209 3
      vertex 11.0625 12.2847 0
      vertex 11.0625 12.2847 3
    endloop
  endfacet
  facet normal -0.896776 -0.442484 0
    outer loop
      vertex 11.0163 12.4209 0
      vertex 10.9526 12.55 3
      vertex 10.9526 12.55 0
    endloop
  endfacet
  facet normal -0.896776 -0.442484 0
    outer loop
      vertex 10.9526 12.55 3
      vertex 11.0163 12.4209 0
      vertex 11.0163 12.4209 3
    endloop
  endfacet
  facet normal -0.831515 -0.555502 0
    outer loop
      vertex 10.9526 12.55 0
      vertex 10.8727 12.6696 3
      vertex 10.8727 12.6696 0
    endloop
  endfacet
  facet normal -0.831515 -0.555502 0
    outer loop
      vertex 10.8727 12.6696 3
      vertex 10.9526 12.55 0
      vertex 10.9526 12.55 3
    endloop
  endfacet
  facet normal -0.751801 -0.65939 0
    outer loop
      vertex 10.8727 12.6696 0
      vertex 10.7778 12.7778 3
      vertex 10.7778 12.7778 0
    endloop
  endfacet
  facet normal -0.751801 -0.65939 0
    outer loop
      vertex 10.7778 12.7778 3
      vertex 10.8727 12.6696 0
      vertex 10.8727 12.6696 3
    endloop
  endfacet
  facet normal -0.65939 -0.751801 0
    outer loop
      vertex 10.6696 12.8727 0
      vertex 10.7778 12.7778 3
      vertex 10.6696 12.8727 3
    endloop
  endfacet
  facet normal -0.65939 -0.751801 -0
    outer loop
      vertex 10.7778 12.7778 3
      vertex 10.6696 12.8727 0
      vertex 10.7778 12.7778 0
    endloop
  endfacet
  facet normal -0.555502 -0.831515 0
    outer loop
      vertex 10.55 12.9526 0
      vertex 10.6696 12.8727 3
      vertex 10.55 12.9526 3
    endloop
  endfacet
  facet normal -0.555502 -0.831515 -0
    outer loop
      vertex 10.6696 12.8727 3
      vertex 10.55 12.9526 0
      vertex 10.6696 12.8727 0
    endloop
  endfacet
  facet normal -0.442484 -0.896776 0
    outer loop
      vertex 10.4209 13.0163 0
      vertex 10.55 12.9526 3
      vertex 10.4209 13.0163 3
    endloop
  endfacet
  facet normal -0.442484 -0.896776 -0
    outer loop
      vertex 10.55 12.9526 3
      vertex 10.4209 13.0163 0
      vertex 10.55 12.9526 0
    endloop
  endfacet
  facet normal -0.32123 -0.947001 0
    outer loop
      vertex 10.2847 13.0625 0
      vertex 10.4209 13.0163 3
      vertex 10.2847 13.0625 3
    endloop
  endfacet
  facet normal -0.32123 -0.947001 -0
    outer loop
      vertex 10.4209 13.0163 3
      vertex 10.2847 13.0625 0
      vertex 10.4209 13.0163 0
    endloop
  endfacet
  facet normal -0.195314 -0.980741 0
    outer loop
      vertex 10.1436 13.0906 0
      vertex 10.2847 13.0625 3
      vertex 10.1436 13.0906 3
    endloop
  endfacet
  facet normal -0.195314 -0.980741 -0
    outer loop
      vertex 10.2847 13.0625 3
      vertex 10.1436 13.0906 0
      vertex 10.2847 13.0625 0
    endloop
  endfacet
  facet normal -0.0653198 -0.997864 0
    outer loop
      vertex 10 13.1 0
      vertex 10.1436 13.0906 3
      vertex 10 13.1 3
    endloop
  endfacet
  facet normal -0.0653198 -0.997864 -0
    outer loop
      vertex 10.1436 13.0906 3
      vertex 10 13.1 0
      vertex 10.1436 13.0906 0
    endloop
  endfacet
  facet normal 0.0653243 -0.997864 0
    outer loop
      vertex 9.85641 13.0906 0
      vertex 10 13.1 3
      vertex 9.85641 13.0906 3
    endloop
  endfacet
  facet normal 0.0653243 -0.997864 0
    outer loop
      vertex 10 13.1 3
      vertex 9.85641 13.0906 0
      vertex 10 13.1 0
    endloop
  endfacet
  facet normal 0.195287 -0.980746 0
    outer loop
      vertex 9.71529 13.0625 0
      vertex 9.85641 13.0906 3
      vertex 9.71529 13.0625 3
    endloop
  endfacet
  facet normal 0.195287 -0.980746 0
    outer loop
      vertex 9.85641 13.0906 3
      vertex 9.71529 13.0625 0
      vertex 9.85641 13.0906 0
    endloop
  endfacet
  facet normal 0.321124 -0.947037 0
    outer loop
      vertex 9.57904 13.0163 0
      vertex 9.71529 13.0625 3
      vertex 9.57904 13.0163 3
    endloop
  endfacet
  facet normal 0.321124 -0.947037 0
    outer loop
      vertex 9.71529 13.0625 3
      vertex 9.57904 13.0163 0
      vertex 9.71529 13.0625 0
    endloop
  endfacet
  facet normal 0.442649 -0.896695 0
    outer loop
      vertex 9.45 12.9526 0
      vertex 9.57904 13.0163 3
      vertex 9.45 12.9526 3
    endloop
  endfacet
  facet normal 0.442649 -0.896695 0
    outer loop
      vertex 9.57904 13.0163 3
      vertex 9.45 12.9526 0
      vertex 9.57904 13.0163 0
    endloop
  endfacet
  facet normal 0.555342 -0.831622 0
    outer loop
      vertex 9.33035 12.8727 0
      vertex 9.45 12.9526 3
      vertex 9.33035 12.8727 3
    endloop
  endfacet
  facet normal 0.555342 -0.831622 0
    outer loop
      vertex 9.45 12.9526 3
      vertex 9.33035 12.8727 0
      vertex 9.45 12.9526 0
    endloop
  endfacet
  facet normal 0.659458 -0.751741 0
    outer loop
      vertex 9.22217 12.7778 0
      vertex 9.33035 12.8727 3
      vertex 9.22217 12.7778 3
    endloop
  endfacet
  facet normal 0.659458 -0.751741 0
    outer loop
      vertex 9.33035 12.8727 3
      vertex 9.22217 12.7778 0
      vertex 9.33035 12.8727 0
    endloop
  endfacet
  facet normal 0.751905 -0.659272 0
    outer loop
      vertex 9.1273 12.6696 3
      vertex 9.22217 12.7778 0
      vertex 9.22217 12.7778 3
    endloop
  endfacet
  facet normal 0.751905 -0.659272 0
    outer loop
      vertex 9.22217 12.7778 0
      vertex 9.1273 12.6696 3
      vertex 9.1273 12.6696 0
    endloop
  endfacet
  facet normal 0.831387 -0.555694 0
    outer loop
      vertex 9.04736 12.55 3
      vertex 9.1273 12.6696 0
      vertex 9.1273 12.6696 3
    endloop
  endfacet
  facet normal 0.831387 -0.555694 0
    outer loop
      vertex 9.1273 12.6696 0
      vertex 9.04736 12.55 3
      vertex 9.04736 12.55 0
    endloop
  endfacet
  facet normal 0.896942 -0.442149 0
    outer loop
      vertex 8.98372 12.4209 3
      vertex 9.04736 12.55 0
      vertex 9.04736 12.55 3
    endloop
  endfacet
  facet normal 0.896942 -0.442149 0
    outer loop
      vertex 9.04736 12.55 0
      vertex 8.98372 12.4209 3
      vertex 8.98372 12.4209 0
    endloop
  endfacet
  facet normal 0.946896 -0.321541 0
    outer loop
      vertex 8.93747 12.2847 3
      vertex 8.98372 12.4209 0
      vertex 8.98372 12.4209 3
    endloop
  endfacet
  facet normal 0.946896 -0.321541 0
    outer loop
      vertex 8.98372 12.4209 0
      vertex 8.93747 12.2847 3
      vertex 8.93747 12.2847 0
    endloop
  endfacet
  facet normal 0.980794 -0.195047 0
    outer loop
      vertex 8.90941 12.1436 3
      vertex 8.93747 12.2847 0
      vertex 8.93747 12.2847 3
    endloop
  endfacet
  facet normal 0.980794 -0.195047 0
    outer loop
      vertex 8.93747 12.2847 0
      vertex 8.90941 12.1436 3
      vertex 8.90941 12.1436 0
    endloop
  endfacet
  facet normal 0.997855 -0.0654582 0
    outer loop
      vertex 8.89999 12 3
      vertex 8.90941 12.1436 0
      vertex 8.90941 12.1436 3
    endloop
  endfacet
  facet normal 0.997855 -0.0654582 0
    outer loop
      vertex 8.90941 12.1436 0
      vertex 8.89999 12 3
      vertex 8.89999 12 0
    endloop
  endfacet
  facet normal 0.997855 0.0654582 0
    outer loop
      vertex 8.90941 11.8564 3
      vertex 8.89999 12 0
      vertex 8.89999 12 3
    endloop
  endfacet
  facet normal 0.997855 0.0654582 0
    outer loop
      vertex 8.89999 12 0
      vertex 8.90941 11.8564 3
      vertex 8.90941 11.8564 0
    endloop
  endfacet
  facet normal 0.980794 0.195047 0
    outer loop
      vertex 8.93747 11.7153 3
      vertex 8.90941 11.8564 0
      vertex 8.90941 11.8564 3
    endloop
  endfacet
  facet normal 0.980794 0.195047 0
    outer loop
      vertex 8.90941 11.8564 0
      vertex 8.93747 11.7153 3
      vertex 8.93747 11.7153 0
    endloop
  endfacet
  facet normal 0.946967 0.32133 0
    outer loop
      vertex 8.98372 11.579 3
      vertex 8.93747 11.7153 0
      vertex 8.93747 11.7153 3
    endloop
  endfacet
  facet normal 0.946967 0.32133 0
    outer loop
      vertex 8.93747 11.7153 0
      vertex 8.98372 11.579 3
      vertex 8.98372 11.579 0
    endloop
  endfacet
  facet normal 0.896806 0.442424 0
    outer loop
      vertex 9.04736 11.45 3
      vertex 8.98372 11.579 0
      vertex 8.98372 11.579 3
    endloop
  endfacet
  facet normal 0.896806 0.442424 0
    outer loop
      vertex 8.98372 11.579 0
      vertex 9.04736 11.45 3
      vertex 9.04736 11.45 0
    endloop
  endfacet
  facet normal 0.831387 0.555694 0
    outer loop
      vertex 9.1273 11.3304 3
      vertex 9.04736 11.45 0
      vertex 9.04736 11.45 3
    endloop
  endfacet
  facet normal 0.831387 0.555694 0
    outer loop
      vertex 9.04736 11.45 0
      vertex 9.1273 11.3304 3
      vertex 9.1273 11.3304 0
    endloop
  endfacet
  facet normal 0.751905 0.659272 0
    outer loop
      vertex 9.22217 11.2222 3
      vertex 9.1273 11.3304 0
      vertex 9.1273 11.3304 3
    endloop
  endfacet
  facet normal 0.751905 0.659272 0
    outer loop
      vertex 9.1273 11.3304 0
      vertex 9.22217 11.2222 3
      vertex 9.22217 11.2222 0
    endloop
  endfacet
  facet normal 0.659458 0.751741 -0
    outer loop
      vertex 9.33035 11.1273 0
      vertex 9.22217 11.2222 3
      vertex 9.33035 11.1273 3
    endloop
  endfacet
  facet normal 0.659458 0.751741 0
    outer loop
      vertex 9.22217 11.2222 3
      vertex 9.33035 11.1273 0
      vertex 9.22217 11.2222 0
    endloop
  endfacet
  facet normal 0.555342 0.831622 -0
    outer loop
      vertex 9.45 11.0474 0
      vertex 9.33035 11.1273 3
      vertex 9.45 11.0474 3
    endloop
  endfacet
  facet normal 0.555342 0.831622 0
    outer loop
      vertex 9.33035 11.1273 3
      vertex 9.45 11.0474 0
      vertex 9.33035 11.1273 0
    endloop
  endfacet
  facet normal 0.442649 0.896695 -0
    outer loop
      vertex 9.57904 10.9837 0
      vertex 9.45 11.0474 3
      vertex 9.57904 10.9837 3
    endloop
  endfacet
  facet normal 0.442649 0.896695 0
    outer loop
      vertex 9.45 11.0474 3
      vertex 9.57904 10.9837 0
      vertex 9.45 11.0474 0
    endloop
  endfacet
  facet normal 0.321124 0.947037 -0
    outer loop
      vertex 9.71529 10.9375 0
      vertex 9.57904 10.9837 3
      vertex 9.71529 10.9375 3
    endloop
  endfacet
  facet normal 0.321124 0.947037 0
    outer loop
      vertex 9.57904 10.9837 3
      vertex 9.71529 10.9375 0
      vertex 9.57904 10.9837 0
    endloop
  endfacet
  facet normal 0.195287 0.980746 -0
    outer loop
      vertex 9.85641 10.9094 0
      vertex 9.71529 10.9375 3
      vertex 9.85641 10.9094 3
    endloop
  endfacet
  facet normal 0.195287 0.980746 0
    outer loop
      vertex 9.71529 10.9375 3
      vertex 9.85641 10.9094 0
      vertex 9.71529 10.9375 0
    endloop
  endfacet
  facet normal 0.0653243 0.997864 -0
    outer loop
      vertex 10 10.9 0
      vertex 9.85641 10.9094 3
      vertex 10 10.9 3
    endloop
  endfacet
  facet normal 0.0653243 0.997864 0
    outer loop
      vertex 9.85641 10.9094 3
      vertex 10 10.9 0
      vertex 9.85641 10.9094 0
    endloop
  endfacet
  facet normal -0.0653198 0.997864 0
    outer loop
      vertex 10.1436 10.9094 0
      vertex 10 10.9 3
      vertex 10.1436 10.9094 3
    endloop
  endfacet
  facet normal -0.0653198 0.997864 0
    outer loop
      vertex 10 10.9 3
      vertex 10.1436 10.9094 0
      vertex 10 10.9 0
    endloop
  endfacet
  facet normal -0.195287 0.980746 0
    outer loop
      vertex -5.71529 10.9375 0
      vertex -5.85641 10.9094 3
      vertex -5.71529 10.9375 3
    endloop
  endfacet
  facet normal -0.195287 0.980746 0
    outer loop
      vertex -5.85641 10.9094 3
      vertex -5.71529 10.9375 0
      vertex -5.85641 10.9094 0
    endloop
  endfacet
  facet normal -0.321124 0.947037 0
    outer loop
      vertex -5.57904 10.9837 0
      vertex -5.71529 10.9375 3
      vertex -5.57904 10.9837 3
    endloop
  endfacet
  facet normal -0.321124 0.947037 0
    outer loop
      vertex -5.71529 10.9375 3
      vertex -5.57904 10.9837 0
      vertex -5.71529 10.9375 0
    endloop
  endfacet
  facet normal -0.442649 0.896695 0
    outer loop
      vertex -5.45 11.0474 0
      vertex -5.57904 10.9837 3
      vertex -5.45 11.0474 3
    endloop
  endfacet
  facet normal -0.442649 0.896695 0
    outer loop
      vertex -5.57904 10.9837 3
      vertex -5.45 11.0474 0
      vertex -5.57904 10.9837 0
    endloop
  endfacet
  facet normal -0.555342 0.831622 0
    outer loop
      vertex -5.33035 11.1273 0
      vertex -5.45 11.0474 3
      vertex -5.33035 11.1273 3
    endloop
  endfacet
  facet normal -0.555342 0.831622 0
    outer loop
      vertex -5.45 11.0474 3
      vertex -5.33035 11.1273 0
      vertex -5.45 11.0474 0
    endloop
  endfacet
  facet normal -0.659458 0.751741 0
    outer loop
      vertex -5.22217 11.2222 0
      vertex -5.33035 11.1273 3
      vertex -5.22217 11.2222 3
    endloop
  endfacet
  facet normal -0.659458 0.751741 0
    outer loop
      vertex -5.33035 11.1273 3
      vertex -5.22217 11.2222 0
      vertex -5.33035 11.1273 0
    endloop
  endfacet
  facet normal -0.751905 0.659272 0
    outer loop
      vertex -5.22217 11.2222 0
      vertex -5.1273 11.3304 3
      vertex -5.1273 11.3304 0
    endloop
  endfacet
  facet normal -0.751905 0.659272 0
    outer loop
      vertex -5.1273 11.3304 3
      vertex -5.22217 11.2222 0
      vertex -5.22217 11.2222 3
    endloop
  endfacet
  facet normal -0.831387 0.555694 0
    outer loop
      vertex -5.1273 11.3304 0
      vertex -5.04736 11.45 3
      vertex -5.04736 11.45 0
    endloop
  endfacet
  facet normal -0.831387 0.555694 0
    outer loop
      vertex -5.04736 11.45 3
      vertex -5.1273 11.3304 0
      vertex -5.1273 11.3304 3
    endloop
  endfacet
  facet normal -0.896806 0.442424 0
    outer loop
      vertex -5.04736 11.45 0
      vertex -4.98372 11.579 3
      vertex -4.98372 11.579 0
    endloop
  endfacet
  facet normal -0.896806 0.442424 0
    outer loop
      vertex -4.98372 11.579 3
      vertex -5.04736 11.45 0
      vertex -5.04736 11.45 3
    endloop
  endfacet
  facet normal -0.946967 0.32133 0
    outer loop
      vertex -4.98372 11.579 0
      vertex -4.93747 11.7153 3
      vertex -4.93747 11.7153 0
    endloop
  endfacet
  facet normal -0.946967 0.32133 0
    outer loop
      vertex -4.93747 11.7153 3
      vertex -4.98372 11.579 0
      vertex -4.98372 11.579 3
    endloop
  endfacet
  facet normal -0.980794 0.195047 0
    outer loop
      vertex -4.93747 11.7153 0
      vertex -4.90941 11.8564 3
      vertex -4.90941 11.8564 0
    endloop
  endfacet
  facet normal -0.980794 0.195047 0
    outer loop
      vertex -4.90941 11.8564 3
      vertex -4.93747 11.7153 0
      vertex -4.93747 11.7153 3
    endloop
  endfacet
  facet normal -0.997855 0.0654582 0
    outer loop
      vertex -4.90941 11.8564 0
      vertex -4.89999 12 3
      vertex -4.89999 12 0
    endloop
  endfacet
  facet normal -0.997855 0.0654582 0
    outer loop
      vertex -4.89999 12 3
      vertex -4.90941 11.8564 0
      vertex -4.90941 11.8564 3
    endloop
  endfacet
  facet normal -0.997855 -0.0654582 0
    outer loop
      vertex -4.89999 12 0
      vertex -4.90941 12.1436 3
      vertex -4.90941 12.1436 0
    endloop
  endfacet
  facet normal -0.997855 -0.0654582 0
    outer loop
      vertex -4.90941 12.1436 3
      vertex -4.89999 12 0
      vertex -4.89999 12 3
    endloop
  endfacet
  facet normal -0.980794 -0.195047 0
    outer loop
      vertex -4.90941 12.1436 0
      vertex -4.93747 12.2847 3
      vertex -4.93747 12.2847 0
    endloop
  endfacet
  facet normal -0.980794 -0.195047 0
    outer loop
      vertex -4.93747 12.2847 3
      vertex -4.90941 12.1436 0
      vertex -4.90941 12.1436 3
    endloop
  endfacet
  facet normal -0.946896 -0.321541 0
    outer loop
      vertex -4.93747 12.2847 0
      vertex -4.98372 12.4209 3
      vertex -4.98372 12.4209 0
    endloop
  endfacet
  facet normal -0.946896 -0.321541 0
    outer loop
      vertex -4.98372 12.4209 3
      vertex -4.93747 12.2847 0
      vertex -4.93747 12.2847 3
    endloop
  endfacet
  facet normal -0.896942 -0.442149 0
    outer loop
      vertex -4.98372 12.4209 0
      vertex -5.04736 12.55 3
      vertex -5.04736 12.55 0
    endloop
  endfacet
  facet normal -0.896942 -0.442149 0
    outer loop
      vertex -5.04736 12.55 3
      vertex -4.98372 12.4209 0
      vertex -4.98372 12.4209 3
    endloop
  endfacet
  facet normal -0.831387 -0.555694 0
    outer loop
      vertex -5.04736 12.55 0
      vertex -5.1273 12.6696 3
      vertex -5.1273 12.6696 0
    endloop
  endfacet
  facet normal -0.831387 -0.555694 0
    outer loop
      vertex -5.1273 12.6696 3
      vertex -5.04736 12.55 0
      vertex -5.04736 12.55 3
    endloop
  endfacet
  facet normal -0.751905 -0.659272 0
    outer loop
      vertex -5.1273 12.6696 0
      vertex -5.22217 12.7778 3
      vertex -5.22217 12.7778 0
    endloop
  endfacet
  facet normal -0.751905 -0.659272 0
    outer loop
      vertex -5.22217 12.7778 3
      vertex -5.1273 12.6696 0
      vertex -5.1273 12.6696 3
    endloop
  endfacet
  facet normal -0.659458 -0.751741 0
    outer loop
      vertex -5.33035 12.8727 0
      vertex -5.22217 12.7778 3
      vertex -5.33035 12.8727 3
    endloop
  endfacet
  facet normal -0.659458 -0.751741 -0
    outer loop
      vertex -5.22217 12.7778 3
      vertex -5.33035 12.8727 0
      vertex -5.22217 12.7778 0
    endloop
  endfacet
  facet normal -0.555342 -0.831622 0
    outer loop
      vertex -5.45 12.9526 0
      vertex -5.33035 12.8727 3
      vertex -5.45 12.9526 3
    endloop
  endfacet
  facet normal -0.555342 -0.831622 -0
    outer loop
      vertex -5.33035 12.8727 3
      vertex -5.45 12.9526 0
      vertex -5.33035 12.8727 0
    endloop
  endfacet
  facet normal -0.442649 -0.896695 0
    outer loop
      vertex -5.57904 13.0163 0
      vertex -5.45 12.9526 3
      vertex -5.57904 13.0163 3
    endloop
  endfacet
  facet normal -0.442649 -0.896695 -0
    outer loop
      vertex -5.45 12.9526 3
      vertex -5.57904 13.0163 0
      vertex -5.45 12.9526 0
    endloop
  endfacet
  facet normal -0.321124 -0.947037 0
    outer loop
      vertex -5.71529 13.0625 0
      vertex -5.57904 13.0163 3
      vertex -5.71529 13.0625 3
    endloop
  endfacet
  facet normal -0.321124 -0.947037 -0
    outer loop
      vertex -5.57904 13.0163 3
      vertex -5.71529 13.0625 0
      vertex -5.57904 13.0163 0
    endloop
  endfacet
  facet normal -0.195287 -0.980746 0
    outer loop
      vertex -5.85641 13.0906 0
      vertex -5.71529 13.0625 3
      vertex -5.85641 13.0906 3
    endloop
  endfacet
  facet normal -0.195287 -0.980746 -0
    outer loop
      vertex -5.71529 13.0625 3
      vertex -5.85641 13.0906 0
      vertex -5.71529 13.0625 0
    endloop
  endfacet
  facet normal -0.0653243 -0.997864 0
    outer loop
      vertex -6 13.1 0
      vertex -5.85641 13.0906 3
      vertex -6 13.1 3
    endloop
  endfacet
  facet normal -0.0653243 -0.997864 -0
    outer loop
      vertex -5.85641 13.0906 3
      vertex -6 13.1 0
      vertex -5.85641 13.0906 0
    endloop
  endfacet
  facet normal 0.0653334 -0.997863 0
    outer loop
      vertex -6.14357 13.0906 0
      vertex -6 13.1 3
      vertex -6.14357 13.0906 3
    endloop
  endfacet
  facet normal 0.0653334 -0.997863 0
    outer loop
      vertex -6 13.1 3
      vertex -6.14357 13.0906 0
      vertex -6 13.1 0
    endloop
  endfacet
  facet normal 0.195274 -0.980749 0
    outer loop
      vertex -6.2847 13.0625 0
      vertex -6.14357 13.0906 3
      vertex -6.2847 13.0625 3
    endloop
  endfacet
  facet normal 0.195274 -0.980749 0
    outer loop
      vertex -6.14357 13.0906 3
      vertex -6.2847 13.0625 0
      vertex -6.14357 13.0906 0
    endloop
  endfacet
  facet normal 0.321145 -0.94703 0
    outer loop
      vertex -6.42094 13.0163 0
      vertex -6.2847 13.0625 3
      vertex -6.42094 13.0163 3
    endloop
  endfacet
  facet normal 0.321145 -0.94703 0
    outer loop
      vertex -6.2847 13.0625 3
      vertex -6.42094 13.0163 0
      vertex -6.2847 13.0625 0
    endloop
  endfacet
  facet normal 0.442622 -0.896708 0
    outer loop
      vertex -6.54999 12.9526 0
      vertex -6.42094 13.0163 3
      vertex -6.54999 12.9526 3
    endloop
  endfacet
  facet normal 0.442622 -0.896708 0
    outer loop
      vertex -6.42094 13.0163 3
      vertex -6.54999 12.9526 0
      vertex -6.42094 13.0163 0
    endloop
  endfacet
  facet normal 0.555374 -0.831601 0
    outer loop
      vertex -6.66963 12.8727 0
      vertex -6.54999 12.9526 3
      vertex -6.66963 12.8727 3
    endloop
  endfacet
  facet normal 0.555374 -0.831601 0
    outer loop
      vertex -6.54999 12.9526 3
      vertex -6.66963 12.8727 0
      vertex -6.54999 12.9526 0
    endloop
  endfacet
  facet normal 0.659424 -0.751771 0
    outer loop
      vertex -6.77782 12.7778 0
      vertex -6.66963 12.8727 3
      vertex -6.77782 12.7778 3
    endloop
  endfacet
  facet normal 0.659424 -0.751771 0
    outer loop
      vertex -6.66963 12.8727 3
      vertex -6.77782 12.7778 0
      vertex -6.66963 12.8727 0
    endloop
  endfacet
  facet normal 0.751939 -0.659232 0
    outer loop
      vertex -6.87268 12.6696 3
      vertex -6.77782 12.7778 0
      vertex -6.77782 12.7778 3
    endloop
  endfacet
  facet normal 0.751939 -0.659232 0
    outer loop
      vertex -6.77782 12.7778 0
      vertex -6.87268 12.6696 3
      vertex -6.87268 12.6696 0
    endloop
  endfacet
  facet normal 0.831387 -0.555694 0
    outer loop
      vertex -6.95262 12.55 3
      vertex -6.87268 12.6696 0
      vertex -6.87268 12.6696 3
    endloop
  endfacet
  facet normal 0.831387 -0.555694 0
    outer loop
      vertex -6.87268 12.6696 0
      vertex -6.95262 12.55 3
      vertex -6.95262 12.55 0
    endloop
  endfacet
  facet normal 0.896914 -0.442204 0
    outer loop
      vertex -7.01627 12.4209 3
      vertex -6.95262 12.55 0
      vertex -6.95262 12.55 3
    endloop
  endfacet
  facet normal 0.896914 -0.442204 0
    outer loop
      vertex -6.95262 12.55 0
      vertex -7.01627 12.4209 3
      vertex -7.01627 12.4209 0
    endloop
  endfacet
  facet normal 0.946896 -0.321541 0
    outer loop
      vertex -7.06252 12.2847 3
      vertex -7.01627 12.4209 0
      vertex -7.01627 12.4209 3
    endloop
  endfacet
  facet normal 0.946896 -0.321541 0
    outer loop
      vertex -7.01627 12.4209 0
      vertex -7.06252 12.2847 3
      vertex -7.06252 12.2847 0
    endloop
  endfacet
  facet normal 0.980794 -0.195047 0
    outer loop
      vertex -7.09058 12.1436 3
      vertex -7.06252 12.2847 0
      vertex -7.06252 12.2847 3
    endloop
  endfacet
  facet normal 0.980794 -0.195047 0
    outer loop
      vertex -7.06252 12.2847 0
      vertex -7.09058 12.1436 3
      vertex -7.09058 12.1436 0
    endloop
  endfacet
  facet normal 0.99786 -0.065389 0
    outer loop
      vertex -7.09999 12 3
      vertex -7.09058 12.1436 0
      vertex -7.09058 12.1436 3
    endloop
  endfacet
  facet normal 0.99786 -0.065389 0
    outer loop
      vertex -7.09058 12.1436 0
      vertex -7.09999 12 3
      vertex -7.09999 12 0
    endloop
  endfacet
  facet normal 0.99786 0.065389 0
    outer loop
      vertex -7.09058 11.8564 3
      vertex -7.09999 12 0
      vertex -7.09999 12 3
    endloop
  endfacet
  facet normal 0.99786 0.065389 0
    outer loop
      vertex -7.09999 12 0
      vertex -7.09058 11.8564 3
      vertex -7.09058 11.8564 0
    endloop
  endfacet
  facet normal 0.980794 0.195047 0
    outer loop
      vertex -7.06252 11.7153 3
      vertex -7.09058 11.8564 0
      vertex -7.09058 11.8564 3
    endloop
  endfacet
  facet normal 0.980794 0.195047 0
    outer loop
      vertex -7.09058 11.8564 0
      vertex -7.06252 11.7153 3
      vertex -7.06252 11.7153 0
    endloop
  endfacet
  facet normal 0.946967 0.32133 0
    outer loop
      vertex -7.01627 11.579 3
      vertex -7.06252 11.7153 0
      vertex -7.06252 11.7153 3
    endloop
  endfacet
  facet normal 0.946967 0.32133 0
    outer loop
      vertex -7.06252 11.7153 0
      vertex -7.01627 11.579 3
      vertex -7.01627 11.579 0
    endloop
  endfacet
  facet normal 0.896778 0.44248 0
    outer loop
      vertex -6.95262 11.45 3
      vertex -7.01627 11.579 0
      vertex -7.01627 11.579 3
    endloop
  endfacet
  facet normal 0.896778 0.44248 0
    outer loop
      vertex -7.01627 11.579 0
      vertex -6.95262 11.45 3
      vertex -6.95262 11.45 0
    endloop
  endfacet
  facet normal 0.831387 0.555694 0
    outer loop
      vertex -6.87268 11.3304 3
      vertex -6.95262 11.45 0
      vertex -6.95262 11.45 3
    endloop
  endfacet
  facet normal 0.831387 0.555694 0
    outer loop
      vertex -6.95262 11.45 0
      vertex -6.87268 11.3304 3
      vertex -6.87268 11.3304 0
    endloop
  endfacet
  facet normal 0.751939 0.659232 0
    outer loop
      vertex -6.77782 11.2222 3
      vertex -6.87268 11.3304 0
      vertex -6.87268 11.3304 3
    endloop
  endfacet
  facet normal 0.751939 0.659232 0
    outer loop
      vertex -6.87268 11.3304 0
      vertex -6.77782 11.2222 3
      vertex -6.77782 11.2222 0
    endloop
  endfacet
  facet normal 0.659424 0.751771 -0
    outer loop
      vertex -6.66963 11.1273 0
      vertex -6.77782 11.2222 3
      vertex -6.66963 11.1273 3
    endloop
  endfacet
  facet normal 0.659424 0.751771 0
    outer loop
      vertex -6.77782 11.2222 3
      vertex -6.66963 11.1273 0
      vertex -6.77782 11.2222 0
    endloop
  endfacet
  facet normal 0.555374 0.831601 -0
    outer loop
      vertex -6.54999 11.0474 0
      vertex -6.66963 11.1273 3
      vertex -6.54999 11.0474 3
    endloop
  endfacet
  facet normal 0.555374 0.831601 0
    outer loop
      vertex -6.66963 11.1273 3
      vertex -6.54999 11.0474 0
      vertex -6.66963 11.1273 0
    endloop
  endfacet
  facet normal 0.442622 0.896708 -0
    outer loop
      vertex -6.42094 10.9837 0
      vertex -6.54999 11.0474 3
      vertex -6.42094 10.9837 3
    endloop
  endfacet
  facet normal 0.442622 0.896708 0
    outer loop
      vertex -6.54999 11.0474 3
      vertex -6.42094 10.9837 0
      vertex -6.54999 11.0474 0
    endloop
  endfacet
  facet normal 0.321145 0.94703 -0
    outer loop
      vertex -6.2847 10.9375 0
      vertex -6.42094 10.9837 3
      vertex -6.2847 10.9375 3
    endloop
  endfacet
  facet normal 0.321145 0.94703 0
    outer loop
      vertex -6.42094 10.9837 3
      vertex -6.2847 10.9375 0
      vertex -6.42094 10.9837 0
    endloop
  endfacet
  facet normal 0.195274 0.980749 -0
    outer loop
      vertex -6.14357 10.9094 0
      vertex -6.2847 10.9375 3
      vertex -6.14357 10.9094 3
    endloop
  endfacet
  facet normal 0.195274 0.980749 0
    outer loop
      vertex -6.2847 10.9375 3
      vertex -6.14357 10.9094 0
      vertex -6.2847 10.9375 0
    endloop
  endfacet
  facet normal 0.0653334 0.997863 -0
    outer loop
      vertex -6 10.9 0
      vertex -6.14357 10.9094 3
      vertex -6 10.9 3
    endloop
  endfacet
  facet normal 0.0653334 0.997863 0
    outer loop
      vertex -6.14357 10.9094 3
      vertex -6 10.9 0
      vertex -6.14357 10.9094 0
    endloop
  endfacet
  facet normal -0.0653243 0.997864 0
    outer loop
      vertex -5.85641 10.9094 0
      vertex -6 10.9 3
      vertex -5.85641 10.9094 3
    endloop
  endfacet
  facet normal -0.0653243 0.997864 0
    outer loop
      vertex -6 10.9 3
      vertex -5.85641 10.9094 0
      vertex -6 10.9 0
    endloop
  endfacet
  facet normal -0.195274 0.980749 0
    outer loop
      vertex 2.2847 10.9375 0
      vertex 2.14357 10.9094 3
      vertex 2.2847 10.9375 3
    endloop
  endfacet
  facet normal -0.195274 0.980749 0
    outer loop
      vertex 2.14357 10.9094 3
      vertex 2.2847 10.9375 0
      vertex 2.14357 10.9094 0
    endloop
  endfacet
  facet normal -0.321145 0.94703 0
    outer loop
      vertex 2.42094 10.9837 0
      vertex 2.2847 10.9375 3
      vertex 2.42094 10.9837 3
    endloop
  endfacet
  facet normal -0.321145 0.94703 0
    outer loop
      vertex 2.2847 10.9375 3
      vertex 2.42094 10.9837 0
      vertex 2.2847 10.9375 0
    endloop
  endfacet
  facet normal -0.442622 0.896708 0
    outer loop
      vertex 2.54999 11.0474 0
      vertex 2.42094 10.9837 3
      vertex 2.54999 11.0474 3
    endloop
  endfacet
  facet normal -0.442622 0.896708 0
    outer loop
      vertex 2.42094 10.9837 3
      vertex 2.54999 11.0474 0
      vertex 2.42094 10.9837 0
    endloop
  endfacet
  facet normal -0.555374 0.831601 0
    outer loop
      vertex 2.66963 11.1273 0
      vertex 2.54999 11.0474 3
      vertex 2.66963 11.1273 3
    endloop
  endfacet
  facet normal -0.555374 0.831601 0
    outer loop
      vertex 2.54999 11.0474 3
      vertex 2.66963 11.1273 0
      vertex 2.54999 11.0474 0
    endloop
  endfacet
  facet normal -0.659424 0.751771 0
    outer loop
      vertex 2.77782 11.2222 0
      vertex 2.66963 11.1273 3
      vertex 2.77782 11.2222 3
    endloop
  endfacet
  facet normal -0.659424 0.751771 0
    outer loop
      vertex 2.66963 11.1273 3
      vertex 2.77782 11.2222 0
      vertex 2.66963 11.1273 0
    endloop
  endfacet
  facet normal -0.751939 0.659232 0
    outer loop
      vertex 2.77782 11.2222 0
      vertex 2.87268 11.3304 3
      vertex 2.87268 11.3304 0
    endloop
  endfacet
  facet normal -0.751939 0.659232 0
    outer loop
      vertex 2.87268 11.3304 3
      vertex 2.77782 11.2222 0
      vertex 2.77782 11.2222 3
    endloop
  endfacet
  facet normal -0.831387 0.555694 0
    outer loop
      vertex 2.87268 11.3304 0
      vertex 2.95262 11.45 3
      vertex 2.95262 11.45 0
    endloop
  endfacet
  facet normal -0.831387 0.555694 0
    outer loop
      vertex 2.95262 11.45 3
      vertex 2.87268 11.3304 0
      vertex 2.87268 11.3304 3
    endloop
  endfacet
  facet normal -0.896778 0.44248 0
    outer loop
      vertex 2.95262 11.45 0
      vertex 3.01627 11.579 3
      vertex 3.01627 11.579 0
    endloop
  endfacet
  facet normal -0.896778 0.44248 0
    outer loop
      vertex 3.01627 11.579 3
      vertex 2.95262 11.45 0
      vertex 2.95262 11.45 3
    endloop
  endfacet
  facet normal -0.946967 0.32133 0
    outer loop
      vertex 3.01627 11.579 0
      vertex 3.06252 11.7153 3
      vertex 3.06252 11.7153 0
    endloop
  endfacet
  facet normal -0.946967 0.32133 0
    outer loop
      vertex 3.06252 11.7153 3
      vertex 3.01627 11.579 0
      vertex 3.01627 11.579 3
    endloop
  endfacet
  facet normal -0.980794 0.195047 0
    outer loop
      vertex 3.06252 11.7153 0
      vertex 3.09058 11.8564 3
      vertex 3.09058 11.8564 0
    endloop
  endfacet
  facet normal -0.980794 0.195047 0
    outer loop
      vertex 3.09058 11.8564 3
      vertex 3.06252 11.7153 0
      vertex 3.06252 11.7153 3
    endloop
  endfacet
  facet normal -0.99786 0.065389 0
    outer loop
      vertex 3.09058 11.8564 0
      vertex 3.09999 12 3
      vertex 3.09999 12 0
    endloop
  endfacet
  facet normal -0.99786 0.065389 0
    outer loop
      vertex 3.09999 12 3
      vertex 3.09058 11.8564 0
      vertex 3.09058 11.8564 3
    endloop
  endfacet
  facet normal -0.99786 -0.065389 0
    outer loop
      vertex 3.09999 12 0
      vertex 3.09058 12.1436 3
      vertex 3.09058 12.1436 0
    endloop
  endfacet
  facet normal -0.99786 -0.065389 0
    outer loop
      vertex 3.09058 12.1436 3
      vertex 3.09999 12 0
      vertex 3.09999 12 3
    endloop
  endfacet
  facet normal -0.980794 -0.195047 0
    outer loop
      vertex 3.09058 12.1436 0
      vertex 3.06252 12.2847 3
      vertex 3.06252 12.2847 0
    endloop
  endfacet
  facet normal -0.980794 -0.195047 0
    outer loop
      vertex 3.06252 12.2847 3
      vertex 3.09058 12.1436 0
      vertex 3.09058 12.1436 3
    endloop
  endfacet
  facet normal -0.946896 -0.321541 0
    outer loop
      vertex 3.06252 12.2847 0
      vertex 3.01627 12.4209 3
      vertex 3.01627 12.4209 0
    endloop
  endfacet
  facet normal -0.946896 -0.321541 0
    outer loop
      vertex 3.01627 12.4209 3
      vertex 3.06252 12.2847 0
      vertex 3.06252 12.2847 3
    endloop
  endfacet
  facet normal -0.896914 -0.442204 0
    outer loop
      vertex 3.01627 12.4209 0
      vertex 2.95262 12.55 3
      vertex 2.95262 12.55 0
    endloop
  endfacet
  facet normal -0.896914 -0.442204 0
    outer loop
      vertex 2.95262 12.55 3
      vertex 3.01627 12.4209 0
      vertex 3.01627 12.4209 3
    endloop
  endfacet
  facet normal -0.831387 -0.555694 0
    outer loop
      vertex 2.95262 12.55 0
      vertex 2.87268 12.6696 3
      vertex 2.87268 12.6696 0
    endloop
  endfacet
  facet normal -0.831387 -0.555694 0
    outer loop
      vertex 2.87268 12.6696 3
      vertex 2.95262 12.55 0
      vertex 2.95262 12.55 3
    endloop
  endfacet
  facet normal -0.751939 -0.659232 0
    outer loop
      vertex 2.87268 12.6696 0
      vertex 2.77782 12.7778 3
      vertex 2.77782 12.7778 0
    endloop
  endfacet
  facet normal -0.751939 -0.659232 0
    outer loop
      vertex 2.77782 12.7778 3
      vertex 2.87268 12.6696 0
      vertex 2.87268 12.6696 3
    endloop
  endfacet
  facet normal -0.659424 -0.751771 0
    outer loop
      vertex 2.66963 12.8727 0
      vertex 2.77782 12.7778 3
      vertex 2.66963 12.8727 3
    endloop
  endfacet
  facet normal -0.659424 -0.751771 -0
    outer loop
      vertex 2.77782 12.7778 3
      vertex 2.66963 12.8727 0
      vertex 2.77782 12.7778 0
    endloop
  endfacet
  facet normal -0.555374 -0.831601 0
    outer loop
      vertex 2.54999 12.9526 0
      vertex 2.66963 12.8727 3
      vertex 2.54999 12.9526 3
    endloop
  endfacet
  facet normal -0.555374 -0.831601 -0
    outer loop
      vertex 2.66963 12.8727 3
      vertex 2.54999 12.9526 0
      vertex 2.66963 12.8727 0
    endloop
  endfacet
  facet normal -0.442622 -0.896708 0
    outer loop
      vertex 2.42094 13.0163 0
      vertex 2.54999 12.9526 3
      vertex 2.42094 13.0163 3
    endloop
  endfacet
  facet normal -0.442622 -0.896708 -0
    outer loop
      vertex 2.54999 12.9526 3
      vertex 2.42094 13.0163 0
      vertex 2.54999 12.9526 0
    endloop
  endfacet
  facet normal -0.321145 -0.94703 0
    outer loop
      vertex 2.2847 13.0625 0
      vertex 2.42094 13.0163 3
      vertex 2.2847 13.0625 3
    endloop
  endfacet
  facet normal -0.321145 -0.94703 -0
    outer loop
      vertex 2.42094 13.0163 3
      vertex 2.2847 13.0625 0
      vertex 2.42094 13.0163 0
    endloop
  endfacet
  facet normal -0.195274 -0.980749 0
    outer loop
      vertex 2.14357 13.0906 0
      vertex 2.2847 13.0625 3
      vertex 2.14357 13.0906 3
    endloop
  endfacet
  facet normal -0.195274 -0.980749 -0
    outer loop
      vertex 2.2847 13.0625 3
      vertex 2.14357 13.0906 0
      vertex 2.2847 13.0625 0
    endloop
  endfacet
  facet normal -0.0653334 -0.997863 0
    outer loop
      vertex 2 13.1 0
      vertex 2.14357 13.0906 3
      vertex 2 13.1 3
    endloop
  endfacet
  facet normal -0.0653334 -0.997863 -0
    outer loop
      vertex 2.14357 13.0906 3
      vertex 2 13.1 0
      vertex 2.14357 13.0906 0
    endloop
  endfacet
  facet normal 0.0653243 -0.997864 0
    outer loop
      vertex 1.85641 13.0906 0
      vertex 2 13.1 3
      vertex 1.85641 13.0906 3
    endloop
  endfacet
  facet normal 0.0653243 -0.997864 0
    outer loop
      vertex 2 13.1 3
      vertex 1.85641 13.0906 0
      vertex 2 13.1 0
    endloop
  endfacet
  facet normal 0.195287 -0.980746 0
    outer loop
      vertex 1.71529 13.0625 0
      vertex 1.85641 13.0906 3
      vertex 1.71529 13.0625 3
    endloop
  endfacet
  facet normal 0.195287 -0.980746 0
    outer loop
      vertex 1.85641 13.0906 3
      vertex 1.71529 13.0625 0
      vertex 1.85641 13.0906 0
    endloop
  endfacet
  facet normal 0.321124 -0.947037 0
    outer loop
      vertex 1.57904 13.0163 0
      vertex 1.71529 13.0625 3
      vertex 1.57904 13.0163 3
    endloop
  endfacet
  facet normal 0.321124 -0.947037 0
    outer loop
      vertex 1.71529 13.0625 3
      vertex 1.57904 13.0163 0
      vertex 1.71529 13.0625 0
    endloop
  endfacet
  facet normal 0.442649 -0.896695 0
    outer loop
      vertex 1.45 12.9526 0
      vertex 1.57904 13.0163 3
      vertex 1.45 12.9526 3
    endloop
  endfacet
  facet normal 0.442649 -0.896695 0
    outer loop
      vertex 1.57904 13.0163 3
      vertex 1.45 12.9526 0
      vertex 1.57904 13.0163 0
    endloop
  endfacet
  facet normal 0.555342 -0.831622 0
    outer loop
      vertex 1.33035 12.8727 0
      vertex 1.45 12.9526 3
      vertex 1.33035 12.8727 3
    endloop
  endfacet
  facet normal 0.555342 -0.831622 0
    outer loop
      vertex 1.45 12.9526 3
      vertex 1.33035 12.8727 0
      vertex 1.45 12.9526 0
    endloop
  endfacet
  facet normal 0.659458 -0.751741 0
    outer loop
      vertex 1.22217 12.7778 0
      vertex 1.33035 12.8727 3
      vertex 1.22217 12.7778 3
    endloop
  endfacet
  facet normal 0.659458 -0.751741 0
    outer loop
      vertex 1.33035 12.8727 3
      vertex 1.22217 12.7778 0
      vertex 1.33035 12.8727 0
    endloop
  endfacet
  facet normal 0.751905 -0.659272 0
    outer loop
      vertex 1.1273 12.6696 3
      vertex 1.22217 12.7778 0
      vertex 1.22217 12.7778 3
    endloop
  endfacet
  facet normal 0.751905 -0.659272 0
    outer loop
      vertex 1.22217 12.7778 0
      vertex 1.1273 12.6696 3
      vertex 1.1273 12.6696 0
    endloop
  endfacet
  facet normal 0.831387 -0.555694 0
    outer loop
      vertex 1.04736 12.55 3
      vertex 1.1273 12.6696 0
      vertex 1.1273 12.6696 3
    endloop
  endfacet
  facet normal 0.831387 -0.555694 0
    outer loop
      vertex 1.1273 12.6696 0
      vertex 1.04736 12.55 3
      vertex 1.04736 12.55 0
    endloop
  endfacet
  facet normal 0.896939 -0.442154 0
    outer loop
      vertex 0.983719 12.4209 3
      vertex 1.04736 12.55 0
      vertex 1.04736 12.55 3
    endloop
  endfacet
  facet normal 0.896939 -0.442154 0
    outer loop
      vertex 1.04736 12.55 0
      vertex 0.983719 12.4209 3
      vertex 0.983719 12.4209 0
    endloop
  endfacet
  facet normal 0.946896 -0.321541 0
    outer loop
      vertex 0.937469 12.2847 3
      vertex 0.983719 12.4209 0
      vertex 0.983719 12.4209 3
    endloop
  endfacet
  facet normal 0.946896 -0.321541 0
    outer loop
      vertex 0.983719 12.4209 0
      vertex 0.937469 12.2847 3
      vertex 0.937469 12.2847 0
    endloop
  endfacet
  facet normal 0.980794 -0.195047 0
    outer loop
      vertex 0.909409 12.1436 3
      vertex 0.937469 12.2847 0
      vertex 0.937469 12.2847 3
    endloop
  endfacet
  facet normal 0.980794 -0.195047 0
    outer loop
      vertex 0.937469 12.2847 0
      vertex 0.909409 12.1436 3
      vertex 0.909409 12.1436 0
    endloop
  endfacet
  facet normal 0.997858 -0.0654236 0
    outer loop
      vertex 0.899994 12 3
      vertex 0.909409 12.1436 0
      vertex 0.909409 12.1436 3
    endloop
  endfacet
  facet normal 0.997858 -0.0654236 0
    outer loop
      vertex 0.909409 12.1436 0
      vertex 0.899994 12 3
      vertex 0.899994 12 0
    endloop
  endfacet
  facet normal 0.997858 0.0654236 0
    outer loop
      vertex 0.909409 11.8564 3
      vertex 0.899994 12 0
      vertex 0.899994 12 3
    endloop
  endfacet
  facet normal 0.997858 0.0654236 0
    outer loop
      vertex 0.899994 12 0
      vertex 0.909409 11.8564 3
      vertex 0.909409 11.8564 0
    endloop
  endfacet
  facet normal 0.980794 0.195047 0
    outer loop
      vertex 0.937469 11.7153 3
      vertex 0.909409 11.8564 0
      vertex 0.909409 11.8564 3
    endloop
  endfacet
  facet normal 0.980794 0.195047 0
    outer loop
      vertex 0.909409 11.8564 0
      vertex 0.937469 11.7153 3
      vertex 0.937469 11.7153 0
    endloop
  endfacet
  facet normal 0.946967 0.32133 0
    outer loop
      vertex 0.983719 11.579 3
      vertex 0.937469 11.7153 0
      vertex 0.937469 11.7153 3
    endloop
  endfacet
  facet normal 0.946967 0.32133 0
    outer loop
      vertex 0.937469 11.7153 0
      vertex 0.983719 11.579 3
      vertex 0.983719 11.579 0
    endloop
  endfacet
  facet normal 0.896803 0.44243 0
    outer loop
      vertex 1.04736 11.45 3
      vertex 0.983719 11.579 0
      vertex 0.983719 11.579 3
    endloop
  endfacet
  facet normal 0.896803 0.44243 0
    outer loop
      vertex 0.983719 11.579 0
      vertex 1.04736 11.45 3
      vertex 1.04736 11.45 0
    endloop
  endfacet
  facet normal 0.831387 0.555694 0
    outer loop
      vertex 1.1273 11.3304 3
      vertex 1.04736 11.45 0
      vertex 1.04736 11.45 3
    endloop
  endfacet
  facet normal 0.831387 0.555694 0
    outer loop
      vertex 1.04736 11.45 0
      vertex 1.1273 11.3304 3
      vertex 1.1273 11.3304 0
    endloop
  endfacet
  facet normal 0.751905 0.659272 0
    outer loop
      vertex 1.22217 11.2222 3
      vertex 1.1273 11.3304 0
      vertex 1.1273 11.3304 3
    endloop
  endfacet
  facet normal 0.751905 0.659272 0
    outer loop
      vertex 1.1273 11.3304 0
      vertex 1.22217 11.2222 3
      vertex 1.22217 11.2222 0
    endloop
  endfacet
  facet normal 0.659458 0.751741 -0
    outer loop
      vertex 1.33035 11.1273 0
      vertex 1.22217 11.2222 3
      vertex 1.33035 11.1273 3
    endloop
  endfacet
  facet normal 0.659458 0.751741 0
    outer loop
      vertex 1.22217 11.2222 3
      vertex 1.33035 11.1273 0
      vertex 1.22217 11.2222 0
    endloop
  endfacet
  facet normal 0.555342 0.831622 -0
    outer loop
      vertex 1.45 11.0474 0
      vertex 1.33035 11.1273 3
      vertex 1.45 11.0474 3
    endloop
  endfacet
  facet normal 0.555342 0.831622 0
    outer loop
      vertex 1.33035 11.1273 3
      vertex 1.45 11.0474 0
      vertex 1.33035 11.1273 0
    endloop
  endfacet
  facet normal 0.442649 0.896695 -0
    outer loop
      vertex 1.57904 10.9837 0
      vertex 1.45 11.0474 3
      vertex 1.57904 10.9837 3
    endloop
  endfacet
  facet normal 0.442649 0.896695 0
    outer loop
      vertex 1.45 11.0474 3
      vertex 1.57904 10.9837 0
      vertex 1.45 11.0474 0
    endloop
  endfacet
  facet normal 0.321124 0.947037 -0
    outer loop
      vertex 1.71529 10.9375 0
      vertex 1.57904 10.9837 3
      vertex 1.71529 10.9375 3
    endloop
  endfacet
  facet normal 0.321124 0.947037 0
    outer loop
      vertex 1.57904 10.9837 3
      vertex 1.71529 10.9375 0
      vertex 1.57904 10.9837 0
    endloop
  endfacet
  facet normal 0.195287 0.980746 -0
    outer loop
      vertex 1.85641 10.9094 0
      vertex 1.71529 10.9375 3
      vertex 1.85641 10.9094 3
    endloop
  endfacet
  facet normal 0.195287 0.980746 0
    outer loop
      vertex 1.71529 10.9375 3
      vertex 1.85641 10.9094 0
      vertex 1.71529 10.9375 0
    endloop
  endfacet
  facet normal 0.0653243 0.997864 -0
    outer loop
      vertex 2 10.9 0
      vertex 1.85641 10.9094 3
      vertex 2 10.9 3
    endloop
  endfacet
  facet normal 0.0653243 0.997864 0
    outer loop
      vertex 1.85641 10.9094 3
      vertex 2 10.9 0
      vertex 1.85641 10.9094 0
    endloop
  endfacet
  facet normal -0.0653334 0.997863 0
    outer loop
      vertex 2.14357 10.9094 0
      vertex 2 10.9 3
      vertex 2.14357 10.9094 3
    endloop
  endfacet
  facet normal -0.0653334 0.997863 0
    outer loop
      vertex 2 10.9 3
      vertex 2.14357 10.9094 0
      vertex 2 10.9 0
    endloop
  endfacet
  facet normal 0 -1 0
    outer loop
      vertex -1 10.3 0
      vertex 5 10.3 3
      vertex -1 10.3 3
    endloop
  endfacet
  facet normal 0 -1 -0
    outer loop
      vertex 5 10.3 3
      vertex -1 10.3 0
      vertex 5 10.3 0
    endloop
  endfacet
  facet normal 1 -0 0
    outer loop
      vertex -1 7.7 3
      vertex -1 10.3 0
      vertex -1 10.3 3
    endloop
  endfacet
  facet normal 1 0 0
    outer loop
      vertex -1 10.3 0
      vertex -1 7.7 3
      vertex -1 7.7 0
    endloop
  endfacet
  facet normal 0 1 -0
    outer loop
      vertex 5 7.7 0
      vertex -1 7.7 3
      vertex 5 7.7 3
    endloop
  endfacet
  facet normal 0 1 0
    outer loop
      vertex -1 7.7 3
      vertex 5 7.7 0
      vertex -1 7.7 0
    endloop
  endfacet
  facet normal -1 0 0
    outer loop
      vertex 5 7.7 0
      vertex 5 10.3 3
      vertex 5 10.3 0
    endloop
  endfacet
  facet normal -1 -0 0
    outer loop
      vertex 5 10.3 3
      vertex 5 7.7 0
      vertex 5 7.7 3
    endloop
  endfacet
  facet normal 0 -1 0
    outer loop
      vertex 11 10.3 0
      vertex 17 10.3 3
      vertex 11 10.3 3
    endloop
  endfacet
  facet normal 0 -1 -0
    outer loop
      vertex 17 10.3 3
      vertex 11 10.3 0
      vertex 17 10.3 0
    endloop
  endfacet
  facet normal 1 -0 0
    outer loop
      vertex 11 7.7 3
      vertex 11 10.3 0
      vertex 11 10.3 3
    endloop
  endfacet
  facet normal 1 0 0
    outer loop
      vertex 11 10.3 0
      vertex 11 7.7 3
      vertex 11 7.7 0
    endloop
  endfacet
  facet normal 0 1 -0
    outer loop
      vertex 17 7.7 0
      vertex 11 7.7 3
      vertex 17 7.7 3
    endloop
  endfacet
  facet normal 0 1 0
    outer loop
      vertex 11 7.7 3
      vertex 17 7.7 0
      vertex 11 7.7 0
    endloop
  endfacet
  facet normal -1 0 0
    outer loop
      vertex 17 7.7 0
      vertex 17 10.3 3
      vertex 17 10.3 0
    endloop
  endfacet
  facet normal -1 -0 0
    outer loop
      vertex 17 10.3 3
      vertex 17 7.7 0
      vertex 17 7.7 3
    endloop
  endfacet
  facet normal -0.195047 0.980794 0
    outer loop
      vertex -23.7153 6.93747 0
      vertex -23.8564 6.90941 3
      vertex -23.7153 6.93747 3
    endloop
  endfacet
  facet normal -0.195047 0.980794 0
    outer loop
      vertex -23.8564 6.90941 3
      vertex -23.7153 6.93747 0
      vertex -23.8564 6.90941 0
    endloop
  endfacet
  facet normal -0.321541 0.946896 0
    outer loop
      vertex -23.5791 6.98372 0
      vertex -23.7153 6.93747 3
      vertex -23.5791 6.98372 3
    endloop
  endfacet
  facet normal -0.321541 0.946896 0
    outer loop
      vertex -23.7153 6.93747 3
      vertex -23.5791 6.98372 0
      vertex -23.7153 6.93747 0
    endloop
  endfacet
  facet normal -0.442149 0.896942 0
    outer loop
      vertex -23.45 7.04736 0
      vertex -23.5791 6.98372 3
      vertex -23.45 7.04736 3
    endloop
  endfacet
  facet normal -0.442149 0.896942 0
    outer loop
      vertex -23.5791 6.98372 3
      vertex -23.45 7.04736 0
      vertex -23.5791 6.98372 0
    endloop
  endfacet
  facet normal -0.555694 0.831387 0
    outer loop
      vertex -23.3304 7.1273 0
      vertex -23.45 7.04736 3
      vertex -23.3304 7.1273 3
    endloop
  endfacet
  facet normal -0.555694 0.831387 0
    outer loop
      vertex -23.45 7.04736 3
      vertex -23.3304 7.1273 0
      vertex -23.45 7.04736 0
    endloop
  endfacet
  facet normal -0.659272 0.751905 0
    outer loop
      vertex -23.2222 7.22217 0
      vertex -23.3304 7.1273 3
      vertex -23.2222 7.22217 3
    endloop
  endfacet
  facet normal -0.659272 0.751905 0
    outer loop
      vertex -23.3304 7.1273 3
      vertex -23.2222 7.22217 0
      vertex -23.3304 7.1273 0
    endloop
  endfacet
  facet normal -0.751741 0.659458 0
    outer loop
      vertex -23.2222 7.22217 0
      vertex -23.1273 7.33035 3
      vertex -23.1273 7.33035 0
    endloop
  endfacet
  facet normal -0.751741 0.659458 0
    outer loop
      vertex -23.1273 7.33035 3
      vertex -23.2222 7.22217 0
      vertex -23.2222 7.22217 3
    endloop
  endfacet
  facet normal -0.831622 0.555342 0
    outer loop
      vertex -23.1273 7.33035 0
      vertex -23.0474 7.45 3
      vertex -23.0474 7.45 0
    endloop
  endfacet
  facet normal -0.831622 0.555342 0
    outer loop
      vertex -23.0474 7.45 3
      vertex -23.1273 7.33035 0
      vertex -23.1273 7.33035 3
    endloop
  endfacet
  facet normal -0.896695 0.442649 0
    outer loop
      vertex -23.0474 7.45 0
      vertex -22.9837 7.57904 3
      vertex -22.9837 7.57904 0
    endloop
  endfacet
  facet normal -0.896695 0.442649 0
    outer loop
      vertex -22.9837 7.57904 3
      vertex -23.0474 7.45 0
      vertex -23.0474 7.45 3
    endloop
  endfacet
  facet normal -0.947037 0.321124 0
    outer loop
      vertex -22.9837 7.57904 0
      vertex -22.9375 7.71529 3
      vertex -22.9375 7.71529 0
    endloop
  endfacet
  facet normal -0.947037 0.321124 0
    outer loop
      vertex -22.9375 7.71529 3
      vertex -22.9837 7.57904 0
      vertex -22.9837 7.57904 3
    endloop
  endfacet
  facet normal -0.980746 0.195287 0
    outer loop
      vertex -22.9375 7.71529 0
      vertex -22.9094 7.85641 3
      vertex -22.9094 7.85641 0
    endloop
  endfacet
  facet normal -0.980746 0.195287 0
    outer loop
      vertex -22.9094 7.85641 3
      vertex -22.9375 7.71529 0
      vertex -22.9375 7.71529 3
    endloop
  endfacet
  facet normal -0.997864 0.0653243 0
    outer loop
      vertex -22.9094 7.85641 0
      vertex -22.9 8 3
      vertex -22.9 8 0
    endloop
  endfacet
  facet normal -0.997864 0.0653243 0
    outer loop
      vertex -22.9 8 3
      vertex -22.9094 7.85641 0
      vertex -22.9094 7.85641 3
    endloop
  endfacet
  facet normal -0.997863 -0.0653334 0
    outer loop
      vertex -22.9 8 0
      vertex -22.9094 8.14357 3
      vertex -22.9094 8.14357 0
    endloop
  endfacet
  facet normal -0.997863 -0.0653334 0
    outer loop
      vertex -22.9094 8.14357 3
      vertex -22.9 8 0
      vertex -22.9 8 3
    endloop
  endfacet
  facet normal -0.980749 -0.195274 0
    outer loop
      vertex -22.9094 8.14357 0
      vertex -22.9375 8.2847 3
      vertex -22.9375 8.2847 0
    endloop
  endfacet
  facet normal -0.980749 -0.195274 0
    outer loop
      vertex -22.9375 8.2847 3
      vertex -22.9094 8.14357 0
      vertex -22.9094 8.14357 3
    endloop
  endfacet
  facet normal -0.94703 -0.321145 0
    outer loop
      vertex -22.9375 8.2847 0
      vertex -22.9837 8.42094 3
      vertex -22.9837 8.42094 0
    endloop
  endfacet
  facet normal -0.94703 -0.321145 0
    outer loop
      vertex -22.9837 8.42094 3
      vertex -22.9375 8.2847 0
      vertex -22.9375 8.2847 3
    endloop
  endfacet
  facet normal -0.896708 -0.442622 0
    outer loop
      vertex -22.9837 8.42094 0
      vertex -23.0474 8.54999 3
      vertex -23.0474 8.54999 0
    endloop
  endfacet
  facet normal -0.896708 -0.442622 0
    outer loop
      vertex -23.0474 8.54999 3
      vertex -22.9837 8.42094 0
      vertex -22.9837 8.42094 3
    endloop
  endfacet
  facet normal -0.831601 -0.555374 0
    outer loop
      vertex -23.0474 8.54999 0
      vertex -23.1273 8.66963 3
      vertex -23.1273 8.66963 0
    endloop
  endfacet
  facet normal -0.831601 -0.555374 0
    outer loop
      vertex -23.1273 8.66963 3
      vertex -23.0474 8.54999 0
      vertex -23.0474 8.54999 3
    endloop
  endfacet
  facet normal -0.751771 -0.659424 0
    outer loop
      vertex -23.1273 8.66963 0
      vertex -23.2222 8.77782 3
      vertex -23.2222 8.77782 0
    endloop
  endfacet
  facet normal -0.751771 -0.659424 0
    outer loop
      vertex -23.2222 8.77782 3
      vertex -23.1273 8.66963 0
      vertex -23.1273 8.66963 3
    endloop
  endfacet
  facet normal -0.659232 -0.751939 0
    outer loop
      vertex -23.3304 8.87268 0
      vertex -23.2222 8.77782 3
      vertex -23.3304 8.87268 3
    endloop
  endfacet
  facet normal -0.659232 -0.751939 -0
    outer loop
      vertex -23.2222 8.77782 3
      vertex -23.3304 8.87268 0
      vertex -23.2222 8.77782 0
    endloop
  endfacet
  facet normal -0.555694 -0.831387 0
    outer loop
      vertex -23.45 8.95262 0
      vertex -23.3304 8.87268 3
      vertex -23.45 8.95262 3
    endloop
  endfacet
  facet normal -0.555694 -0.831387 -0
    outer loop
      vertex -23.3304 8.87268 3
      vertex -23.45 8.95262 0
      vertex -23.3304 8.87268 0
    endloop
  endfacet
  facet normal -0.442204 -0.896914 0
    outer loop
      vertex -23.5791 9.01627 0
      vertex -23.45 8.95262 3
      vertex -23.5791 9.01627 3
    endloop
  endfacet
  facet normal -0.442204 -0.896914 -0
    outer loop
      vertex -23.45 8.95262 3
      vertex -23.5791 9.01627 0
      vertex -23.45 8.95262 0
    endloop
  endfacet
  facet normal -0.321541 -0.946896 0
    outer loop
      vertex -23.7153 9.06252 0
      vertex -23.5791 9.01627 3
      vertex -23.7153 9.06252 3
    endloop
  endfacet
  facet normal -0.321541 -0.946896 -0
    outer loop
      vertex -23.5791 9.01627 3
      vertex -23.7153 9.06252 0
      vertex -23.5791 9.01627 0
    endloop
  endfacet
  facet normal -0.195047 -0.980794 0
    outer loop
      vertex -23.8564 9.09058 0
      vertex -23.7153 9.06252 3
      vertex -23.8564 9.09058 3
    endloop
  endfacet
  facet normal -0.195047 -0.980794 -0
    outer loop
      vertex -23.7153 9.06252 3
      vertex -23.8564 9.09058 0
      vertex -23.7153 9.06252 0
    endloop
  endfacet
  facet normal -0.065389 -0.99786 0
    outer loop
      vertex -24 9.09999 0
      vertex -23.8564 9.09058 3
      vertex -24 9.09999 3
    endloop
  endfacet
  facet normal -0.065389 -0.99786 -0
    outer loop
      vertex -23.8564 9.09058 3
      vertex -24 9.09999 0
      vertex -23.8564 9.09058 0
    endloop
  endfacet
  facet normal 0.065389 -0.99786 0
    outer loop
      vertex -24.1436 9.09058 0
      vertex -24 9.09999 3
      vertex -24.1436 9.09058 3
    endloop
  endfacet
  facet normal 0.065389 -0.99786 0
    outer loop
      vertex -24 9.09999 3
      vertex -24.1436 9.09058 0
      vertex -24 9.09999 0
    endloop
  endfacet
  facet normal 0.195047 -0.980794 0
    outer loop
      vertex -24.2847 9.06252 0
      vertex -24.1436 9.09058 3
      vertex -24.2847 9.06252 3
    endloop
  endfacet
  facet normal 0.195047 -0.980794 0
    outer loop
      vertex -24.1436 9.09058 3
      vertex -24.2847 9.06252 0
      vertex -24.1436 9.09058 0
    endloop
  endfacet
  facet normal 0.321541 -0.946896 0
    outer loop
      vertex -24.4209 9.01627 0
      vertex -24.2847 9.06252 3
      vertex -24.4209 9.01627 3
    endloop
  endfacet
  facet normal 0.321541 -0.946896 0
    outer loop
      vertex -24.2847 9.06252 3
      vertex -24.4209 9.01627 0
      vertex -24.2847 9.06252 0
    endloop
  endfacet
  facet normal 0.442204 -0.896914 0
    outer loop
      vertex -24.55 8.95262 0
      vertex -24.4209 9.01627 3
      vertex -24.55 8.95262 3
    endloop
  endfacet
  facet normal 0.442204 -0.896914 0
    outer loop
      vertex -24.4209 9.01627 3
      vertex -24.55 8.95262 0
      vertex -24.4209 9.01627 0
    endloop
  endfacet
  facet normal 0.555694 -0.831387 0
    outer loop
      vertex -24.6696 8.87268 0
      vertex -24.55 8.95262 3
      vertex -24.6696 8.87268 3
    endloop
  endfacet
  facet normal 0.555694 -0.831387 0
    outer loop
      vertex -24.55 8.95262 3
      vertex -24.6696 8.87268 0
      vertex -24.55 8.95262 0
    endloop
  endfacet
  facet normal 0.659232 -0.751939 0
    outer loop
      vertex -24.7778 8.77782 0
      vertex -24.6696 8.87268 3
      vertex -24.7778 8.77782 3
    endloop
  endfacet
  facet normal 0.659232 -0.751939 0
    outer loop
      vertex -24.6696 8.87268 3
      vertex -24.7778 8.77782 0
      vertex -24.6696 8.87268 0
    endloop
  endfacet
  facet normal 0.751771 -0.659424 0
    outer loop
      vertex -24.8727 8.66963 3
      vertex -24.7778 8.77782 0
      vertex -24.7778 8.77782 3
    endloop
  endfacet
  facet normal 0.751771 -0.659424 0
    outer loop
      vertex -24.7778 8.77782 0
      vertex -24.8727 8.66963 3
      vertex -24.8727 8.66963 0
    endloop
  endfacet
  facet normal 0.831601 -0.555374 0
    outer loop
      vertex -24.9526 8.54999 3
      vertex -24.8727 8.66963 0
      vertex -24.8727 8.66963 3
    endloop
  endfacet
  facet normal 0.831601 -0.555374 0
    outer loop
      vertex -24.8727 8.66963 0
      vertex -24.9526 8.54999 3
      vertex -24.9526 8.54999 0
    endloop
  endfacet
  facet normal 0.896708 -0.442622 0
    outer loop
      vertex -25.0163 8.42094 3
      vertex -24.9526 8.54999 0
      vertex -24.9526 8.54999 3
    endloop
  endfacet
  facet normal 0.896708 -0.442622 0
    outer loop
      vertex -24.9526 8.54999 0
      vertex -25.0163 8.42094 3
      vertex -25.0163 8.42094 0
    endloop
  endfacet
  facet normal 0.94703 -0.321145 0
    outer loop
      vertex -25.0625 8.2847 3
      vertex -25.0163 8.42094 0
      vertex -25.0163 8.42094 3
    endloop
  endfacet
  facet normal 0.94703 -0.321145 0
    outer loop
      vertex -25.0163 8.42094 0
      vertex -25.0625 8.2847 3
      vertex -25.0625 8.2847 0
    endloop
  endfacet
  facet normal 0.980749 -0.195274 0
    outer loop
      vertex -25.0906 8.14357 3
      vertex -25.0625 8.2847 0
      vertex -25.0625 8.2847 3
    endloop
  endfacet
  facet normal 0.980749 -0.195274 0
    outer loop
      vertex -25.0625 8.2847 0
      vertex -25.0906 8.14357 3
      vertex -25.0906 8.14357 0
    endloop
  endfacet
  facet normal 0.997863 -0.0653334 0
    outer loop
      vertex -25.1 8 3
      vertex -25.0906 8.14357 0
      vertex -25.0906 8.14357 3
    endloop
  endfacet
  facet normal 0.997863 -0.0653334 0
    outer loop
      vertex -25.0906 8.14357 0
      vertex -25.1 8 3
      vertex -25.1 8 0
    endloop
  endfacet
  facet normal 0.997864 0.0653243 0
    outer loop
      vertex -25.0906 7.85641 3
      vertex -25.1 8 0
      vertex -25.1 8 3
    endloop
  endfacet
  facet normal 0.997864 0.0653243 0
    outer loop
      vertex -25.1 8 0
      vertex -25.0906 7.85641 3
      vertex -25.0906 7.85641 0
    endloop
  endfacet
  facet normal 0.980746 0.195287 0
    outer loop
      vertex -25.0625 7.71529 3
      vertex -25.0906 7.85641 0
      vertex -25.0906 7.85641 3
    endloop
  endfacet
  facet normal 0.980746 0.195287 0
    outer loop
      vertex -25.0906 7.85641 0
      vertex -25.0625 7.71529 3
      vertex -25.0625 7.71529 0
    endloop
  endfacet
  facet normal 0.947037 0.321124 0
    outer loop
      vertex -25.0163 7.57904 3
      vertex -25.0625 7.71529 0
      vertex -25.0625 7.71529 3
    endloop
  endfacet
  facet normal 0.947037 0.321124 0
    outer loop
      vertex -25.0625 7.71529 0
      vertex -25.0163 7.57904 3
      vertex -25.0163 7.57904 0
    endloop
  endfacet
  facet normal 0.896695 0.442649 0
    outer loop
      vertex -24.9526 7.45 3
      vertex -25.0163 7.57904 0
      vertex -25.0163 7.57904 3
    endloop
  endfacet
  facet normal 0.896695 0.442649 0
    outer loop
      vertex -25.0163 7.57904 0
      vertex -24.9526 7.45 3
      vertex -24.9526 7.45 0
    endloop
  endfacet
  facet normal 0.831622 0.555342 0
    outer loop
      vertex -24.8727 7.33035 3
      vertex -24.9526 7.45 0
      vertex -24.9526 7.45 3
    endloop
  endfacet
  facet normal 0.831622 0.555342 0
    outer loop
      vertex -24.9526 7.45 0
      vertex -24.8727 7.33035 3
      vertex -24.8727 7.33035 0
    endloop
  endfacet
  facet normal 0.751741 0.659458 0
    outer loop
      vertex -24.7778 7.22217 3
      vertex -24.8727 7.33035 0
      vertex -24.8727 7.33035 3
    endloop
  endfacet
  facet normal 0.751741 0.659458 0
    outer loop
      vertex -24.8727 7.33035 0
      vertex -24.7778 7.22217 3
      vertex -24.7778 7.22217 0
    endloop
  endfacet
  facet normal 0.659272 0.751905 -0
    outer loop
      vertex -24.6696 7.1273 0
      vertex -24.7778 7.22217 3
      vertex -24.6696 7.1273 3
    endloop
  endfacet
  facet normal 0.659272 0.751905 0
    outer loop
      vertex -24.7778 7.22217 3
      vertex -24.6696 7.1273 0
      vertex -24.7778 7.22217 0
    endloop
  endfacet
  facet normal 0.555694 0.831387 -0
    outer loop
      vertex -24.55 7.04736 0
      vertex -24.6696 7.1273 3
      vertex -24.55 7.04736 3
    endloop
  endfacet
  facet normal 0.555694 0.831387 0
    outer loop
      vertex -24.6696 7.1273 3
      vertex -24.55 7.04736 0
      vertex -24.6696 7.1273 0
    endloop
  endfacet
  facet normal 0.442149 0.896942 -0
    outer loop
      vertex -24.4209 6.98372 0
      vertex -24.55 7.04736 3
      vertex -24.4209 6.98372 3
    endloop
  endfacet
  facet normal 0.442149 0.896942 0
    outer loop
      vertex -24.55 7.04736 3
      vertex -24.4209 6.98372 0
      vertex -24.55 7.04736 0
    endloop
  endfacet
  facet normal 0.321541 0.946896 -0
    outer loop
      vertex -24.2847 6.93747 0
      vertex -24.4209 6.98372 3
      vertex -24.2847 6.93747 3
    endloop
  endfacet
  facet normal 0.321541 0.946896 0
    outer loop
      vertex -24.4209 6.98372 3
      vertex -24.2847 6.93747 0
      vertex -24.4209 6.98372 0
    endloop
  endfacet
  facet normal 0.195047 0.980794 -0
    outer loop
      vertex -24.1436 6.90941 0
      vertex -24.2847 6.93747 3
      vertex -24.1436 6.90941 3
    endloop
  endfacet
  facet normal 0.195047 0.980794 0
    outer loop
      vertex -24.2847 6.93747 3
      vertex -24.1436 6.90941 0
      vertex -24.2847 6.93747 0
    endloop
  endfacet
  facet normal 0.0654582 0.997855 -0
    outer loop
      vertex -24 6.89999 0
      vertex -24.1436 6.90941 3
      vertex -24 6.89999 3
    endloop
  endfacet
  facet normal 0.0654582 0.997855 0
    outer loop
      vertex -24.1436 6.90941 3
      vertex -24 6.89999 0
      vertex -24.1436 6.90941 0
    endloop
  endfacet
  facet normal -0.0654582 0.997855 0
    outer loop
      vertex -23.8564 6.90941 0
      vertex -24 6.89999 3
      vertex -23.8564 6.90941 3
    endloop
  endfacet
  facet normal -0.0654582 0.997855 0
    outer loop
      vertex -24 6.89999 3
      vertex -23.8564 6.90941 0
      vertex -24 6.89999 0
    endloop
  endfacet
  facet normal 0 -1 0
    outer loop
      vertex 24 6.29999 0
      vertex 30 6.29999 3
      vertex 24 6.29999 3
    endloop
  endfacet
  facet normal 0 -1 -0
    outer loop
      vertex 30 6.29999 3
      vertex 24 6.29999 0
      vertex 30 6.29999 0
    endloop
  endfacet
  facet normal 1 -0 0
    outer loop
      vertex 24 3.7 3
      vertex 24 6.29999 0
      vertex 24 6.29999 3
    endloop
  endfacet
  facet normal 1 0 0
    outer loop
      vertex 24 6.29999 0
      vertex 24 3.7 3
      vertex 24 3.7 0
    endloop
  endfacet
  facet normal 0 1 -0
    outer loop
      vertex 30 3.7 0
      vertex 24 3.7 3
      vertex 30 3.7 3
    endloop
  endfacet
  facet normal 0 1 0
    outer loop
      vertex 24 3.7 3
      vertex 30 3.7 0
      vertex 24 3.7 0
    endloop
  endfacet
  facet normal -1 0 0
    outer loop
      vertex 30 3.7 0
      vertex 30 6.29999 3
      vertex 30 6.29999 0
    endloop
  endfacet
  facet normal -1 -0 0
    outer loop
      vertex 30 6.29999 3
      vertex 30 3.7 0
      vertex 30 3.7 3
    endloop
  endfacet
  facet normal -0.195115 0.98078 0
    outer loop
      vertex -23.0683 -3.47733 0
      vertex -23.5301 -3.5692 3
      vertex -23.0683 -3.47733 3
    endloop
  endfacet
  facet normal -0.195115 0.98078 0
    outer loop
      vertex -23.5301 -3.5692 3
      vertex -23.0683 -3.47733 0
      vertex -23.5301 -3.5692 0
    endloop
  endfacet
  facet normal -0.321389 0.946947 0
    outer loop
      vertex -22.6223 -3.32596 0
      vertex -23.0683 -3.47733 3
      vertex -22.6223 -3.32596 3
    endloop
  endfacet
  facet normal -0.321389 0.946947 0
    outer loop
      vertex -23.0683 -3.47733 3
      vertex -22.6223 -3.32596 0
      vertex -23.0683 -3.47733 0
    endloop
  endfacet
  facet normal -0.442314 0.89686 0
    outer loop
      vertex -22.2 -3.11769 0
      vertex -22.6223 -3.32596 3
      vertex -22.2 -3.11769 3
    endloop
  endfacet
  facet normal -0.442314 0.89686 0
    outer loop
      vertex -22.6223 -3.32596 3
      vertex -22.2 -3.11769 0
      vertex -22.6223 -3.32596 0
    endloop
  endfacet
  facet normal -0.555626 0.831432 0
    outer loop
      vertex -21.8085 -2.85606 0
      vertex -22.2 -3.11769 3
      vertex -21.8085 -2.85606 3
    endloop
  endfacet
  facet normal -0.555626 0.831432 0
    outer loop
      vertex -22.2 -3.11769 3
      vertex -21.8085 -2.85606 0
      vertex -22.2 -3.11769 0
    endloop
  endfacet
  facet normal -0.659277 0.7519 0
    outer loop
      vertex -21.4544 -2.54558 0
      vertex -21.8085 -2.85606 3
      vertex -21.4544 -2.54558 3
    endloop
  endfacet
  facet normal -0.659277 0.7519 0
    outer loop
      vertex -21.8085 -2.85606 3
      vertex -21.4544 -2.54558 0
      vertex -21.8085 -2.85606 0
    endloop
  endfacet
  facet normal -0.751833 0.659354 0
    outer loop
      vertex -21.4544 -2.54558 0
      vertex -21.1439 -2.19153 3
      vertex -21.1439 -2.19153 0
    endloop
  endfacet
  facet normal -0.751833 0.659354 0
    outer loop
      vertex -21.1439 -2.19153 3
      vertex -21.4544 -2.54558 0
      vertex -21.4544 -2.54558 3
    endloop
  endfacet
  facet normal -0.831488 0.555543 0
    outer loop
      vertex -21.1439 -2.19153 0
      vertex -20.8823 -1.79999 3
      vertex -20.8823 -1.79999 0
    endloop
  endfacet
  facet normal -0.831488 0.555543 0
    outer loop
      vertex -20.8823 -1.79999 3
      vertex -21.1439 -2.19153 0
      vertex -21.1439 -2.19153 3
    endloop
  endfacet
  facet normal -0.896848 0.44234 0
    outer loop
      vertex -20.8823 -1.79999 0
      vertex -20.674 -1.37766 3
      vertex -20.674 -1.37766 0
    endloop
  endfacet
  facet normal -0.896848 0.44234 0
    outer loop
      vertex -20.674 -1.37766 3
      vertex -20.8823 -1.79999 0
      vertex -20.8823 -1.79999 3
    endloop
  endfacet
  facet normal -0.946973 0.321312 0
    outer loop
      vertex -20.674 -1.37766 0
      vertex -20.5227 -0.931747 3
      vertex -20.5227 -0.931747 0
    endloop
  endfacet
  facet normal -0.946973 0.321312 0
    outer loop
      vertex -20.5227 -0.931747 3
      vertex -20.674 -1.37766 0
      vertex -20.674 -1.37766 3
    endloop
  endfacet
  facet normal -0.980774 0.195149 0
    outer loop
      vertex -20.5227 -0.931747 0
      vertex -20.4308 -0.469879 3
      vertex -20.4308 -0.469879 0
    endloop
  endfacet
  facet normal -0.980774 0.195149 0
    outer loop
      vertex -20.4308 -0.469879 3
      vertex -20.5227 -0.931747 0
      vertex -20.5227 -0.931747 3
    endloop
  endfacet
  facet normal -0.997859 0.0654084 0
    outer loop
      vertex -20.4308 -0.469879 0
      vertex -20.4 0 3
      vertex -20.4 0 0
    endloop
  endfacet
  facet normal -0.997859 0.0654084 0
    outer loop
      vertex -20.4 0 3
      vertex -20.4308 -0.469879 0
      vertex -20.4308 -0.469879 3
    endloop
  endfacet
  facet normal -0.997859 -0.0654084 0
    outer loop
      vertex -20.4 0 0
      vertex -20.4308 0.469879 3
      vertex -20.4308 0.469879 0
    endloop
  endfacet
  facet normal -0.997859 -0.0654084 0
    outer loop
      vertex -20.4308 0.469879 3
      vertex -20.4 0 0
      vertex -20.4 0 3
    endloop
  endfacet
  facet normal -0.980774 -0.195149 0
    outer loop
      vertex -20.4308 0.469879 0
      vertex -20.5227 0.931747 3
      vertex -20.5227 0.931747 0
    endloop
  endfacet
  facet normal -0.980774 -0.195149 0
    outer loop
      vertex -20.5227 0.931747 3
      vertex -20.4308 0.469879 0
      vertex -20.4308 0.469879 3
    endloop
  endfacet
  facet normal -0.946973 -0.321312 0
    outer loop
      vertex -20.5227 0.931747 0
      vertex -20.674 1.37766 3
      vertex -20.674 1.37766 0
    endloop
  endfacet
  facet normal -0.946973 -0.321312 0
    outer loop
      vertex -20.674 1.37766 3
      vertex -20.5227 0.931747 0
      vertex -20.5227 0.931747 3
    endloop
  endfacet
  facet normal -0.896848 -0.44234 0
    outer loop
      vertex -20.674 1.37766 0
      vertex -20.8823 1.79999 3
      vertex -20.8823 1.79999 0
    endloop
  endfacet
  facet normal -0.896848 -0.44234 0
    outer loop
      vertex -20.8823 1.79999 3
      vertex -20.674 1.37766 0
      vertex -20.674 1.37766 3
    endloop
  endfacet
  facet normal -0.831488 -0.555543 0
    outer loop
      vertex -20.8823 1.79999 0
      vertex -21.1439 2.19153 3
      vertex -21.1439 2.19153 0
    endloop
  endfacet
  facet normal -0.831488 -0.555543 0
    outer loop
      vertex -21.1439 2.19153 3
      vertex -20.8823 1.79999 0
      vertex -20.8823 1.79999 3
    endloop
  endfacet
  facet normal -0.751833 -0.659354 0
    outer loop
      vertex -21.1439 2.19153 0
      vertex -21.4544 2.54558 3
      vertex -21.4544 2.54558 0
    endloop
  endfacet
  facet normal -0.751833 -0.659354 0
    outer loop
      vertex -21.4544 2.54558 3
      vertex -21.1439 2.19153 0
      vertex -21.1439 2.19153 3
    endloop
  endfacet
  facet normal -0.659277 -0.7519 0
    outer loop
      vertex -21.8085 2.85606 0
      vertex -21.4544 2.54558 3
      vertex -21.8085 2.85606 3
    endloop
  endfacet
  facet normal -0.659277 -0.7519 -0
    outer loop
      vertex -21.4544 2.54558 3
      vertex -21.8085 2.85606 0
      vertex -21.4544 2.54558 0
    endloop
  endfacet
  facet normal -0.555626 -0.831432 0
    outer loop
      vertex -22.2 3.11769 0
      vertex -21.8085 2.85606 3
      vertex -22.2 3.11769 3
    endloop
  endfacet
  facet normal -0.555626 -0.831432 -0
    outer loop
      vertex -21.8085 2.85606 3
      vertex -22.2 3.11769 0
      vertex -21.8085 2.85606 0
    endloop
  endfacet
  facet normal -0.442314 -0.89686 0
    outer loop
      vertex -22.6223 3.32596 0
      vertex -22.2 3.11769 3
      vertex -22.6223 3.32596 3
    endloop
  endfacet
  facet normal -0.442314 -0.89686 -0
    outer loop
      vertex -22.2 3.11769 3
      vertex -22.6223 3.32596 0
      vertex -22.2 3.11769 0
    endloop
  endfacet
  facet normal -0.321389 -0.946947 0
    outer loop
      vertex -23.0683 3.47733 0
      vertex -22.6223 3.32596 3
      vertex -23.0683 3.47733 3
    endloop
  endfacet
  facet normal -0.321389 -0.946947 -0
    outer loop
      vertex -22.6223 3.32596 3
      vertex -23.0683 3.47733 0
      vertex -22.6223 3.32596 0
    endloop
  endfacet
  facet normal -0.195115 -0.98078 0
    outer loop
      vertex -23.5301 3.5692 0
      vertex -23.0683 3.47733 3
      vertex -23.5301 3.5692 3
    endloop
  endfacet
  facet normal -0.195115 -0.98078 -0
    outer loop
      vertex -23.0683 3.47733 3
      vertex -23.5301 3.5692 0
      vertex -23.0683 3.47733 0
    endloop
  endfacet
  facet normal -0.0653844 -0.99786 0
    outer loop
      vertex -24 3.59999 0
      vertex -23.5301 3.5692 3
      vertex -24 3.59999 3
    endloop
  endfacet
  facet normal -0.0653844 -0.99786 -0
    outer loop
      vertex -23.5301 3.5692 3
      vertex -24 3.59999 0
      vertex -23.5301 3.5692 0
    endloop
  endfacet
  facet normal 0.0653844 -0.99786 0
    outer loop
      vertex -24.4699 3.5692 0
      vertex -24 3.59999 3
      vertex -24.4699 3.5692 3
    endloop
  endfacet
  facet normal 0.0653844 -0.99786 0
    outer loop
      vertex -24 3.59999 3
      vertex -24.4699 3.5692 0
      vertex -24 3.59999 0
    endloop
  endfacet
  facet normal 0.195115 -0.98078 0
    outer loop
      vertex -24.9317 3.47733 0
      vertex -24.4699 3.5692 3
      vertex -24.9317 3.47733 3
    endloop
  endfacet
  facet normal 0.195115 -0.98078 0
    outer loop
      vertex -24.4699 3.5692 3
      vertex -24.9317 3.47733 0
      vertex -24.4699 3.5692 0
    endloop
  endfacet
  facet normal 0.321389 -0.946947 0
    outer loop
      vertex -25.3777 3.32596 0
      vertex -24.9317 3.47733 3
      vertex -25.3777 3.32596 3
    endloop
  endfacet
  facet normal 0.321389 -0.946947 0
    outer loop
      vertex -24.9317 3.47733 3
      vertex -25.3777 3.32596 0
      vertex -24.9317 3.47733 0
    endloop
  endfacet
  facet normal 0.442314 -0.89686 0
    outer loop
      vertex -25.8 3.11769 0
      vertex -25.3777 3.32596 3
      vertex -25.8 3.11769 3
    endloop
  endfacet
  facet normal 0.442314 -0.89686 0
    outer loop
      vertex -25.3777 3.32596 3
      vertex -25.8 3.11769 0
      vertex -25.3777 3.32596 0
    endloop
  endfacet
  facet normal 0.555626 -0.831432 0
    outer loop
      vertex -26.1915 2.85606 0
      vertex -25.8 3.11769 3
      vertex -26.1915 2.85606 3
    endloop
  endfacet
  facet normal 0.555626 -0.831432 0
    outer loop
      vertex -25.8 3.11769 3
      vertex -26.1915 2.85606 0
      vertex -25.8 3.11769 0
    endloop
  endfacet
  facet normal 0.659277 -0.7519 0
    outer loop
      vertex -26.5456 2.54558 0
      vertex -26.1915 2.85606 3
      vertex -26.5456 2.54558 3
    endloop
  endfacet
  facet normal 0.659277 -0.7519 0
    outer loop
      vertex -26.1915 2.85606 3
      vertex -26.5456 2.54558 0
      vertex -26.1915 2.85606 0
    endloop
  endfacet
  facet normal 0.751833 -0.659354 0
    outer loop
      vertex -26.8561 2.19153 3
      vertex -26.5456 2.54558 0
      vertex -26.5456 2.54558 3
    endloop
  endfacet
  facet normal 0.751833 -0.659354 0
    outer loop
      vertex -26.5456 2.54558 0
      vertex -26.8561 2.19153 3
      vertex -26.8561 2.19153 0
    endloop
  endfacet
  facet normal 0.831488 -0.555543 0
    outer loop
      vertex -27.1177 1.79999 3
      vertex -26.8561 2.19153 0
      vertex -26.8561 2.19153 3
    endloop
  endfacet
  facet normal 0.831488 -0.555543 0
    outer loop
      vertex -26.8561 2.19153 0
      vertex -27.1177 1.79999 3
      vertex -27.1177 1.79999 0
    endloop
  endfacet
  facet normal 0.896848 -0.44234 0
    outer loop
      vertex -27.326 1.37766 3
      vertex -27.1177 1.79999 0
      vertex -27.1177 1.79999 3
    endloop
  endfacet
  facet normal 0.896848 -0.44234 0
    outer loop
      vertex -27.1177 1.79999 0
      vertex -27.326 1.37766 3
      vertex -27.326 1.37766 0
    endloop
  endfacet
  facet normal 0.946973 -0.321312 0
    outer loop
      vertex -27.4773 0.931747 3
      vertex -27.326 1.37766 0
      vertex -27.326 1.37766 3
    endloop
  endfacet
  facet normal 0.946973 -0.321312 0
    outer loop
      vertex -27.326 1.37766 0
      vertex -27.4773 0.931747 3
      vertex -27.4773 0.931747 0
    endloop
  endfacet
  facet normal 0.980774 -0.195149 0
    outer loop
      vertex -27.5692 0.469879 3
      vertex -27.4773 0.931747 0
      vertex -27.4773 0.931747 3
    endloop
  endfacet
  facet normal 0.980774 -0.195149 0
    outer loop
      vertex -27.4773 0.931747 0
      vertex -27.5692 0.469879 3
      vertex -27.5692 0.469879 0
    endloop
  endfacet
  facet normal 0.997859 -0.0654084 0
    outer loop
      vertex -27.6 0 3
      vertex -27.5692 0.469879 0
      vertex -27.5692 0.469879 3
    endloop
  endfacet
  facet normal 0.997859 -0.0654084 0
    outer loop
      vertex -27.5692 0.469879 0
      vertex -27.6 0 3
      vertex -27.6 0 0
    endloop
  endfacet
  facet normal 0.997859 0.0654084 0
    outer loop
      vertex -27.5692 -0.469879 3
      vertex -27.6 0 0
      vertex -27.6 0 3
    endloop
  endfacet
  facet normal 0.997859 0.0654084 0
    outer loop
      vertex -27.6 0 0
      vertex -27.5692 -0.469879 3
      vertex -27.5692 -0.469879 0
    endloop
  endfacet
  facet normal 0.980774 0.195149 0
    outer loop
      vertex -27.4773 -0.931747 3
      vertex -27.5692 -0.469879 0
      vertex -27.5692 -0.469879 3
    endloop
  endfacet
  facet normal 0.980774 0.195149 0
    outer loop
      vertex -27.5692 -0.469879 0
      vertex -27.4773 -0.931747 3
      vertex -27.4773 -0.931747 0
    endloop
  endfacet
  facet normal 0.946973 0.321312 0
    outer loop
      vertex -27.326 -1.37766 3
      vertex -27.4773 -0.931747 0
      vertex -27.4773 -0.931747 3
    endloop
  endfacet
  facet normal 0.946973 0.321312 0
    outer loop
      vertex -27.4773 -0.931747 0
      vertex -27.326 -1.37766 3
      vertex -27.326 -1.37766 0
    endloop
  endfacet
  facet normal 0.896848 0.44234 0
    outer loop
      vertex -27.1177 -1.79999 3
      vertex -27.326 -1.37766 0
      vertex -27.326 -1.37766 3
    endloop
  endfacet
  facet normal 0.896848 0.44234 0
    outer loop
      vertex -27.326 -1.37766 0
      vertex -27.1177 -1.79999 3
      vertex -27.1177 -1.79999 0
    endloop
  endfacet
  facet normal 0.831488 0.555543 0
    outer loop
      vertex -26.8561 -2.19153 3
      vertex -27.1177 -1.79999 0
      vertex -27.1177 -1.79999 3
    endloop
  endfacet
  facet normal 0.831488 0.555543 0
    outer loop
      vertex -27.1177 -1.79999 0
      vertex -26.8561 -2.19153 3
      vertex -26.8561 -2.19153 0
    endloop
  endfacet
  facet normal 0.751833 0.659354 0
    outer loop
      vertex -26.5456 -2.54558 3
      vertex -26.8561 -2.19153 0
      vertex -26.8561 -2.19153 3
    endloop
  endfacet
  facet normal 0.751833 0.659354 0
    outer loop
      vertex -26.8561 -2.19153 0
      vertex -26.5456 -2.54558 3
      vertex -26.5456 -2.54558 0
    endloop
  endfacet
  facet normal 0.659277 0.7519 -0
    outer loop
      vertex -26.1915 -2.85606 0
      vertex -26.5456 -2.54558 3
      vertex -26.1915 -2.85606 3
    endloop
  endfacet
  facet normal 0.659277 0.7519 0
    outer loop
      vertex -26.5456 -2.54558 3
      vertex -26.1915 -2.85606 0
      vertex -26.5456 -2.54558 0
    endloop
  endfacet
  facet normal 0.555626 0.831432 -0
    outer loop
      vertex -25.8 -3.11769 0
      vertex -26.1915 -2.85606 3
      vertex -25.8 -3.11769 3
    endloop
  endfacet
  facet normal 0.555626 0.831432 0
    outer loop
      vertex -26.1915 -2.85606 3
      vertex -25.8 -3.11769 0
      vertex -26.1915 -2.85606 0
    endloop
  endfacet
  facet normal 0.442314 0.89686 -0
    outer loop
      vertex -25.3777 -3.32596 0
      vertex -25.8 -3.11769 3
      vertex -25.3777 -3.32596 3
    endloop
  endfacet
  facet normal 0.442314 0.89686 0
    outer loop
      vertex -25.8 -3.11769 3
      vertex -25.3777 -3.32596 0
      vertex -25.8 -3.11769 0
    endloop
  endfacet
  facet normal 0.321389 0.946947 -0
    outer loop
      vertex -24.9317 -3.47733 0
      vertex -25.3777 -3.32596 3
      vertex -24.9317 -3.47733 3
    endloop
  endfacet
  facet normal 0.321389 0.946947 0
    outer loop
      vertex -25.3777 -3.32596 3
      vertex -24.9317 -3.47733 0
      vertex -25.3777 -3.32596 0
    endloop
  endfacet
  facet normal 0.195115 0.98078 -0
    outer loop
      vertex -24.4699 -3.5692 0
      vertex -24.9317 -3.47733 3
      vertex -24.4699 -3.5692 3
    endloop
  endfacet
  facet normal 0.195115 0.98078 0
    outer loop
      vertex -24.9317 -3.47733 3
      vertex -24.4699 -3.5692 0
      vertex -24.9317 -3.47733 0
    endloop
  endfacet
  facet normal 0.0653844 0.99786 -0
    outer loop
      vertex -24 -3.59999 0
      vertex -24.4699 -3.5692 3
      vertex -24 -3.59999 3
    endloop
  endfacet
  facet normal 0.0653844 0.99786 0
    outer loop
      vertex -24.4699 -3.5692 3
      vertex -24 -3.59999 0
      vertex -24.4699 -3.5692 0
    endloop
  endfacet
  facet normal -0.0653844 0.99786 0
    outer loop
      vertex -23.5301 -3.5692 0
      vertex -24 -3.59999 3
      vertex -23.5301 -3.5692 3
    endloop
  endfacet
  facet normal -0.0653844 0.99786 0
    outer loop
      vertex -24 -3.59999 3
      vertex -23.5301 -3.5692 0
      vertex -24 -3.59999 0
    endloop
  endfacet
  facet normal -0.195047 0.980794 0
    outer loop
      vertex -15.7153 -1.06252 0
      vertex -15.8564 -1.09058 3
      vertex -15.7153 -1.06252 3
    endloop
  endfacet
  facet normal -0.195047 0.980794 0
    outer loop
      vertex -15.8564 -1.09058 3
      vertex -15.7153 -1.06252 0
      vertex -15.8564 -1.09058 0
    endloop
  endfacet
  facet normal -0.321541 0.946896 0
    outer loop
      vertex -15.5791 -1.01627 0
      vertex -15.7153 -1.06252 3
      vertex -15.5791 -1.01627 3
    endloop
  endfacet
  facet normal -0.321541 0.946896 0
    outer loop
      vertex -15.7153 -1.06252 3
      vertex -15.5791 -1.01627 0
      vertex -15.7153 -1.06252 0
    endloop
  endfacet
  facet normal -0.442199 0.896917 0
    outer loop
      vertex -15.45 -0.952621 0
      vertex -15.5791 -1.01627 3
      vertex -15.45 -0.952621 3
    endloop
  endfacet
  facet normal -0.442199 0.896917 0
    outer loop
      vertex -15.5791 -1.01627 3
      vertex -15.45 -0.952621 0
      vertex -15.5791 -1.01627 0
    endloop
  endfacet
  facet normal -0.555694 0.831387 0
    outer loop
      vertex -15.3304 -0.872681 0
      vertex -15.45 -0.952621 3
      vertex -15.3304 -0.872681 3
    endloop
  endfacet
  facet normal -0.555694 0.831387 0
    outer loop
      vertex -15.45 -0.952621 3
      vertex -15.3304 -0.872681 0
      vertex -15.45 -0.952621 0
    endloop
  endfacet
  facet normal -0.659248 0.751925 0
    outer loop
      vertex -15.2222 -0.777817 0
      vertex -15.3304 -0.872681 3
      vertex -15.2222 -0.777817 3
    endloop
  endfacet
  facet normal -0.659248 0.751925 0
    outer loop
      vertex -15.3304 -0.872681 3
      vertex -15.2222 -0.777817 0
      vertex -15.3304 -0.872681 0
    endloop
  endfacet
  facet normal -0.751756 0.659441 0
    outer loop
      vertex -15.2222 -0.777817 0
      vertex -15.1273 -0.669632 3
      vertex -15.1273 -0.669632 0
    endloop
  endfacet
  facet normal -0.751756 0.659441 0
    outer loop
      vertex -15.1273 -0.669632 3
      vertex -15.2222 -0.777817 0
      vertex -15.2222 -0.777817 3
    endloop
  endfacet
  facet normal -0.831609 0.555361 0
    outer loop
      vertex -15.1273 -0.669632 0
      vertex -15.0474 -0.549988 3
      vertex -15.0474 -0.549988 0
    endloop
  endfacet
  facet normal -0.831609 0.555361 0
    outer loop
      vertex -15.0474 -0.549988 3
      vertex -15.1273 -0.669632 0
      vertex -15.1273 -0.669632 3
    endloop
  endfacet
  facet normal -0.8967 0.442638 0
    outer loop
      vertex -15.0474 -0.549988 0
      vertex -14.9837 -0.420944 3
      vertex -14.9837 -0.420944 0
    endloop
  endfacet
  facet normal -0.8967 0.442638 0
    outer loop
      vertex -14.9837 -0.420944 3
      vertex -15.0474 -0.549988 0
      vertex -15.0474 -0.549988 3
    endloop
  endfacet
  facet normal -0.947034 0.321132 0
    outer loop
      vertex -14.9837 -0.420944 0
      vertex -14.9375 -0.284698 3
      vertex -14.9375 -0.284698 0
    endloop
  endfacet
  facet normal -0.947034 0.321132 0
    outer loop
      vertex -14.9375 -0.284698 3
      vertex -14.9837 -0.420944 0
      vertex -14.9837 -0.420944 3
    endloop
  endfacet
  facet normal -0.980748 0.195277 0
    outer loop
      vertex -14.9375 -0.284698 0
      vertex -14.9094 -0.14357 3
      vertex -14.9094 -0.14357 0
    endloop
  endfacet
  facet normal -0.980748 0.195277 0
    outer loop
      vertex -14.9094 -0.14357 3
      vertex -14.9375 -0.284698 0
      vertex -14.9375 -0.284698 3
    endloop
  endfacet
  facet normal -0.997863 0.0653334 0
    outer loop
      vertex -14.9094 -0.14357 0
      vertex -14.9 0 3
      vertex -14.9 0 0
    endloop
  endfacet
  facet normal -0.997863 0.0653334 0
    outer loop
      vertex -14.9 0 3
      vertex -14.9094 -0.14357 0
      vertex -14.9094 -0.14357 3
    endloop
  endfacet
  facet normal -0.997863 -0.0653334 0
    outer loop
      vertex -14.9 0 0
      vertex -14.9094 0.14357 3
      vertex -14.9094 0.14357 0
    endloop
  endfacet
  facet normal -0.997863 -0.0653334 0
    outer loop
      vertex -14.9094 0.14357 3
      vertex -14.9 0 0
      vertex -14.9 0 3
    endloop
  endfacet
  facet normal -0.980748 -0.195277 0
    outer loop
      vertex -14.9094 0.14357 0
      vertex -14.9375 0.284698 3
      vertex -14.9375 0.284698 0
    endloop
  endfacet
  facet normal -0.980748 -0.195277 0
    outer loop
      vertex -14.9375 0.284698 3
      vertex -14.9094 0.14357 0
      vertex -14.9094 0.14357 3
    endloop
  endfacet
  facet normal -0.947034 -0.321132 0
    outer loop
      vertex -14.9375 0.284698 0
      vertex -14.9837 0.420944 3
      vertex -14.9837 0.420944 0
    endloop
  endfacet
  facet normal -0.947034 -0.321132 0
    outer loop
      vertex -14.9837 0.420944 3
      vertex -14.9375 0.284698 0
      vertex -14.9375 0.284698 3
    endloop
  endfacet
  facet normal -0.8967 -0.442638 0
    outer loop
      vertex -14.9837 0.420944 0
      vertex -15.0474 0.549988 3
      vertex -15.0474 0.549988 0
    endloop
  endfacet
  facet normal -0.8967 -0.442638 0
    outer loop
      vertex -15.0474 0.549988 3
      vertex -14.9837 0.420944 0
      vertex -14.9837 0.420944 3
    endloop
  endfacet
  facet normal -0.831609 -0.555361 0
    outer loop
      vertex -15.0474 0.549988 0
      vertex -15.1273 0.669632 3
      vertex -15.1273 0.669632 0
    endloop
  endfacet
  facet normal -0.831609 -0.555361 0
    outer loop
      vertex -15.1273 0.669632 3
      vertex -15.0474 0.549988 0
      vertex -15.0474 0.549988 3
    endloop
  endfacet
  facet normal -0.751756 -0.659441 0
    outer loop
      vertex -15.1273 0.669632 0
      vertex -15.2222 0.777817 3
      vertex -15.2222 0.777817 0
    endloop
  endfacet
  facet normal -0.751756 -0.659441 0
    outer loop
      vertex -15.2222 0.777817 3
      vertex -15.1273 0.669632 0
      vertex -15.1273 0.669632 3
    endloop
  endfacet
  facet normal -0.659248 -0.751925 0
    outer loop
      vertex -15.3304 0.872681 0
      vertex -15.2222 0.777817 3
      vertex -15.3304 0.872681 3
    endloop
  endfacet
  facet normal -0.659248 -0.751925 -0
    outer loop
      vertex -15.2222 0.777817 3
      vertex -15.3304 0.872681 0
      vertex -15.2222 0.777817 0
    endloop
  endfacet
  facet normal -0.555694 -0.831387 0
    outer loop
      vertex -15.45 0.952621 0
      vertex -15.3304 0.872681 3
      vertex -15.45 0.952621 3
    endloop
  endfacet
  facet normal -0.555694 -0.831387 -0
    outer loop
      vertex -15.3304 0.872681 3
      vertex -15.45 0.952621 0
      vertex -15.3304 0.872681 0
    endloop
  endfacet
  facet normal -0.442199 -0.896917 0
    outer loop
      vertex -15.5791 1.01627 0
      vertex -15.45 0.952621 3
      vertex -15.5791 1.01627 3
    endloop
  endfacet
  facet normal -0.442199 -0.896917 -0
    outer loop
      vertex -15.45 0.952621 3
      vertex -15.5791 1.01627 0
      vertex -15.45 0.952621 0
    endloop
  endfacet
  facet normal -0.321541 -0.946896 0
    outer loop
      vertex -15.7153 1.06252 0
      vertex -15.5791 1.01627 3
      vertex -15.7153 1.06252 3
    endloop
  endfacet
  facet normal -0.321541 -0.946896 -0
    outer loop
      vertex -15.5791 1.01627 3
      vertex -15.7153 1.06252 0
      vertex -15.5791 1.01627 0
    endloop
  endfacet
  facet normal -0.195047 -0.980794 0
    outer loop
      vertex -15.8564 1.09058 0
      vertex -15.7153 1.06252 3
      vertex -15.8564 1.09058 3
    endloop
  endfacet
  facet normal -0.195047 -0.980794 -0
    outer loop
      vertex -15.7153 1.06252 3
      vertex -15.8564 1.09058 0
      vertex -15.7153 1.06252 0
    endloop
  endfacet
  facet normal -0.065389 -0.99786 0
    outer loop
      vertex -16 1.09999 0
      vertex -15.8564 1.09058 3
      vertex -16 1.09999 3
    endloop
  endfacet
  facet normal -0.065389 -0.99786 -0
    outer loop
      vertex -15.8564 1.09058 3
      vertex -16 1.09999 0
      vertex -15.8564 1.09058 0
    endloop
  endfacet
  facet normal 0.065389 -0.99786 0
    outer loop
      vertex -16.1436 1.09058 0
      vertex -16 1.09999 3
      vertex -16.1436 1.09058 3
    endloop
  endfacet
  facet normal 0.065389 -0.99786 0
    outer loop
      vertex -16 1.09999 3
      vertex -16.1436 1.09058 0
      vertex -16 1.09999 0
    endloop
  endfacet
  facet normal 0.195047 -0.980794 0
    outer loop
      vertex -16.2847 1.06252 0
      vertex -16.1436 1.09058 3
      vertex -16.2847 1.06252 3
    endloop
  endfacet
  facet normal 0.195047 -0.980794 0
    outer loop
      vertex -16.1436 1.09058 3
      vertex -16.2847 1.06252 0
      vertex -16.1436 1.09058 0
    endloop
  endfacet
  facet normal 0.32133 -0.946967 0
    outer loop
      vertex -16.421 1.01627 0
      vertex -16.2847 1.06252 3
      vertex -16.421 1.01627 3
    endloop
  endfacet
  facet normal 0.32133 -0.946967 0
    outer loop
      vertex -16.2847 1.06252 3
      vertex -16.421 1.01627 0
      vertex -16.2847 1.06252 0
    endloop
  endfacet
  facet normal 0.442475 -0.896781 0
    outer loop
      vertex -16.55 0.952621 0
      vertex -16.421 1.01627 3
      vertex -16.55 0.952621 3
    endloop
  endfacet
  facet normal 0.442475 -0.896781 0
    outer loop
      vertex -16.421 1.01627 3
      vertex -16.55 0.952621 0
      vertex -16.421 1.01627 0
    endloop
  endfacet
  facet normal 0.555694 -0.831387 0
    outer loop
      vertex -16.6696 0.872681 0
      vertex -16.55 0.952621 3
      vertex -16.6696 0.872681 3
    endloop
  endfacet
  facet normal 0.555694 -0.831387 0
    outer loop
      vertex -16.55 0.952621 3
      vertex -16.6696 0.872681 0
      vertex -16.55 0.952621 0
    endloop
  endfacet
  facet normal 0.659248 -0.751925 0
    outer loop
      vertex -16.7778 0.777817 0
      vertex -16.6696 0.872681 3
      vertex -16.7778 0.777817 3
    endloop
  endfacet
  facet normal 0.659248 -0.751925 0
    outer loop
      vertex -16.6696 0.872681 3
      vertex -16.7778 0.777817 0
      vertex -16.6696 0.872681 0
    endloop
  endfacet
  facet normal 0.751756 -0.659441 0
    outer loop
      vertex -16.8727 0.669632 3
      vertex -16.7778 0.777817 0
      vertex -16.7778 0.777817 3
    endloop
  endfacet
  facet normal 0.751756 -0.659441 0
    outer loop
      vertex -16.7778 0.777817 0
      vertex -16.8727 0.669632 3
      vertex -16.8727 0.669632 0
    endloop
  endfacet
  facet normal 0.831609 -0.555361 0
    outer loop
      vertex -16.9526 0.549988 3
      vertex -16.8727 0.669632 0
      vertex -16.8727 0.669632 3
    endloop
  endfacet
  facet normal 0.831609 -0.555361 0
    outer loop
      vertex -16.8727 0.669632 0
      vertex -16.9526 0.549988 3
      vertex -16.9526 0.549988 0
    endloop
  endfacet
  facet normal 0.8967 -0.442638 0
    outer loop
      vertex -17.0163 0.420944 3
      vertex -16.9526 0.549988 0
      vertex -16.9526 0.549988 3
    endloop
  endfacet
  facet normal 0.8967 -0.442638 0
    outer loop
      vertex -16.9526 0.549988 0
      vertex -17.0163 0.420944 3
      vertex -17.0163 0.420944 0
    endloop
  endfacet
  facet normal 0.947034 -0.321132 0
    outer loop
      vertex -17.0625 0.284698 3
      vertex -17.0163 0.420944 0
      vertex -17.0163 0.420944 3
    endloop
  endfacet
  facet normal 0.947034 -0.321132 0
    outer loop
      vertex -17.0163 0.420944 0
      vertex -17.0625 0.284698 3
      vertex -17.0625 0.284698 0
    endloop
  endfacet
  facet normal 0.980748 -0.195277 0
    outer loop
      vertex -17.0906 0.14357 3
      vertex -17.0625 0.284698 0
      vertex -17.0625 0.284698 3
    endloop
  endfacet
  facet normal 0.980748 -0.195277 0
    outer loop
      vertex -17.0625 0.284698 0
      vertex -17.0906 0.14357 3
      vertex -17.0906 0.14357 0
    endloop
  endfacet
  facet normal 0.997863 -0.0653334 0
    outer loop
      vertex -17.1 0 3
      vertex -17.0906 0.14357 0
      vertex -17.0906 0.14357 3
    endloop
  endfacet
  facet normal 0.997863 -0.0653334 0
    outer loop
      vertex -17.0906 0.14357 0
      vertex -17.1 0 3
      vertex -17.1 0 0
    endloop
  endfacet
  facet normal 0.997863 0.0653334 0
    outer loop
      vertex -17.0906 -0.14357 3
      vertex -17.1 0 0
      vertex -17.1 0 3
    endloop
  endfacet
  facet normal 0.997863 0.0653334 0
    outer loop
      vertex -17.1 0 0
      vertex -17.0906 -0.14357 3
      vertex -17.0906 -0.14357 0
    endloop
  endfacet
  facet normal 0.980748 0.195277 0
    outer loop
      vertex -17.0625 -0.284698 3
      vertex -17.0906 -0.14357 0
      vertex -17.0906 -0.14357 3
    endloop
  endfacet
  facet normal 0.980748 0.195277 0
    outer loop
      vertex -17.0906 -0.14357 0
      vertex -17.0625 -0.284698 3
      vertex -17.0625 -0.284698 0
    endloop
  endfacet
  facet normal 0.947034 0.321132 0
    outer loop
      vertex -17.0163 -0.420944 3
      vertex -17.0625 -0.284698 0
      vertex -17.0625 -0.284698 3
    endloop
  endfacet
  facet normal 0.947034 0.321132 0
    outer loop
      vertex -17.0625 -0.284698 0
      vertex -17.0163 -0.420944 3
      vertex -17.0163 -0.420944 0
    endloop
  endfacet
  facet normal 0.8967 0.442638 0
    outer loop
      vertex -16.9526 -0.549988 3
      vertex -17.0163 -0.420944 0
      vertex -17.0163 -0.420944 3
    endloop
  endfacet
  facet normal 0.8967 0.442638 0
    outer loop
      vertex -17.0163 -0.420944 0
      vertex -16.9526 -0.549988 3
      vertex -16.9526 -0.549988 0
    endloop
  endfacet
  facet normal 0.831609 0.555361 0
    outer loop
      vertex -16.8727 -0.669632 3
      vertex -16.9526 -0.549988 0
      vertex -16.9526 -0.549988 3
    endloop
  endfacet
  facet normal 0.831609 0.555361 0
    outer loop
      vertex -16.9526 -0.549988 0
      vertex -16.8727 -0.669632 3
      vertex -16.8727 -0.669632 0
    endloop
  endfacet
  facet normal 0.751756 0.659441 0
    outer loop
      vertex -16.7778 -0.777817 3
      vertex -16.8727 -0.669632 0
      vertex -16.8727 -0.669632 3
    endloop
  endfacet
  facet normal 0.751756 0.659441 0
    outer loop
      vertex -16.8727 -0.669632 0
      vertex -16.7778 -0.777817 3
      vertex -16.7778 -0.777817 0
    endloop
  endfacet
  facet normal 0.659248 0.751925 -0
    outer loop
      vertex -16.6696 -0.872681 0
      vertex -16.7778 -0.777817 3
      vertex -16.6696 -0.872681 3
    endloop
  endfacet
  facet normal 0.659248 0.751925 0
    outer loop
      vertex -16.7778 -0.777817 3
      vertex -16.6696 -0.872681 0
      vertex -16.7778 -0.777817 0
    endloop
  endfacet
  facet normal 0.555694 0.831387 -0
    outer loop
      vertex -16.55 -0.952621 0
      vertex -16.6696 -0.872681 3
      vertex -16.55 -0.952621 3
    endloop
  endfacet
  facet normal 0.555694 0.831387 0
    outer loop
      vertex -16.6696 -0.872681 3
      vertex -16.55 -0.952621 0
      vertex -16.6696 -0.872681 0
    endloop
  endfacet
  facet normal 0.442475 0.896781 -0
    outer loop
      vertex -16.421 -1.01627 0
      vertex -16.55 -0.952621 3
      vertex -16.421 -1.01627 3
    endloop
  endfacet
  facet normal 0.442475 0.896781 0
    outer loop
      vertex -16.55 -0.952621 3
      vertex -16.421 -1.01627 0
      vertex -16.55 -0.952621 0
    endloop
  endfacet
  facet normal 0.32133 0.946967 -0
    outer loop
      vertex -16.2847 -1.06252 0
      vertex -16.421 -1.01627 3
      vertex -16.2847 -1.06252 3
    endloop
  endfacet
  facet normal 0.32133 0.946967 0
    outer loop
      vertex -16.421 -1.01627 3
      vertex -16.2847 -1.06252 0
      vertex -16.421 -1.01627 0
    endloop
  endfacet
  facet normal 0.195047 0.980794 -0
    outer loop
      vertex -16.1436 -1.09058 0
      vertex -16.2847 -1.06252 3
      vertex -16.1436 -1.09058 3
    endloop
  endfacet
  facet normal 0.195047 0.980794 0
    outer loop
      vertex -16.2847 -1.06252 3
      vertex -16.1436 -1.09058 0
      vertex -16.2847 -1.06252 0
    endloop
  endfacet
  facet normal 0.065389 0.99786 -0
    outer loop
      vertex -16 -1.09999 0
      vertex -16.1436 -1.09058 3
      vertex -16 -1.09999 3
    endloop
  endfacet
  facet normal 0.065389 0.99786 0
    outer loop
      vertex -16.1436 -1.09058 3
      vertex -16 -1.09999 0
      vertex -16.1436 -1.09058 0
    endloop
  endfacet
  facet normal -0.065389 0.99786 0
    outer loop
      vertex -15.8564 -1.09058 0
      vertex -16 -1.09999 3
      vertex -15.8564 -1.09058 3
    endloop
  endfacet
  facet normal -0.065389 0.99786 0
    outer loop
      vertex -16 -1.09999 3
      vertex -15.8564 -1.09058 0
      vertex -16 -1.09999 0
    endloop
  endfacet
  facet normal -0.195047 0.980794 0
    outer loop
      vertex -31.7153 -1.06252 0
      vertex -31.8564 -1.09058 3
      vertex -31.7153 -1.06252 3
    endloop
  endfacet
  facet normal -0.195047 0.980794 0
    outer loop
      vertex -31.8564 -1.09058 3
      vertex -31.7153 -1.06252 0
      vertex -31.8564 -1.09058 0
    endloop
  endfacet
  facet normal -0.32133 0.946967 0
    outer loop
      vertex -31.579 -1.01627 0
      vertex -31.7153 -1.06252 3
      vertex -31.579 -1.01627 3
    endloop
  endfacet
  facet normal -0.32133 0.946967 0
    outer loop
      vertex -31.7153 -1.06252 3
      vertex -31.579 -1.01627 0
      vertex -31.7153 -1.06252 0
    endloop
  endfacet
  facet normal -0.442475 0.896781 0
    outer loop
      vertex -31.45 -0.952621 0
      vertex -31.579 -1.01627 3
      vertex -31.45 -0.952621 3
    endloop
  endfacet
  facet normal -0.442475 0.896781 0
    outer loop
      vertex -31.579 -1.01627 3
      vertex -31.45 -0.952621 0
      vertex -31.579 -1.01627 0
    endloop
  endfacet
  facet normal -0.555694 0.831387 0
    outer loop
      vertex -31.3304 -0.872681 0
      vertex -31.45 -0.952621 3
      vertex -31.3304 -0.872681 3
    endloop
  endfacet
  facet normal -0.555694 0.831387 0
    outer loop
      vertex -31.45 -0.952621 3
      vertex -31.3304 -0.872681 0
      vertex -31.45 -0.952621 0
    endloop
  endfacet
  facet normal -0.659248 0.751925 0
    outer loop
      vertex -31.2222 -0.777817 0
      vertex -31.3304 -0.872681 3
      vertex -31.2222 -0.777817 3
    endloop
  endfacet
  facet normal -0.659248 0.751925 0
    outer loop
      vertex -31.3304 -0.872681 3
      vertex -31.2222 -0.777817 0
      vertex -31.3304 -0.872681 0
    endloop
  endfacet
  facet normal -0.751756 0.659441 0
    outer loop
      vertex -31.2222 -0.777817 0
      vertex -31.1273 -0.669632 3
      vertex -31.1273 -0.669632 0
    endloop
  endfacet
  facet normal -0.751756 0.659441 0
    outer loop
      vertex -31.1273 -0.669632 3
      vertex -31.2222 -0.777817 0
      vertex -31.2222 -0.777817 3
    endloop
  endfacet
  facet normal -0.831609 0.555361 0
    outer loop
      vertex -31.1273 -0.669632 0
      vertex -31.0474 -0.549988 3
      vertex -31.0474 -0.549988 0
    endloop
  endfacet
  facet normal -0.831609 0.555361 0
    outer loop
      vertex -31.0474 -0.549988 3
      vertex -31.1273 -0.669632 0
      vertex -31.1273 -0.669632 3
    endloop
  endfacet
  facet normal -0.8967 0.442638 0
    outer loop
      vertex -31.0474 -0.549988 0
      vertex -30.9837 -0.420944 3
      vertex -30.9837 -0.420944 0
    endloop
  endfacet
  facet normal -0.8967 0.442638 0
    outer loop
      vertex -30.9837 -0.420944 3
      vertex -31.0474 -0.549988 0
      vertex -31.0474 -0.549988 3
    endloop
  endfacet
  facet normal -0.947034 0.321132 0
    outer loop
      vertex -30.9837 -0.420944 0
      vertex -30.9375 -0.284698 3
      vertex -30.9375 -0.284698 0
    endloop
  endfacet
  facet normal -0.947034 0.321132 0
    outer loop
      vertex -30.9375 -0.284698 3
      vertex -30.9837 -0.420944 0
      vertex -30.9837 -0.420944 3
    endloop
  endfacet
  facet normal -0.980748 0.195277 0
    outer loop
      vertex -30.9375 -0.284698 0
      vertex -30.9094 -0.14357 3
      vertex -30.9094 -0.14357 0
    endloop
  endfacet
  facet normal -0.980748 0.195277 0
    outer loop
      vertex -30.9094 -0.14357 3
      vertex -30.9375 -0.284698 0
      vertex -30.9375 -0.284698 3
    endloop
  endfacet
  facet normal -0.997863 0.0653334 0
    outer loop
      vertex -30.9094 -0.14357 0
      vertex -30.9 0 3
      vertex -30.9 0 0
    endloop
  endfacet
  facet normal -0.997863 0.0653334 0
    outer loop
      vertex -30.9 0 3
      vertex -30.9094 -0.14357 0
      vertex -30.9094 -0.14357 3
    endloop
  endfacet
  facet normal -0.997863 -0.0653334 0
    outer loop
      vertex -30.9 0 0
      vertex -30.9094 0.14357 3
      vertex -30.9094 0.14357 0
    endloop
  endfacet
  facet normal -0.997863 -0.0653334 0
    outer loop
      vertex -30.9094 0.14357 3
      vertex -30.9 0 0
      vertex -30.9 0 3
    endloop
  endfacet
  facet normal -0.980748 -0.195277 0
    outer loop
      vertex -30.9094 0.14357 0
      vertex -30.9375 0.284698 3
      vertex -30.9375 0.284698 0
    endloop
  endfacet
  facet normal -0.980748 -0.195277 0
    outer loop
      vertex -30.9375 0.284698 3
      vertex -30.9094 0.14357 0
      vertex -30.9094 0.14357 3
    endloop
  endfacet
  facet normal -0.947034 -0.321132 0
    outer loop
      vertex -30.9375 0.284698 0
      vertex -30.9837 0.420944 3
      vertex -30.9837 0.420944 0
    endloop
  endfacet
  facet normal -0.947034 -0.321132 0
    outer loop
      vertex -30.9837 0.420944 3
      vertex -30.9375 0.284698 0
      vertex -30.9375 0.284698 3
    endloop
  endfacet
  facet normal -0.8967 -0.442638 0
    outer loop
      vertex -30.9837 0.420944 0
      vertex -31.0474 0.549988 3
      vertex -31.0474 0.549988 0
    endloop
  endfacet
  facet normal -0.8967 -0.442638 0
    outer loop
      vertex -31.0474 0.549988 3
      vertex -30.9837 0.420944 0
      vertex -30.9837 0.420944 3
    endloop
  endfacet
  facet normal -0.831609 -0.555361 0
    outer loop
      vertex -31.0474 0.549988 0
      vertex -31.1273 0.669632 3
      vertex -31.1273 0.669632 0
    endloop
  endfacet
  facet normal -0.831609 -0.555361 0
    outer loop
      vertex -31.1273 0.669632 3
      vertex -31.0474 0.549988 0
      vertex -31.0474 0.549988 3
    endloop
  endfacet
  facet normal -0.751756 -0.659441 0
    outer loop
      vertex -31.1273 0.669632 0
      vertex -31.2222 0.777817 3
      vertex -31.2222 0.777817 0
    endloop
  endfacet
  facet normal -0.751756 -0.659441 0
    outer loop
      vertex -31.2222 0.777817 3
      vertex -31.1273 0.669632 0
      vertex -31.1273 0.669632 3
    endloop
  endfacet
  facet normal -0.659248 -0.751925 0
    outer loop
      vertex -31.3304 0.872681 0
      vertex -31.2222 0.777817 3
      vertex -31.3304 0.872681 3
    endloop
  endfacet
  facet normal -0.659248 -0.751925 -0
    outer loop
      vertex -31.2222 0.777817 3
      vertex -31.3304 0.872681 0
      vertex -31.2222 0.777817 0
    endloop
  endfacet
  facet normal -0.555694 -0.831387 0
    outer loop
      vertex -31.45 0.952621 0
      vertex -31.3304 0.872681 3
      vertex -31.45 0.952621 3
    endloop
  endfacet
  facet normal -0.555694 -0.831387 -0
    outer loop
      vertex -31.3304 0.872681 3
      vertex -31.45 0.952621 0
      vertex -31.3304 0.872681 0
    endloop
  endfacet
  facet normal -0.442475 -0.896781 0
    outer loop
      vertex -31.579 1.01627 0
      vertex -31.45 0.952621 3
      vertex -31.579 1.01627 3
    endloop
  endfacet
  facet normal -0.442475 -0.896781 -0
    outer loop
      vertex -31.45 0.952621 3
      vertex -31.579 1.01627 0
      vertex -31.45 0.952621 0
    endloop
  endfacet
  facet normal -0.32133 -0.946967 0
    outer loop
      vertex -31.7153 1.06252 0
      vertex -31.579 1.01627 3
      vertex -31.7153 1.06252 3
    endloop
  endfacet
  facet normal -0.32133 -0.946967 -0
    outer loop
      vertex -31.579 1.01627 3
      vertex -31.7153 1.06252 0
      vertex -31.579 1.01627 0
    endloop
  endfacet
  facet normal -0.195047 -0.980794 0
    outer loop
      vertex -31.8564 1.09058 0
      vertex -31.7153 1.06252 3
      vertex -31.8564 1.09058 3
    endloop
  endfacet
  facet normal -0.195047 -0.980794 -0
    outer loop
      vertex -31.7153 1.06252 3
      vertex -31.8564 1.09058 0
      vertex -31.7153 1.06252 0
    endloop
  endfacet
  facet normal -0.065389 -0.99786 0
    outer loop
      vertex -32 1.09999 0
      vertex -31.8564 1.09058 3
      vertex -32 1.09999 3
    endloop
  endfacet
  facet normal -0.065389 -0.99786 -0
    outer loop
      vertex -31.8564 1.09058 3
      vertex -32 1.09999 0
      vertex -31.8564 1.09058 0
    endloop
  endfacet
  facet normal 0.065389 -0.99786 0
    outer loop
      vertex -32.1436 1.09058 0
      vertex -32 1.09999 3
      vertex -32.1436 1.09058 3
    endloop
  endfacet
  facet normal 0.065389 -0.99786 0
    outer loop
      vertex -32 1.09999 3
      vertex -32.1436 1.09058 0
      vertex -32 1.09999 0
    endloop
  endfacet
  facet normal 0.195047 -0.980794 0
    outer loop
      vertex -32.2847 1.06252 0
      vertex -32.1436 1.09058 3
      vertex -32.2847 1.06252 3
    endloop
  endfacet
  facet normal 0.195047 -0.980794 0
    outer loop
      vertex -32.1436 1.09058 3
      vertex -32.2847 1.06252 0
      vertex -32.1436 1.09058 0
    endloop
  endfacet
  facet normal 0.321541 -0.946896 0
    outer loop
      vertex -32.4209 1.01627 0
      vertex -32.2847 1.06252 3
      vertex -32.4209 1.01627 3
    endloop
  endfacet
  facet normal 0.321541 -0.946896 0
    outer loop
      vertex -32.2847 1.06252 3
      vertex -32.4209 1.01627 0
      vertex -32.2847 1.06252 0
    endloop
  endfacet
  facet normal 0.442199 -0.896917 0
    outer loop
      vertex -32.55 0.952621 0
      vertex -32.4209 1.01627 3
      vertex -32.55 0.952621 3
    endloop
  endfacet
  facet normal 0.442199 -0.896917 0
    outer loop
      vertex -32.4209 1.01627 3
      vertex -32.55 0.952621 0
      vertex -32.4209 1.01627 0
    endloop
  endfacet
  facet normal 0.555694 -0.831387 0
    outer loop
      vertex -32.6696 0.872681 0
      vertex -32.55 0.952621 3
      vertex -32.6696 0.872681 3
    endloop
  endfacet
  facet normal 0.555694 -0.831387 0
    outer loop
      vertex -32.55 0.952621 3
      vertex -32.6696 0.872681 0
      vertex -32.55 0.952621 0
    endloop
  endfacet
  facet normal 0.659248 -0.751925 0
    outer loop
      vertex -32.7778 0.777817 0
      vertex -32.6696 0.872681 3
      vertex -32.7778 0.777817 3
    endloop
  endfacet
  facet normal 0.659248 -0.751925 0
    outer loop
      vertex -32.6696 0.872681 3
      vertex -32.7778 0.777817 0
      vertex -32.6696 0.872681 0
    endloop
  endfacet
  facet normal 0.751756 -0.659441 0
    outer loop
      vertex -32.8727 0.669632 3
      vertex -32.7778 0.777817 0
      vertex -32.7778 0.777817 3
    endloop
  endfacet
  facet normal 0.751756 -0.659441 0
    outer loop
      vertex -32.7778 0.777817 0
      vertex -32.8727 0.669632 3
      vertex -32.8727 0.669632 0
    endloop
  endfacet
  facet normal 0.831609 -0.555361 0
    outer loop
      vertex -32.9526 0.549988 3
      vertex -32.8727 0.669632 0
      vertex -32.8727 0.669632 3
    endloop
  endfacet
  facet normal 0.831609 -0.555361 0
    outer loop
      vertex -32.8727 0.669632 0
      vertex -32.9526 0.549988 3
      vertex -32.9526 0.549988 0
    endloop
  endfacet
  facet normal 0.8967 -0.442638 0
    outer loop
      vertex -33.0163 0.420944 3
      vertex -32.9526 0.549988 0
      vertex -32.9526 0.549988 3
    endloop
  endfacet
  facet normal 0.8967 -0.442638 0
    outer loop
      vertex -32.9526 0.549988 0
      vertex -33.0163 0.420944 3
      vertex -33.0163 0.420944 0
    endloop
  endfacet
  facet normal 0.947034 -0.321132 0
    outer loop
      vertex -33.0625 0.284698 3
      vertex -33.0163 0.420944 0
      vertex -33.0163 0.420944 3
    endloop
  endfacet
  facet normal 0.947034 -0.321132 0
    outer loop
      vertex -33.0163 0.420944 0
      vertex -33.0625 0.284698 3
      vertex -33.0625 0.284698 0
    endloop
  endfacet
  facet normal 0.980748 -0.195277 0
    outer loop
      vertex -33.0906 0.14357 3
      vertex -33.0625 0.284698 0
      vertex -33.0625 0.284698 3
    endloop
  endfacet
  facet normal 0.980748 -0.195277 0
    outer loop
      vertex -33.0625 0.284698 0
      vertex -33.0906 0.14357 3
      vertex -33.0906 0.14357 0
    endloop
  endfacet
  facet normal 0.997863 -0.0653334 0
    outer loop
      vertex -33.1 0 3
      vertex -33.0906 0.14357 0
      vertex -33.0906 0.14357 3
    endloop
  endfacet
  facet normal 0.997863 -0.0653334 0
    outer loop
      vertex -33.0906 0.14357 0
      vertex -33.1 0 3
      vertex -33.1 0 0
    endloop
  endfacet
  facet normal 0.997863 0.0653334 0
    outer loop
      vertex -33.0906 -0.14357 3
      vertex -33.1 0 0
      vertex -33.1 0 3
    endloop
  endfacet
  facet normal 0.997863 0.0653334 0
    outer loop
      vertex -33.1 0 0
      vertex -33.0906 -0.14357 3
      vertex -33.0906 -0.14357 0
    endloop
  endfacet
  facet normal 0.980748 0.195277 0
    outer loop
      vertex -33.0625 -0.284698 3
      vertex -33.0906 -0.14357 0
      vertex -33.0906 -0.14357 3
    endloop
  endfacet
  facet normal 0.980748 0.195277 0
    outer loop
      vertex -33.0906 -0.14357 0
      vertex -33.0625 -0.284698 3
      vertex -33.0625 -0.284698 0
    endloop
  endfacet
  facet normal 0.947034 0.321132 0
    outer loop
      vertex -33.0163 -0.420944 3
      vertex -33.0625 -0.284698 0
      vertex -33.0625 -0.284698 3
    endloop
  endfacet
  facet normal 0.947034 0.321132 0
    outer loop
      vertex -33.0625 -0.284698 0
      vertex -33.0163 -0.420944 3
      vertex -33.0163 -0.420944 0
    endloop
  endfacet
  facet normal 0.8967 0.442638 0
    outer loop
      vertex -32.9526 -0.549988 3
      vertex -33.0163 -0.420944 0
      vertex -33.0163 -0.420944 3
    endloop
  endfacet
  facet normal 0.8967 0.442638 0
    outer loop
      vertex -33.0163 -0.420944 0
      vertex -32.9526 -0.549988 3
      vertex -32.9526 -0.549988 0
    endloop
  endfacet
  facet normal 0.831609 0.555361 0
    outer loop
      vertex -32.8727 -0.669632 3
      vertex -32.9526 -0.549988 0
      vertex -32.9526 -0.549988 3
    endloop
  endfacet
  facet normal 0.831609 0.555361 0
    outer loop
      vertex -32.9526 -0.549988 0
      vertex -32.8727 -0.669632 3
      vertex -32.8727 -0.669632 0
    endloop
  endfacet
  facet normal 0.751756 0.659441 0
    outer loop
      vertex -32.7778 -0.777817 3
      vertex -32.8727 -0.669632 0
      vertex -32.8727 -0.669632 3
    endloop
  endfacet
  facet normal 0.751756 0.659441 0
    outer loop
      vertex -32.8727 -0.669632 0
      vertex -32.7778 -0.777817 3
      vertex -32.7778 -0.777817 0
    endloop
  endfacet
  facet normal 0.659248 0.751925 -0
    outer loop
      vertex -32.6696 -0.872681 0
      vertex -32.7778 -0.777817 3
      vertex -32.6696 -0.872681 3
    endloop
  endfacet
  facet normal 0.659248 0.751925 0
    outer loop
      vertex -32.7778 -0.777817 3
      vertex -32.6696 -0.872681 0
      vertex -32.7778 -0.777817 0
    endloop
  endfacet
  facet normal 0.555694 0.831387 -0
    outer loop
      vertex -32.55 -0.952621 0
      vertex -32.6696 -0.872681 3
      vertex -32.55 -0.952621 3
    endloop
  endfacet
  facet normal 0.555694 0.831387 0
    outer loop
      vertex -32.6696 -0.872681 3
      vertex -32.55 -0.952621 0
      vertex -32.6696 -0.872681 0
    endloop
  endfacet
  facet normal 0.442199 0.896917 -0
    outer loop
      vertex -32.4209 -1.01627 0
      vertex -32.55 -0.952621 3
      vertex -32.4209 -1.01627 3
    endloop
  endfacet
  facet normal 0.442199 0.896917 0
    outer loop
      vertex -32.55 -0.952621 3
      vertex -32.4209 -1.01627 0
      vertex -32.55 -0.952621 0
    endloop
  endfacet
  facet normal 0.321541 0.946896 -0
    outer loop
      vertex -32.2847 -1.06252 0
      vertex -32.4209 -1.01627 3
      vertex -32.2847 -1.06252 3
    endloop
  endfacet
  facet normal 0.321541 0.946896 0
    outer loop
      vertex -32.4209 -1.01627 3
      vertex -32.2847 -1.06252 0
      vertex -32.4209 -1.01627 0
    endloop
  endfacet
  facet normal 0.195047 0.980794 -0
    outer loop
      vertex -32.1436 -1.09058 0
      vertex -32.2847 -1.06252 3
      vertex -32.1436 -1.09058 3
    endloop
  endfacet
  facet normal 0.195047 0.980794 0
    outer loop
      vertex -32.2847 -1.06252 3
      vertex -32.1436 -1.09058 0
      vertex -32.2847 -1.06252 0
    endloop
  endfacet
  facet normal 0.065389 0.99786 -0
    outer loop
      vertex -32 -1.09999 0
      vertex -32.1436 -1.09058 3
      vertex -32 -1.09999 3
    endloop
  endfacet
  facet normal 0.065389 0.99786 0
    outer loop
      vertex -32.1436 -1.09058 3
      vertex -32 -1.09999 0
      vertex -32.1436 -1.09058 0
    endloop
  endfacet
  facet normal -0.065389 0.99786 0
    outer loop
      vertex -31.8564 -1.09058 0
      vertex -32 -1.09999 3
      vertex -31.8564 -1.09058 3
    endloop
  endfacet
  facet normal -0.065389 0.99786 0
    outer loop
      vertex -32 -1.09999 3
      vertex -31.8564 -1.09058 0
      vertex -32 -1.09999 0
    endloop
  endfacet
  facet normal 0 -1 0
    outer loop
      vertex 24 -3.7 0
      vertex 30 -3.7 3
      vertex 24 -3.7 3
    endloop
  endfacet
  facet normal 0 -1 -0
    outer loop
      vertex 30 -3.7 3
      vertex 24 -3.7 0
      vertex 30 -3.7 0
    endloop
  endfacet
  facet normal 1 -0 0
    outer loop
      vertex 24 -6.29999 3
      vertex 24 -3.7 0
      vertex 24 -3.7 3
    endloop
  endfacet
  facet normal 1 0 0
    outer loop
      vertex 24 -3.7 0
      vertex 24 -6.29999 3
      vertex 24 -6.29999 0
    endloop
  endfacet
  facet normal 0 1 -0
    outer loop
      vertex 30 -6.29999 0
      vertex 24 -6.29999 3
      vertex 30 -6.29999 3
    endloop
  endfacet
  facet normal 0 1 0
    outer loop
      vertex 24 -6.29999 3
      vertex 30 -6.29999 0
      vertex 24 -6.29999 0
    endloop
  endfacet
  facet normal -1 0 0
    outer loop
      vertex 30 -6.29999 0
      vertex 30 -3.7 3
      vertex 30 -3.7 0
    endloop
  endfacet
  facet normal -1 -0 0
    outer loop
      vertex 30 -3.7 3
      vertex 30 -6.29999 0
      vertex 30 -6.29999 3
    endloop
  endfacet
  facet normal -0.195047 0.980794 0
    outer loop
      vertex -23.7153 -9.06252 0
      vertex -23.8564 -9.09058 3
      vertex -23.7153 -9.06252 3
    endloop
  endfacet
  facet normal -0.195047 0.980794 0
    outer loop
      vertex -23.8564 -9.09058 3
      vertex -23.7153 -9.06252 0
      vertex -23.8564 -9.09058 0
    endloop
  endfacet
  facet normal -0.321541 0.946896 0
    outer loop
      vertex -23.5791 -9.01627 0
      vertex -23.7153 -9.06252 3
      vertex -23.5791 -9.01627 3
    endloop
  endfacet
  facet normal -0.321541 0.946896 0
    outer loop
      vertex -23.7153 -9.06252 3
      vertex -23.5791 -9.01627 0
      vertex -23.7153 -9.06252 0
    endloop
  endfacet
  facet normal -0.442204 0.896914 0
    outer loop
      vertex -23.45 -8.95262 0
      vertex -23.5791 -9.01627 3
      vertex -23.45 -8.95262 3
    endloop
  endfacet
  facet normal -0.442204 0.896914 0
    outer loop
      vertex -23.5791 -9.01627 3
      vertex -23.45 -8.95262 0
      vertex -23.5791 -9.01627 0
    endloop
  endfacet
  facet normal -0.555694 0.831387 0
    outer loop
      vertex -23.3304 -8.87268 0
      vertex -23.45 -8.95262 3
      vertex -23.3304 -8.87268 3
    endloop
  endfacet
  facet normal -0.555694 0.831387 0
    outer loop
      vertex -23.45 -8.95262 3
      vertex -23.3304 -8.87268 0
      vertex -23.45 -8.95262 0
    endloop
  endfacet
  facet normal -0.659232 0.751939 0
    outer loop
      vertex -23.2222 -8.77782 0
      vertex -23.3304 -8.87268 3
      vertex -23.2222 -8.77782 3
    endloop
  endfacet
  facet normal -0.659232 0.751939 0
    outer loop
      vertex -23.3304 -8.87268 3
      vertex -23.2222 -8.77782 0
      vertex -23.3304 -8.87268 0
    endloop
  endfacet
  facet normal -0.751771 0.659424 0
    outer loop
      vertex -23.2222 -8.77782 0
      vertex -23.1273 -8.66963 3
      vertex -23.1273 -8.66963 0
    endloop
  endfacet
  facet normal -0.751771 0.659424 0
    outer loop
      vertex -23.1273 -8.66963 3
      vertex -23.2222 -8.77782 0
      vertex -23.2222 -8.77782 3
    endloop
  endfacet
  facet normal -0.831601 0.555374 0
    outer loop
      vertex -23.1273 -8.66963 0
      vertex -23.0474 -8.54999 3
      vertex -23.0474 -8.54999 0
    endloop
  endfacet
  facet normal -0.831601 0.555374 0
    outer loop
      vertex -23.0474 -8.54999 3
      vertex -23.1273 -8.66963 0
      vertex -23.1273 -8.66963 3
    endloop
  endfacet
  facet normal -0.896708 0.442622 0
    outer loop
      vertex -23.0474 -8.54999 0
      vertex -22.9837 -8.42094 3
      vertex -22.9837 -8.42094 0
    endloop
  endfacet
  facet normal -0.896708 0.442622 0
    outer loop
      vertex -22.9837 -8.42094 3
      vertex -23.0474 -8.54999 0
      vertex -23.0474 -8.54999 3
    endloop
  endfacet
  facet normal -0.94703 0.321145 0
    outer loop
      vertex -22.9837 -8.42094 0
      vertex -22.9375 -8.2847 3
      vertex -22.9375 -8.2847 0
    endloop
  endfacet
  facet normal -0.94703 0.321145 0
    outer loop
      vertex -22.9375 -8.2847 3
      vertex -22.9837 -8.42094 0
      vertex -22.9837 -8.42094 3
    endloop
  endfacet
  facet normal -0.980749 0.195274 0
    outer loop
      vertex -22.9375 -8.2847 0
      vertex -22.9094 -8.14357 3
      vertex -22.9094 -8.14357 0
    endloop
  endfacet
  facet normal -0.980749 0.195274 0
    outer loop
      vertex -22.9094 -8.14357 3
      vertex -22.9375 -8.2847 0
      vertex -22.9375 -8.2847 3
    endloop
  endfacet
  facet normal -0.997863 0.0653334 0
    outer loop
      vertex -22.9094 -8.14357 0
      vertex -22.9 -8 3
      vertex -22.9 -8 0
    endloop
  endfacet
  facet normal -0.997863 0.0653334 0
    outer loop
      vertex -22.9 -8 3
      vertex -22.9094 -8.14357 0
      vertex -22.9094 -8.14357 3
    endloop
  endfacet
  facet normal -0.997864 -0.0653243 0
    outer loop
      vertex -22.9 -8 0
      vertex -22.9094 -7.85641 3
      vertex -22.9094 -7.85641 0
    endloop
  endfacet
  facet normal -0.997864 -0.0653243 0
    outer loop
      vertex -22.9094 -7.85641 3
      vertex -22.9 -8 0
      vertex -22.9 -8 3
    endloop
  endfacet
  facet normal -0.980746 -0.195287 0
    outer loop
      vertex -22.9094 -7.85641 0
      vertex -22.9375 -7.71529 3
      vertex -22.9375 -7.71529 0
    endloop
  endfacet
  facet normal -0.980746 -0.195287 0
    outer loop
      vertex -22.9375 -7.71529 3
      vertex -22.9094 -7.85641 0
      vertex -22.9094 -7.85641 3
    endloop
  endfacet
  facet normal -0.947037 -0.321124 0
    outer loop
      vertex -22.9375 -7.71529 0
      vertex -22.9837 -7.57904 3
      vertex -22.9837 -7.57904 0
    endloop
  endfacet
  facet normal -0.947037 -0.321124 0
    outer loop
      vertex -22.9837 -7.57904 3
      vertex -22.9375 -7.71529 0
      vertex -22.9375 -7.71529 3
    endloop
  endfacet
  facet normal -0.896695 -0.442649 0
    outer loop
      vertex -22.9837 -7.57904 0
      vertex -23.0474 -7.45 3
      vertex -23.0474 -7.45 0
    endloop
  endfacet
  facet normal -0.896695 -0.442649 0
    outer loop
      vertex -23.0474 -7.45 3
      vertex -22.9837 -7.57904 0
      vertex -22.9837 -7.57904 3
    endloop
  endfacet
  facet normal -0.831622 -0.555342 0
    outer loop
      vertex -23.0474 -7.45 0
      vertex -23.1273 -7.33035 3
      vertex -23.1273 -7.33035 0
    endloop
  endfacet
  facet normal -0.831622 -0.555342 0
    outer loop
      vertex -23.1273 -7.33035 3
      vertex -23.0474 -7.45 0
      vertex -23.0474 -7.45 3
    endloop
  endfacet
  facet normal -0.751741 -0.659458 0
    outer loop
      vertex -23.1273 -7.33035 0
      vertex -23.2222 -7.22217 3
      vertex -23.2222 -7.22217 0
    endloop
  endfacet
  facet normal -0.751741 -0.659458 0
    outer loop
      vertex -23.2222 -7.22217 3
      vertex -23.1273 -7.33035 0
      vertex -23.1273 -7.33035 3
    endloop
  endfacet
  facet normal -0.659272 -0.751905 0
    outer loop
      vertex -23.3304 -7.1273 0
      vertex -23.2222 -7.22217 3
      vertex -23.3304 -7.1273 3
    endloop
  endfacet
  facet normal -0.659272 -0.751905 -0
    outer loop
      vertex -23.2222 -7.22217 3
      vertex -23.3304 -7.1273 0
      vertex -23.2222 -7.22217 0
    endloop
  endfacet
  facet normal -0.555694 -0.831387 0
    outer loop
      vertex -23.45 -7.04736 0
      vertex -23.3304 -7.1273 3
      vertex -23.45 -7.04736 3
    endloop
  endfacet
  facet normal -0.555694 -0.831387 -0
    outer loop
      vertex -23.3304 -7.1273 3
      vertex -23.45 -7.04736 0
      vertex -23.3304 -7.1273 0
    endloop
  endfacet
  facet normal -0.442149 -0.896942 0
    outer loop
      vertex -23.5791 -6.98372 0
      vertex -23.45 -7.04736 3
      vertex -23.5791 -6.98372 3
    endloop
  endfacet
  facet normal -0.442149 -0.896942 -0
    outer loop
      vertex -23.45 -7.04736 3
      vertex -23.5791 -6.98372 0
      vertex -23.45 -7.04736 0
    endloop
  endfacet
  facet normal -0.321541 -0.946896 0
    outer loop
      vertex -23.7153 -6.93747 0
      vertex -23.5791 -6.98372 3
      vertex -23.7153 -6.93747 3
    endloop
  endfacet
  facet normal -0.321541 -0.946896 -0
    outer loop
      vertex -23.5791 -6.98372 3
      vertex -23.7153 -6.93747 0
      vertex -23.5791 -6.98372 0
    endloop
  endfacet
  facet normal -0.195047 -0.980794 0
    outer loop
      vertex -23.8564 -6.90941 0
      vertex -23.7153 -6.93747 3
      vertex -23.8564 -6.90941 3
    endloop
  endfacet
  facet normal -0.195047 -0.980794 -0
    outer loop
      vertex -23.7153 -6.93747 3
      vertex -23.8564 -6.90941 0
      vertex -23.7153 -6.93747 0
    endloop
  endfacet
  facet normal -0.0654582 -0.997855 0
    outer loop
      vertex -24 -6.89999 0
      vertex -23.8564 -6.90941 3
      vertex -24 -6.89999 3
    endloop
  endfacet
  facet normal -0.0654582 -0.997855 -0
    outer loop
      vertex -23.8564 -6.90941 3
      vertex -24 -6.89999 0
      vertex -23.8564 -6.90941 0
    endloop
  endfacet
  facet normal 0.0654582 -0.997855 0
    outer loop
      vertex -24.1436 -6.90941 0
      vertex -24 -6.89999 3
      vertex -24.1436 -6.90941 3
    endloop
  endfacet
  facet normal 0.0654582 -0.997855 0
    outer loop
      vertex -24 -6.89999 3
      vertex -24.1436 -6.90941 0
      vertex -24 -6.89999 0
    endloop
  endfacet
  facet normal 0.195047 -0.980794 0
    outer loop
      vertex -24.2847 -6.93747 0
      vertex -24.1436 -6.90941 3
      vertex -24.2847 -6.93747 3
    endloop
  endfacet
  facet normal 0.195047 -0.980794 0
    outer loop
      vertex -24.1436 -6.90941 3
      vertex -24.2847 -6.93747 0
      vertex -24.1436 -6.90941 0
    endloop
  endfacet
  facet normal 0.321541 -0.946896 0
    outer loop
      vertex -24.4209 -6.98372 0
      vertex -24.2847 -6.93747 3
      vertex -24.4209 -6.98372 3
    endloop
  endfacet
  facet normal 0.321541 -0.946896 0
    outer loop
      vertex -24.2847 -6.93747 3
      vertex -24.4209 -6.98372 0
      vertex -24.2847 -6.93747 0
    endloop
  endfacet
  facet normal 0.442149 -0.896942 0
    outer loop
      vertex -24.55 -7.04736 0
      vertex -24.4209 -6.98372 3
      vertex -24.55 -7.04736 3
    endloop
  endfacet
  facet normal 0.442149 -0.896942 0
    outer loop
      vertex -24.4209 -6.98372 3
      vertex -24.55 -7.04736 0
      vertex -24.4209 -6.98372 0
    endloop
  endfacet
  facet normal 0.555694 -0.831387 0
    outer loop
      vertex -24.6696 -7.1273 0
      vertex -24.55 -7.04736 3
      vertex -24.6696 -7.1273 3
    endloop
  endfacet
  facet normal 0.555694 -0.831387 0
    outer loop
      vertex -24.55 -7.04736 3
      vertex -24.6696 -7.1273 0
      vertex -24.55 -7.04736 0
    endloop
  endfacet
  facet normal 0.659272 -0.751905 0
    outer loop
      vertex -24.7778 -7.22217 0
      vertex -24.6696 -7.1273 3
      vertex -24.7778 -7.22217 3
    endloop
  endfacet
  facet normal 0.659272 -0.751905 0
    outer loop
      vertex -24.6696 -7.1273 3
      vertex -24.7778 -7.22217 0
      vertex -24.6696 -7.1273 0
    endloop
  endfacet
  facet normal 0.751741 -0.659458 0
    outer loop
      vertex -24.8727 -7.33035 3
      vertex -24.7778 -7.22217 0
      vertex -24.7778 -7.22217 3
    endloop
  endfacet
  facet normal 0.751741 -0.659458 0
    outer loop
      vertex -24.7778 -7.22217 0
      vertex -24.8727 -7.33035 3
      vertex -24.8727 -7.33035 0
    endloop
  endfacet
  facet normal 0.831622 -0.555342 0
    outer loop
      vertex -24.9526 -7.45 3
      vertex -24.8727 -7.33035 0
      vertex -24.8727 -7.33035 3
    endloop
  endfacet
  facet normal 0.831622 -0.555342 0
    outer loop
      vertex -24.8727 -7.33035 0
      vertex -24.9526 -7.45 3
      vertex -24.9526 -7.45 0
    endloop
  endfacet
  facet normal 0.896695 -0.442649 0
    outer loop
      vertex -25.0163 -7.57904 3
      vertex -24.9526 -7.45 0
      vertex -24.9526 -7.45 3
    endloop
  endfacet
  facet normal 0.896695 -0.442649 0
    outer loop
      vertex -24.9526 -7.45 0
      vertex -25.0163 -7.57904 3
      vertex -25.0163 -7.57904 0
    endloop
  endfacet
  facet normal 0.947037 -0.321124 0
    outer loop
      vertex -25.0625 -7.71529 3
      vertex -25.0163 -7.57904 0
      vertex -25.0163 -7.57904 3
    endloop
  endfacet
  facet normal 0.947037 -0.321124 0
    outer loop
      vertex -25.0163 -7.57904 0
      vertex -25.0625 -7.71529 3
      vertex -25.0625 -7.71529 0
    endloop
  endfacet
  facet normal 0.980746 -0.195287 0
    outer loop
      vertex -25.0906 -7.85641 3
      vertex -25.0625 -7.71529 0
      vertex -25.0625 -7.71529 3
    endloop
  endfacet
  facet normal 0.980746 -0.195287 0
    outer loop
      vertex -25.0625 -7.71529 0
      vertex -25.0906 -7.85641 3
      vertex -25.0906 -7.85641 0
    endloop
  endfacet
  facet normal 0.997864 -0.0653243 0
    outer loop
      vertex -25.1 -8 3
      vertex -25.0906 -7.85641 0
      vertex -25.0906 -7.85641 3
    endloop
  endfacet
  facet normal 0.997864 -0.0653243 0
    outer loop
      vertex -25.0906 -7.85641 0
      vertex -25.1 -8 3
      vertex -25.1 -8 0
    endloop
  endfacet
  facet normal 0.997863 0.0653334 0
    outer loop
      vertex -25.0906 -8.14357 3
      vertex -25.1 -8 0
      vertex -25.1 -8 3
    endloop
  endfacet
  facet normal 0.997863 0.0653334 0
    outer loop
      vertex -25.1 -8 0
      vertex -25.0906 -8.14357 3
      vertex -25.0906 -8.14357 0
    endloop
  endfacet
  facet normal 0.980749 0.195274 0
    outer loop
      vertex -25.0625 -8.2847 3
      vertex -25.0906 -8.14357 0
      vertex -25.0906 -8.14357 3
    endloop
  endfacet
  facet normal 0.980749 0.195274 0
    outer loop
      vertex -25.0906 -8.14357 0
      vertex -25.0625 -8.2847 3
      vertex -25.0625 -8.2847 0
    endloop
  endfacet
  facet normal 0.94703 0.321145 0
    outer loop
      vertex -25.0163 -8.42094 3
      vertex -25.0625 -8.2847 0
      vertex -25.0625 -8.2847 3
    endloop
  endfacet
  facet normal 0.94703 0.321145 0
    outer loop
      vertex -25.0625 -8.2847 0
      vertex -25.0163 -8.42094 3
      vertex -25.0163 -8.42094 0
    endloop
  endfacet
  facet normal 0.896708 0.442622 0
    outer loop
      vertex -24.9526 -8.54999 3
      vertex -25.0163 -8.42094 0
      vertex -25.0163 -8.42094 3
    endloop
  endfacet
  facet normal 0.896708 0.442622 0
    outer loop
      vertex -25.0163 -8.42094 0
      vertex -24.9526 -8.54999 3
      vertex -24.9526 -8.54999 0
    endloop
  endfacet
  facet normal 0.831601 0.555374 0
    outer loop
      vertex -24.8727 -8.66963 3
      vertex -24.9526 -8.54999 0
      vertex -24.9526 -8.54999 3
    endloop
  endfacet
  facet normal 0.831601 0.555374 0
    outer loop
      vertex -24.9526 -8.54999 0
      vertex -24.8727 -8.66963 3
      vertex -24.8727 -8.66963 0
    endloop
  endfacet
  facet normal 0.751771 0.659424 0
    outer loop
      vertex -24.7778 -8.77782 3
      vertex -24.8727 -8.66963 0
      vertex -24.8727 -8.66963 3
    endloop
  endfacet
  facet normal 0.751771 0.659424 0
    outer loop
      vertex -24.8727 -8.66963 0
      vertex -24.7778 -8.77782 3
      vertex -24.7778 -8.77782 0
    endloop
  endfacet
  facet normal 0.659232 0.751939 -0
    outer loop
      vertex -24.6696 -8.87268 0
      vertex -24.7778 -8.77782 3
      vertex -24.6696 -8.87268 3
    endloop
  endfacet
  facet normal 0.659232 0.751939 0
    outer loop
      vertex -24.7778 -8.77782 3
      vertex -24.6696 -8.87268 0
      vertex -24.7778 -8.77782 0
    endloop
  endfacet
  facet normal 0.555694 0.831387 -0
    outer loop
      vertex -24.55 -8.95262 0
      vertex -24.6696 -8.87268 3
      vertex -24.55 -8.95262 3
    endloop
  endfacet
  facet normal 0.555694 0.831387 0
    outer loop
      vertex -24.6696 -8.87268 3
      vertex -24.55 -8.95262 0
      vertex -24.6696 -8.87268 0
    endloop
  endfacet
  facet normal 0.442204 0.896914 -0
    outer loop
      vertex -24.4209 -9.01627 0
      vertex -24.55 -8.95262 3
      vertex -24.4209 -9.01627 3
    endloop
  endfacet
  facet normal 0.442204 0.896914 0
    outer loop
      vertex -24.55 -8.95262 3
      vertex -24.4209 -9.01627 0
      vertex -24.55 -8.95262 0
    endloop
  endfacet
  facet normal 0.321541 0.946896 -0
    outer loop
      vertex -24.2847 -9.06252 0
      vertex -24.4209 -9.01627 3
      vertex -24.2847 -9.06252 3
    endloop
  endfacet
  facet normal 0.321541 0.946896 0
    outer loop
      vertex -24.4209 -9.01627 3
      vertex -24.2847 -9.06252 0
      vertex -24.4209 -9.01627 0
    endloop
  endfacet
  facet normal 0.195047 0.980794 -0
    outer loop
      vertex -24.1436 -9.09058 0
      vertex -24.2847 -9.06252 3
      vertex -24.1436 -9.09058 3
    endloop
  endfacet
  facet normal 0.195047 0.980794 0
    outer loop
      vertex -24.2847 -9.06252 3
      vertex -24.1436 -9.09058 0
      vertex -24.2847 -9.06252 0
    endloop
  endfacet
  facet normal 0.065389 0.99786 -0
    outer loop
      vertex -24 -9.09999 0
      vertex -24.1436 -9.09058 3
      vertex -24 -9.09999 3
    endloop
  endfacet
  facet normal 0.065389 0.99786 0
    outer loop
      vertex -24.1436 -9.09058 3
      vertex -24 -9.09999 0
      vertex -24.1436 -9.09058 0
    endloop
  endfacet
  facet normal -0.065389 0.99786 0
    outer loop
      vertex -23.8564 -9.09058 0
      vertex -24 -9.09999 3
      vertex -23.8564 -9.09058 3
    endloop
  endfacet
  facet normal -0.065389 0.99786 0
    outer loop
      vertex -24 -9.09999 3
      vertex -23.8564 -9.09058 0
      vertex -24 -9.09999 0
    endloop
  endfacet
  facet normal 0 -1 0
    outer loop
      vertex 11 -7.7 0
      vertex 17 -7.7 3
      vertex 11 -7.7 3
    endloop
  endfacet
  facet normal 0 -1 -0
    outer loop
      vertex 17 -7.7 3
      vertex 11 -7.7 0
      vertex 17 -7.7 0
    endloop
  endfacet
  facet normal 1 -0 0
    outer loop
      vertex 11 -10.3 3
      vertex 11 -7.7 0
      vertex 11 -7.7 3
    endloop
  endfacet
  facet normal 1 0 0
    outer loop
      vertex 11 -7.7 0
      vertex 11 -10.3 3
      vertex 11 -10.3 0
    endloop
  endfacet
  facet normal 0 1 -0
    outer loop
      vertex 17 -10.3 0
      vertex 11 -10.3 3
      vertex 17 -10.3 3
    endloop
  endfacet
  facet normal 0 1 0
    outer loop
      vertex 11 -10.3 3
      vertex 17 -10.3 0
      vertex 11 -10.3 0
    endloop
  endfacet
  facet normal -1 0 0
    outer loop
      vertex 17 -10.3 0
      vertex 17 -7.7 3
      vertex 17 -7.7 0
    endloop
  endfacet
  facet normal -1 -0 0
    outer loop
      vertex 17 -7.7 3
      vertex 17 -10.3 0
      vertex 17 -10.3 3
    endloop
  endfacet
  facet normal 0 -1 0
    outer loop
      vertex -1 -7.7 0
      vertex 5 -7.7 3
      vertex -1 -7.7 3
    endloop
  endfacet
  facet normal 0 -1 -0
    outer loop
      vertex 5 -7.7 3
      vertex -1 -7.7 0
      vertex 5 -7.7 0
    endloop
  endfacet
  facet normal 1 -0 0
    outer loop
      vertex -1 -10.3 3
      vertex -1 -7.7 0
      vertex -1 -7.7 3
    endloop
  endfacet
  facet normal 1 0 0
    outer loop
      vertex -1 -7.7 0
      vertex -1 -10.3 3
      vertex -1 -10.3 0
    endloop
  endfacet
  facet normal 0 1 -0
    outer loop
      vertex 5 -10.3 0
      vertex -1 -10.3 3
      vertex 5 -10.3 3
    endloop
  endfacet
  facet normal 0 1 0
    outer loop
      vertex -1 -10.3 3
      vertex 5 -10.3 0
      vertex -1 -10.3 0
    endloop
  endfacet
  facet normal -1 0 0
    outer loop
      vertex 5 -10.3 0
      vertex 5 -7.7 3
      vertex 5 -7.7 0
    endloop
  endfacet
  facet normal -1 -0 0
    outer loop
      vertex 5 -7.7 3
      vertex 5 -10.3 0
      vertex 5 -10.3 3
    endloop
  endfacet
  facet normal -0.195287 0.980746 0
    outer loop
      vertex -5.71529 -13.0625 0
      vertex -5.85641 -13.0906 3
      vertex -5.71529 -13.0625 3
    endloop
  endfacet
  facet normal -0.195287 0.980746 0
    outer loop
      vertex -5.85641 -13.0906 3
      vertex -5.71529 -13.0625 0
      vertex -5.85641 -13.0906 0
    endloop
  endfacet
  facet normal -0.321124 0.947037 0
    outer loop
      vertex -5.57904 -13.0163 0
      vertex -5.71529 -13.0625 3
      vertex -5.57904 -13.0163 3
    endloop
  endfacet
  facet normal -0.321124 0.947037 0
    outer loop
      vertex -5.71529 -13.0625 3
      vertex -5.57904 -13.0163 0
      vertex -5.71529 -13.0625 0
    endloop
  endfacet
  facet normal -0.442649 0.896695 0
    outer loop
      vertex -5.45 -12.9526 0
      vertex -5.57904 -13.0163 3
      vertex -5.45 -12.9526 3
    endloop
  endfacet
  facet normal -0.442649 0.896695 0
    outer loop
      vertex -5.57904 -13.0163 3
      vertex -5.45 -12.9526 0
      vertex -5.57904 -13.0163 0
    endloop
  endfacet
  facet normal -0.555342 0.831622 0
    outer loop
      vertex -5.33035 -12.8727 0
      vertex -5.45 -12.9526 3
      vertex -5.33035 -12.8727 3
    endloop
  endfacet
  facet normal -0.555342 0.831622 0
    outer loop
      vertex -5.45 -12.9526 3
      vertex -5.33035 -12.8727 0
      vertex -5.45 -12.9526 0
    endloop
  endfacet
  facet normal -0.659458 0.751741 0
    outer loop
      vertex -5.22217 -12.7778 0
      vertex -5.33035 -12.8727 3
      vertex -5.22217 -12.7778 3
    endloop
  endfacet
  facet normal -0.659458 0.751741 0
    outer loop
      vertex -5.33035 -12.8727 3
      vertex -5.22217 -12.7778 0
      vertex -5.33035 -12.8727 0
    endloop
  endfacet
  facet normal -0.751905 0.659272 0
    outer loop
      vertex -5.22217 -12.7778 0
      vertex -5.1273 -12.6696 3
      vertex -5.1273 -12.6696 0
    endloop
  endfacet
  facet normal -0.751905 0.659272 0
    outer loop
      vertex -5.1273 -12.6696 3
      vertex -5.22217 -12.7778 0
      vertex -5.22217 -12.7778 3
    endloop
  endfacet
  facet normal -0.831387 0.555694 0
    outer loop
      vertex -5.1273 -12.6696 0
      vertex -5.04736 -12.55 3
      vertex -5.04736 -12.55 0
    endloop
  endfacet
  facet normal -0.831387 0.555694 0
    outer loop
      vertex -5.04736 -12.55 3
      vertex -5.1273 -12.6696 0
      vertex -5.1273 -12.6696 3
    endloop
  endfacet
  facet normal -0.896942 0.442149 0
    outer loop
      vertex -5.04736 -12.55 0
      vertex -4.98372 -12.4209 3
      vertex -4.98372 -12.4209 0
    endloop
  endfacet
  facet normal -0.896942 0.442149 0
    outer loop
      vertex -4.98372 -12.4209 3
      vertex -5.04736 -12.55 0
      vertex -5.04736 -12.55 3
    endloop
  endfacet
  facet normal -0.946896 0.321541 0
    outer loop
      vertex -4.98372 -12.4209 0
      vertex -4.93747 -12.2847 3
      vertex -4.93747 -12.2847 0
    endloop
  endfacet
  facet normal -0.946896 0.321541 0
    outer loop
      vertex -4.93747 -12.2847 3
      vertex -4.98372 -12.4209 0
      vertex -4.98372 -12.4209 3
    endloop
  endfacet
  facet normal -0.980794 0.195047 0
    outer loop
      vertex -4.93747 -12.2847 0
      vertex -4.90941 -12.1436 3
      vertex -4.90941 -12.1436 0
    endloop
  endfacet
  facet normal -0.980794 0.195047 0
    outer loop
      vertex -4.90941 -12.1436 3
      vertex -4.93747 -12.2847 0
      vertex -4.93747 -12.2847 3
    endloop
  endfacet
  facet normal -0.997855 0.0654582 0
    outer loop
      vertex -4.90941 -12.1436 0
      vertex -4.89999 -12 3
      vertex -4.89999 -12 0
    endloop
  endfacet
  facet normal -0.997855 0.0654582 0
    outer loop
      vertex -4.89999 -12 3
      vertex -4.90941 -12.1436 0
      vertex -4.90941 -12.1436 3
    endloop
  endfacet
  facet normal -0.997855 -0.0654582 0
    outer loop
      vertex -4.89999 -12 0
      vertex -4.90941 -11.8564 3
      vertex -4.90941 -11.8564 0
    endloop
  endfacet
  facet normal -0.997855 -0.0654582 0
    outer loop
      vertex -4.90941 -11.8564 3
      vertex -4.89999 -12 0
      vertex -4.89999 -12 3
    endloop
  endfacet
  facet normal -0.980794 -0.195047 0
    outer loop
      vertex -4.90941 -11.8564 0
      vertex -4.93747 -11.7153 3
      vertex -4.93747 -11.7153 0
    endloop
  endfacet
  facet normal -0.980794 -0.195047 0
    outer loop
      vertex -4.93747 -11.7153 3
      vertex -4.90941 -11.8564 0
      vertex -4.90941 -11.8564 3
    endloop
  endfacet
  facet normal -0.946967 -0.32133 0
    outer loop
      vertex -4.93747 -11.7153 0
      vertex -4.98372 -11.579 3
      vertex -4.98372 -11.579 0
    endloop
  endfacet
  facet normal -0.946967 -0.32133 0
    outer loop
      vertex -4.98372 -11.579 3
      vertex -4.93747 -11.7153 0
      vertex -4.93747 -11.7153 3
    endloop
  endfacet
  facet normal -0.896806 -0.442424 0
    outer loop
      vertex -4.98372 -11.579 0
      vertex -5.04736 -11.45 3
      vertex -5.04736 -11.45 0
    endloop
  endfacet
  facet normal -0.896806 -0.442424 0
    outer loop
      vertex -5.04736 -11.45 3
      vertex -4.98372 -11.579 0
      vertex -4.98372 -11.579 3
    endloop
  endfacet
  facet normal -0.831387 -0.555694 0
    outer loop
      vertex -5.04736 -11.45 0
      vertex -5.1273 -11.3304 3
      vertex -5.1273 -11.3304 0
    endloop
  endfacet
  facet normal -0.831387 -0.555694 0
    outer loop
      vertex -5.1273 -11.3304 3
      vertex -5.04736 -11.45 0
      vertex -5.04736 -11.45 3
    endloop
  endfacet
  facet normal -0.751905 -0.659272 0
    outer loop
      vertex -5.1273 -11.3304 0
      vertex -5.22217 -11.2222 3
      vertex -5.22217 -11.2222 0
    endloop
  endfacet
  facet normal -0.751905 -0.659272 0
    outer loop
      vertex -5.22217 -11.2222 3
      vertex -5.1273 -11.3304 0
      vertex -5.1273 -11.3304 3
    endloop
  endfacet
  facet normal -0.659458 -0.751741 0
    outer loop
      vertex -5.33035 -11.1273 0
      vertex -5.22217 -11.2222 3
      vertex -5.33035 -11.1273 3
    endloop
  endfacet
  facet normal -0.659458 -0.751741 -0
    outer loop
      vertex -5.22217 -11.2222 3
      vertex -5.33035 -11.1273 0
      vertex -5.22217 -11.2222 0
    endloop
  endfacet
  facet normal -0.555342 -0.831622 0
    outer loop
      vertex -5.45 -11.0474 0
      vertex -5.33035 -11.1273 3
      vertex -5.45 -11.0474 3
    endloop
  endfacet
  facet normal -0.555342 -0.831622 -0
    outer loop
      vertex -5.33035 -11.1273 3
      vertex -5.45 -11.0474 0
      vertex -5.33035 -11.1273 0
    endloop
  endfacet
  facet normal -0.442649 -0.896695 0
    outer loop
      vertex -5.57904 -10.9837 0
      vertex -5.45 -11.0474 3
      vertex -5.57904 -10.9837 3
    endloop
  endfacet
  facet normal -0.442649 -0.896695 -0
    outer loop
      vertex -5.45 -11.0474 3
      vertex -5.57904 -10.9837 0
      vertex -5.45 -11.0474 0
    endloop
  endfacet
  facet normal -0.321124 -0.947037 0
    outer loop
      vertex -5.71529 -10.9375 0
      vertex -5.57904 -10.9837 3
      vertex -5.71529 -10.9375 3
    endloop
  endfacet
  facet normal -0.321124 -0.947037 -0
    outer loop
      vertex -5.57904 -10.9837 3
      vertex -5.71529 -10.9375 0
      vertex -5.57904 -10.9837 0
    endloop
  endfacet
  facet normal -0.195287 -0.980746 0
    outer loop
      vertex -5.85641 -10.9094 0
      vertex -5.71529 -10.9375 3
      vertex -5.85641 -10.9094 3
    endloop
  endfacet
  facet normal -0.195287 -0.980746 -0
    outer loop
      vertex -5.71529 -10.9375 3
      vertex -5.85641 -10.9094 0
      vertex -5.71529 -10.9375 0
    endloop
  endfacet
  facet normal -0.0653243 -0.997864 0
    outer loop
      vertex -6 -10.9 0
      vertex -5.85641 -10.9094 3
      vertex -6 -10.9 3
    endloop
  endfacet
  facet normal -0.0653243 -0.997864 -0
    outer loop
      vertex -5.85641 -10.9094 3
      vertex -6 -10.9 0
      vertex -5.85641 -10.9094 0
    endloop
  endfacet
  facet normal 0.0653334 -0.997863 0
    outer loop
      vertex -6.14357 -10.9094 0
      vertex -6 -10.9 3
      vertex -6.14357 -10.9094 3
    endloop
  endfacet
  facet normal 0.0653334 -0.997863 0
    outer loop
      vertex -6 -10.9 3
      vertex -6.14357 -10.9094 0
      vertex -6 -10.9 0
    endloop
  endfacet
  facet normal 0.195274 -0.980749 0
    outer loop
      vertex -6.2847 -10.9375 0
      vertex -6.14357 -10.9094 3
      vertex -6.2847 -10.9375 3
    endloop
  endfacet
  facet normal 0.195274 -0.980749 0
    outer loop
      vertex -6.14357 -10.9094 3
      vertex -6.2847 -10.9375 0
      vertex -6.14357 -10.9094 0
    endloop
  endfacet
  facet normal 0.321145 -0.94703 0
    outer loop
      vertex -6.42094 -10.9837 0
      vertex -6.2847 -10.9375 3
      vertex -6.42094 -10.9837 3
    endloop
  endfacet
  facet normal 0.321145 -0.94703 0
    outer loop
      vertex -6.2847 -10.9375 3
      vertex -6.42094 -10.9837 0
      vertex -6.2847 -10.9375 0
    endloop
  endfacet
  facet normal 0.442622 -0.896708 0
    outer loop
      vertex -6.54999 -11.0474 0
      vertex -6.42094 -10.9837 3
      vertex -6.54999 -11.0474 3
    endloop
  endfacet
  facet normal 0.442622 -0.896708 0
    outer loop
      vertex -6.42094 -10.9837 3
      vertex -6.54999 -11.0474 0
      vertex -6.42094 -10.9837 0
    endloop
  endfacet
  facet normal 0.555374 -0.831601 0
    outer loop
      vertex -6.66963 -11.1273 0
      vertex -6.54999 -11.0474 3
      vertex -6.66963 -11.1273 3
    endloop
  endfacet
  facet normal 0.555374 -0.831601 0
    outer loop
      vertex -6.54999 -11.0474 3
      vertex -6.66963 -11.1273 0
      vertex -6.54999 -11.0474 0
    endloop
  endfacet
  facet normal 0.659424 -0.751771 0
    outer loop
      vertex -6.77782 -11.2222 0
      vertex -6.66963 -11.1273 3
      vertex -6.77782 -11.2222 3
    endloop
  endfacet
  facet normal 0.659424 -0.751771 0
    outer loop
      vertex -6.66963 -11.1273 3
      vertex -6.77782 -11.2222 0
      vertex -6.66963 -11.1273 0
    endloop
  endfacet
  facet normal 0.751939 -0.659232 0
    outer loop
      vertex -6.87268 -11.3304 3
      vertex -6.77782 -11.2222 0
      vertex -6.77782 -11.2222 3
    endloop
  endfacet
  facet normal 0.751939 -0.659232 0
    outer loop
      vertex -6.77782 -11.2222 0
      vertex -6.87268 -11.3304 3
      vertex -6.87268 -11.3304 0
    endloop
  endfacet
  facet normal 0.831387 -0.555694 0
    outer loop
      vertex -6.95262 -11.45 3
      vertex -6.87268 -11.3304 0
      vertex -6.87268 -11.3304 3
    endloop
  endfacet
  facet normal 0.831387 -0.555694 0
    outer loop
      vertex -6.87268 -11.3304 0
      vertex -6.95262 -11.45 3
      vertex -6.95262 -11.45 0
    endloop
  endfacet
  facet normal 0.896778 -0.44248 0
    outer loop
      vertex -7.01627 -11.579 3
      vertex -6.95262 -11.45 0
      vertex -6.95262 -11.45 3
    endloop
  endfacet
  facet normal 0.896778 -0.44248 0
    outer loop
      vertex -6.95262 -11.45 0
      vertex -7.01627 -11.579 3
      vertex -7.01627 -11.579 0
    endloop
  endfacet
  facet normal 0.946967 -0.32133 0
    outer loop
      vertex -7.06252 -11.7153 3
      vertex -7.01627 -11.579 0
      vertex -7.01627 -11.579 3
    endloop
  endfacet
  facet normal 0.946967 -0.32133 0
    outer loop
      vertex -7.01627 -11.579 0
      vertex -7.06252 -11.7153 3
      vertex -7.06252 -11.7153 0
    endloop
  endfacet
  facet normal 0.980794 -0.195047 0
    outer loop
      vertex -7.09058 -11.8564 3
      vertex -7.06252 -11.7153 0
      vertex -7.06252 -11.7153 3
    endloop
  endfacet
  facet normal 0.980794 -0.195047 0
    outer loop
      vertex -7.06252 -11.7153 0
      vertex -7.09058 -11.8564 3
      vertex -7.09058 -11.8564 0
    endloop
  endfacet
  facet normal 0.99786 -0.065389 0
    outer loop
      vertex -7.09999 -12 3
      vertex -7.09058 -11.8564 0
      vertex -7.09058 -11.8564 3
    endloop
  endfacet
  facet normal 0.99786 -0.065389 0
    outer loop
      vertex -7.09058 -11.8564 0
      vertex -7.09999 -12 3
      vertex -7.09999 -12 0
    endloop
  endfacet
  facet normal 0.99786 0.065389 0
    outer loop
      vertex -7.09058 -12.1436 3
      vertex -7.09999 -12 0
      vertex -7.09999 -12 3
    endloop
  endfacet
  facet normal 0.99786 0.065389 0
    outer loop
      vertex -7.09999 -12 0
      vertex -7.09058 -12.1436 3
      vertex -7.09058 -12.1436 0
    endloop
  endfacet
  facet normal 0.980794 0.195047 0
    outer loop
      vertex -7.06252 -12.2847 3
      vertex -7.09058 -12.1436 0
      vertex -7.09058 -12.1436 3
    endloop
  endfacet
  facet normal 0.980794 0.195047 0
    outer loop
      vertex -7.09058 -12.1436 0
      vertex -7.06252 -12.2847 3
      vertex -7.06252 -12.2847 0
    endloop
  endfacet
  facet normal 0.946896 0.321541 0
    outer loop
      vertex -7.01627 -12.4209 3
      vertex -7.06252 -12.2847 0
      vertex -7.06252 -12.2847 3
    endloop
  endfacet
  facet normal 0.946896 0.321541 0
    outer loop
      vertex -7.06252 -12.2847 0
      vertex -7.01627 -12.4209 3
      vertex -7.01627 -12.4209 0
    endloop
  endfacet
  facet normal 0.896914 0.442204 0
    outer loop
      vertex -6.95262 -12.55 3
      vertex -7.01627 -12.4209 0
      vertex -7.01627 -12.4209 3
    endloop
  endfacet
  facet normal 0.896914 0.442204 0
    outer loop
      vertex -7.01627 -12.4209 0
      vertex -6.95262 -12.55 3
      vertex -6.95262 -12.55 0
    endloop
  endfacet
  facet normal 0.831387 0.555694 0
    outer loop
      vertex -6.87268 -12.6696 3
      vertex -6.95262 -12.55 0
      vertex -6.95262 -12.55 3
    endloop
  endfacet
  facet normal 0.831387 0.555694 0
    outer loop
      vertex -6.95262 -12.55 0
      vertex -6.87268 -12.6696 3
      vertex -6.87268 -12.6696 0
    endloop
  endfacet
  facet normal 0.751939 0.659232 0
    outer loop
      vertex -6.77782 -12.7778 3
      vertex -6.87268 -12.6696 0
      vertex -6.87268 -12.6696 3
    endloop
  endfacet
  facet normal 0.751939 0.659232 0
    outer loop
      vertex -6.87268 -12.6696 0
      vertex -6.77782 -12.7778 3
      vertex -6.77782 -12.7778 0
    endloop
  endfacet
  facet normal 0.659424 0.751771 -0
    outer loop
      vertex -6.66963 -12.8727 0
      vertex -6.77782 -12.7778 3
      vertex -6.66963 -12.8727 3
    endloop
  endfacet
  facet normal 0.659424 0.751771 0
    outer loop
      vertex -6.77782 -12.7778 3
      vertex -6.66963 -12.8727 0
      vertex -6.77782 -12.7778 0
    endloop
  endfacet
  facet normal 0.555374 0.831601 -0
    outer loop
      vertex -6.54999 -12.9526 0
      vertex -6.66963 -12.8727 3
      vertex -6.54999 -12.9526 3
    endloop
  endfacet
  facet normal 0.555374 0.831601 0
    outer loop
      vertex -6.66963 -12.8727 3
      vertex -6.54999 -12.9526 0
      vertex -6.66963 -12.8727 0
    endloop
  endfacet
  facet normal 0.442622 0.896708 -0
    outer loop
      vertex -6.42094 -13.0163 0
      vertex -6.54999 -12.9526 3
      vertex -6.42094 -13.0163 3
    endloop
  endfacet
  facet normal 0.442622 0.896708 0
    outer loop
      vertex -6.54999 -12.9526 3
      vertex -6.42094 -13.0163 0
      vertex -6.54999 -12.9526 0
    endloop
  endfacet
  facet normal 0.321145 0.94703 -0
    outer loop
      vertex -6.2847 -13.0625 0
      vertex -6.42094 -13.0163 3
      vertex -6.2847 -13.0625 3
    endloop
  endfacet
  facet normal 0.321145 0.94703 0
    outer loop
      vertex -6.42094 -13.0163 3
      vertex -6.2847 -13.0625 0
      vertex -6.42094 -13.0163 0
    endloop
  endfacet
  facet normal 0.195274 0.980749 -0
    outer loop
      vertex -6.14357 -13.0906 0
      vertex -6.2847 -13.0625 3
      vertex -6.14357 -13.0906 3
    endloop
  endfacet
  facet normal 0.195274 0.980749 0
    outer loop
      vertex -6.2847 -13.0625 3
      vertex -6.14357 -13.0906 0
      vertex -6.2847 -13.0625 0
    endloop
  endfacet
  facet normal 0.0653334 0.997863 -0
    outer loop
      vertex -6 -13.1 0
      vertex -6.14357 -13.0906 3
      vertex -6 -13.1 3
    endloop
  endfacet
  facet normal 0.0653334 0.997863 0
    outer loop
      vertex -6.14357 -13.0906 3
      vertex -6 -13.1 0
      vertex -6.14357 -13.0906 0
    endloop
  endfacet
  facet normal -0.0653243 0.997864 0
    outer loop
      vertex -5.85641 -13.0906 0
      vertex -6 -13.1 3
      vertex -5.85641 -13.0906 3
    endloop
  endfacet
  facet normal -0.0653243 0.997864 0
    outer loop
      vertex -6 -13.1 3
      vertex -5.85641 -13.0906 0
      vertex -6 -13.1 0
    endloop
  endfacet
  facet normal -0.195274 0.980749 0
    outer loop
      vertex 2.2847 -13.0625 0
      vertex 2.14357 -13.0906 3
      vertex 2.2847 -13.0625 3
    endloop
  endfacet
  facet normal -0.195274 0.980749 0
    outer loop
      vertex 2.14357 -13.0906 3
      vertex 2.2847 -13.0625 0
      vertex 2.14357 -13.0906 0
    endloop
  endfacet
  facet normal -0.321145 0.94703 0
    outer loop
      vertex 2.42094 -13.0163 0
      vertex 2.2847 -13.0625 3
      vertex 2.42094 -13.0163 3
    endloop
  endfacet
  facet normal -0.321145 0.94703 0
    outer loop
      vertex 2.2847 -13.0625 3
      vertex 2.42094 -13.0163 0
      vertex 2.2847 -13.0625 0
    endloop
  endfacet
  facet normal -0.442622 0.896708 0
    outer loop
      vertex 2.54999 -12.9526 0
      vertex 2.42094 -13.0163 3
      vertex 2.54999 -12.9526 3
    endloop
  endfacet
  facet normal -0.442622 0.896708 0
    outer loop
      vertex 2.42094 -13.0163 3
      vertex 2.54999 -12.9526 0
      vertex 2.42094 -13.0163 0
    endloop
  endfacet
  facet normal -0.555374 0.831601 0
    outer loop
      vertex 2.66963 -12.8727 0
      vertex 2.54999 -12.9526 3
      vertex 2.66963 -12.8727 3
    endloop
  endfacet
  facet normal -0.555374 0.831601 0
    outer loop
      vertex 2.54999 -12.9526 3
      vertex 2.66963 -12.8727 0
      vertex 2.54999 -12.9526 0
    endloop
  endfacet
  facet normal -0.659424 0.751771 0
    outer loop
      vertex 2.77782 -12.7778 0
      vertex 2.66963 -12.8727 3
      vertex 2.77782 -12.7778 3
    endloop
  endfacet
  facet normal -0.659424 0.751771 0
    outer loop
      vertex 2.66963 -12.8727 3
      vertex 2.77782 -12.7778 0
      vertex 2.66963 -12.8727 0
    endloop
  endfacet
  facet normal -0.751939 0.659232 0
    outer loop
      vertex 2.77782 -12.7778 0
      vertex 2.87268 -12.6696 3
      vertex 2.87268 -12.6696 0
    endloop
  endfacet
  facet normal -0.751939 0.659232 0
    outer loop
      vertex 2.87268 -12.6696 3
      vertex 2.77782 -12.7778 0
      vertex 2.77782 -12.7778 3
    endloop
  endfacet
  facet normal -0.831387 0.555694 0
    outer loop
      vertex 2.87268 -12.6696 0
      vertex 2.95262 -12.55 3
      vertex 2.95262 -12.55 0
    endloop
  endfacet
  facet normal -0.831387 0.555694 0
    outer loop
      vertex 2.95262 -12.55 3
      vertex 2.87268 -12.6696 0
      vertex 2.87268 -12.6696 3
    endloop
  endfacet
  facet normal -0.896914 0.442204 0
    outer loop
      vertex 2.95262 -12.55 0
      vertex 3.01627 -12.4209 3
      vertex 3.01627 -12.4209 0
    endloop
  endfacet
  facet normal -0.896914 0.442204 0
    outer loop
      vertex 3.01627 -12.4209 3
      vertex 2.95262 -12.55 0
      vertex 2.95262 -12.55 3
    endloop
  endfacet
  facet normal -0.946896 0.321541 0
    outer loop
      vertex 3.01627 -12.4209 0
      vertex 3.06252 -12.2847 3
      vertex 3.06252 -12.2847 0
    endloop
  endfacet
  facet normal -0.946896 0.321541 0
    outer loop
      vertex 3.06252 -12.2847 3
      vertex 3.01627 -12.4209 0
      vertex 3.01627 -12.4209 3
    endloop
  endfacet
  facet normal -0.980794 0.195047 0
    outer loop
      vertex 3.06252 -12.2847 0
      vertex 3.09058 -12.1436 3
      vertex 3.09058 -12.1436 0
    endloop
  endfacet
  facet normal -0.980794 0.195047 0
    outer loop
      vertex 3.09058 -12.1436 3
      vertex 3.06252 -12.2847 0
      vertex 3.06252 -12.2847 3
    endloop
  endfacet
  facet normal -0.99786 0.065389 0
    outer loop
      vertex 3.09058 -12.1436 0
      vertex 3.09999 -12 3
      vertex 3.09999 -12 0
    endloop
  endfacet
  facet normal -0.99786 0.065389 0
    outer loop
      vertex 3.09999 -12 3
      vertex 3.09058 -12.1436 0
      vertex 3.09058 -12.1436 3
    endloop
  endfacet
  facet normal -0.99786 -0.065389 0
    outer loop
      vertex 3.09999 -12 0
      vertex 3.09058 -11.8564 3
      vertex 3.09058 -11.8564 0
    endloop
  endfacet
  facet normal -0.99786 -0.065389 0
    outer loop
      vertex 3.09058 -11.8564 3
      vertex 3.09999 -12 0
      vertex 3.09999 -12 3
    endloop
  endfacet
  facet normal -0.980794 -0.195047 0
    outer loop
      vertex 3.09058 -11.8564 0
      vertex 3.06252 -11.7153 3
      vertex 3.06252 -11.7153 0
    endloop
  endfacet
  facet normal -0.980794 -0.195047 0
    outer loop
      vertex 3.06252 -11.7153 3
      vertex 3.09058 -11.8564 0
      vertex 3.09058 -11.8564 3
    endloop
  endfacet
  facet normal -0.946967 -0.32133 0
    outer loop
      vertex 3.06252 -11.7153 0
      vertex 3.01627 -11.579 3
      vertex 3.01627 -11.579 0
    endloop
  endfacet
  facet normal -0.946967 -0.32133 0
    outer loop
      vertex 3.01627 -11.579 3
      vertex 3.06252 -11.7153 0
      vertex 3.06252 -11.7153 3
    endloop
  endfacet
  facet normal -0.896778 -0.44248 0
    outer loop
      vertex 3.01627 -11.579 0
      vertex 2.95262 -11.45 3
      vertex 2.95262 -11.45 0
    endloop
  endfacet
  facet normal -0.896778 -0.44248 0
    outer loop
      vertex 2.95262 -11.45 3
      vertex 3.01627 -11.579 0
      vertex 3.01627 -11.579 3
    endloop
  endfacet
  facet normal -0.831387 -0.555694 0
    outer loop
      vertex 2.95262 -11.45 0
      vertex 2.87268 -11.3304 3
      vertex 2.87268 -11.3304 0
    endloop
  endfacet
  facet normal -0.831387 -0.555694 0
    outer loop
      vertex 2.87268 -11.3304 3
      vertex 2.95262 -11.45 0
      vertex 2.95262 -11.45 3
    endloop
  endfacet
  facet normal -0.751939 -0.659232 0
    outer loop
      vertex 2.87268 -11.3304 0
      vertex 2.77782 -11.2222 3
      vertex 2.77782 -11.2222 0
    endloop
  endfacet
  facet normal -0.751939 -0.659232 0
    outer loop
      vertex 2.77782 -11.2222 3
      vertex 2.87268 -11.3304 0
      vertex 2.87268 -11.3304 3
    endloop
  endfacet
  facet normal -0.659424 -0.751771 0
    outer loop
      vertex 2.66963 -11.1273 0
      vertex 2.77782 -11.2222 3
      vertex 2.66963 -11.1273 3
    endloop
  endfacet
  facet normal -0.659424 -0.751771 -0
    outer loop
      vertex 2.77782 -11.2222 3
      vertex 2.66963 -11.1273 0
      vertex 2.77782 -11.2222 0
    endloop
  endfacet
  facet normal -0.555374 -0.831601 0
    outer loop
      vertex 2.54999 -11.0474 0
      vertex 2.66963 -11.1273 3
      vertex 2.54999 -11.0474 3
    endloop
  endfacet
  facet normal -0.555374 -0.831601 -0
    outer loop
      vertex 2.66963 -11.1273 3
      vertex 2.54999 -11.0474 0
      vertex 2.66963 -11.1273 0
    endloop
  endfacet
  facet normal -0.442622 -0.896708 0
    outer loop
      vertex 2.42094 -10.9837 0
      vertex 2.54999 -11.0474 3
      vertex 2.42094 -10.9837 3
    endloop
  endfacet
  facet normal -0.442622 -0.896708 -0
    outer loop
      vertex 2.54999 -11.0474 3
      vertex 2.42094 -10.9837 0
      vertex 2.54999 -11.0474 0
    endloop
  endfacet
  facet normal -0.321145 -0.94703 0
    outer loop
      vertex 2.2847 -10.9375 0
      vertex 2.42094 -10.9837 3
      vertex 2.2847 -10.9375 3
    endloop
  endfacet
  facet normal -0.321145 -0.94703 -0
    outer loop
      vertex 2.42094 -10.9837 3
      vertex 2.2847 -10.9375 0
      vertex 2.42094 -10.9837 0
    endloop
  endfacet
  facet normal -0.195274 -0.980749 0
    outer loop
      vertex 2.14357 -10.9094 0
      vertex 2.2847 -10.9375 3
      vertex 2.14357 -10.9094 3
    endloop
  endfacet
  facet normal -0.195274 -0.980749 -0
    outer loop
      vertex 2.2847 -10.9375 3
      vertex 2.14357 -10.9094 0
      vertex 2.2847 -10.9375 0
    endloop
  endfacet
  facet normal -0.0653334 -0.997863 0
    outer loop
      vertex 2 -10.9 0
      vertex 2.14357 -10.9094 3
      vertex 2 -10.9 3
    endloop
  endfacet
  facet normal -0.0653334 -0.997863 -0
    outer loop
      vertex 2.14357 -10.9094 3
      vertex 2 -10.9 0
      vertex 2.14357 -10.9094 0
    endloop
  endfacet
  facet normal 0.0653243 -0.997864 0
    outer loop
      vertex 1.85641 -10.9094 0
      vertex 2 -10.9 3
      vertex 1.85641 -10.9094 3
    endloop
  endfacet
  facet normal 0.0653243 -0.997864 0
    outer loop
      vertex 2 -10.9 3
      vertex 1.85641 -10.9094 0
      vertex 2 -10.9 0
    endloop
  endfacet
  facet normal 0.195287 -0.980746 0
    outer loop
      vertex 1.71529 -10.9375 0
      vertex 1.85641 -10.9094 3
      vertex 1.71529 -10.9375 3
    endloop
  endfacet
  facet normal 0.195287 -0.980746 0
    outer loop
      vertex 1.85641 -10.9094 3
      vertex 1.71529 -10.9375 0
      vertex 1.85641 -10.9094 0
    endloop
  endfacet
  facet normal 0.321124 -0.947037 0
    outer loop
      vertex 1.57904 -10.9837 0
      vertex 1.71529 -10.9375 3
      vertex 1.57904 -10.9837 3
    endloop
  endfacet
  facet normal 0.321124 -0.947037 0
    outer loop
      vertex 1.71529 -10.9375 3
      vertex 1.57904 -10.9837 0
      vertex 1.71529 -10.9375 0
    endloop
  endfacet
  facet normal 0.442649 -0.896695 0
    outer loop
      vertex 1.45 -11.0474 0
      vertex 1.57904 -10.9837 3
      vertex 1.45 -11.0474 3
    endloop
  endfacet
  facet normal 0.442649 -0.896695 0
    outer loop
      vertex 1.57904 -10.9837 3
      vertex 1.45 -11.0474 0
      vertex 1.57904 -10.9837 0
    endloop
  endfacet
  facet normal 0.555342 -0.831622 0
    outer loop
      vertex 1.33035 -11.1273 0
      vertex 1.45 -11.0474 3
      vertex 1.33035 -11.1273 3
    endloop
  endfacet
  facet normal 0.555342 -0.831622 0
    outer loop
      vertex 1.45 -11.0474 3
      vertex 1.33035 -11.1273 0
      vertex 1.45 -11.0474 0
    endloop
  endfacet
  facet normal 0.659458 -0.751741 0
    outer loop
      vertex 1.22217 -11.2222 0
      vertex 1.33035 -11.1273 3
      vertex 1.22217 -11.2222 3
    endloop
  endfacet
  facet normal 0.659458 -0.751741 0
    outer loop
      vertex 1.33035 -11.1273 3
      vertex 1.22217 -11.2222 0
      vertex 1.33035 -11.1273 0
    endloop
  endfacet
  facet normal 0.751905 -0.659272 0
    outer loop
      vertex 1.1273 -11.3304 3
      vertex 1.22217 -11.2222 0
      vertex 1.22217 -11.2222 3
    endloop
  endfacet
  facet normal 0.751905 -0.659272 0
    outer loop
      vertex 1.22217 -11.2222 0
      vertex 1.1273 -11.3304 3
      vertex 1.1273 -11.3304 0
    endloop
  endfacet
  facet normal 0.831387 -0.555694 0
    outer loop
      vertex 1.04736 -11.45 3
      vertex 1.1273 -11.3304 0
      vertex 1.1273 -11.3304 3
    endloop
  endfacet
  facet normal 0.831387 -0.555694 0
    outer loop
      vertex 1.1273 -11.3304 0
      vertex 1.04736 -11.45 3
      vertex 1.04736 -11.45 0
    endloop
  endfacet
  facet normal 0.896803 -0.44243 0
    outer loop
      vertex 0.983719 -11.579 3
      vertex 1.04736 -11.45 0
      vertex 1.04736 -11.45 3
    endloop
  endfacet
  facet normal 0.896803 -0.44243 0
    outer loop
      vertex 1.04736 -11.45 0
      vertex 0.983719 -11.579 3
      vertex 0.983719 -11.579 0
    endloop
  endfacet
  facet normal 0.946967 -0.32133 0
    outer loop
      vertex 0.937469 -11.7153 3
      vertex 0.983719 -11.579 0
      vertex 0.983719 -11.579 3
    endloop
  endfacet
  facet normal 0.946967 -0.32133 0
    outer loop
      vertex 0.983719 -11.579 0
      vertex 0.937469 -11.7153 3
      vertex 0.937469 -11.7153 0
    endloop
  endfacet
  facet normal 0.980794 -0.195047 0
    outer loop
      vertex 0.909409 -11.8564 3
      vertex 0.937469 -11.7153 0
      vertex 0.937469 -11.7153 3
    endloop
  endfacet
  facet normal 0.980794 -0.195047 0
    outer loop
      vertex 0.937469 -11.7153 0
      vertex 0.909409 -11.8564 3
      vertex 0.909409 -11.8564 0
    endloop
  endfacet
  facet normal 0.997858 -0.0654236 0
    outer loop
      vertex 0.899994 -12 3
      vertex 0.909409 -11.8564 0
      vertex 0.909409 -11.8564 3
    endloop
  endfacet
  facet normal 0.997858 -0.0654236 0
    outer loop
      vertex 0.909409 -11.8564 0
      vertex 0.899994 -12 3
      vertex 0.899994 -12 0
    endloop
  endfacet
  facet normal 0.997858 0.0654236 0
    outer loop
      vertex 0.909409 -12.1436 3
      vertex 0.899994 -12 0
      vertex 0.899994 -12 3
    endloop
  endfacet
  facet normal 0.997858 0.0654236 0
    outer loop
      vertex 0.899994 -12 0
      vertex 0.909409 -12.1436 3
      vertex 0.909409 -12.1436 0
    endloop
  endfacet
  facet normal 0.980794 0.195047 0
    outer loop
      vertex 0.937469 -12.2847 3
      vertex 0.909409 -12.1436 0
      vertex 0.909409 -12.1436 3
    endloop
  endfacet
  facet normal 0.980794 0.195047 0
    outer loop
      vertex 0.909409 -12.1436 0
      vertex 0.937469 -12.2847 3
      vertex 0.937469 -12.2847 0
    endloop
  endfacet
  facet normal 0.946896 0.321541 0
    outer loop
      vertex 0.983719 -12.4209 3
      vertex 0.937469 -12.2847 0
      vertex 0.937469 -12.2847 3
    endloop
  endfacet
  facet normal 0.946896 0.321541 0
    outer loop
      vertex 0.937469 -12.2847 0
      vertex 0.983719 -12.4209 3
      vertex 0.983719 -12.4209 0
    endloop
  endfacet
  facet normal 0.896939 0.442154 0
    outer loop
      vertex 1.04736 -12.55 3
      vertex 0.983719 -12.4209 0
      vertex 0.983719 -12.4209 3
    endloop
  endfacet
  facet normal 0.896939 0.442154 0
    outer loop
      vertex 0.983719 -12.4209 0
      vertex 1.04736 -12.55 3
      vertex 1.04736 -12.55 0
    endloop
  endfacet
  facet normal 0.831387 0.555694 0
    outer loop
      vertex 1.1273 -12.6696 3
      vertex 1.04736 -12.55 0
      vertex 1.04736 -12.55 3
    endloop
  endfacet
  facet normal 0.831387 0.555694 0
    outer loop
      vertex 1.04736 -12.55 0
      vertex 1.1273 -12.6696 3
      vertex 1.1273 -12.6696 0
    endloop
  endfacet
  facet normal 0.751905 0.659272 0
    outer loop
      vertex 1.22217 -12.7778 3
      vertex 1.1273 -12.6696 0
      vertex 1.1273 -12.6696 3
    endloop
  endfacet
  facet normal 0.751905 0.659272 0
    outer loop
      vertex 1.1273 -12.6696 0
      vertex 1.22217 -12.7778 3
      vertex 1.22217 -12.7778 0
    endloop
  endfacet
  facet normal 0.659458 0.751741 -0
    outer loop
      vertex 1.33035 -12.8727 0
      vertex 1.22217 -12.7778 3
      vertex 1.33035 -12.8727 3
    endloop
  endfacet
  facet normal 0.659458 0.751741 0
    outer loop
      vertex 1.22217 -12.7778 3
      vertex 1.33035 -12.8727 0
      vertex 1.22217 -12.7778 0
    endloop
  endfacet
  facet normal 0.555342 0.831622 -0
    outer loop
      vertex 1.45 -12.9526 0
      vertex 1.33035 -12.8727 3
      vertex 1.45 -12.9526 3
    endloop
  endfacet
  facet normal 0.555342 0.831622 0
    outer loop
      vertex 1.33035 -12.8727 3
      vertex 1.45 -12.9526 0
      vertex 1.33035 -12.8727 0
    endloop
  endfacet
  facet normal 0.442649 0.896695 -0
    outer loop
      vertex 1.57904 -13.0163 0
      vertex 1.45 -12.9526 3
      vertex 1.57904 -13.0163 3
    endloop
  endfacet
  facet normal 0.442649 0.896695 0
    outer loop
      vertex 1.45 -12.9526 3
      vertex 1.57904 -13.0163 0
      vertex 1.45 -12.9526 0
    endloop
  endfacet
  facet normal 0.321124 0.947037 -0
    outer loop
      vertex 1.71529 -13.0625 0
      vertex 1.57904 -13.0163 3
      vertex 1.71529 -13.0625 3
    endloop
  endfacet
  facet normal 0.321124 0.947037 0
    outer loop
      vertex 1.57904 -13.0163 3
      vertex 1.71529 -13.0625 0
      vertex 1.57904 -13.0163 0
    endloop
  endfacet
  facet normal 0.195287 0.980746 -0
    outer loop
      vertex 1.85641 -13.0906 0
      vertex 1.71529 -13.0625 3
      vertex 1.85641 -13.0906 3
    endloop
  endfacet
  facet normal 0.195287 0.980746 0
    outer loop
      vertex 1.71529 -13.0625 3
      vertex 1.85641 -13.0906 0
      vertex 1.71529 -13.0625 0
    endloop
  endfacet
  facet normal 0.0653243 0.997864 -0
    outer loop
      vertex 2 -13.1 0
      vertex 1.85641 -13.0906 3
      vertex 2 -13.1 3
    endloop
  endfacet
  facet normal 0.0653243 0.997864 0
    outer loop
      vertex 1.85641 -13.0906 3
      vertex 2 -13.1 0
      vertex 1.85641 -13.0906 0
    endloop
  endfacet
  facet normal -0.0653334 0.997863 0
    outer loop
      vertex 2.14357 -13.0906 0
      vertex 2 -13.1 3
      vertex 2.14357 -13.0906 3
    endloop
  endfacet
  facet normal -0.0653334 0.997863 0
    outer loop
      vertex 2 -13.1 3
      vertex 2.14357 -13.0906 0
      vertex 2 -13.1 0
    endloop
  endfacet
  facet normal -0.195314 0.980741 0
    outer loop
      vertex 10.2847 -13.0625 0
      vertex 10.1436 -13.0906 3
      vertex 10.2847 -13.0625 3
    endloop
  endfacet
  facet normal -0.195314 0.980741 0
    outer loop
      vertex 10.1436 -13.0906 3
      vertex 10.2847 -13.0625 0
      vertex 10.1436 -13.0906 0
    endloop
  endfacet
  facet normal -0.32123 0.947001 0
    outer loop
      vertex 10.4209 -13.0163 0
      vertex 10.2847 -13.0625 3
      vertex 10.4209 -13.0163 3
    endloop
  endfacet
  facet normal -0.32123 0.947001 0
    outer loop
      vertex 10.2847 -13.0625 3
      vertex 10.4209 -13.0163 0
      vertex 10.2847 -13.0625 0
    endloop
  endfacet
  facet normal -0.442484 0.896776 0
    outer loop
      vertex 10.55 -12.9526 0
      vertex 10.4209 -13.0163 3
      vertex 10.55 -12.9526 3
    endloop
  endfacet
  facet normal -0.442484 0.896776 0
    outer loop
      vertex 10.4209 -13.0163 3
      vertex 10.55 -12.9526 0
      vertex 10.4209 -13.0163 0
    endloop
  endfacet
  facet normal -0.555502 0.831515 0
    outer loop
      vertex 10.6696 -12.8727 0
      vertex 10.55 -12.9526 3
      vertex 10.6696 -12.8727 3
    endloop
  endfacet
  facet normal -0.555502 0.831515 0
    outer loop
      vertex 10.55 -12.9526 3
      vertex 10.6696 -12.8727 0
      vertex 10.55 -12.9526 0
    endloop
  endfacet
  facet normal -0.65939 0.751801 0
    outer loop
      vertex 10.7778 -12.7778 0
      vertex 10.6696 -12.8727 3
      vertex 10.7778 -12.7778 3
    endloop
  endfacet
  facet normal -0.65939 0.751801 0
    outer loop
      vertex 10.6696 -12.8727 3
      vertex 10.7778 -12.7778 0
      vertex 10.6696 -12.8727 0
    endloop
  endfacet
  facet normal -0.751801 0.65939 0
    outer loop
      vertex 10.7778 -12.7778 0
      vertex 10.8727 -12.6696 3
      vertex 10.8727 -12.6696 0
    endloop
  endfacet
  facet normal -0.751801 0.65939 0
    outer loop
      vertex 10.8727 -12.6696 3
      vertex 10.7778 -12.7778 0
      vertex 10.7778 -12.7778 3
    endloop
  endfacet
  facet normal -0.831515 0.555502 0
    outer loop
      vertex 10.8727 -12.6696 0
      vertex 10.9526 -12.55 3
      vertex 10.9526 -12.55 0
    endloop
  endfacet
  facet normal -0.831515 0.555502 0
    outer loop
      vertex 10.9526 -12.55 3
      vertex 10.8727 -12.6696 0
      vertex 10.8727 -12.6696 3
    endloop
  endfacet
  facet normal -0.896776 0.442484 0
    outer loop
      vertex 10.9526 -12.55 0
      vertex 11.0163 -12.4209 3
      vertex 11.0163 -12.4209 0
    endloop
  endfacet
  facet normal -0.896776 0.442484 0
    outer loop
      vertex 11.0163 -12.4209 3
      vertex 10.9526 -12.55 0
      vertex 10.9526 -12.55 3
    endloop
  endfacet
  facet normal -0.947001 0.32123 0
    outer loop
      vertex 11.0163 -12.4209 0
      vertex 11.0625 -12.2847 3
      vertex 11.0625 -12.2847 0
    endloop
  endfacet
  facet normal -0.947001 0.32123 0
    outer loop
      vertex 11.0625 -12.2847 3
      vertex 11.0163 -12.4209 0
      vertex 11.0163 -12.4209 3
    endloop
  endfacet
  facet normal -0.980741 0.195314 0
    outer loop
      vertex 11.0625 -12.2847 0
      vertex 11.0906 -12.1436 3
      vertex 11.0906 -12.1436 0
    endloop
  endfacet
  facet normal -0.980741 0.195314 0
    outer loop
      vertex 11.0906 -12.1436 3
      vertex 11.0625 -12.2847 0
      vertex 11.0625 -12.2847 3
    endloop
  endfacet
  facet normal -0.997864 0.0653198 0
    outer loop
      vertex 11.0906 -12.1436 0
      vertex 11.1 -12 3
      vertex 11.1 -12 0
    endloop
  endfacet
  facet normal -0.997864 0.0653198 0
    outer loop
      vertex 11.1 -12 3
      vertex 11.0906 -12.1436 0
      vertex 11.0906 -12.1436 3
    endloop
  endfacet
  facet normal -0.997864 -0.0653198 0
    outer loop
      vertex 11.1 -12 0
      vertex 11.0906 -11.8564 3
      vertex 11.0906 -11.8564 0
    endloop
  endfacet
  facet normal -0.997864 -0.0653198 0
    outer loop
      vertex 11.0906 -11.8564 3
      vertex 11.1 -12 0
      vertex 11.1 -12 3
    endloop
  endfacet
  facet normal -0.980741 -0.195314 0
    outer loop
      vertex 11.0906 -11.8564 0
      vertex 11.0625 -11.7153 3
      vertex 11.0625 -11.7153 0
    endloop
  endfacet
  facet normal -0.980741 -0.195314 0
    outer loop
      vertex 11.0625 -11.7153 3
      vertex 11.0906 -11.8564 0
      vertex 11.0906 -11.8564 3
    endloop
  endfacet
  facet normal -0.947073 -0.321018 0
    outer loop
      vertex 11.0625 -11.7153 0
      vertex 11.0163 -11.579 3
      vertex 11.0163 -11.579 0
    endloop
  endfacet
  facet normal -0.947073 -0.321018 0
    outer loop
      vertex 11.0163 -11.579 3
      vertex 11.0625 -11.7153 0
      vertex 11.0625 -11.7153 3
    endloop
  endfacet
  facet normal -0.89664 -0.44276 0
    outer loop
      vertex 11.0163 -11.579 0
      vertex 10.9526 -11.45 3
      vertex 10.9526 -11.45 0
    endloop
  endfacet
  facet normal -0.89664 -0.44276 0
    outer loop
      vertex 10.9526 -11.45 3
      vertex 11.0163 -11.579 0
      vertex 11.0163 -11.579 3
    endloop
  endfacet
  facet normal -0.831515 -0.555502 0
    outer loop
      vertex 10.9526 -11.45 0
      vertex 10.8727 -11.3304 3
      vertex 10.8727 -11.3304 0
    endloop
  endfacet
  facet normal -0.831515 -0.555502 0
    outer loop
      vertex 10.8727 -11.3304 3
      vertex 10.9526 -11.45 0
      vertex 10.9526 -11.45 3
    endloop
  endfacet
  facet normal -0.751801 -0.65939 0
    outer loop
      vertex 10.8727 -11.3304 0
      vertex 10.7778 -11.2222 3
      vertex 10.7778 -11.2222 0
    endloop
  endfacet
  facet normal -0.751801 -0.65939 0
    outer loop
      vertex 10.7778 -11.2222 3
      vertex 10.8727 -11.3304 0
      vertex 10.8727 -11.3304 3
    endloop
  endfacet
  facet normal -0.65939 -0.751801 0
    outer loop
      vertex 10.6696 -11.1273 0
      vertex 10.7778 -11.2222 3
      vertex 10.6696 -11.1273 3
    endloop
  endfacet
  facet normal -0.65939 -0.751801 -0
    outer loop
      vertex 10.7778 -11.2222 3
      vertex 10.6696 -11.1273 0
      vertex 10.7778 -11.2222 0
    endloop
  endfacet
  facet normal -0.555502 -0.831515 0
    outer loop
      vertex 10.55 -11.0474 0
      vertex 10.6696 -11.1273 3
      vertex 10.55 -11.0474 3
    endloop
  endfacet
  facet normal -0.555502 -0.831515 -0
    outer loop
      vertex 10.6696 -11.1273 3
      vertex 10.55 -11.0474 0
      vertex 10.6696 -11.1273 0
    endloop
  endfacet
  facet normal -0.442484 -0.896776 0
    outer loop
      vertex 10.4209 -10.9837 0
      vertex 10.55 -11.0474 3
      vertex 10.4209 -10.9837 3
    endloop
  endfacet
  facet normal -0.442484 -0.896776 -0
    outer loop
      vertex 10.55 -11.0474 3
      vertex 10.4209 -10.9837 0
      vertex 10.55 -11.0474 0
    endloop
  endfacet
  facet normal -0.32123 -0.947001 0
    outer loop
      vertex 10.2847 -10.9375 0
      vertex 10.4209 -10.9837 3
      vertex 10.2847 -10.9375 3
    endloop
  endfacet
  facet normal -0.32123 -0.947001 -0
    outer loop
      vertex 10.4209 -10.9837 3
      vertex 10.2847 -10.9375 0
      vertex 10.4209 -10.9837 0
    endloop
  endfacet
  facet normal -0.195314 -0.980741 0
    outer loop
      vertex 10.1436 -10.9094 0
      vertex 10.2847 -10.9375 3
      vertex 10.1436 -10.9094 3
    endloop
  endfacet
  facet normal -0.195314 -0.980741 -0
    outer loop
      vertex 10.2847 -10.9375 3
      vertex 10.1436 -10.9094 0
      vertex 10.2847 -10.9375 0
    endloop
  endfacet
  facet normal -0.0653198 -0.997864 0
    outer loop
      vertex 10 -10.9 0
      vertex 10.1436 -10.9094 3
      vertex 10 -10.9 3
    endloop
  endfacet
  facet normal -0.0653198 -0.997864 -0
    outer loop
      vertex 10.1436 -10.9094 3
      vertex 10 -10.9 0
      vertex 10.1436 -10.9094 0
    endloop
  endfacet
  facet normal 0.0653243 -0.997864 0
    outer loop
      vertex 9.85641 -10.9094 0
      vertex 10 -10.9 3
      vertex 9.85641 -10.9094 3
    endloop
  endfacet
  facet normal 0.0653243 -0.997864 0
    outer loop
      vertex 10 -10.9 3
      vertex 9.85641 -10.9094 0
      vertex 10 -10.9 0
    endloop
  endfacet
  facet normal 0.195287 -0.980746 0
    outer loop
      vertex 9.71529 -10.9375 0
      vertex 9.85641 -10.9094 3
      vertex 9.71529 -10.9375 3
    endloop
  endfacet
  facet normal 0.195287 -0.980746 0
    outer loop
      vertex 9.85641 -10.9094 3
      vertex 9.71529 -10.9375 0
      vertex 9.85641 -10.9094 0
    endloop
  endfacet
  facet normal 0.321124 -0.947037 0
    outer loop
      vertex 9.57904 -10.9837 0
      vertex 9.71529 -10.9375 3
      vertex 9.57904 -10.9837 3
    endloop
  endfacet
  facet normal 0.321124 -0.947037 0
    outer loop
      vertex 9.71529 -10.9375 3
      vertex 9.57904 -10.9837 0
      vertex 9.71529 -10.9375 0
    endloop
  endfacet
  facet normal 0.442649 -0.896695 0
    outer loop
      vertex 9.45 -11.0474 0
      vertex 9.57904 -10.9837 3
      vertex 9.45 -11.0474 3
    endloop
  endfacet
  facet normal 0.442649 -0.896695 0
    outer loop
      vertex 9.57904 -10.9837 3
      vertex 9.45 -11.0474 0
      vertex 9.57904 -10.9837 0
    endloop
  endfacet
  facet normal 0.555342 -0.831622 0
    outer loop
      vertex 9.33035 -11.1273 0
      vertex 9.45 -11.0474 3
      vertex 9.33035 -11.1273 3
    endloop
  endfacet
  facet normal 0.555342 -0.831622 0
    outer loop
      vertex 9.45 -11.0474 3
      vertex 9.33035 -11.1273 0
      vertex 9.45 -11.0474 0
    endloop
  endfacet
  facet normal 0.659458 -0.751741 0
    outer loop
      vertex 9.22217 -11.2222 0
      vertex 9.33035 -11.1273 3
      vertex 9.22217 -11.2222 3
    endloop
  endfacet
  facet normal 0.659458 -0.751741 0
    outer loop
      vertex 9.33035 -11.1273 3
      vertex 9.22217 -11.2222 0
      vertex 9.33035 -11.1273 0
    endloop
  endfacet
  facet normal 0.751905 -0.659272 0
    outer loop
      vertex 9.1273 -11.3304 3
      vertex 9.22217 -11.2222 0
      vertex 9.22217 -11.2222 3
    endloop
  endfacet
  facet normal 0.751905 -0.659272 0
    outer loop
      vertex 9.22217 -11.2222 0
      vertex 9.1273 -11.3304 3
      vertex 9.1273 -11.3304 0
    endloop
  endfacet
  facet normal 0.831387 -0.555694 0
    outer loop
      vertex 9.04736 -11.45 3
      vertex 9.1273 -11.3304 0
      vertex 9.1273 -11.3304 3
    endloop
  endfacet
  facet normal 0.831387 -0.555694 0
    outer loop
      vertex 9.1273 -11.3304 0
      vertex 9.04736 -11.45 3
      vertex 9.04736 -11.45 0
    endloop
  endfacet
  facet normal 0.896806 -0.442424 0
    outer loop
      vertex 8.98372 -11.579 3
      vertex 9.04736 -11.45 0
      vertex 9.04736 -11.45 3
    endloop
  endfacet
  facet normal 0.896806 -0.442424 0
    outer loop
      vertex 9.04736 -11.45 0
      vertex 8.98372 -11.579 3
      vertex 8.98372 -11.579 0
    endloop
  endfacet
  facet normal 0.946967 -0.32133 0
    outer loop
      vertex 8.93747 -11.7153 3
      vertex 8.98372 -11.579 0
      vertex 8.98372 -11.579 3
    endloop
  endfacet
  facet normal 0.946967 -0.32133 0
    outer loop
      vertex 8.98372 -11.579 0
      vertex 8.93747 -11.7153 3
      vertex 8.93747 -11.7153 0
    endloop
  endfacet
  facet normal 0.980794 -0.195047 0
    outer loop
      vertex 8.90941 -11.8564 3
      vertex 8.93747 -11.7153 0
      vertex 8.93747 -11.7153 3
    endloop
  endfacet
  facet normal 0.980794 -0.195047 0
    outer loop
      vertex 8.93747 -11.7153 0
      vertex 8.90941 -11.8564 3
      vertex 8.90941 -11.8564 0
    endloop
  endfacet
  facet normal 0.997855 -0.0654582 0
    outer loop
      vertex 8.89999 -12 3
      vertex 8.90941 -11.8564 0
      vertex 8.90941 -11.8564 3
    endloop
  endfacet
  facet normal 0.997855 -0.0654582 0
    outer loop
      vertex 8.90941 -11.8564 0
      vertex 8.89999 -12 3
      vertex 8.89999 -12 0
    endloop
  endfacet
  facet normal 0.997855 0.0654582 0
    outer loop
      vertex 8.90941 -12.1436 3
      vertex 8.89999 -12 0
      vertex 8.89999 -12 3
    endloop
  endfacet
  facet normal 0.997855 0.0654582 0
    outer loop
      vertex 8.89999 -12 0
      vertex 8.90941 -12.1436 3
      vertex 8.90941 -12.1436 0
    endloop
  endfacet
  facet normal 0.980794 0.195047 0
    outer loop
      vertex 8.93747 -12.2847 3
      vertex 8.90941 -12.1436 0
      vertex 8.90941 -12.1436 3
    endloop
  endfacet
  facet normal 0.980794 0.195047 0
    outer loop
      vertex 8.90941 -12.1436 0
      vertex 8.93747 -12.2847 3
      vertex 8.93747 -12.2847 0
    endloop
  endfacet
  facet normal 0.946896 0.321541 0
    outer loop
      vertex 8.98372 -12.4209 3
      vertex 8.93747 -12.2847 0
      vertex 8.93747 -12.2847 3
    endloop
  endfacet
  facet normal 0.946896 0.321541 0
    outer loop
      vertex 8.93747 -12.2847 0
      vertex 8.98372 -12.4209 3
      vertex 8.98372 -12.4209 0
    endloop
  endfacet
  facet normal 0.896942 0.442149 0
    outer loop
      vertex 9.04736 -12.55 3
      vertex 8.98372 -12.4209 0
      vertex 8.98372 -12.4209 3
    endloop
  endfacet
  facet normal 0.896942 0.442149 0
    outer loop
      vertex 8.98372 -12.4209 0
      vertex 9.04736 -12.55 3
      vertex 9.04736 -12.55 0
    endloop
  endfacet
  facet normal 0.831387 0.555694 0
    outer loop
      vertex 9.1273 -12.6696 3
      vertex 9.04736 -12.55 0
      vertex 9.04736 -12.55 3
    endloop
  endfacet
  facet normal 0.831387 0.555694 0
    outer loop
      vertex 9.04736 -12.55 0
      vertex 9.1273 -12.6696 3
      vertex 9.1273 -12.6696 0
    endloop
  endfacet
  facet normal 0.751905 0.659272 0
    outer loop
      vertex 9.22217 -12.7778 3
      vertex 9.1273 -12.6696 0
      vertex 9.1273 -12.6696 3
    endloop
  endfacet
  facet normal 0.751905 0.659272 0
    outer loop
      vertex 9.1273 -12.6696 0
      vertex 9.22217 -12.7778 3
      vertex 9.22217 -12.7778 0
    endloop
  endfacet
  facet normal 0.659458 0.751741 -0
    outer loop
      vertex 9.33035 -12.8727 0
      vertex 9.22217 -12.7778 3
      vertex 9.33035 -12.8727 3
    endloop
  endfacet
  facet normal 0.659458 0.751741 0
    outer loop
      vertex 9.22217 -12.7778 3
      vertex 9.33035 -12.8727 0
      vertex 9.22217 -12.7778 0
    endloop
  endfacet
  facet normal 0.555342 0.831622 -0
    outer loop
      vertex 9.45 -12.9526 0
      vertex 9.33035 -12.8727 3
      vertex 9.45 -12.9526 3
    endloop
  endfacet
  facet normal 0.555342 0.831622 0
    outer loop
      vertex 9.33035 -12.8727 3
      vertex 9.45 -12.9526 0
      vertex 9.33035 -12.8727 0
    endloop
  endfacet
  facet normal 0.442649 0.896695 -0
    outer loop
      vertex 9.57904 -13.0163 0
      vertex 9.45 -12.9526 3
      vertex 9.57904 -13.0163 3
    endloop
  endfacet
  facet normal 0.442649 0.896695 0
    outer loop
      vertex 9.45 -12.9526 3
      vertex 9.57904 -13.0163 0
      vertex 9.45 -12.9526 0
    endloop
  endfacet
  facet normal 0.321124 0.947037 -0
    outer loop
      vertex 9.71529 -13.0625 0
      vertex 9.57904 -13.0163 3
      vertex 9.71529 -13.0625 3
    endloop
  endfacet
  facet normal 0.321124 0.947037 0
    outer loop
      vertex 9.57904 -13.0163 3
      vertex 9.71529 -13.0625 0
      vertex 9.57904 -13.0163 0
    endloop
  endfacet
  facet normal 0.195287 0.980746 -0
    outer loop
      vertex 9.85641 -13.0906 0
      vertex 9.71529 -13.0625 3
      vertex 9.85641 -13.0906 3
    endloop
  endfacet
  facet normal 0.195287 0.980746 0
    outer loop
      vertex 9.71529 -13.0625 3
      vertex 9.85641 -13.0906 0
      vertex 9.71529 -13.0625 0
    endloop
  endfacet
  facet normal 0.0653243 0.997864 -0
    outer loop
      vertex 10 -13.1 0
      vertex 9.85641 -13.0906 3
      vertex 10 -13.1 3
    endloop
  endfacet
  facet normal 0.0653243 0.997864 0
    outer loop
      vertex 9.85641 -13.0906 3
      vertex 10 -13.1 0
      vertex 9.85641 -13.0906 0
    endloop
  endfacet
  facet normal -0.0653198 0.997864 0
    outer loop
      vertex 10.1436 -13.0906 0
      vertex 10 -13.1 3
      vertex 10.1436 -13.0906 3
    endloop
  endfacet
  facet normal -0.0653198 0.997864 0
    outer loop
      vertex 10 -13.1 3
      vertex 10.1436 -13.0906 0
      vertex 10 -13.1 0
    endloop
  endfacet
  facet normal -0.195314 0.980741 0
    outer loop
      vertex 18.2847 -13.0625 0
      vertex 18.1436 -13.0906 3
      vertex 18.2847 -13.0625 3
    endloop
  endfacet
  facet normal -0.195314 0.980741 0
    outer loop
      vertex 18.1436 -13.0906 3
      vertex 18.2847 -13.0625 0
      vertex 18.1436 -13.0906 0
    endloop
  endfacet
  facet normal -0.32123 0.947001 0
    outer loop
      vertex 18.4209 -13.0163 0
      vertex 18.2847 -13.0625 3
      vertex 18.4209 -13.0163 3
    endloop
  endfacet
  facet normal -0.32123 0.947001 0
    outer loop
      vertex 18.2847 -13.0625 3
      vertex 18.4209 -13.0163 0
      vertex 18.2847 -13.0625 0
    endloop
  endfacet
  facet normal -0.442484 0.896776 0
    outer loop
      vertex 18.55 -12.9526 0
      vertex 18.4209 -13.0163 3
      vertex 18.55 -12.9526 3
    endloop
  endfacet
  facet normal -0.442484 0.896776 0
    outer loop
      vertex 18.4209 -13.0163 3
      vertex 18.55 -12.9526 0
      vertex 18.4209 -13.0163 0
    endloop
  endfacet
  facet normal -0.555502 0.831515 0
    outer loop
      vertex 18.6696 -12.8727 0
      vertex 18.55 -12.9526 3
      vertex 18.6696 -12.8727 3
    endloop
  endfacet
  facet normal -0.555502 0.831515 0
    outer loop
      vertex 18.55 -12.9526 3
      vertex 18.6696 -12.8727 0
      vertex 18.55 -12.9526 0
    endloop
  endfacet
  facet normal -0.65939 0.751801 0
    outer loop
      vertex 18.7778 -12.7778 0
      vertex 18.6696 -12.8727 3
      vertex 18.7778 -12.7778 3
    endloop
  endfacet
  facet normal -0.65939 0.751801 0
    outer loop
      vertex 18.6696 -12.8727 3
      vertex 18.7778 -12.7778 0
      vertex 18.6696 -12.8727 0
    endloop
  endfacet
  facet normal -0.751801 0.65939 0
    outer loop
      vertex 18.7778 -12.7778 0
      vertex 18.8727 -12.6696 3
      vertex 18.8727 -12.6696 0
    endloop
  endfacet
  facet normal -0.751801 0.65939 0
    outer loop
      vertex 18.8727 -12.6696 3
      vertex 18.7778 -12.7778 0
      vertex 18.7778 -12.7778 3
    endloop
  endfacet
  facet normal -0.831515 0.555502 0
    outer loop
      vertex 18.8727 -12.6696 0
      vertex 18.9526 -12.55 3
      vertex 18.9526 -12.55 0
    endloop
  endfacet
  facet normal -0.831515 0.555502 0
    outer loop
      vertex 18.9526 -12.55 3
      vertex 18.8727 -12.6696 0
      vertex 18.8727 -12.6696 3
    endloop
  endfacet
  facet normal -0.896776 0.442484 0
    outer loop
      vertex 18.9526 -12.55 0
      vertex 19.0163 -12.4209 3
      vertex 19.0163 -12.4209 0
    endloop
  endfacet
  facet normal -0.896776 0.442484 0
    outer loop
      vertex 19.0163 -12.4209 3
      vertex 18.9526 -12.55 0
      vertex 18.9526 -12.55 3
    endloop
  endfacet
  facet normal -0.947001 0.32123 0
    outer loop
      vertex 19.0163 -12.4209 0
      vertex 19.0625 -12.2847 3
      vertex 19.0625 -12.2847 0
    endloop
  endfacet
  facet normal -0.947001 0.32123 0
    outer loop
      vertex 19.0625 -12.2847 3
      vertex 19.0163 -12.4209 0
      vertex 19.0163 -12.4209 3
    endloop
  endfacet
  facet normal -0.980741 0.195314 0
    outer loop
      vertex 19.0625 -12.2847 0
      vertex 19.0906 -12.1436 3
      vertex 19.0906 -12.1436 0
    endloop
  endfacet
  facet normal -0.980741 0.195314 0
    outer loop
      vertex 19.0906 -12.1436 3
      vertex 19.0625 -12.2847 0
      vertex 19.0625 -12.2847 3
    endloop
  endfacet
  facet normal -0.997864 0.0653198 0
    outer loop
      vertex 19.0906 -12.1436 0
      vertex 19.1 -12 3
      vertex 19.1 -12 0
    endloop
  endfacet
  facet normal -0.997864 0.0653198 0
    outer loop
      vertex 19.1 -12 3
      vertex 19.0906 -12.1436 0
      vertex 19.0906 -12.1436 3
    endloop
  endfacet
  facet normal -0.997864 -0.0653198 0
    outer loop
      vertex 19.1 -12 0
      vertex 19.0906 -11.8564 3
      vertex 19.0906 -11.8564 0
    endloop
  endfacet
  facet normal -0.997864 -0.0653198 0
    outer loop
      vertex 19.0906 -11.8564 3
      vertex 19.1 -12 0
      vertex 19.1 -12 3
    endloop
  endfacet
  facet normal -0.980741 -0.195314 0
    outer loop
      vertex 19.0906 -11.8564 0
      vertex 19.0625 -11.7153 3
      vertex 19.0625 -11.7153 0
    endloop
  endfacet
  facet normal -0.980741 -0.195314 0
    outer loop
      vertex 19.0625 -11.7153 3
      vertex 19.0906 -11.8564 0
      vertex 19.0906 -11.8564 3
    endloop
  endfacet
  facet normal -0.947073 -0.321018 0
    outer loop
      vertex 19.0625 -11.7153 0
      vertex 19.0163 -11.579 3
      vertex 19.0163 -11.579 0
    endloop
  endfacet
  facet normal -0.947073 -0.321018 0
    outer loop
      vertex 19.0163 -11.579 3
      vertex 19.0625 -11.7153 0
      vertex 19.0625 -11.7153 3
    endloop
  endfacet
  facet normal -0.89664 -0.44276 0
    outer loop
      vertex 19.0163 -11.579 0
      vertex 18.9526 -11.45 3
      vertex 18.9526 -11.45 0
    endloop
  endfacet
  facet normal -0.89664 -0.44276 0
    outer loop
      vertex 18.9526 -11.45 3
      vertex 19.0163 -11.579 0
      vertex 19.0163 -11.579 3
    endloop
  endfacet
  facet normal -0.831515 -0.555502 0
    outer loop
      vertex 18.9526 -11.45 0
      vertex 18.8727 -11.3304 3
      vertex 18.8727 -11.3304 0
    endloop
  endfacet
  facet normal -0.831515 -0.555502 0
    outer loop
      vertex 18.8727 -11.3304 3
      vertex 18.9526 -11.45 0
      vertex 18.9526 -11.45 3
    endloop
  endfacet
  facet normal -0.751801 -0.65939 0
    outer loop
      vertex 18.8727 -11.3304 0
      vertex 18.7778 -11.2222 3
      vertex 18.7778 -11.2222 0
    endloop
  endfacet
  facet normal -0.751801 -0.65939 0
    outer loop
      vertex 18.7778 -11.2222 3
      vertex 18.8727 -11.3304 0
      vertex 18.8727 -11.3304 3
    endloop
  endfacet
  facet normal -0.65939 -0.751801 0
    outer loop
      vertex 18.6696 -11.1273 0
      vertex 18.7778 -11.2222 3
      vertex 18.6696 -11.1273 3
    endloop
  endfacet
  facet normal -0.65939 -0.751801 -0
    outer loop
      vertex 18.7778 -11.2222 3
      vertex 18.6696 -11.1273 0
      vertex 18.7778 -11.2222 0
    endloop
  endfacet
  facet normal -0.555502 -0.831515 0
    outer loop
      vertex 18.55 -11.0474 0
      vertex 18.6696 -11.1273 3
      vertex 18.55 -11.0474 3
    endloop
  endfacet
  facet normal -0.555502 -0.831515 -0
    outer loop
      vertex 18.6696 -11.1273 3
      vertex 18.55 -11.0474 0
      vertex 18.6696 -11.1273 0
    endloop
  endfacet
  facet normal -0.442484 -0.896776 0
    outer loop
      vertex 18.4209 -10.9837 0
      vertex 18.55 -11.0474 3
      vertex 18.4209 -10.9837 3
    endloop
  endfacet
  facet normal -0.442484 -0.896776 -0
    outer loop
      vertex 18.55 -11.0474 3
      vertex 18.4209 -10.9837 0
      vertex 18.55 -11.0474 0
    endloop
  endfacet
  facet normal -0.32123 -0.947001 0
    outer loop
      vertex 18.2847 -10.9375 0
      vertex 18.4209 -10.9837 3
      vertex 18.2847 -10.9375 3
    endloop
  endfacet
  facet normal -0.32123 -0.947001 -0
    outer loop
      vertex 18.4209 -10.9837 3
      vertex 18.2847 -10.9375 0
      vertex 18.4209 -10.9837 0
    endloop
  endfacet
  facet normal -0.195314 -0.980741 0
    outer loop
      vertex 18.1436 -10.9094 0
      vertex 18.2847 -10.9375 3
      vertex 18.1436 -10.9094 3
    endloop
  endfacet
  facet normal -0.195314 -0.980741 -0
    outer loop
      vertex 18.2847 -10.9375 3
      vertex 18.1436 -10.9094 0
      vertex 18.2847 -10.9375 0
    endloop
  endfacet
  facet normal -0.0653198 -0.997864 0
    outer loop
      vertex 18 -10.9 0
      vertex 18.1436 -10.9094 3
      vertex 18 -10.9 3
    endloop
  endfacet
  facet normal -0.0653198 -0.997864 -0
    outer loop
      vertex 18.1436 -10.9094 3
      vertex 18 -10.9 0
      vertex 18.1436 -10.9094 0
    endloop
  endfacet
  facet normal 0.0653198 -0.997864 0
    outer loop
      vertex 17.8564 -10.9094 0
      vertex 18 -10.9 3
      vertex 17.8564 -10.9094 3
    endloop
  endfacet
  facet normal 0.0653198 -0.997864 0
    outer loop
      vertex 18 -10.9 3
      vertex 17.8564 -10.9094 0
      vertex 18 -10.9 0
    endloop
  endfacet
  facet normal 0.195314 -0.980741 0
    outer loop
      vertex 17.7153 -10.9375 0
      vertex 17.8564 -10.9094 3
      vertex 17.7153 -10.9375 3
    endloop
  endfacet
  facet normal 0.195314 -0.980741 0
    outer loop
      vertex 17.8564 -10.9094 3
      vertex 17.7153 -10.9375 0
      vertex 17.8564 -10.9094 0
    endloop
  endfacet
  facet normal 0.321018 -0.947073 0
    outer loop
      vertex 17.579 -10.9837 0
      vertex 17.7153 -10.9375 3
      vertex 17.579 -10.9837 3
    endloop
  endfacet
  facet normal 0.321018 -0.947073 0
    outer loop
      vertex 17.7153 -10.9375 3
      vertex 17.579 -10.9837 0
      vertex 17.7153 -10.9375 0
    endloop
  endfacet
  facet normal 0.44276 -0.89664 0
    outer loop
      vertex 17.45 -11.0474 0
      vertex 17.579 -10.9837 3
      vertex 17.45 -11.0474 3
    endloop
  endfacet
  facet normal 0.44276 -0.89664 0
    outer loop
      vertex 17.579 -10.9837 3
      vertex 17.45 -11.0474 0
      vertex 17.579 -10.9837 0
    endloop
  endfacet
  facet normal 0.555502 -0.831515 0
    outer loop
      vertex 17.3304 -11.1273 0
      vertex 17.45 -11.0474 3
      vertex 17.3304 -11.1273 3
    endloop
  endfacet
  facet normal 0.555502 -0.831515 0
    outer loop
      vertex 17.45 -11.0474 3
      vertex 17.3304 -11.1273 0
      vertex 17.45 -11.0474 0
    endloop
  endfacet
  facet normal 0.65939 -0.751801 0
    outer loop
      vertex 17.2222 -11.2222 0
      vertex 17.3304 -11.1273 3
      vertex 17.2222 -11.2222 3
    endloop
  endfacet
  facet normal 0.65939 -0.751801 0
    outer loop
      vertex 17.3304 -11.1273 3
      vertex 17.2222 -11.2222 0
      vertex 17.3304 -11.1273 0
    endloop
  endfacet
  facet normal 0.751801 -0.65939 0
    outer loop
      vertex 17.1273 -11.3304 3
      vertex 17.2222 -11.2222 0
      vertex 17.2222 -11.2222 3
    endloop
  endfacet
  facet normal 0.751801 -0.65939 0
    outer loop
      vertex 17.2222 -11.2222 0
      vertex 17.1273 -11.3304 3
      vertex 17.1273 -11.3304 0
    endloop
  endfacet
  facet normal 0.831515 -0.555502 0
    outer loop
      vertex 17.0474 -11.45 3
      vertex 17.1273 -11.3304 0
      vertex 17.1273 -11.3304 3
    endloop
  endfacet
  facet normal 0.831515 -0.555502 0
    outer loop
      vertex 17.1273 -11.3304 0
      vertex 17.0474 -11.45 3
      vertex 17.0474 -11.45 0
    endloop
  endfacet
  facet normal 0.89664 -0.44276 0
    outer loop
      vertex 16.9837 -11.579 3
      vertex 17.0474 -11.45 0
      vertex 17.0474 -11.45 3
    endloop
  endfacet
  facet normal 0.89664 -0.44276 0
    outer loop
      vertex 17.0474 -11.45 0
      vertex 16.9837 -11.579 3
      vertex 16.9837 -11.579 0
    endloop
  endfacet
  facet normal 0.947073 -0.321018 0
    outer loop
      vertex 16.9375 -11.7153 3
      vertex 16.9837 -11.579 0
      vertex 16.9837 -11.579 3
    endloop
  endfacet
  facet normal 0.947073 -0.321018 0
    outer loop
      vertex 16.9837 -11.579 0
      vertex 16.9375 -11.7153 3
      vertex 16.9375 -11.7153 0
    endloop
  endfacet
  facet normal 0.980741 -0.195314 0
    outer loop
      vertex 16.9094 -11.8564 3
      vertex 16.9375 -11.7153 0
      vertex 16.9375 -11.7153 3
    endloop
  endfacet
  facet normal 0.980741 -0.195314 0
    outer loop
      vertex 16.9375 -11.7153 0
      vertex 16.9094 -11.8564 3
      vertex 16.9094 -11.8564 0
    endloop
  endfacet
  facet normal 0.997864 -0.0653198 0
    outer loop
      vertex 16.9 -12 3
      vertex 16.9094 -11.8564 0
      vertex 16.9094 -11.8564 3
    endloop
  endfacet
  facet normal 0.997864 -0.0653198 0
    outer loop
      vertex 16.9094 -11.8564 0
      vertex 16.9 -12 3
      vertex 16.9 -12 0
    endloop
  endfacet
  facet normal 0.997864 0.0653198 0
    outer loop
      vertex 16.9094 -12.1436 3
      vertex 16.9 -12 0
      vertex 16.9 -12 3
    endloop
  endfacet
  facet normal 0.997864 0.0653198 0
    outer loop
      vertex 16.9 -12 0
      vertex 16.9094 -12.1436 3
      vertex 16.9094 -12.1436 0
    endloop
  endfacet
  facet normal 0.980741 0.195314 0
    outer loop
      vertex 16.9375 -12.2847 3
      vertex 16.9094 -12.1436 0
      vertex 16.9094 -12.1436 3
    endloop
  endfacet
  facet normal 0.980741 0.195314 0
    outer loop
      vertex 16.9094 -12.1436 0
      vertex 16.9375 -12.2847 3
      vertex 16.9375 -12.2847 0
    endloop
  endfacet
  facet normal 0.947001 0.32123 0
    outer loop
      vertex 16.9837 -12.4209 3
      vertex 16.9375 -12.2847 0
      vertex 16.9375 -12.2847 3
    endloop
  endfacet
  facet normal 0.947001 0.32123 0
    outer loop
      vertex 16.9375 -12.2847 0
      vertex 16.9837 -12.4209 3
      vertex 16.9837 -12.4209 0
    endloop
  endfacet
  facet normal 0.896776 0.442484 0
    outer loop
      vertex 17.0474 -12.55 3
      vertex 16.9837 -12.4209 0
      vertex 16.9837 -12.4209 3
    endloop
  endfacet
  facet normal 0.896776 0.442484 0
    outer loop
      vertex 16.9837 -12.4209 0
      vertex 17.0474 -12.55 3
      vertex 17.0474 -12.55 0
    endloop
  endfacet
  facet normal 0.831515 0.555502 0
    outer loop
      vertex 17.1273 -12.6696 3
      vertex 17.0474 -12.55 0
      vertex 17.0474 -12.55 3
    endloop
  endfacet
  facet normal 0.831515 0.555502 0
    outer loop
      vertex 17.0474 -12.55 0
      vertex 17.1273 -12.6696 3
      vertex 17.1273 -12.6696 0
    endloop
  endfacet
  facet normal 0.751801 0.65939 0
    outer loop
      vertex 17.2222 -12.7778 3
      vertex 17.1273 -12.6696 0
      vertex 17.1273 -12.6696 3
    endloop
  endfacet
  facet normal 0.751801 0.65939 0
    outer loop
      vertex 17.1273 -12.6696 0
      vertex 17.2222 -12.7778 3
      vertex 17.2222 -12.7778 0
    endloop
  endfacet
  facet normal 0.65939 0.751801 -0
    outer loop
      vertex 17.3304 -12.8727 0
      vertex 17.2222 -12.7778 3
      vertex 17.3304 -12.8727 3
    endloop
  endfacet
  facet normal 0.65939 0.751801 0
    outer loop
      vertex 17.2222 -12.7778 3
      vertex 17.3304 -12.8727 0
      vertex 17.2222 -12.7778 0
    endloop
  endfacet
  facet normal 0.555502 0.831515 -0
    outer loop
      vertex 17.45 -12.9526 0
      vertex 17.3304 -12.8727 3
      vertex 17.45 -12.9526 3
    endloop
  endfacet
  facet normal 0.555502 0.831515 0
    outer loop
      vertex 17.3304 -12.8727 3
      vertex 17.45 -12.9526 0
      vertex 17.3304 -12.8727 0
    endloop
  endfacet
  facet normal 0.44276 0.89664 -0
    outer loop
      vertex 17.579 -13.0163 0
      vertex 17.45 -12.9526 3
      vertex 17.579 -13.0163 3
    endloop
  endfacet
  facet normal 0.44276 0.89664 0
    outer loop
      vertex 17.45 -12.9526 3
      vertex 17.579 -13.0163 0
      vertex 17.45 -12.9526 0
    endloop
  endfacet
  facet normal 0.321018 0.947073 -0
    outer loop
      vertex 17.7153 -13.0625 0
      vertex 17.579 -13.0163 3
      vertex 17.7153 -13.0625 3
    endloop
  endfacet
  facet normal 0.321018 0.947073 0
    outer loop
      vertex 17.579 -13.0163 3
      vertex 17.7153 -13.0625 0
      vertex 17.579 -13.0163 0
    endloop
  endfacet
  facet normal 0.195314 0.980741 -0
    outer loop
      vertex 17.8564 -13.0906 0
      vertex 17.7153 -13.0625 3
      vertex 17.8564 -13.0906 3
    endloop
  endfacet
  facet normal 0.195314 0.980741 0
    outer loop
      vertex 17.7153 -13.0625 3
      vertex 17.8564 -13.0906 0
      vertex 17.7153 -13.0625 0
    endloop
  endfacet
  facet normal 0.0653198 0.997864 -0
    outer loop
      vertex 18 -13.1 0
      vertex 17.8564 -13.0906 3
      vertex 18 -13.1 3
    endloop
  endfacet
  facet normal 0.0653198 0.997864 0
    outer loop
      vertex 17.8564 -13.0906 3
      vertex 18 -13.1 0
      vertex 17.8564 -13.0906 0
    endloop
  endfacet
  facet normal -0.0653198 0.997864 0
    outer loop
      vertex 18.1436 -13.0906 0
      vertex 18 -13.1 3
      vertex 18.1436 -13.0906 3
    endloop
  endfacet
  facet normal -0.0653198 0.997864 0
    outer loop
      vertex 18 -13.1 3
      vertex 18.1436 -13.0906 0
      vertex 18 -13.1 0
    endloop
  endfacet
  facet normal -0.195314 0.980741 0
    outer loop
      vertex 26.2847 -13.0625 0
      vertex 26.1436 -13.0906 3
      vertex 26.2847 -13.0625 3
    endloop
  endfacet
  facet normal -0.195314 0.980741 0
    outer loop
      vertex 26.1436 -13.0906 3
      vertex 26.2847 -13.0625 0
      vertex 26.1436 -13.0906 0
    endloop
  endfacet
  facet normal -0.32123 0.947001 0
    outer loop
      vertex 26.4209 -13.0163 0
      vertex 26.2847 -13.0625 3
      vertex 26.4209 -13.0163 3
    endloop
  endfacet
  facet normal -0.32123 0.947001 0
    outer loop
      vertex 26.2847 -13.0625 3
      vertex 26.4209 -13.0163 0
      vertex 26.2847 -13.0625 0
    endloop
  endfacet
  facet normal -0.442484 0.896776 0
    outer loop
      vertex 26.55 -12.9526 0
      vertex 26.4209 -13.0163 3
      vertex 26.55 -12.9526 3
    endloop
  endfacet
  facet normal -0.442484 0.896776 0
    outer loop
      vertex 26.4209 -13.0163 3
      vertex 26.55 -12.9526 0
      vertex 26.4209 -13.0163 0
    endloop
  endfacet
  facet normal -0.555502 0.831515 0
    outer loop
      vertex 26.6696 -12.8727 0
      vertex 26.55 -12.9526 3
      vertex 26.6696 -12.8727 3
    endloop
  endfacet
  facet normal -0.555502 0.831515 0
    outer loop
      vertex 26.55 -12.9526 3
      vertex 26.6696 -12.8727 0
      vertex 26.55 -12.9526 0
    endloop
  endfacet
  facet normal -0.65939 0.751801 0
    outer loop
      vertex 26.7778 -12.7778 0
      vertex 26.6696 -12.8727 3
      vertex 26.7778 -12.7778 3
    endloop
  endfacet
  facet normal -0.65939 0.751801 0
    outer loop
      vertex 26.6696 -12.8727 3
      vertex 26.7778 -12.7778 0
      vertex 26.6696 -12.8727 0
    endloop
  endfacet
  facet normal -0.751801 0.65939 0
    outer loop
      vertex 26.7778 -12.7778 0
      vertex 26.8727 -12.6696 3
      vertex 26.8727 -12.6696 0
    endloop
  endfacet
  facet normal -0.751801 0.65939 0
    outer loop
      vertex 26.8727 -12.6696 3
      vertex 26.7778 -12.7778 0
      vertex 26.7778 -12.7778 3
    endloop
  endfacet
  facet normal -0.831515 0.555502 0
    outer loop
      vertex 26.8727 -12.6696 0
      vertex 26.9526 -12.55 3
      vertex 26.9526 -12.55 0
    endloop
  endfacet
  facet normal -0.831515 0.555502 0
    outer loop
      vertex 26.9526 -12.55 3
      vertex 26.8727 -12.6696 0
      vertex 26.8727 -12.6696 3
    endloop
  endfacet
  facet normal -0.896776 0.442484 0
    outer loop
      vertex 26.9526 -12.55 0
      vertex 27.0163 -12.4209 3
      vertex 27.0163 -12.4209 0
    endloop
  endfacet
  facet normal -0.896776 0.442484 0
    outer loop
      vertex 27.0163 -12.4209 3
      vertex 26.9526 -12.55 0
      vertex 26.9526 -12.55 3
    endloop
  endfacet
  facet normal -0.947001 0.32123 0
    outer loop
      vertex 27.0163 -12.4209 0
      vertex 27.0625 -12.2847 3
      vertex 27.0625 -12.2847 0
    endloop
  endfacet
  facet normal -0.947001 0.32123 0
    outer loop
      vertex 27.0625 -12.2847 3
      vertex 27.0163 -12.4209 0
      vertex 27.0163 -12.4209 3
    endloop
  endfacet
  facet normal -0.980741 0.195314 0
    outer loop
      vertex 27.0625 -12.2847 0
      vertex 27.0906 -12.1436 3
      vertex 27.0906 -12.1436 0
    endloop
  endfacet
  facet normal -0.980741 0.195314 0
    outer loop
      vertex 27.0906 -12.1436 3
      vertex 27.0625 -12.2847 0
      vertex 27.0625 -12.2847 3
    endloop
  endfacet
  facet normal -0.997864 0.0653198 0
    outer loop
      vertex 27.0906 -12.1436 0
      vertex 27.1 -12 3
      vertex 27.1 -12 0
    endloop
  endfacet
  facet normal -0.997864 0.0653198 0
    outer loop
      vertex 27.1 -12 3
      vertex 27.0906 -12.1436 0
      vertex 27.0906 -12.1436 3
    endloop
  endfacet
  facet normal -0.997864 -0.0653198 0
    outer loop
      vertex 27.1 -12 0
      vertex 27.0906 -11.8564 3
      vertex 27.0906 -11.8564 0
    endloop
  endfacet
  facet normal -0.997864 -0.0653198 0
    outer loop
      vertex 27.0906 -11.8564 3
      vertex 27.1 -12 0
      vertex 27.1 -12 3
    endloop
  endfacet
  facet normal -0.980741 -0.195314 0
    outer loop
      vertex 27.0906 -11.8564 0
      vertex 27.0625 -11.7153 3
      vertex 27.0625 -11.7153 0
    endloop
  endfacet
  facet normal -0.980741 -0.195314 0
    outer loop
      vertex 27.0625 -11.7153 3
      vertex 27.0906 -11.8564 0
      vertex 27.0906 -11.8564 3
    endloop
  endfacet
  facet normal -0.947073 -0.321018 0
    outer loop
      vertex 27.0625 -11.7153 0
      vertex 27.0163 -11.579 3
      vertex 27.0163 -11.579 0
    endloop
  endfacet
  facet normal -0.947073 -0.321018 0
    outer loop
      vertex 27.0163 -11.579 3
      vertex 27.0625 -11.7153 0
      vertex 27.0625 -11.7153 3
    endloop
  endfacet
  facet normal -0.89664 -0.44276 0
    outer loop
      vertex 27.0163 -11.579 0
      vertex 26.9526 -11.45 3
      vertex 26.9526 -11.45 0
    endloop
  endfacet
  facet normal -0.89664 -0.44276 0
    outer loop
      vertex 26.9526 -11.45 3
      vertex 27.0163 -11.579 0
      vertex 27.0163 -11.579 3
    endloop
  endfacet
  facet normal -0.831515 -0.555502 0
    outer loop
      vertex 26.9526 -11.45 0
      vertex 26.8727 -11.3304 3
      vertex 26.8727 -11.3304 0
    endloop
  endfacet
  facet normal -0.831515 -0.555502 0
    outer loop
      vertex 26.8727 -11.3304 3
      vertex 26.9526 -11.45 0
      vertex 26.9526 -11.45 3
    endloop
  endfacet
  facet normal -0.751801 -0.65939 0
    outer loop
      vertex 26.8727 -11.3304 0
      vertex 26.7778 -11.2222 3
      vertex 26.7778 -11.2222 0
    endloop
  endfacet
  facet normal -0.751801 -0.65939 0
    outer loop
      vertex 26.7778 -11.2222 3
      vertex 26.8727 -11.3304 0
      vertex 26.8727 -11.3304 3
    endloop
  endfacet
  facet normal -0.65939 -0.751801 0
    outer loop
      vertex 26.6696 -11.1273 0
      vertex 26.7778 -11.2222 3
      vertex 26.6696 -11.1273 3
    endloop
  endfacet
  facet normal -0.65939 -0.751801 -0
    outer loop
      vertex 26.7778 -11.2222 3
      vertex 26.6696 -11.1273 0
      vertex 26.7778 -11.2222 0
    endloop
  endfacet
  facet normal -0.555502 -0.831515 0
    outer loop
      vertex 26.55 -11.0474 0
      vertex 26.6696 -11.1273 3
      vertex 26.55 -11.0474 3
    endloop
  endfacet
  facet normal -0.555502 -0.831515 -0
    outer loop
      vertex 26.6696 -11.1273 3
      vertex 26.55 -11.0474 0
      vertex 26.6696 -11.1273 0
    endloop
  endfacet
  facet normal -0.442484 -0.896776 0
    outer loop
      vertex 26.4209 -10.9837 0
      vertex 26.55 -11.0474 3
      vertex 26.4209 -10.9837 3
    endloop
  endfacet
  facet normal -0.442484 -0.896776 -0
    outer loop
      vertex 26.55 -11.0474 3
      vertex 26.4209 -10.9837 0
      vertex 26.55 -11.0474 0
    endloop
  endfacet
  facet normal -0.32123 -0.947001 0
    outer loop
      vertex 26.2847 -10.9375 0
      vertex 26.4209 -10.9837 3
      vertex 26.2847 -10.9375 3
    endloop
  endfacet
  facet normal -0.32123 -0.947001 -0
    outer loop
      vertex 26.4209 -10.9837 3
      vertex 26.2847 -10.9375 0
      vertex 26.4209 -10.9837 0
    endloop
  endfacet
  facet normal -0.195314 -0.980741 0
    outer loop
      vertex 26.1436 -10.9094 0
      vertex 26.2847 -10.9375 3
      vertex 26.1436 -10.9094 3
    endloop
  endfacet
  facet normal -0.195314 -0.980741 -0
    outer loop
      vertex 26.2847 -10.9375 3
      vertex 26.1436 -10.9094 0
      vertex 26.2847 -10.9375 0
    endloop
  endfacet
  facet normal -0.0653198 -0.997864 0
    outer loop
      vertex 26 -10.9 0
      vertex 26.1436 -10.9094 3
      vertex 26 -10.9 3
    endloop
  endfacet
  facet normal -0.0653198 -0.997864 -0
    outer loop
      vertex 26.1436 -10.9094 3
      vertex 26 -10.9 0
      vertex 26.1436 -10.9094 0
    endloop
  endfacet
  facet normal 0.0653198 -0.997864 0
    outer loop
      vertex 25.8564 -10.9094 0
      vertex 26 -10.9 3
      vertex 25.8564 -10.9094 3
    endloop
  endfacet
  facet normal 0.0653198 -0.997864 0
    outer loop
      vertex 26 -10.9 3
      vertex 25.8564 -10.9094 0
      vertex 26 -10.9 0
    endloop
  endfacet
  facet normal 0.195314 -0.980741 0
    outer loop
      vertex 25.7153 -10.9375 0
      vertex 25.8564 -10.9094 3
      vertex 25.7153 -10.9375 3
    endloop
  endfacet
  facet normal 0.195314 -0.980741 0
    outer loop
      vertex 25.8564 -10.9094 3
      vertex 25.7153 -10.9375 0
      vertex 25.8564 -10.9094 0
    endloop
  endfacet
  facet normal 0.321018 -0.947073 0
    outer loop
      vertex 25.579 -10.9837 0
      vertex 25.7153 -10.9375 3
      vertex 25.579 -10.9837 3
    endloop
  endfacet
  facet normal 0.321018 -0.947073 0
    outer loop
      vertex 25.7153 -10.9375 3
      vertex 25.579 -10.9837 0
      vertex 25.7153 -10.9375 0
    endloop
  endfacet
  facet normal 0.44276 -0.89664 0
    outer loop
      vertex 25.45 -11.0474 0
      vertex 25.579 -10.9837 3
      vertex 25.45 -11.0474 3
    endloop
  endfacet
  facet normal 0.44276 -0.89664 0
    outer loop
      vertex 25.579 -10.9837 3
      vertex 25.45 -11.0474 0
      vertex 25.579 -10.9837 0
    endloop
  endfacet
  facet normal 0.555502 -0.831515 0
    outer loop
      vertex 25.3304 -11.1273 0
      vertex 25.45 -11.0474 3
      vertex 25.3304 -11.1273 3
    endloop
  endfacet
  facet normal 0.555502 -0.831515 0
    outer loop
      vertex 25.45 -11.0474 3
      vertex 25.3304 -11.1273 0
      vertex 25.45 -11.0474 0
    endloop
  endfacet
  facet normal 0.65939 -0.751801 0
    outer loop
      vertex 25.2222 -11.2222 0
      vertex 25.3304 -11.1273 3
      vertex 25.2222 -11.2222 3
    endloop
  endfacet
  facet normal 0.65939 -0.751801 0
    outer loop
      vertex 25.3304 -11.1273 3
      vertex 25.2222 -11.2222 0
      vertex 25.3304 -11.1273 0
    endloop
  endfacet
  facet normal 0.751801 -0.65939 0
    outer loop
      vertex 25.1273 -11.3304 3
      vertex 25.2222 -11.2222 0
      vertex 25.2222 -11.2222 3
    endloop
  endfacet
  facet normal 0.751801 -0.65939 0
    outer loop
      vertex 25.2222 -11.2222 0
      vertex 25.1273 -11.3304 3
      vertex 25.1273 -11.3304 0
    endloop
  endfacet
  facet normal 0.831515 -0.555502 0
    outer loop
      vertex 25.0474 -11.45 3
      vertex 25.1273 -11.3304 0
      vertex 25.1273 -11.3304 3
    endloop
  endfacet
  facet normal 0.831515 -0.555502 0
    outer loop
      vertex 25.1273 -11.3304 0
      vertex 25.0474 -11.45 3
      vertex 25.0474 -11.45 0
    endloop
  endfacet
  facet normal 0.89664 -0.44276 0
    outer loop
      vertex 24.9837 -11.579 3
      vertex 25.0474 -11.45 0
      vertex 25.0474 -11.45 3
    endloop
  endfacet
  facet normal 0.89664 -0.44276 0
    outer loop
      vertex 25.0474 -11.45 0
      vertex 24.9837 -11.579 3
      vertex 24.9837 -11.579 0
    endloop
  endfacet
  facet normal 0.947073 -0.321018 0
    outer loop
      vertex 24.9375 -11.7153 3
      vertex 24.9837 -11.579 0
      vertex 24.9837 -11.579 3
    endloop
  endfacet
  facet normal 0.947073 -0.321018 0
    outer loop
      vertex 24.9837 -11.579 0
      vertex 24.9375 -11.7153 3
      vertex 24.9375 -11.7153 0
    endloop
  endfacet
  facet normal 0.980741 -0.195314 0
    outer loop
      vertex 24.9094 -11.8564 3
      vertex 24.9375 -11.7153 0
      vertex 24.9375 -11.7153 3
    endloop
  endfacet
  facet normal 0.980741 -0.195314 0
    outer loop
      vertex 24.9375 -11.7153 0
      vertex 24.9094 -11.8564 3
      vertex 24.9094 -11.8564 0
    endloop
  endfacet
  facet normal 0.997864 -0.0653198 0
    outer loop
      vertex 24.9 -12 3
      vertex 24.9094 -11.8564 0
      vertex 24.9094 -11.8564 3
    endloop
  endfacet
  facet normal 0.997864 -0.0653198 0
    outer loop
      vertex 24.9094 -11.8564 0
      vertex 24.9 -12 3
      vertex 24.9 -12 0
    endloop
  endfacet
  facet normal 0.997864 0.0653198 0
    outer loop
      vertex 24.9094 -12.1436 3
      vertex 24.9 -12 0
      vertex 24.9 -12 3
    endloop
  endfacet
  facet normal 0.997864 0.0653198 0
    outer loop
      vertex 24.9 -12 0
      vertex 24.9094 -12.1436 3
      vertex 24.9094 -12.1436 0
    endloop
  endfacet
  facet normal 0.980741 0.195314 0
    outer loop
      vertex 24.9375 -12.2847 3
      vertex 24.9094 -12.1436 0
      vertex 24.9094 -12.1436 3
    endloop
  endfacet
  facet normal 0.980741 0.195314 0
    outer loop
      vertex 24.9094 -12.1436 0
      vertex 24.9375 -12.2847 3
      vertex 24.9375 -12.2847 0
    endloop
  endfacet
  facet normal 0.947001 0.32123 0
    outer loop
      vertex 24.9837 -12.4209 3
      vertex 24.9375 -12.2847 0
      vertex 24.9375 -12.2847 3
    endloop
  endfacet
  facet normal 0.947001 0.32123 0
    outer loop
      vertex 24.9375 -12.2847 0
      vertex 24.9837 -12.4209 3
      vertex 24.9837 -12.4209 0
    endloop
  endfacet
  facet normal 0.896776 0.442484 0
    outer loop
      vertex 25.0474 -12.55 3
      vertex 24.9837 -12.4209 0
      vertex 24.9837 -12.4209 3
    endloop
  endfacet
  facet normal 0.896776 0.442484 0
    outer loop
      vertex 24.9837 -12.4209 0
      vertex 25.0474 -12.55 3
      vertex 25.0474 -12.55 0
    endloop
  endfacet
  facet normal 0.831515 0.555502 0
    outer loop
      vertex 25.1273 -12.6696 3
      vertex 25.0474 -12.55 0
      vertex 25.0474 -12.55 3
    endloop
  endfacet
  facet normal 0.831515 0.555502 0
    outer loop
      vertex 25.0474 -12.55 0
      vertex 25.1273 -12.6696 3
      vertex 25.1273 -12.6696 0
    endloop
  endfacet
  facet normal 0.751801 0.65939 0
    outer loop
      vertex 25.2222 -12.7778 3
      vertex 25.1273 -12.6696 0
      vertex 25.1273 -12.6696 3
    endloop
  endfacet
  facet normal 0.751801 0.65939 0
    outer loop
      vertex 25.1273 -12.6696 0
      vertex 25.2222 -12.7778 3
      vertex 25.2222 -12.7778 0
    endloop
  endfacet
  facet normal 0.65939 0.751801 -0
    outer loop
      vertex 25.3304 -12.8727 0
      vertex 25.2222 -12.7778 3
      vertex 25.3304 -12.8727 3
    endloop
  endfacet
  facet normal 0.65939 0.751801 0
    outer loop
      vertex 25.2222 -12.7778 3
      vertex 25.3304 -12.8727 0
      vertex 25.2222 -12.7778 0
    endloop
  endfacet
  facet normal 0.555502 0.831515 -0
    outer loop
      vertex 25.45 -12.9526 0
      vertex 25.3304 -12.8727 3
      vertex 25.45 -12.9526 3
    endloop
  endfacet
  facet normal 0.555502 0.831515 0
    outer loop
      vertex 25.3304 -12.8727 3
      vertex 25.45 -12.9526 0
      vertex 25.3304 -12.8727 0
    endloop
  endfacet
  facet normal 0.44276 0.89664 -0
    outer loop
      vertex 25.579 -13.0163 0
      vertex 25.45 -12.9526 3
      vertex 25.579 -13.0163 3
    endloop
  endfacet
  facet normal 0.44276 0.89664 0
    outer loop
      vertex 25.45 -12.9526 3
      vertex 25.579 -13.0163 0
      vertex 25.45 -12.9526 0
    endloop
  endfacet
  facet normal 0.321018 0.947073 -0
    outer loop
      vertex 25.7153 -13.0625 0
      vertex 25.579 -13.0163 3
      vertex 25.7153 -13.0625 3
    endloop
  endfacet
  facet normal 0.321018 0.947073 0
    outer loop
      vertex 25.579 -13.0163 3
      vertex 25.7153 -13.0625 0
      vertex 25.579 -13.0163 0
    endloop
  endfacet
  facet normal 0.195314 0.980741 -0
    outer loop
      vertex 25.8564 -13.0906 0
      vertex 25.7153 -13.0625 3
      vertex 25.8564 -13.0906 3
    endloop
  endfacet
  facet normal 0.195314 0.980741 0
    outer loop
      vertex 25.7153 -13.0625 3
      vertex 25.8564 -13.0906 0
      vertex 25.7153 -13.0625 0
    endloop
  endfacet
  facet normal 0.0653198 0.997864 -0
    outer loop
      vertex 26 -13.1 0
      vertex 25.8564 -13.0906 3
      vertex 26 -13.1 3
    endloop
  endfacet
  facet normal 0.0653198 0.997864 0
    outer loop
      vertex 25.8564 -13.0906 3
      vertex 26 -13.1 0
      vertex 25.8564 -13.0906 0
    endloop
  endfacet
  facet normal -0.0653198 0.997864 0
    outer loop
      vertex 26.1436 -13.0906 0
      vertex 26 -13.1 3
      vertex 26.1436 -13.0906 3
    endloop
  endfacet
  facet normal -0.0653198 0.997864 0
    outer loop
      vertex 26 -13.1 3
      vertex 26.1436 -13.0906 0
      vertex 26 -13.1 0
    endloop
  endfacet
endsolid OpenSCAD_Model
