solid OpenSCAD_Model
  facet normal -0.980779 -0.195124 0
    outer loop
      vertex -35.8637 -28.0353 0
      vertex -35.9658 -27.5221 3
      vertex -35.9658 -27.5221 0
    endloop
  endfacet
  facet normal -0.980779 -0.195124 0
    outer loop
      vertex -35.9658 -27.5221 3
      vertex -35.8637 -28.0353 0
      vertex -35.8637 -28.0353 3
    endloop
  endfacet
  facet normal 0.751842 -0.659343 0
    outer loop
      vertex 34.8284 -29.8284 3
      vertex 35.1734 -29.435 0
      vertex 35.1734 -29.435 3
    endloop
  endfacet
  facet normal 0.751842 -0.659343 0
    outer loop
      vertex 35.1734 -29.435 0
      vertex 34.8284 -29.8284 3
      vertex 34.8284 -29.8284 0
    endloop
  endfacet
  facet normal -1 0 0
    outer loop
      vertex -36 -27 0
      vertex -36 27 3
      vertex -36 27 0
    endloop
  endfacet
  facet normal -1 -0 0
    outer loop
      vertex -36 27 3
      vertex -36 -27 0
      vertex -36 -27 3
    endloop
  endfacet
  facet normal -0.997861 -0.0653646 0
    outer loop
      vertex -35.9658 -27.5221 0
      vertex -36 -27 3
      vertex -36 -27 0
    endloop
  endfacet
  facet normal -0.997861 -0.0653646 0
    outer loop
      vertex -36 -27 3
      vertex -35.9658 -27.5221 0
      vertex -35.9658 -27.5221 3
    endloop
  endfacet
  facet normal -0.659343 0.751842 0
    outer loop
      vertex -34.435 30.1734 0
      vertex -34.8284 29.8284 3
      vertex -34.435 30.1734 3
    endloop
  endfacet
  facet normal -0.659343 0.751842 0
    outer loop
      vertex -34.8284 29.8284 3
      vertex -34.435 30.1734 0
      vertex -34.8284 29.8284 0
    endloop
  endfacet
  facet normal 0.321498 -0.94691 0
    outer loop
      vertex 33.0353 -30.8637 0
      vertex 33.5307 -30.6955 3
      vertex 33.0353 -30.8637 3
    endloop
  endfacet
  facet normal 0.321498 -0.94691 0
    outer loop
      vertex 33.5307 -30.6955 3
      vertex 33.0353 -30.8637 0
      vertex 33.5307 -30.6955 0
    endloop
  endfacet
  facet normal 0 1 -0
    outer loop
      vertex 32 31 0
      vertex -32 31 3
      vertex 32 31 3
    endloop
  endfacet
  facet normal 0 1 0
    outer loop
      vertex -32 31 3
      vertex 32 31 0
      vertex -32 31 0
    endloop
  endfacet
  facet normal 0.831432 -0.555626 0
    outer loop
      vertex 35.1734 -29.435 3
      vertex 35.4641 -29 0
      vertex 35.4641 -29 3
    endloop
  endfacet
  facet normal 0.831432 -0.555626 0
    outer loop
      vertex 35.4641 -29 0
      vertex 35.1734 -29.435 3
      vertex 35.1734 -29.435 0
    endloop
  endfacet
  facet normal -0.94691 0.321498 0
    outer loop
      vertex -35.8637 28.0353 0
      vertex -35.6955 28.5307 3
      vertex -35.6955 28.5307 0
    endloop
  endfacet
  facet normal -0.94691 0.321498 0
    outer loop
      vertex -35.6955 28.5307 3
      vertex -35.8637 28.0353 0
      vertex -35.8637 28.0353 3
    endloop
  endfacet
  facet normal 0.555626 -0.831432 0
    outer loop
      vertex 34 -30.4641 0
      vertex 34.435 -30.1734 3
      vertex 34 -30.4641 3
    endloop
  endfacet
  facet normal 0.555626 -0.831432 0
    outer loop
      vertex 34.435 -30.1734 3
      vertex 34 -30.4641 0
      vertex 34.435 -30.1734 0
    endloop
  endfacet
  facet normal 1 -0 0
    outer loop
      vertex 36 -27 3
      vertex 36 27 0
      vertex 36 27 3
    endloop
  endfacet
  facet normal 1 0 0
    outer loop
      vertex 36 27 0
      vertex 36 -27 3
      vertex 36 -27 0
    endloop
  endfacet
  facet normal 0 -1 0
    outer loop
      vertex -32 -31 0
      vertex 32 -31 3
      vertex -32 -31 3
    endloop
  endfacet
  facet normal 0 -1 -0
    outer loop
      vertex 32 -31 3
      vertex -32 -31 0
      vertex 32 -31 0
    endloop
  endfacet
  facet normal -0.94691 -0.321498 0
    outer loop
      vertex -35.6955 -28.5307 0
      vertex -35.8637 -28.0353 3
      vertex -35.8637 -28.0353 0
    endloop
  endfacet
  facet normal -0.94691 -0.321498 0
    outer loop
      vertex -35.8637 -28.0353 3
      vertex -35.6955 -28.5307 0
      vertex -35.6955 -28.5307 3
    endloop
  endfacet
  facet normal -0.442238 0.896898 0
    outer loop
      vertex -33.5307 30.6955 0
      vertex -34 30.4641 3
      vertex -33.5307 30.6955 3
    endloop
  endfacet
  facet normal -0.442238 0.896898 0
    outer loop
      vertex -34 30.4641 3
      vertex -33.5307 30.6955 0
      vertex -34 30.4641 0
    endloop
  endfacet
  facet normal 0.997861 0.0653646 0
    outer loop
      vertex 36 27 3
      vertex 35.9658 27.5221 0
      vertex 35.9658 27.5221 3
    endloop
  endfacet
  facet normal 0.997861 0.0653646 0
    outer loop
      vertex 35.9658 27.5221 0
      vertex 36 27 3
      vertex 36 27 0
    endloop
  endfacet
  facet normal -0.751842 0.659343 0
    outer loop
      vertex -35.1734 29.435 0
      vertex -34.8284 29.8284 3
      vertex -34.8284 29.8284 0
    endloop
  endfacet
  facet normal -0.751842 0.659343 0
    outer loop
      vertex -34.8284 29.8284 3
      vertex -35.1734 29.435 0
      vertex -35.1734 29.435 3
    endloop
  endfacet
  facet normal -0.831432 0.555626 0
    outer loop
      vertex -35.4641 29 0
      vertex -35.1734 29.435 3
      vertex -35.1734 29.435 0
    endloop
  endfacet
  facet normal -0.831432 0.555626 0
    outer loop
      vertex -35.1734 29.435 3
      vertex -35.4641 29 0
      vertex -35.4641 29 3
    endloop
  endfacet
  facet normal 0.442238 0.896898 -0
    outer loop
      vertex 34 30.4641 0
      vertex 33.5307 30.6955 3
      vertex 34 30.4641 3
    endloop
  endfacet
  facet normal 0.442238 0.896898 0
    outer loop
      vertex 33.5307 30.6955 3
      vertex 34 30.4641 0
      vertex 33.5307 30.6955 0
    endloop
  endfacet
  facet normal -0.555626 -0.831432 0
    outer loop
      vertex -34.435 -30.1734 0
      vertex -34 -30.4641 3
      vertex -34.435 -30.1734 3
    endloop
  endfacet
  facet normal -0.555626 -0.831432 -0
    outer loop
      vertex -34 -30.4641 3
      vertex -34.435 -30.1734 0
      vertex -34 -30.4641 0
    endloop
  endfacet
  facet normal -0.0653646 0.997861 0
    outer loop
      vertex -32 31 0
      vertex -32.5221 30.9658 3
      vertex -32 31 3
    endloop
  endfacet
  facet normal -0.0653646 0.997861 0
    outer loop
      vertex -32.5221 30.9658 3
      vertex -32 31 0
      vertex -32.5221 30.9658 0
    endloop
  endfacet
  facet normal 0.442238 -0.896898 0
    outer loop
      vertex 33.5307 -30.6955 0
      vertex 34 -30.4641 3
      vertex 33.5307 -30.6955 3
    endloop
  endfacet
  facet normal 0.442238 -0.896898 0
    outer loop
      vertex 34 -30.4641 3
      vertex 33.5307 -30.6955 0
      vertex 34 -30.4641 0
    endloop
  endfacet
  facet normal -0.195124 -0.980779 0
    outer loop
      vertex -33.0353 -30.8637 0
      vertex -32.5221 -30.9658 3
      vertex -33.0353 -30.8637 3
    endloop
  endfacet
  facet normal -0.195124 -0.980779 -0
    outer loop
      vertex -32.5221 -30.9658 3
      vertex -33.0353 -30.8637 0
      vertex -32.5221 -30.9658 0
    endloop
  endfacet
  facet normal 0.980779 0.195124 0
    outer loop
      vertex 35.9658 27.5221 3
      vertex 35.8637 28.0353 0
      vertex 35.8637 28.0353 3
    endloop
  endfacet
  facet normal 0.980779 0.195124 0
    outer loop
      vertex 35.8637 28.0353 0
      vertex 35.9658 27.5221 3
      vertex 35.9658 27.5221 0
    endloop
  endfacet
  facet normal 0.555626 0.831432 -0
    outer loop
      vertex 34.435 30.1734 0
      vertex 34 30.4641 3
      vertex 34.435 30.1734 3
    endloop
  endfacet
  facet normal 0.555626 0.831432 0
    outer loop
      vertex 34 30.4641 3
      vertex 34.435 30.1734 0
      vertex 34 30.4641 0
    endloop
  endfacet
  facet normal -0.555626 0.831432 0
    outer loop
      vertex -34 30.4641 0
      vertex -34.435 30.1734 3
      vertex -34 30.4641 3
    endloop
  endfacet
  facet normal -0.555626 0.831432 0
    outer loop
      vertex -34.435 30.1734 3
      vertex -34 30.4641 0
      vertex -34.435 30.1734 0
    endloop
  endfacet
  facet normal -0.896898 0.442238 0
    outer loop
      vertex -35.6955 28.5307 0
      vertex -35.4641 29 3
      vertex -35.4641 29 0
    endloop
  endfacet
  facet normal -0.896898 0.442238 0
    outer loop
      vertex -35.4641 29 3
      vertex -35.6955 28.5307 0
      vertex -35.6955 28.5307 3
    endloop
  endfacet
  facet normal 0.0653646 -0.997861 0
    outer loop
      vertex 32 -31 0
      vertex 32.5221 -30.9658 3
      vertex 32 -31 3
    endloop
  endfacet
  facet normal 0.0653646 -0.997861 0
    outer loop
      vertex 32.5221 -30.9658 3
      vertex 32 -31 0
      vertex 32.5221 -30.9658 0
    endloop
  endfacet
  facet normal 0.195124 -0.980779 0
    outer loop
      vertex 32.5221 -30.9658 0
      vertex 33.0353 -30.8637 3
      vertex 32.5221 -30.9658 3
    endloop
  endfacet
  facet normal 0.195124 -0.980779 0
    outer loop
      vertex 33.0353 -30.8637 3
      vertex 32.5221 -30.9658 0
      vertex 33.0353 -30.8637 0
    endloop
  endfacet
  facet normal 0.94691 0.321498 0
    outer loop
      vertex 35.8637 28.0353 3
      vertex 35.6955 28.5307 0
      vertex 35.6955 28.5307 3
    endloop
  endfacet
  facet normal 0.94691 0.321498 0
    outer loop
      vertex 35.6955 28.5307 0
      vertex 35.8637 28.0353 3
      vertex 35.8637 28.0353 0
    endloop
  endfacet
  facet normal 0.896898 -0.442238 0
    outer loop
      vertex 35.4641 -29 3
      vertex 35.6955 -28.5307 0
      vertex 35.6955 -28.5307 3
    endloop
  endfacet
  facet normal 0.896898 -0.442238 0
    outer loop
      vertex 35.6955 -28.5307 0
      vertex 35.4641 -29 3
      vertex 35.4641 -29 0
    endloop
  endfacet
  facet normal 0.831432 0.555626 0
    outer loop
      vertex 35.4641 29 3
      vertex 35.1734 29.435 0
      vertex 35.1734 29.435 3
    endloop
  endfacet
  facet normal 0.831432 0.555626 0
    outer loop
      vertex 35.1734 29.435 0
      vertex 35.4641 29 3
      vertex 35.4641 29 0
    endloop
  endfacet
  facet normal 0.997861 -0.0653646 0
    outer loop
      vertex 35.9658 -27.5221 3
      vertex 36 -27 0
      vertex 36 -27 3
    endloop
  endfacet
  facet normal 0.997861 -0.0653646 0
    outer loop
      vertex 36 -27 0
      vertex 35.9658 -27.5221 3
      vertex 35.9658 -27.5221 0
    endloop
  endfacet
  facet normal 0.896898 0.442238 0
    outer loop
      vertex 35.6955 28.5307 3
      vertex 35.4641 29 0
      vertex 35.4641 29 3
    endloop
  endfacet
  facet normal 0.896898 0.442238 0
    outer loop
      vertex 35.4641 29 0
      vertex 35.6955 28.5307 3
      vertex 35.6955 28.5307 0
    endloop
  endfacet
  facet normal -0.442238 -0.896898 0
    outer loop
      vertex -34 -30.4641 0
      vertex -33.5307 -30.6955 3
      vertex -34 -30.4641 3
    endloop
  endfacet
  facet normal -0.442238 -0.896898 -0
    outer loop
      vertex -33.5307 -30.6955 3
      vertex -34 -30.4641 0
      vertex -33.5307 -30.6955 0
    endloop
  endfacet
  facet normal -0.831432 -0.555626 0
    outer loop
      vertex -35.1734 -29.435 0
      vertex -35.4641 -29 3
      vertex -35.4641 -29 0
    endloop
  endfacet
  facet normal -0.831432 -0.555626 0
    outer loop
      vertex -35.4641 -29 3
      vertex -35.1734 -29.435 0
      vertex -35.1734 -29.435 3
    endloop
  endfacet
  facet normal -0.659343 -0.751842 0
    outer loop
      vertex -34.8284 -29.8284 0
      vertex -34.435 -30.1734 3
      vertex -34.8284 -29.8284 3
    endloop
  endfacet
  facet normal -0.659343 -0.751842 -0
    outer loop
      vertex -34.435 -30.1734 3
      vertex -34.8284 -29.8284 0
      vertex -34.435 -30.1734 0
    endloop
  endfacet
  facet normal -0.997861 0.0653646 0
    outer loop
      vertex -36 27 0
      vertex -35.9658 27.5221 3
      vertex -35.9658 27.5221 0
    endloop
  endfacet
  facet normal -0.997861 0.0653646 0
    outer loop
      vertex -35.9658 27.5221 3
      vertex -36 27 0
      vertex -36 27 3
    endloop
  endfacet
  facet normal 0.0653646 0.997861 -0
    outer loop
      vertex 32.5221 30.9658 0
      vertex 32 31 3
      vertex 32.5221 30.9658 3
    endloop
  endfacet
  facet normal 0.0653646 0.997861 0
    outer loop
      vertex 32 31 3
      vertex 32.5221 30.9658 0
      vertex 32 31 0
    endloop
  endfacet
  facet normal -0.195124 0.980779 0
    outer loop
      vertex -32.5221 30.9658 0
      vertex -33.0353 30.8637 3
      vertex -32.5221 30.9658 3
    endloop
  endfacet
  facet normal -0.195124 0.980779 0
    outer loop
      vertex -33.0353 30.8637 3
      vertex -32.5221 30.9658 0
      vertex -33.0353 30.8637 0
    endloop
  endfacet
  facet normal -0.896898 -0.442238 0
    outer loop
      vertex -35.4641 -29 0
      vertex -35.6955 -28.5307 3
      vertex -35.6955 -28.5307 0
    endloop
  endfacet
  facet normal -0.896898 -0.442238 0
    outer loop
      vertex -35.6955 -28.5307 3
      vertex -35.4641 -29 0
      vertex -35.4641 -29 3
    endloop
  endfacet
  facet normal -0.321498 0.94691 0
    outer loop
      vertex -33.0353 30.8637 0
      vertex -33.5307 30.6955 3
      vertex -33.0353 30.8637 3
    endloop
  endfacet
  facet normal -0.321498 0.94691 0
    outer loop
      vertex -33.5307 30.6955 3
      vertex -33.0353 30.8637 0
      vertex -33.5307 30.6955 0
    endloop
  endfacet
  facet normal -0.321498 -0.94691 0
    outer loop
      vertex -33.5307 -30.6955 0
      vertex -33.0353 -30.8637 3
      vertex -33.5307 -30.6955 3
    endloop
  endfacet
  facet normal -0.321498 -0.94691 -0
    outer loop
      vertex -33.0353 -30.8637 3
      vertex -33.5307 -30.6955 0
      vertex -33.0353 -30.8637 0
    endloop
  endfacet
  facet normal 0.94691 -0.321498 0
    outer loop
      vertex 35.6955 -28.5307 3
      vertex 35.8637 -28.0353 0
      vertex 35.8637 -28.0353 3
    endloop
  endfacet
  facet normal 0.94691 -0.321498 0
    outer loop
      vertex 35.8637 -28.0353 0
      vertex 35.6955 -28.5307 3
      vertex 35.6955 -28.5307 0
    endloop
  endfacet
  facet normal 0.659343 -0.751842 0
    outer loop
      vertex 34.435 -30.1734 0
      vertex 34.8284 -29.8284 3
      vertex 34.435 -30.1734 3
    endloop
  endfacet
  facet normal 0.659343 -0.751842 0
    outer loop
      vertex 34.8284 -29.8284 3
      vertex 34.435 -30.1734 0
      vertex 34.8284 -29.8284 0
    endloop
  endfacet
  facet normal -0.980779 0.195124 0
    outer loop
      vertex -35.9658 27.5221 0
      vertex -35.8637 28.0353 3
      vertex -35.8637 28.0353 0
    endloop
  endfacet
  facet normal -0.980779 0.195124 0
    outer loop
      vertex -35.8637 28.0353 3
      vertex -35.9658 27.5221 0
      vertex -35.9658 27.5221 3
    endloop
  endfacet
  facet normal 0.321498 0.94691 -0
    outer loop
      vertex 33.5307 30.6955 0
      vertex 33.0353 30.8637 3
      vertex 33.5307 30.6955 3
    endloop
  endfacet
  facet normal 0.321498 0.94691 0
    outer loop
      vertex 33.0353 30.8637 3
      vertex 33.5307 30.6955 0
      vertex 33.0353 30.8637 0
    endloop
  endfacet
  facet normal -0.0653646 -0.997861 0
    outer loop
      vertex -32.5221 -30.9658 0
      vertex -32 -31 3
      vertex -32.5221 -30.9658 3
    endloop
  endfacet
  facet normal -0.0653646 -0.997861 -0
    outer loop
      vertex -32 -31 3
      vertex -32.5221 -30.9658 0
      vertex -32 -31 0
    endloop
  endfacet
  facet normal 0.751842 0.659343 0
    outer loop
      vertex 35.1734 29.435 3
      vertex 34.8284 29.8284 0
      vertex 34.8284 29.8284 3
    endloop
  endfacet
  facet normal 0.751842 0.659343 0
    outer loop
      vertex 34.8284 29.8284 0
      vertex 35.1734 29.435 3
      vertex 35.1734 29.435 0
    endloop
  endfacet
  facet normal 0.659343 0.751842 -0
    outer loop
      vertex 34.8284 29.8284 0
      vertex 34.435 30.1734 3
      vertex 34.8284 29.8284 3
    endloop
  endfacet
  facet normal 0.659343 0.751842 0
    outer loop
      vertex 34.435 30.1734 3
      vertex 34.8284 29.8284 0
      vertex 34.435 30.1734 0
    endloop
  endfacet
  facet normal 0.980779 -0.195124 0
    outer loop
      vertex 35.8637 -28.0353 3
      vertex 35.9658 -27.5221 0
      vertex 35.9658 -27.5221 3
    endloop
  endfacet
  facet normal 0.980779 -0.195124 0
    outer loop
      vertex 35.9658 -27.5221 0
      vertex 35.8637 -28.0353 3
      vertex 35.8637 -28.0353 0
    endloop
  endfacet
  facet normal 0.195124 0.980779 -0
    outer loop
      vertex 33.0353 30.8637 0
      vertex 32.5221 30.9658 3
      vertex 33.0353 30.8637 3
    endloop
  endfacet
  facet normal 0.195124 0.980779 0
    outer loop
      vertex 32.5221 30.9658 3
      vertex 33.0353 30.8637 0
      vertex 32.5221 30.9658 0
    endloop
  endfacet
  facet normal -0 0 1
    outer loop
      vertex -31.15 25.5278 3
      vertex -11.8 6.5 3
      vertex -30.9651 25.6513 3
    endloop
  endfacet
  facet normal 0 0 1
    outer loop
      vertex -15.1 0 3
      vertex -30.3145 -26.7781 3
      vertex -30.3 -27 3
    endloop
  endfacet
  facet normal -0 0 1
    outer loop
      vertex -31.3494 25.4294 3
      vertex -11.8 6.5 3
      vertex -31.15 25.5278 3
    endloop
  endfacet
  facet normal 0 0 1
    outer loop
      vertex -15.1 0 3
      vertex -30.3579 -26.56 3
      vertex -30.3145 -26.7781 3
    endloop
  endfacet
  facet normal -0 0 1
    outer loop
      vertex -31.56 25.3579 3
      vertex -11.8 6.5 3
      vertex -31.3494 25.4294 3
    endloop
  endfacet
  facet normal 0 0 1
    outer loop
      vertex -15.1 0 3
      vertex -30.4294 -26.3494 3
      vertex -30.3579 -26.56 3
    endloop
  endfacet
  facet normal 0 0 1
    outer loop
      vertex -11.8 6.5 3
      vertex -31.56 25.3579 3
      vertex -14.852 0.730499 3
    endloop
  endfacet
  facet normal 0 0 1
    outer loop
      vertex -15.1 0 3
      vertex -30.5278 -26.15 3
      vertex -30.4294 -26.3494 3
    endloop
  endfacet
  facet normal 0 0 1
    outer loop
      vertex -14.852 0.730499 3
      vertex -31.56 25.3579 3
      vertex -14.9392 0.599991 3
    endloop
  endfacet
  facet normal 0 0 1
    outer loop
      vertex -15.1 0 3
      vertex -30.6513 -25.9651 3
      vertex -30.5278 -26.15 3
    endloop
  endfacet
  facet normal -0 0 1
    outer loop
      vertex -31.7781 25.3145 3
      vertex -14.9392 0.599991 3
      vertex -31.56 25.3579 3
    endloop
  endfacet
  facet normal 0 0 1
    outer loop
      vertex -15.1 0 3
      vertex -30.7979 -25.7979 3
      vertex -30.6513 -25.9651 3
    endloop
  endfacet
  facet normal 0 0 1
    outer loop
      vertex -14.9392 0.599991 3
      vertex -31.7781 25.3145 3
      vertex -15.0087 0.459213 3
    endloop
  endfacet
  facet normal 0 0 1
    outer loop
      vertex -15.1 0 3
      vertex -30.9651 -25.6513 3
      vertex -30.7979 -25.7979 3
    endloop
  endfacet
  facet normal -0 0 1
    outer loop
      vertex -32 25.3 3
      vertex -15.0087 0.459213 3
      vertex -31.7781 25.3145 3
    endloop
  endfacet
  facet normal 0 0 1
    outer loop
      vertex -15.1 0 3
      vertex -31.15 -25.5278 3
      vertex -30.9651 -25.6513 3
    endloop
  endfacet
  facet normal 0 0 1
    outer loop
      vertex -15.0087 0.459213 3
      vertex -32 25.3 3
      vertex -15.0591 0.310577 3
    endloop
  endfacet
  facet normal 0 0 1
    outer loop
      vertex -15.1 0 3
      vertex -31.3494 -25.4294 3
      vertex -31.15 -25.5278 3
    endloop
  endfacet
  facet normal 0 0 1
    outer loop
      vertex -32.2219 25.3145 3
      vertex -15.0591 0.310577 3
      vertex -32 25.3 3
    endloop
  endfacet
  facet normal 0 0 1
    outer loop
      vertex -15.1 0 3
      vertex -31.56 -25.3579 3
      vertex -31.3494 -25.4294 3
    endloop
  endfacet
  facet normal 0 0 1
    outer loop
      vertex -15.0591 0.310577 3
      vertex -32.2219 25.3145 3
      vertex -15.0897 0.156616 3
    endloop
  endfacet
  facet normal 0 0 1
    outer loop
      vertex -15.1 0 3
      vertex -31.7781 -25.3145 3
      vertex -31.56 -25.3579 3
    endloop
  endfacet
  facet normal 0 0 1
    outer loop
      vertex -32.44 25.3579 3
      vertex -15.0897 0.156616 3
      vertex -32.2219 25.3145 3
    endloop
  endfacet
  facet normal 0 0 1
    outer loop
      vertex -15.1 0 3
      vertex -32 -25.3 3
      vertex -31.7781 -25.3145 3
    endloop
  endfacet
  facet normal 0 0 1
    outer loop
      vertex -15.0897 0.156616 3
      vertex -32.44 25.3579 3
      vertex -15.1 0 3
    endloop
  endfacet
  facet normal 0 0 1
    outer loop
      vertex -15.1 0 3
      vertex -32.2219 -25.3145 3
      vertex -32 -25.3 3
    endloop
  endfacet
  facet normal 0 0 1
    outer loop
      vertex -32.6506 25.4294 3
      vertex -15.1 0 3
      vertex -32.44 25.3579 3
    endloop
  endfacet
  facet normal 0 0 1
    outer loop
      vertex -15.1 0 3
      vertex -32.44 -25.3579 3
      vertex -32.2219 -25.3145 3
    endloop
  endfacet
  facet normal 0 0 1
    outer loop
      vertex -32.6506 -25.4294 3
      vertex -15.1 0 3
      vertex -32.6506 25.4294 3
    endloop
  endfacet
  facet normal 0 0 1
    outer loop
      vertex -15.1 0 3
      vertex -32.6506 -25.4294 3
      vertex -32.44 -25.3579 3
    endloop
  endfacet
  facet normal 0 0 1
    outer loop
      vertex -32.85 25.5278 3
      vertex -32.6506 -25.4294 3
      vertex -32.6506 25.4294 3
    endloop
  endfacet
  facet normal 0 0 1
    outer loop
      vertex -32.85 25.5278 3
      vertex -32.85 -25.5278 3
      vertex -32.6506 -25.4294 3
    endloop
  endfacet
  facet normal 0 0 1
    outer loop
      vertex -36 27 3
      vertex -32.85 25.5278 3
      vertex -33.0349 25.6513 3
    endloop
  endfacet
  facet normal 0 0 1
    outer loop
      vertex -32.85 25.5278 3
      vertex -36 27 3
      vertex -32.85 -25.5278 3
    endloop
  endfacet
  facet normal 0 0 1
    outer loop
      vertex -36 27 3
      vertex -33.0349 25.6513 3
      vertex -33.2021 25.7979 3
    endloop
  endfacet
  facet normal 0 0 1
    outer loop
      vertex -36 -27 3
      vertex -32.85 -25.5278 3
      vertex -36 27 3
    endloop
  endfacet
  facet normal 0 0 1
    outer loop
      vertex -36 27 3
      vertex -33.2021 25.7979 3
      vertex -33.3487 25.9651 3
    endloop
  endfacet
  facet normal 0 0 1
    outer loop
      vertex -32.85 -25.5278 3
      vertex -36 -27 3
      vertex -33.0349 -25.6513 3
    endloop
  endfacet
  facet normal 0 0 1
    outer loop
      vertex -36 27 3
      vertex -33.3487 25.9651 3
      vertex -33.4722 26.15 3
    endloop
  endfacet
  facet normal 0 0 1
    outer loop
      vertex -33.0349 -25.6513 3
      vertex -36 -27 3
      vertex -33.2021 -25.7979 3
    endloop
  endfacet
  facet normal 0 0 1
    outer loop
      vertex -36 27 3
      vertex -33.4722 26.15 3
      vertex -33.5706 26.3494 3
    endloop
  endfacet
  facet normal 0 0 1
    outer loop
      vertex -33.2021 -25.7979 3
      vertex -36 -27 3
      vertex -33.3487 -25.9651 3
    endloop
  endfacet
  facet normal 0 0 1
    outer loop
      vertex -36 27 3
      vertex -33.5706 26.3494 3
      vertex -33.6421 26.56 3
    endloop
  endfacet
  facet normal 0 0 1
    outer loop
      vertex -33.3487 -25.9651 3
      vertex -36 -27 3
      vertex -33.4722 -26.15 3
    endloop
  endfacet
  facet normal 0 0 1
    outer loop
      vertex -36 27 3
      vertex -33.6421 26.56 3
      vertex -33.6855 26.7781 3
    endloop
  endfacet
  facet normal 0 0 1
    outer loop
      vertex -33.4722 -26.15 3
      vertex -36 -27 3
      vertex -33.5706 -26.3494 3
    endloop
  endfacet
  facet normal -0 0 1
    outer loop
      vertex -36 27 3
      vertex -33.6855 26.7781 3
      vertex -33.7 27 3
    endloop
  endfacet
  facet normal 0 0 1
    outer loop
      vertex -33.5706 -26.3494 3
      vertex -36 -27 3
      vertex -33.6421 -26.56 3
    endloop
  endfacet
  facet normal 0 0 1
    outer loop
      vertex 33.5706 26.3494 3
      vertex 36 27 3
      vertex 33.6421 26.56 3
    endloop
  endfacet
  facet normal 0 0 1
    outer loop
      vertex 36 -27 3
      vertex 33.6855 -26.7781 3
      vertex 33.7 -27 3
    endloop
  endfacet
  facet normal 0 0 1
    outer loop
      vertex 33.4722 26.15 3
      vertex 36 27 3
      vertex 33.5706 26.3494 3
    endloop
  endfacet
  facet normal 0 0 1
    outer loop
      vertex 36 -27 3
      vertex 33.6421 -26.56 3
      vertex 33.6855 -26.7781 3
    endloop
  endfacet
  facet normal 0 0 1
    outer loop
      vertex 33.3487 25.9651 3
      vertex 36 27 3
      vertex 33.4722 26.15 3
    endloop
  endfacet
  facet normal 0 0 1
    outer loop
      vertex 36 -27 3
      vertex 33.5706 -26.3494 3
      vertex 33.6421 -26.56 3
    endloop
  endfacet
  facet normal 0 0 1
    outer loop
      vertex 33.2021 25.7979 3
      vertex 36 27 3
      vertex 33.3487 25.9651 3
    endloop
  endfacet
  facet normal 0 0 1
    outer loop
      vertex 36 -27 3
      vertex 33.4722 -26.15 3
      vertex 33.5706 -26.3494 3
    endloop
  endfacet
  facet normal 0 0 1
    outer loop
      vertex 33.0349 25.6513 3
      vertex 36 27 3
      vertex 33.2021 25.7979 3
    endloop
  endfacet
  facet normal 0 0 1
    outer loop
      vertex 36 -27 3
      vertex 33.3487 -25.9651 3
      vertex 33.4722 -26.15 3
    endloop
  endfacet
  facet normal 0 0 1
    outer loop
      vertex 32.85 25.5278 3
      vertex 36 27 3
      vertex 33.0349 25.6513 3
    endloop
  endfacet
  facet normal 0 0 1
    outer loop
      vertex 36 -27 3
      vertex 33.2021 -25.7979 3
      vertex 33.3487 -25.9651 3
    endloop
  endfacet
  facet normal 0 0 1
    outer loop
      vertex 36 27 3
      vertex 32.85 25.5278 3
      vertex 36 -27 3
    endloop
  endfacet
  facet normal 0 0 1
    outer loop
      vertex 36 -27 3
      vertex 33.0349 -25.6513 3
      vertex 33.2021 -25.7979 3
    endloop
  endfacet
  facet normal -0 0 1
    outer loop
      vertex 32.85 -25.5278 3
      vertex 36 -27 3
      vertex 32.85 25.5278 3
    endloop
  endfacet
  facet normal 0 0 1
    outer loop
      vertex 36 -27 3
      vertex 32.85 -25.5278 3
      vertex 33.0349 -25.6513 3
    endloop
  endfacet
  facet normal -0 0 1
    outer loop
      vertex 32.6506 25.4294 3
      vertex 32.85 -25.5278 3
      vertex 32.85 25.5278 3
    endloop
  endfacet
  facet normal 0 0 1
    outer loop
      vertex 32.6506 25.4294 3
      vertex 32.6506 -25.4294 3
      vertex 32.85 -25.5278 3
    endloop
  endfacet
  facet normal 0 0 1
    outer loop
      vertex 15.1 0 3
      vertex 32.6506 25.4294 3
      vertex 32.44 25.3579 3
    endloop
  endfacet
  facet normal 0 0 1
    outer loop
      vertex 32.6506 25.4294 3
      vertex 15.1 0 3
      vertex 32.6506 -25.4294 3
    endloop
  endfacet
  facet normal 0 0 1
    outer loop
      vertex 15.0897 0.156616 3
      vertex 32.44 25.3579 3
      vertex 32.2219 25.3145 3
    endloop
  endfacet
  facet normal 0 0 1
    outer loop
      vertex 32.6506 -25.4294 3
      vertex 15.1 0 3
      vertex 32.44 -25.3579 3
    endloop
  endfacet
  facet normal 0 0 1
    outer loop
      vertex 15.0591 0.310577 3
      vertex 32.2219 25.3145 3
      vertex 32 25.3 3
    endloop
  endfacet
  facet normal -0 0 1
    outer loop
      vertex 15.0897 -0.156616 3
      vertex 32.44 -25.3579 3
      vertex 15.1 0 3
    endloop
  endfacet
  facet normal 0 0 1
    outer loop
      vertex 15.0087 0.459213 3
      vertex 32 25.3 3
      vertex 31.7781 25.3145 3
    endloop
  endfacet
  facet normal 0 0 1
    outer loop
      vertex 32.44 -25.3579 3
      vertex 15.0897 -0.156616 3
      vertex 32.2219 -25.3145 3
    endloop
  endfacet
  facet normal 0 0 1
    outer loop
      vertex 14.9392 0.599991 3
      vertex 31.7781 25.3145 3
      vertex 31.56 25.3579 3
    endloop
  endfacet
  facet normal -0 0 1
    outer loop
      vertex 15.0591 -0.310577 3
      vertex 32.2219 -25.3145 3
      vertex 15.0897 -0.156616 3
    endloop
  endfacet
  facet normal 0 0 1
    outer loop
      vertex 11.8 6.5 3
      vertex 31.56 25.3579 3
      vertex 31.3494 25.4294 3
    endloop
  endfacet
  facet normal 0 0 1
    outer loop
      vertex 32.2219 -25.3145 3
      vertex 15.0591 -0.310577 3
      vertex 32 -25.3 3
    endloop
  endfacet
  facet normal 0 0 1
    outer loop
      vertex 11.8 6.5 3
      vertex 31.3494 25.4294 3
      vertex 31.15 25.5278 3
    endloop
  endfacet
  facet normal -0 0 1
    outer loop
      vertex 15.0087 -0.459213 3
      vertex 32 -25.3 3
      vertex 15.0591 -0.310577 3
    endloop
  endfacet
  facet normal 0 0 1
    outer loop
      vertex 11.8 6.5 3
      vertex 31.15 25.5278 3
      vertex 30.9651 25.6513 3
    endloop
  endfacet
  facet normal 0 0 1
    outer loop
      vertex 32 -25.3 3
      vertex 15.0087 -0.459213 3
      vertex 31.7781 -25.3145 3
    endloop
  endfacet
  facet normal 0 0 1
    outer loop
      vertex 11.8 6.5 3
      vertex 30.9651 25.6513 3
      vertex 30.7979 25.7979 3
    endloop
  endfacet
  facet normal -0 0 1
    outer loop
      vertex 14.9392 -0.599991 3
      vertex 31.7781 -25.3145 3
      vertex 15.0087 -0.459213 3
    endloop
  endfacet
  facet normal 0 0 1
    outer loop
      vertex 11.8 6.5 3
      vertex 30.7979 25.7979 3
      vertex 30.6513 25.9651 3
    endloop
  endfacet
  facet normal 0 0 1
    outer loop
      vertex 31.7781 -25.3145 3
      vertex 14.9392 -0.599991 3
      vertex 31.56 -25.3579 3
    endloop
  endfacet
  facet normal 0 0 1
    outer loop
      vertex 11.8 6.5 3
      vertex 30.6513 25.9651 3
      vertex 30.5278 26.15 3
    endloop
  endfacet
  facet normal -0 0 1
    outer loop
      vertex 14.852 -0.730499 3
      vertex 31.56 -25.3579 3
      vertex 14.9392 -0.599991 3
    endloop
  endfacet
  facet normal 0 0 1
    outer loop
      vertex 11.8 6.5 3
      vertex 30.5278 26.15 3
      vertex 30.4294 26.3494 3
    endloop
  endfacet
  facet normal -0 0 1
    outer loop
      vertex 11.8 -6.5 3
      vertex 31.56 -25.3579 3
      vertex 14.852 -0.730499 3
    endloop
  endfacet
  facet normal 0 0 1
    outer loop
      vertex 11.8 6.5 3
      vertex 30.4294 26.3494 3
      vertex 30.3579 26.56 3
    endloop
  endfacet
  facet normal 0 0 1
    outer loop
      vertex 31.56 -25.3579 3
      vertex 11.8 -6.5 3
      vertex 31.3494 -25.4294 3
    endloop
  endfacet
  facet normal 0 0 1
    outer loop
      vertex 11.8 6.5 3
      vertex 30.3579 26.56 3
      vertex 30.3145 26.7781 3
    endloop
  endfacet
  facet normal 0 0 1
    outer loop
      vertex 31.3494 -25.4294 3
      vertex 11.8 -6.5 3
      vertex 31.15 -25.5278 3
    endloop
  endfacet
  facet normal 0 0 1
    outer loop
      vertex 11.8 6.5 3
      vertex 30.3145 26.7781 3
      vertex 30.3 27 3
    endloop
  endfacet
  facet normal 0 0 1
    outer loop
      vertex 31.15 -25.5278 3
      vertex 11.8 -6.5 3
      vertex 30.9651 -25.6513 3
    endloop
  endfacet
  facet normal 0 0 1
    outer loop
      vertex 33.7 27 3
      vertex 36 27 3
      vertex 35.9658 27.5221 3
    endloop
  endfacet
  facet normal 0 0 1
    outer loop
      vertex 33.6855 26.7781 3
      vertex 36 27 3
      vertex 33.7 27 3
    endloop
  endfacet
  facet normal 0 0 1
    outer loop
      vertex 33.6855 27.2219 3
      vertex 35.9658 27.5221 3
      vertex 35.8637 28.0353 3
    endloop
  endfacet
  facet normal 0 0 1
    outer loop
      vertex 33.6421 26.56 3
      vertex 36 27 3
      vertex 33.6855 26.7781 3
    endloop
  endfacet
  facet normal 0 0 1
    outer loop
      vertex 33.6421 27.44 3
      vertex 35.8637 28.0353 3
      vertex 35.6955 28.5307 3
    endloop
  endfacet
  facet normal 0 0 1
    outer loop
      vertex 36 -27 3
      vertex 33.7 -27 3
      vertex 35.9658 -27.5221 3
    endloop
  endfacet
  facet normal 0 0 1
    outer loop
      vertex 33.5706 27.6506 3
      vertex 35.6955 28.5307 3
      vertex 35.4641 29 3
    endloop
  endfacet
  facet normal -0 0 1
    outer loop
      vertex 33.6855 -27.2219 3
      vertex 35.9658 -27.5221 3
      vertex 33.7 -27 3
    endloop
  endfacet
  facet normal 0 0 1
    outer loop
      vertex 33.4722 27.85 3
      vertex 35.4641 29 3
      vertex 35.1734 29.435 3
    endloop
  endfacet
  facet normal 0 0 1
    outer loop
      vertex 35.9658 -27.5221 3
      vertex 33.6855 -27.2219 3
      vertex 35.8637 -28.0353 3
    endloop
  endfacet
  facet normal 0 0 1
    outer loop
      vertex 33.3487 28.0349 3
      vertex 35.1734 29.435 3
      vertex 34.8284 29.8284 3
    endloop
  endfacet
  facet normal -0 0 1
    outer loop
      vertex 33.6421 -27.44 3
      vertex 35.8637 -28.0353 3
      vertex 33.6855 -27.2219 3
    endloop
  endfacet
  facet normal 0 0 1
    outer loop
      vertex 33.2021 28.2021 3
      vertex 34.8284 29.8284 3
      vertex 34.435 30.1734 3
    endloop
  endfacet
  facet normal 0 0 1
    outer loop
      vertex 35.8637 -28.0353 3
      vertex 33.6421 -27.44 3
      vertex 35.6955 -28.5307 3
    endloop
  endfacet
  facet normal 0 0 1
    outer loop
      vertex 33.0349 28.3487 3
      vertex 34.435 30.1734 3
      vertex 34 30.4641 3
    endloop
  endfacet
  facet normal -0 0 1
    outer loop
      vertex 33.5706 -27.6506 3
      vertex 35.6955 -28.5307 3
      vertex 33.6421 -27.44 3
    endloop
  endfacet
  facet normal 0 0 1
    outer loop
      vertex 35.6955 -28.5307 3
      vertex 33.5706 -27.6506 3
      vertex 35.4641 -29 3
    endloop
  endfacet
  facet normal 0 0 1
    outer loop
      vertex 35.9658 27.5221 3
      vertex 33.6855 27.2219 3
      vertex 33.7 27 3
    endloop
  endfacet
  facet normal 0 0 1
    outer loop
      vertex 35.8637 28.0353 3
      vertex 33.6421 27.44 3
      vertex 33.6855 27.2219 3
    endloop
  endfacet
  facet normal 0 0 1
    outer loop
      vertex 35.6955 28.5307 3
      vertex 33.5706 27.6506 3
      vertex 33.6421 27.44 3
    endloop
  endfacet
  facet normal 0 0 1
    outer loop
      vertex 32.85 28.4722 3
      vertex 34 30.4641 3
      vertex 33.5307 30.6955 3
    endloop
  endfacet
  facet normal 0 0 1
    outer loop
      vertex 35.4641 29 3
      vertex 33.4722 27.85 3
      vertex 33.5706 27.6506 3
    endloop
  endfacet
  facet normal 0 0 1
    outer loop
      vertex 35.1734 29.435 3
      vertex 33.3487 28.0349 3
      vertex 33.4722 27.85 3
    endloop
  endfacet
  facet normal 0 0 1
    outer loop
      vertex 34.8284 29.8284 3
      vertex 33.2021 28.2021 3
      vertex 33.3487 28.0349 3
    endloop
  endfacet
  facet normal 0 0 1
    outer loop
      vertex 32.6506 28.5706 3
      vertex 33.5307 30.6955 3
      vertex 33.0353 30.8637 3
    endloop
  endfacet
  facet normal 0 0 1
    outer loop
      vertex 34.435 30.1734 3
      vertex 33.0349 28.3487 3
      vertex 33.2021 28.2021 3
    endloop
  endfacet
  facet normal 0 0 1
    outer loop
      vertex 34 30.4641 3
      vertex 32.85 28.4722 3
      vertex 33.0349 28.3487 3
    endloop
  endfacet
  facet normal 0 0 1
    outer loop
      vertex 33.5307 30.6955 3
      vertex 32.6506 28.5706 3
      vertex 32.85 28.4722 3
    endloop
  endfacet
  facet normal 0 0 1
    outer loop
      vertex 32.44 28.6421 3
      vertex 33.0353 30.8637 3
      vertex 32.5221 30.9658 3
    endloop
  endfacet
  facet normal 0 0 1
    outer loop
      vertex 33.0353 30.8637 3
      vertex 32.44 28.6421 3
      vertex 32.6506 28.5706 3
    endloop
  endfacet
  facet normal 0 0 1
    outer loop
      vertex 32.5221 30.9658 3
      vertex 32.2219 28.6855 3
      vertex 32.44 28.6421 3
    endloop
  endfacet
  facet normal 0 0 1
    outer loop
      vertex 32 31 3
      vertex 32.2219 28.6855 3
      vertex 32.5221 30.9658 3
    endloop
  endfacet
  facet normal 0 0 1
    outer loop
      vertex 32 31 3
      vertex 32 28.7 3
      vertex 32.2219 28.6855 3
    endloop
  endfacet
  facet normal 0 0 1
    outer loop
      vertex 32 31 3
      vertex 31.7781 28.6855 3
      vertex 32 28.7 3
    endloop
  endfacet
  facet normal 0 0 1
    outer loop
      vertex 32 31 3
      vertex 31.56 28.6421 3
      vertex 31.7781 28.6855 3
    endloop
  endfacet
  facet normal 0 0 1
    outer loop
      vertex 32 31 3
      vertex 31.3494 28.5706 3
      vertex 31.56 28.6421 3
    endloop
  endfacet
  facet normal 0 0 1
    outer loop
      vertex 32 31 3
      vertex 31.15 28.4722 3
      vertex 31.3494 28.5706 3
    endloop
  endfacet
  facet normal 0 0 1
    outer loop
      vertex 32 31 3
      vertex 30.9651 28.3487 3
      vertex 31.15 28.4722 3
    endloop
  endfacet
  facet normal 0 0 1
    outer loop
      vertex 32 31 3
      vertex 30.7979 28.2021 3
      vertex 30.9651 28.3487 3
    endloop
  endfacet
  facet normal 0 0 1
    outer loop
      vertex 32 31 3
      vertex 30.6513 28.0349 3
      vertex 30.7979 28.2021 3
    endloop
  endfacet
  facet normal 0 0 1
    outer loop
      vertex 32 31 3
      vertex 30.5278 27.85 3
      vertex 30.6513 28.0349 3
    endloop
  endfacet
  facet normal 0 0 1
    outer loop
      vertex -30.5278 27.85 3
      vertex 30.5278 27.85 3
      vertex 32 31 3
    endloop
  endfacet
  facet normal 0 0 1
    outer loop
      vertex 30.9651 -25.6513 3
      vertex 11.8 -6.5 3
      vertex 30.7979 -25.7979 3
    endloop
  endfacet
  facet normal 0 0 1
    outer loop
      vertex 11.8 6.5 3
      vertex 30.3 27 3
      vertex 30.3145 27.2219 3
    endloop
  endfacet
  facet normal 0 0 1
    outer loop
      vertex 11.8 6.5 3
      vertex 30.3145 27.2219 3
      vertex 30.3579 27.44 3
    endloop
  endfacet
  facet normal 0 0 1
    outer loop
      vertex -30.3579 27.44 3
      vertex 30.3579 27.44 3
      vertex 30.4294 27.6506 3
    endloop
  endfacet
  facet normal 0 0 1
    outer loop
      vertex 30.5278 27.85 3
      vertex -30.5278 27.85 3
      vertex 30.4294 27.6506 3
    endloop
  endfacet
  facet normal 0 0 1
    outer loop
      vertex 32.44 25.3579 3
      vertex 15.0897 0.156616 3
      vertex 15.1 0 3
    endloop
  endfacet
  facet normal 0 0 1
    outer loop
      vertex 32.2219 25.3145 3
      vertex 15.0591 0.310577 3
      vertex 15.0897 0.156616 3
    endloop
  endfacet
  facet normal 0 0 1
    outer loop
      vertex 32 25.3 3
      vertex 15.0087 0.459213 3
      vertex 15.0591 0.310577 3
    endloop
  endfacet
  facet normal 0 0 1
    outer loop
      vertex 31.7781 25.3145 3
      vertex 14.9392 0.599991 3
      vertex 15.0087 0.459213 3
    endloop
  endfacet
  facet normal 0 0 1
    outer loop
      vertex 31.56 25.3579 3
      vertex 14.852 0.730499 3
      vertex 14.9392 0.599991 3
    endloop
  endfacet
  facet normal 0 0 1
    outer loop
      vertex 31.56 25.3579 3
      vertex 11.8 6.5 3
      vertex 14.852 0.730499 3
    endloop
  endfacet
  facet normal 0 0 1
    outer loop
      vertex 14.852 0.730499 3
      vertex 11.8 6.5 3
      vertex 14.7485 0.848526 3
    endloop
  endfacet
  facet normal 0 0 1
    outer loop
      vertex 14.7485 0.848526 3
      vertex 11.8 6.5 3
      vertex 14.6305 0.952011 3
    endloop
  endfacet
  facet normal 0 0 1
    outer loop
      vertex 14.6305 0.952011 3
      vertex 11.8 6.5 3
      vertex 14.5 1.03923 3
    endloop
  endfacet
  facet normal 0 0 1
    outer loop
      vertex 14.5 1.03923 3
      vertex 11.8 6.5 3
      vertex 14.3592 1.10864 3
    endloop
  endfacet
  facet normal 0 0 1
    outer loop
      vertex 14.3592 1.10864 3
      vertex 11.8 6.5 3
      vertex 14.2106 1.1591 3
    endloop
  endfacet
  facet normal 0 0 1
    outer loop
      vertex 14.2106 1.1591 3
      vertex 11.8 6.5 3
      vertex 14.0566 1.18973 3
    endloop
  endfacet
  facet normal 0 0 1
    outer loop
      vertex 14.0566 1.18973 3
      vertex 11.8 6.5 3
      vertex 13.9 1.2 3
    endloop
  endfacet
  facet normal 0 0 1
    outer loop
      vertex 13.9 1.2 3
      vertex 11.8 6.5 3
      vertex 13.7434 1.18973 3
    endloop
  endfacet
  facet normal 0 0 1
    outer loop
      vertex 13.7434 1.18973 3
      vertex 11.8 6.5 3
      vertex 13.5894 1.1591 3
    endloop
  endfacet
  facet normal 0 0 1
    outer loop
      vertex 13.5894 1.1591 3
      vertex 11.8 6.5 3
      vertex 13.4408 1.10864 3
    endloop
  endfacet
  facet normal 0 0 1
    outer loop
      vertex 13.4408 1.10864 3
      vertex 11.8 6.5 3
      vertex 13.3 1.03923 3
    endloop
  endfacet
  facet normal 0 0 1
    outer loop
      vertex 13.3 1.03923 3
      vertex 11.8 6.5 3
      vertex 13.1695 0.952011 3
    endloop
  endfacet
  facet normal 0 0 1
    outer loop
      vertex 13.1695 0.952011 3
      vertex 11.8 6.5 3
      vertex 13.0515 0.848526 3
    endloop
  endfacet
  facet normal 0 0 1
    outer loop
      vertex 13.0515 0.848526 3
      vertex 11.8 6.5 3
      vertex 12.948 0.730499 3
    endloop
  endfacet
  facet normal 0 0 1
    outer loop
      vertex 12.7103 0.156616 3
      vertex 11.8 6.5 3
      vertex 12.7 0 3
    endloop
  endfacet
  facet normal 0 0 1
    outer loop
      vertex 12.7409 0.310577 3
      vertex 11.8 6.5 3
      vertex 12.7103 0.156616 3
    endloop
  endfacet
  facet normal 0 0 1
    outer loop
      vertex 12.7913 0.459213 3
      vertex 11.8 6.5 3
      vertex 12.7409 0.310577 3
    endloop
  endfacet
  facet normal 0 0 1
    outer loop
      vertex 12.8608 0.599991 3
      vertex 11.8 6.5 3
      vertex 12.7913 0.459213 3
    endloop
  endfacet
  facet normal 0 0 1
    outer loop
      vertex 12.948 0.730499 3
      vertex 11.8 6.5 3
      vertex 12.8608 0.599991 3
    endloop
  endfacet
  facet normal 0 0 1
    outer loop
      vertex 30.3579 27.44 3
      vertex -30.3579 27.44 3
      vertex 11.8 6.5 3
    endloop
  endfacet
  facet normal 0 0 1
    outer loop
      vertex -11.8 6.5 3
      vertex -12.7 0 3
      vertex -11.8 -6.5 3
    endloop
  endfacet
  facet normal 0 0 1
    outer loop
      vertex -11.8 6.5 3
      vertex -12.7103 0.156616 3
      vertex -12.7 0 3
    endloop
  endfacet
  facet normal 0 0 1
    outer loop
      vertex -11.8 6.5 3
      vertex -12.7409 0.310577 3
      vertex -12.7103 0.156616 3
    endloop
  endfacet
  facet normal 0 0 1
    outer loop
      vertex -11.8 6.5 3
      vertex -12.7913 0.459213 3
      vertex -12.7409 0.310577 3
    endloop
  endfacet
  facet normal 0 0 1
    outer loop
      vertex -11.8 6.5 3
      vertex -12.8608 0.599991 3
      vertex -12.7913 0.459213 3
    endloop
  endfacet
  facet normal 0 0 1
    outer loop
      vertex -11.8 6.5 3
      vertex -12.948 0.730499 3
      vertex -12.8608 0.599991 3
    endloop
  endfacet
  facet normal 0 0 1
    outer loop
      vertex -11.8 6.5 3
      vertex -13.0515 0.848526 3
      vertex -12.948 0.730499 3
    endloop
  endfacet
  facet normal 0 0 1
    outer loop
      vertex -11.8 6.5 3
      vertex -13.1695 0.952011 3
      vertex -13.0515 0.848526 3
    endloop
  endfacet
  facet normal 0 0 1
    outer loop
      vertex -11.8 6.5 3
      vertex -13.3 1.03923 3
      vertex -13.1695 0.952011 3
    endloop
  endfacet
  facet normal 0 0 1
    outer loop
      vertex -11.8 6.5 3
      vertex -13.4408 1.10864 3
      vertex -13.3 1.03923 3
    endloop
  endfacet
  facet normal 0 0 1
    outer loop
      vertex -11.8 6.5 3
      vertex -13.5894 1.1591 3
      vertex -13.4408 1.10864 3
    endloop
  endfacet
  facet normal 0 0 1
    outer loop
      vertex -11.8 6.5 3
      vertex -13.7434 1.18973 3
      vertex -13.5894 1.1591 3
    endloop
  endfacet
  facet normal 0 0 1
    outer loop
      vertex -11.8 6.5 3
      vertex -13.9 1.2 3
      vertex -13.7434 1.18973 3
    endloop
  endfacet
  facet normal 0 0 1
    outer loop
      vertex -11.8 6.5 3
      vertex -14.0566 1.18973 3
      vertex -13.9 1.2 3
    endloop
  endfacet
  facet normal 0 0 1
    outer loop
      vertex -11.8 6.5 3
      vertex -14.2106 1.1591 3
      vertex -14.0566 1.18973 3
    endloop
  endfacet
  facet normal 0 0 1
    outer loop
      vertex -11.8 6.5 3
      vertex -14.3592 1.10864 3
      vertex -14.2106 1.1591 3
    endloop
  endfacet
  facet normal 0 0 1
    outer loop
      vertex -11.8 6.5 3
      vertex -14.5 1.03923 3
      vertex -14.3592 1.10864 3
    endloop
  endfacet
  facet normal 0 0 1
    outer loop
      vertex -11.8 6.5 3
      vertex -14.6305 0.952011 3
      vertex -14.5 1.03923 3
    endloop
  endfacet
  facet normal 0 0 1
    outer loop
      vertex -11.8 6.5 3
      vertex -14.7485 0.848526 3
      vertex -14.6305 0.952011 3
    endloop
  endfacet
  facet normal 0 0 1
    outer loop
      vertex -11.8 6.5 3
      vertex -14.852 0.730499 3
      vertex -14.7485 0.848526 3
    endloop
  endfacet
  facet normal -0 0 1
    outer loop
      vertex -30.3145 26.7781 3
      vertex -11.8 6.5 3
      vertex -30.3 27 3
    endloop
  endfacet
  facet normal -0 0 1
    outer loop
      vertex -30.7979 25.7979 3
      vertex -11.8 6.5 3
      vertex -30.6513 25.9651 3
    endloop
  endfacet
  facet normal -0 0 1
    outer loop
      vertex -30.6513 25.9651 3
      vertex -11.8 6.5 3
      vertex -30.5278 26.15 3
    endloop
  endfacet
  facet normal -0 0 1
    outer loop
      vertex -30.5278 26.15 3
      vertex -11.8 6.5 3
      vertex -30.4294 26.3494 3
    endloop
  endfacet
  facet normal -0 0 1
    outer loop
      vertex -30.4294 26.3494 3
      vertex -11.8 6.5 3
      vertex -30.3579 26.56 3
    endloop
  endfacet
  facet normal -0 0 1
    outer loop
      vertex -30.3579 26.56 3
      vertex -11.8 6.5 3
      vertex -30.3145 26.7781 3
    endloop
  endfacet
  facet normal 0 0 1
    outer loop
      vertex 11.8 6.5 3
      vertex -30.3579 27.44 3
      vertex -11.8 6.5 3
    endloop
  endfacet
  facet normal 0 0 1
    outer loop
      vertex -11.8 6.5 3
      vertex -30.3145 27.2219 3
      vertex -30.3 27 3
    endloop
  endfacet
  facet normal 0 0 1
    outer loop
      vertex -11.8 6.5 3
      vertex -30.3579 27.44 3
      vertex -30.3145 27.2219 3
    endloop
  endfacet
  facet normal 0 0 1
    outer loop
      vertex 30.4294 27.6506 3
      vertex -30.4294 27.6506 3
      vertex -30.3579 27.44 3
    endloop
  endfacet
  facet normal 0 0 1
    outer loop
      vertex 30.4294 27.6506 3
      vertex -30.5278 27.85 3
      vertex -30.4294 27.6506 3
    endloop
  endfacet
  facet normal -0 0 1
    outer loop
      vertex -32 31 3
      vertex -30.5278 27.85 3
      vertex 32 31 3
    endloop
  endfacet
  facet normal 0 0 1
    outer loop
      vertex -30.5278 27.85 3
      vertex -32 31 3
      vertex -30.6513 28.0349 3
    endloop
  endfacet
  facet normal 0 0 1
    outer loop
      vertex -30.6513 28.0349 3
      vertex -32 31 3
      vertex -30.7979 28.2021 3
    endloop
  endfacet
  facet normal 0 0 1
    outer loop
      vertex -30.7979 28.2021 3
      vertex -32 31 3
      vertex -30.9651 28.3487 3
    endloop
  endfacet
  facet normal 0 0 1
    outer loop
      vertex -30.9651 28.3487 3
      vertex -32 31 3
      vertex -31.15 28.4722 3
    endloop
  endfacet
  facet normal 0 0 1
    outer loop
      vertex -31.15 28.4722 3
      vertex -32 31 3
      vertex -31.3494 28.5706 3
    endloop
  endfacet
  facet normal 0 0 1
    outer loop
      vertex -31.3494 28.5706 3
      vertex -32 31 3
      vertex -31.56 28.6421 3
    endloop
  endfacet
  facet normal 0 0 1
    outer loop
      vertex -31.56 28.6421 3
      vertex -32 31 3
      vertex -31.7781 28.6855 3
    endloop
  endfacet
  facet normal 0 0 1
    outer loop
      vertex -32 31 3
      vertex -32 28.7 3
      vertex -31.7781 28.6855 3
    endloop
  endfacet
  facet normal 0 0 1
    outer loop
      vertex -32 31 3
      vertex -32.2219 28.6855 3
      vertex -32 28.7 3
    endloop
  endfacet
  facet normal -0 0 1
    outer loop
      vertex -32.5221 30.9658 3
      vertex -32.2219 28.6855 3
      vertex -32 31 3
    endloop
  endfacet
  facet normal 0 0 1
    outer loop
      vertex -32.2219 28.6855 3
      vertex -32.5221 30.9658 3
      vertex -32.44 28.6421 3
    endloop
  endfacet
  facet normal -0 0 1
    outer loop
      vertex -33.0353 30.8637 3
      vertex -32.44 28.6421 3
      vertex -32.5221 30.9658 3
    endloop
  endfacet
  facet normal 0 0 1
    outer loop
      vertex -32.44 28.6421 3
      vertex -33.0353 30.8637 3
      vertex -32.6506 28.5706 3
    endloop
  endfacet
  facet normal -0 0 1
    outer loop
      vertex -33.5307 30.6955 3
      vertex -32.6506 28.5706 3
      vertex -33.0353 30.8637 3
    endloop
  endfacet
  facet normal 0 0 1
    outer loop
      vertex -32.6506 28.5706 3
      vertex -33.5307 30.6955 3
      vertex -32.85 28.4722 3
    endloop
  endfacet
  facet normal -0 0 1
    outer loop
      vertex -34 30.4641 3
      vertex -32.85 28.4722 3
      vertex -33.5307 30.6955 3
    endloop
  endfacet
  facet normal 0 0 1
    outer loop
      vertex -32.85 28.4722 3
      vertex -34 30.4641 3
      vertex -33.0349 28.3487 3
    endloop
  endfacet
  facet normal -0 0 1
    outer loop
      vertex -34.435 30.1734 3
      vertex -33.0349 28.3487 3
      vertex -34 30.4641 3
    endloop
  endfacet
  facet normal 0 0 1
    outer loop
      vertex -33.0349 28.3487 3
      vertex -34.435 30.1734 3
      vertex -33.2021 28.2021 3
    endloop
  endfacet
  facet normal -0 0 1
    outer loop
      vertex -34.8284 29.8284 3
      vertex -33.2021 28.2021 3
      vertex -34.435 30.1734 3
    endloop
  endfacet
  facet normal 0 0 1
    outer loop
      vertex -33.2021 28.2021 3
      vertex -34.8284 29.8284 3
      vertex -33.3487 28.0349 3
    endloop
  endfacet
  facet normal -0 0 1
    outer loop
      vertex -35.1734 29.435 3
      vertex -33.3487 28.0349 3
      vertex -34.8284 29.8284 3
    endloop
  endfacet
  facet normal 0 0 1
    outer loop
      vertex -33.3487 28.0349 3
      vertex -35.1734 29.435 3
      vertex -33.4722 27.85 3
    endloop
  endfacet
  facet normal 0 0 1
    outer loop
      vertex -33.4722 27.85 3
      vertex -35.4641 29 3
      vertex -33.5706 27.6506 3
    endloop
  endfacet
  facet normal -0 0 1
    outer loop
      vertex -35.4641 29 3
      vertex -33.4722 27.85 3
      vertex -35.1734 29.435 3
    endloop
  endfacet
  facet normal -0 0 1
    outer loop
      vertex 33.4722 -27.85 3
      vertex 35.4641 -29 3
      vertex 33.5706 -27.6506 3
    endloop
  endfacet
  facet normal 0 0 1
    outer loop
      vertex 35.4641 -29 3
      vertex 33.4722 -27.85 3
      vertex 35.1734 -29.435 3
    endloop
  endfacet
  facet normal -0 0 1
    outer loop
      vertex 33.3487 -28.0349 3
      vertex 35.1734 -29.435 3
      vertex 33.4722 -27.85 3
    endloop
  endfacet
  facet normal 0 0 1
    outer loop
      vertex 35.1734 -29.435 3
      vertex 33.3487 -28.0349 3
      vertex 34.8284 -29.8284 3
    endloop
  endfacet
  facet normal -0 0 1
    outer loop
      vertex 33.2021 -28.2021 3
      vertex 34.8284 -29.8284 3
      vertex 33.3487 -28.0349 3
    endloop
  endfacet
  facet normal 0 0 1
    outer loop
      vertex 34.8284 -29.8284 3
      vertex 33.2021 -28.2021 3
      vertex 34.435 -30.1734 3
    endloop
  endfacet
  facet normal -0 0 1
    outer loop
      vertex 33.0349 -28.3487 3
      vertex 34.435 -30.1734 3
      vertex 33.2021 -28.2021 3
    endloop
  endfacet
  facet normal 0 0 1
    outer loop
      vertex 34.435 -30.1734 3
      vertex 33.0349 -28.3487 3
      vertex 34 -30.4641 3
    endloop
  endfacet
  facet normal -0 0 1
    outer loop
      vertex 32.85 -28.4722 3
      vertex 34 -30.4641 3
      vertex 33.0349 -28.3487 3
    endloop
  endfacet
  facet normal 0 0 1
    outer loop
      vertex 34 -30.4641 3
      vertex 32.85 -28.4722 3
      vertex 33.5307 -30.6955 3
    endloop
  endfacet
  facet normal -0 0 1
    outer loop
      vertex 32.6506 -28.5706 3
      vertex 33.5307 -30.6955 3
      vertex 32.85 -28.4722 3
    endloop
  endfacet
  facet normal 0 0 1
    outer loop
      vertex 33.5307 -30.6955 3
      vertex 32.6506 -28.5706 3
      vertex 33.0353 -30.8637 3
    endloop
  endfacet
  facet normal -0 0 1
    outer loop
      vertex 32.44 -28.6421 3
      vertex 33.0353 -30.8637 3
      vertex 32.6506 -28.5706 3
    endloop
  endfacet
  facet normal 0 0 1
    outer loop
      vertex 33.0353 -30.8637 3
      vertex 32.44 -28.6421 3
      vertex 32.5221 -30.9658 3
    endloop
  endfacet
  facet normal -0 0 1
    outer loop
      vertex 32.2219 -28.6855 3
      vertex 32.5221 -30.9658 3
      vertex 32.44 -28.6421 3
    endloop
  endfacet
  facet normal -0 0 1
    outer loop
      vertex 32 -28.7 3
      vertex 32.5221 -30.9658 3
      vertex 32.2219 -28.6855 3
    endloop
  endfacet
  facet normal 0 0 1
    outer loop
      vertex 32 -28.7 3
      vertex 32 -31 3
      vertex 32.5221 -30.9658 3
    endloop
  endfacet
  facet normal 0 0 1
    outer loop
      vertex 31.7781 -28.6855 3
      vertex 32 -31 3
      vertex 32 -28.7 3
    endloop
  endfacet
  facet normal 0 0 1
    outer loop
      vertex 31.56 -28.6421 3
      vertex 32 -31 3
      vertex 31.7781 -28.6855 3
    endloop
  endfacet
  facet normal 0 0 1
    outer loop
      vertex 31.3494 -28.5706 3
      vertex 32 -31 3
      vertex 31.56 -28.6421 3
    endloop
  endfacet
  facet normal 0 0 1
    outer loop
      vertex 31.15 -28.4722 3
      vertex 32 -31 3
      vertex 31.3494 -28.5706 3
    endloop
  endfacet
  facet normal 0 0 1
    outer loop
      vertex 30.9651 -28.3487 3
      vertex 32 -31 3
      vertex 31.15 -28.4722 3
    endloop
  endfacet
  facet normal 0 0 1
    outer loop
      vertex 30.7979 -28.2021 3
      vertex 32 -31 3
      vertex 30.9651 -28.3487 3
    endloop
  endfacet
  facet normal 0 0 1
    outer loop
      vertex 30.6513 -28.0349 3
      vertex 32 -31 3
      vertex 30.7979 -28.2021 3
    endloop
  endfacet
  facet normal 0 0 1
    outer loop
      vertex 30.5278 -27.85 3
      vertex 32 -31 3
      vertex 30.6513 -28.0349 3
    endloop
  endfacet
  facet normal 0 0 1
    outer loop
      vertex -30.5278 -27.85 3
      vertex 30.5278 -27.85 3
      vertex 30.4294 -27.6506 3
    endloop
  endfacet
  facet normal 0 0 1
    outer loop
      vertex 30.7979 -25.7979 3
      vertex 11.8 -6.5 3
      vertex 30.6513 -25.9651 3
    endloop
  endfacet
  facet normal 0 0 1
    outer loop
      vertex 30.6513 -25.9651 3
      vertex 11.8 -6.5 3
      vertex 30.5278 -26.15 3
    endloop
  endfacet
  facet normal 0 0 1
    outer loop
      vertex 30.5278 -26.15 3
      vertex 11.8 -6.5 3
      vertex 30.4294 -26.3494 3
    endloop
  endfacet
  facet normal 0 0 1
    outer loop
      vertex 30.4294 -26.3494 3
      vertex 11.8 -6.5 3
      vertex 30.3579 -26.56 3
    endloop
  endfacet
  facet normal 0 0 1
    outer loop
      vertex 30.3579 -26.56 3
      vertex 11.8 -6.5 3
      vertex 30.3145 -26.7781 3
    endloop
  endfacet
  facet normal 0 0 1
    outer loop
      vertex 30.3145 -26.7781 3
      vertex 11.8 -6.5 3
      vertex 30.3 -27 3
    endloop
  endfacet
  facet normal 0 0 1
    outer loop
      vertex 30.3 -27 3
      vertex 11.8 -6.5 3
      vertex 30.3145 -27.2219 3
    endloop
  endfacet
  facet normal 0 0 1
    outer loop
      vertex 30.3145 -27.2219 3
      vertex 11.8 -6.5 3
      vertex 30.3579 -27.44 3
    endloop
  endfacet
  facet normal 0 0 1
    outer loop
      vertex -30.3579 -27.44 3
      vertex 30.3579 -27.44 3
      vertex 11.8 -6.5 3
    endloop
  endfacet
  facet normal 0 0 1
    outer loop
      vertex 11.8 -6.5 3
      vertex 14.852 -0.730499 3
      vertex 14.7485 -0.848526 3
    endloop
  endfacet
  facet normal 0 0 1
    outer loop
      vertex 11.8 -6.5 3
      vertex 14.7485 -0.848526 3
      vertex 14.6305 -0.952011 3
    endloop
  endfacet
  facet normal 0 0 1
    outer loop
      vertex 11.8 -6.5 3
      vertex 14.6305 -0.952011 3
      vertex 14.5 -1.03923 3
    endloop
  endfacet
  facet normal 0 0 1
    outer loop
      vertex 11.8 -6.5 3
      vertex 14.5 -1.03923 3
      vertex 14.3592 -1.10864 3
    endloop
  endfacet
  facet normal 0 0 1
    outer loop
      vertex 11.8 -6.5 3
      vertex 14.3592 -1.10864 3
      vertex 14.2106 -1.1591 3
    endloop
  endfacet
  facet normal 0 0 1
    outer loop
      vertex 11.8 -6.5 3
      vertex 14.2106 -1.1591 3
      vertex 14.0566 -1.18973 3
    endloop
  endfacet
  facet normal 0 0 1
    outer loop
      vertex 11.8 -6.5 3
      vertex 14.0566 -1.18973 3
      vertex 13.9 -1.2 3
    endloop
  endfacet
  facet normal 0 0 1
    outer loop
      vertex 11.8 -6.5 3
      vertex 13.9 -1.2 3
      vertex 13.7434 -1.18973 3
    endloop
  endfacet
  facet normal 0 0 1
    outer loop
      vertex 11.8 -6.5 3
      vertex 13.7434 -1.18973 3
      vertex 13.5894 -1.1591 3
    endloop
  endfacet
  facet normal 0 0 1
    outer loop
      vertex 11.8 -6.5 3
      vertex 13.5894 -1.1591 3
      vertex 13.4408 -1.10864 3
    endloop
  endfacet
  facet normal 0 0 1
    outer loop
      vertex 11.8 -6.5 3
      vertex 13.4408 -1.10864 3
      vertex 13.3 -1.03923 3
    endloop
  endfacet
  facet normal 0 0 1
    outer loop
      vertex 11.8 -6.5 3
      vertex 13.3 -1.03923 3
      vertex 13.1695 -0.952011 3
    endloop
  endfacet
  facet normal 0 0 1
    outer loop
      vertex 11.8 -6.5 3
      vertex 13.1695 -0.952011 3
      vertex 13.0515 -0.848526 3
    endloop
  endfacet
  facet normal 0 0 1
    outer loop
      vertex 11.8 -6.5 3
      vertex 13.0515 -0.848526 3
      vertex 12.948 -0.730499 3
    endloop
  endfacet
  facet normal 0 0 1
    outer loop
      vertex 11.8 -6.5 3
      vertex 12.948 -0.730499 3
      vertex 12.8608 -0.599991 3
    endloop
  endfacet
  facet normal 0 0 1
    outer loop
      vertex 11.8 -6.5 3
      vertex 12.7 0 3
      vertex 11.8 6.5 3
    endloop
  endfacet
  facet normal 0 0 1
    outer loop
      vertex 12.7 0 3
      vertex 11.8 -6.5 3
      vertex 12.7103 -0.156616 3
    endloop
  endfacet
  facet normal 0 0 1
    outer loop
      vertex 11.8 -6.5 3
      vertex 12.7409 -0.310577 3
      vertex 12.7103 -0.156616 3
    endloop
  endfacet
  facet normal 0 0 1
    outer loop
      vertex 11.8 -6.5 3
      vertex 12.7913 -0.459213 3
      vertex 12.7409 -0.310577 3
    endloop
  endfacet
  facet normal 0 0 1
    outer loop
      vertex 11.8 -6.5 3
      vertex 12.8608 -0.599991 3
      vertex 12.7913 -0.459213 3
    endloop
  endfacet
  facet normal 0 0 1
    outer loop
      vertex 30.3579 -27.44 3
      vertex -30.3579 -27.44 3
      vertex 30.4294 -27.6506 3
    endloop
  endfacet
  facet normal 0 0 1
    outer loop
      vertex -30.3579 -27.44 3
      vertex 11.8 -6.5 3
      vertex -11.8 -6.5 3
    endloop
  endfacet
  facet normal -0 0 1
    outer loop
      vertex -12.7103 -0.156616 3
      vertex -11.8 -6.5 3
      vertex -12.7 0 3
    endloop
  endfacet
  facet normal -0 0 1
    outer loop
      vertex -12.7409 -0.310577 3
      vertex -11.8 -6.5 3
      vertex -12.7103 -0.156616 3
    endloop
  endfacet
  facet normal -0 0 1
    outer loop
      vertex -12.7913 -0.459213 3
      vertex -11.8 -6.5 3
      vertex -12.7409 -0.310577 3
    endloop
  endfacet
  facet normal -0 0 1
    outer loop
      vertex -12.8608 -0.599991 3
      vertex -11.8 -6.5 3
      vertex -12.7913 -0.459213 3
    endloop
  endfacet
  facet normal -0 0 1
    outer loop
      vertex -12.948 -0.730499 3
      vertex -11.8 -6.5 3
      vertex -12.8608 -0.599991 3
    endloop
  endfacet
  facet normal -0 0 1
    outer loop
      vertex -13.0515 -0.848526 3
      vertex -11.8 -6.5 3
      vertex -12.948 -0.730499 3
    endloop
  endfacet
  facet normal -0 0 1
    outer loop
      vertex -13.1695 -0.952011 3
      vertex -11.8 -6.5 3
      vertex -13.0515 -0.848526 3
    endloop
  endfacet
  facet normal -0 0 1
    outer loop
      vertex -13.3 -1.03923 3
      vertex -11.8 -6.5 3
      vertex -13.1695 -0.952011 3
    endloop
  endfacet
  facet normal -0 0 1
    outer loop
      vertex -13.4408 -1.10864 3
      vertex -11.8 -6.5 3
      vertex -13.3 -1.03923 3
    endloop
  endfacet
  facet normal -0 0 1
    outer loop
      vertex -13.5894 -1.1591 3
      vertex -11.8 -6.5 3
      vertex -13.4408 -1.10864 3
    endloop
  endfacet
  facet normal -0 0 1
    outer loop
      vertex -13.7434 -1.18973 3
      vertex -11.8 -6.5 3
      vertex -13.5894 -1.1591 3
    endloop
  endfacet
  facet normal -0 0 1
    outer loop
      vertex -13.9 -1.2 3
      vertex -11.8 -6.5 3
      vertex -13.7434 -1.18973 3
    endloop
  endfacet
  facet normal 0 0 1
    outer loop
      vertex -14.0566 -1.18973 3
      vertex -11.8 -6.5 3
      vertex -13.9 -1.2 3
    endloop
  endfacet
  facet normal 0 0 1
    outer loop
      vertex -14.2106 -1.1591 3
      vertex -11.8 -6.5 3
      vertex -14.0566 -1.18973 3
    endloop
  endfacet
  facet normal 0 0 1
    outer loop
      vertex -14.3592 -1.10864 3
      vertex -11.8 -6.5 3
      vertex -14.2106 -1.1591 3
    endloop
  endfacet
  facet normal 0 0 1
    outer loop
      vertex -14.5 -1.03923 3
      vertex -11.8 -6.5 3
      vertex -14.3592 -1.10864 3
    endloop
  endfacet
  facet normal 0 0 1
    outer loop
      vertex -14.6305 -0.952011 3
      vertex -11.8 -6.5 3
      vertex -14.5 -1.03923 3
    endloop
  endfacet
  facet normal 0 0 1
    outer loop
      vertex -14.7485 -0.848526 3
      vertex -11.8 -6.5 3
      vertex -14.6305 -0.952011 3
    endloop
  endfacet
  facet normal 0 0 1
    outer loop
      vertex -14.852 -0.730499 3
      vertex -11.8 -6.5 3
      vertex -14.7485 -0.848526 3
    endloop
  endfacet
  facet normal 0 0 1
    outer loop
      vertex -30.3 -27 3
      vertex -14.852 -0.730499 3
      vertex -14.9392 -0.599991 3
    endloop
  endfacet
  facet normal -0 0 1
    outer loop
      vertex -30.9651 25.6513 3
      vertex -11.8 6.5 3
      vertex -30.7979 25.7979 3
    endloop
  endfacet
  facet normal 0 0 1
    outer loop
      vertex -15.1 0 3
      vertex -30.3 -27 3
      vertex -15.0897 -0.156616 3
    endloop
  endfacet
  facet normal 0 0 1
    outer loop
      vertex -15.0897 -0.156616 3
      vertex -30.3 -27 3
      vertex -15.0591 -0.310577 3
    endloop
  endfacet
  facet normal 0 0 1
    outer loop
      vertex -15.0591 -0.310577 3
      vertex -30.3 -27 3
      vertex -15.0087 -0.459213 3
    endloop
  endfacet
  facet normal 0 0 1
    outer loop
      vertex -15.0087 -0.459213 3
      vertex -30.3 -27 3
      vertex -14.9392 -0.599991 3
    endloop
  endfacet
  facet normal 0 0 1
    outer loop
      vertex -14.852 -0.730499 3
      vertex -30.3 -27 3
      vertex -11.8 -6.5 3
    endloop
  endfacet
  facet normal 0 0 1
    outer loop
      vertex -30.3145 -27.2219 3
      vertex -11.8 -6.5 3
      vertex -30.3 -27 3
    endloop
  endfacet
  facet normal 0 0 1
    outer loop
      vertex -30.3579 -27.44 3
      vertex -11.8 -6.5 3
      vertex -30.3145 -27.2219 3
    endloop
  endfacet
  facet normal 0 0 1
    outer loop
      vertex -30.4294 -27.6506 3
      vertex 30.4294 -27.6506 3
      vertex -30.3579 -27.44 3
    endloop
  endfacet
  facet normal 0 0 1
    outer loop
      vertex -30.5278 -27.85 3
      vertex 30.4294 -27.6506 3
      vertex -30.4294 -27.6506 3
    endloop
  endfacet
  facet normal 0 0 1
    outer loop
      vertex 30.5278 -27.85 3
      vertex -30.5278 -27.85 3
      vertex 32 -31 3
    endloop
  endfacet
  facet normal 0 0 1
    outer loop
      vertex -32 -31 3
      vertex -30.5278 -27.85 3
      vertex -30.6513 -28.0349 3
    endloop
  endfacet
  facet normal 0 0 1
    outer loop
      vertex -32 -31 3
      vertex -30.6513 -28.0349 3
      vertex -30.7979 -28.2021 3
    endloop
  endfacet
  facet normal 0 0 1
    outer loop
      vertex -32 -31 3
      vertex -30.7979 -28.2021 3
      vertex -30.9651 -28.3487 3
    endloop
  endfacet
  facet normal 0 0 1
    outer loop
      vertex -32 -31 3
      vertex -30.9651 -28.3487 3
      vertex -31.15 -28.4722 3
    endloop
  endfacet
  facet normal 0 0 1
    outer loop
      vertex -32 -31 3
      vertex -31.15 -28.4722 3
      vertex -31.3494 -28.5706 3
    endloop
  endfacet
  facet normal 0 0 1
    outer loop
      vertex -32 -31 3
      vertex -31.3494 -28.5706 3
      vertex -31.56 -28.6421 3
    endloop
  endfacet
  facet normal 0 0 1
    outer loop
      vertex -32 -31 3
      vertex -31.56 -28.6421 3
      vertex -31.7781 -28.6855 3
    endloop
  endfacet
  facet normal 0 0 1
    outer loop
      vertex -32 -31 3
      vertex -31.7781 -28.6855 3
      vertex -32 -28.7 3
    endloop
  endfacet
  facet normal 0 0 1
    outer loop
      vertex -30.5278 -27.85 3
      vertex -32 -31 3
      vertex 32 -31 3
    endloop
  endfacet
  facet normal 0 0 1
    outer loop
      vertex -32.2219 -28.6855 3
      vertex -32 -31 3
      vertex -32 -28.7 3
    endloop
  endfacet
  facet normal 0 0 1
    outer loop
      vertex -32.5221 -30.9658 3
      vertex -32.2219 -28.6855 3
      vertex -32.44 -28.6421 3
    endloop
  endfacet
  facet normal 0 0 1
    outer loop
      vertex -32.2219 -28.6855 3
      vertex -32.5221 -30.9658 3
      vertex -32 -31 3
    endloop
  endfacet
  facet normal 0 0 1
    outer loop
      vertex -33.0353 -30.8637 3
      vertex -32.44 -28.6421 3
      vertex -32.6506 -28.5706 3
    endloop
  endfacet
  facet normal 0 0 1
    outer loop
      vertex -33.5307 -30.6955 3
      vertex -32.6506 -28.5706 3
      vertex -32.85 -28.4722 3
    endloop
  endfacet
  facet normal 0 0 1
    outer loop
      vertex -34 -30.4641 3
      vertex -32.85 -28.4722 3
      vertex -33.0349 -28.3487 3
    endloop
  endfacet
  facet normal 0 0 1
    outer loop
      vertex -32.44 -28.6421 3
      vertex -33.0353 -30.8637 3
      vertex -32.5221 -30.9658 3
    endloop
  endfacet
  facet normal 0 0 1
    outer loop
      vertex -34.435 -30.1734 3
      vertex -33.0349 -28.3487 3
      vertex -33.2021 -28.2021 3
    endloop
  endfacet
  facet normal 0 0 1
    outer loop
      vertex -34.8284 -29.8284 3
      vertex -33.2021 -28.2021 3
      vertex -33.3487 -28.0349 3
    endloop
  endfacet
  facet normal 0 0 1
    outer loop
      vertex -35.1734 -29.435 3
      vertex -33.3487 -28.0349 3
      vertex -33.4722 -27.85 3
    endloop
  endfacet
  facet normal 0 0 1
    outer loop
      vertex -32.6506 -28.5706 3
      vertex -33.5307 -30.6955 3
      vertex -33.0353 -30.8637 3
    endloop
  endfacet
  facet normal 0 0 1
    outer loop
      vertex -35.4641 -29 3
      vertex -33.4722 -27.85 3
      vertex -33.5706 -27.6506 3
    endloop
  endfacet
  facet normal 0 0 1
    outer loop
      vertex -35.6955 -28.5307 3
      vertex -33.5706 -27.6506 3
      vertex -33.6421 -27.44 3
    endloop
  endfacet
  facet normal 0 0 1
    outer loop
      vertex -35.8637 -28.0353 3
      vertex -33.6421 -27.44 3
      vertex -33.6855 -27.2219 3
    endloop
  endfacet
  facet normal 0 0 1
    outer loop
      vertex -35.9658 -27.5221 3
      vertex -33.6855 -27.2219 3
      vertex -33.7 -27 3
    endloop
  endfacet
  facet normal 0 0 1
    outer loop
      vertex -32.85 -28.4722 3
      vertex -34 -30.4641 3
      vertex -33.5307 -30.6955 3
    endloop
  endfacet
  facet normal 0 0 1
    outer loop
      vertex -33.6421 -26.56 3
      vertex -36 -27 3
      vertex -33.6855 -26.7781 3
    endloop
  endfacet
  facet normal -0 0 1
    outer loop
      vertex -35.6955 28.5307 3
      vertex -33.5706 27.6506 3
      vertex -35.4641 29 3
    endloop
  endfacet
  facet normal 0 0 1
    outer loop
      vertex -33.6855 -26.7781 3
      vertex -36 -27 3
      vertex -33.7 -27 3
    endloop
  endfacet
  facet normal 0 0 1
    outer loop
      vertex -33.5706 27.6506 3
      vertex -35.6955 28.5307 3
      vertex -33.6421 27.44 3
    endloop
  endfacet
  facet normal 0 -0 1
    outer loop
      vertex -35.9658 -27.5221 3
      vertex -33.7 -27 3
      vertex -36 -27 3
    endloop
  endfacet
  facet normal -0 0 1
    outer loop
      vertex -35.8637 28.0353 3
      vertex -33.6421 27.44 3
      vertex -35.6955 28.5307 3
    endloop
  endfacet
  facet normal 0 0 1
    outer loop
      vertex -33.0349 -28.3487 3
      vertex -34.435 -30.1734 3
      vertex -34 -30.4641 3
    endloop
  endfacet
  facet normal 0 0 1
    outer loop
      vertex -33.6421 27.44 3
      vertex -35.8637 28.0353 3
      vertex -33.6855 27.2219 3
    endloop
  endfacet
  facet normal 0 0 1
    outer loop
      vertex -33.2021 -28.2021 3
      vertex -34.8284 -29.8284 3
      vertex -34.435 -30.1734 3
    endloop
  endfacet
  facet normal -0 0 1
    outer loop
      vertex -35.9658 27.5221 3
      vertex -33.6855 27.2219 3
      vertex -35.8637 28.0353 3
    endloop
  endfacet
  facet normal 0 0 1
    outer loop
      vertex -33.3487 -28.0349 3
      vertex -35.1734 -29.435 3
      vertex -34.8284 -29.8284 3
    endloop
  endfacet
  facet normal 0 0 1
    outer loop
      vertex -33.6855 27.2219 3
      vertex -35.9658 27.5221 3
      vertex -33.7 27 3
    endloop
  endfacet
  facet normal 0 0 1
    outer loop
      vertex -33.4722 -27.85 3
      vertex -35.4641 -29 3
      vertex -35.1734 -29.435 3
    endloop
  endfacet
  facet normal 0 0 1
    outer loop
      vertex -33.7 27 3
      vertex -35.9658 27.5221 3
      vertex -36 27 3
    endloop
  endfacet
  facet normal 0 0 1
    outer loop
      vertex -33.5706 -27.6506 3
      vertex -35.6955 -28.5307 3
      vertex -35.4641 -29 3
    endloop
  endfacet
  facet normal 0 0 1
    outer loop
      vertex -33.6421 -27.44 3
      vertex -35.8637 -28.0353 3
      vertex -35.6955 -28.5307 3
    endloop
  endfacet
  facet normal 0 0 1
    outer loop
      vertex -33.6855 -27.2219 3
      vertex -35.9658 -27.5221 3
      vertex -35.8637 -28.0353 3
    endloop
  endfacet
  facet normal -0.751842 -0.659343 0
    outer loop
      vertex -34.8284 -29.8284 0
      vertex -35.1734 -29.435 3
      vertex -35.1734 -29.435 0
    endloop
  endfacet
  facet normal -0.751842 -0.659343 0
    outer loop
      vertex -35.1734 -29.435 3
      vertex -34.8284 -29.8284 0
      vertex -34.8284 -29.8284 3
    endloop
  endfacet
  facet normal 0 0 -1
    outer loop
      vertex -31.15 -25.5278 0
      vertex -11.8 -6.5 0
      vertex -30.9651 -25.6513 0
    endloop
  endfacet
  facet normal 0 0 -1
    outer loop
      vertex -15.1 0 0
      vertex -30.3145 26.7781 0
      vertex -30.3 27 0
    endloop
  endfacet
  facet normal 0 0 -1
    outer loop
      vertex -31.3494 -25.4294 0
      vertex -11.8 -6.5 0
      vertex -31.15 -25.5278 0
    endloop
  endfacet
  facet normal 0 0 -1
    outer loop
      vertex -15.1 0 0
      vertex -30.3579 26.56 0
      vertex -30.3145 26.7781 0
    endloop
  endfacet
  facet normal 0 0 -1
    outer loop
      vertex -31.56 -25.3579 0
      vertex -11.8 -6.5 0
      vertex -31.3494 -25.4294 0
    endloop
  endfacet
  facet normal 0 0 -1
    outer loop
      vertex -15.1 0 0
      vertex -30.4294 26.3494 0
      vertex -30.3579 26.56 0
    endloop
  endfacet
  facet normal -0 0 -1
    outer loop
      vertex -11.8 -6.5 0
      vertex -31.56 -25.3579 0
      vertex -14.852 -0.730499 0
    endloop
  endfacet
  facet normal 0 0 -1
    outer loop
      vertex -15.1 0 0
      vertex -30.5278 26.15 0
      vertex -30.4294 26.3494 0
    endloop
  endfacet
  facet normal -0 0 -1
    outer loop
      vertex -14.852 -0.730499 0
      vertex -31.56 -25.3579 0
      vertex -14.9392 -0.599991 0
    endloop
  endfacet
  facet normal 0 0 -1
    outer loop
      vertex -15.1 0 0
      vertex -30.6513 25.9651 0
      vertex -30.5278 26.15 0
    endloop
  endfacet
  facet normal 0 0 -1
    outer loop
      vertex -31.7781 -25.3145 0
      vertex -14.9392 -0.599991 0
      vertex -31.56 -25.3579 0
    endloop
  endfacet
  facet normal 0 0 -1
    outer loop
      vertex -15.1 0 0
      vertex -30.7979 25.7979 0
      vertex -30.6513 25.9651 0
    endloop
  endfacet
  facet normal -0 0 -1
    outer loop
      vertex -14.9392 -0.599991 0
      vertex -31.7781 -25.3145 0
      vertex -15.0087 -0.459213 0
    endloop
  endfacet
  facet normal 0 0 -1
    outer loop
      vertex -15.1 0 0
      vertex -30.9651 25.6513 0
      vertex -30.7979 25.7979 0
    endloop
  endfacet
  facet normal 0 0 -1
    outer loop
      vertex -32 -25.3 0
      vertex -15.0087 -0.459213 0
      vertex -31.7781 -25.3145 0
    endloop
  endfacet
  facet normal 0 0 -1
    outer loop
      vertex -15.1 0 0
      vertex -31.15 25.5278 0
      vertex -30.9651 25.6513 0
    endloop
  endfacet
  facet normal -0 0 -1
    outer loop
      vertex -15.0087 -0.459213 0
      vertex -32 -25.3 0
      vertex -15.0591 -0.310577 0
    endloop
  endfacet
  facet normal 0 0 -1
    outer loop
      vertex -15.1 0 0
      vertex -31.3494 25.4294 0
      vertex -31.15 25.5278 0
    endloop
  endfacet
  facet normal 0 0 -1
    outer loop
      vertex -32.2219 -25.3145 0
      vertex -15.0591 -0.310577 0
      vertex -32 -25.3 0
    endloop
  endfacet
  facet normal 0 0 -1
    outer loop
      vertex -15.1 0 0
      vertex -31.56 25.3579 0
      vertex -31.3494 25.4294 0
    endloop
  endfacet
  facet normal -0 0 -1
    outer loop
      vertex -15.0591 -0.310577 0
      vertex -32.2219 -25.3145 0
      vertex -15.0897 -0.156616 0
    endloop
  endfacet
  facet normal 0 0 -1
    outer loop
      vertex -15.1 0 0
      vertex -31.7781 25.3145 0
      vertex -31.56 25.3579 0
    endloop
  endfacet
  facet normal 0 0 -1
    outer loop
      vertex -32.44 -25.3579 0
      vertex -15.0897 -0.156616 0
      vertex -32.2219 -25.3145 0
    endloop
  endfacet
  facet normal 0 0 -1
    outer loop
      vertex -15.1 0 0
      vertex -32 25.3 0
      vertex -31.7781 25.3145 0
    endloop
  endfacet
  facet normal -0 0 -1
    outer loop
      vertex -15.0897 -0.156616 0
      vertex -32.44 -25.3579 0
      vertex -15.1 0 0
    endloop
  endfacet
  facet normal 0 0 -1
    outer loop
      vertex -15.1 0 0
      vertex -32.2219 25.3145 0
      vertex -32 25.3 0
    endloop
  endfacet
  facet normal 0 0 -1
    outer loop
      vertex -32.6506 -25.4294 0
      vertex -15.1 0 0
      vertex -32.44 -25.3579 0
    endloop
  endfacet
  facet normal 0 0 -1
    outer loop
      vertex -15.1 0 0
      vertex -32.44 25.3579 0
      vertex -32.2219 25.3145 0
    endloop
  endfacet
  facet normal 0 0 -1
    outer loop
      vertex -32.6506 25.4294 0
      vertex -15.1 0 0
      vertex -32.6506 -25.4294 0
    endloop
  endfacet
  facet normal 0 0 -1
    outer loop
      vertex -15.1 0 0
      vertex -32.6506 25.4294 0
      vertex -32.44 25.3579 0
    endloop
  endfacet
  facet normal 0 0 -1
    outer loop
      vertex -32.85 -25.5278 0
      vertex -32.6506 25.4294 0
      vertex -32.6506 -25.4294 0
    endloop
  endfacet
  facet normal 0 0 -1
    outer loop
      vertex -32.85 -25.5278 0
      vertex -32.85 25.5278 0
      vertex -32.6506 25.4294 0
    endloop
  endfacet
  facet normal 0 0 -1
    outer loop
      vertex -36 -27 0
      vertex -32.85 -25.5278 0
      vertex -33.0349 -25.6513 0
    endloop
  endfacet
  facet normal -0 0 -1
    outer loop
      vertex -32.85 -25.5278 0
      vertex -36 -27 0
      vertex -32.85 25.5278 0
    endloop
  endfacet
  facet normal 0 0 -1
    outer loop
      vertex -36 -27 0
      vertex -33.0349 -25.6513 0
      vertex -33.2021 -25.7979 0
    endloop
  endfacet
  facet normal 0 0 -1
    outer loop
      vertex -36 27 0
      vertex -32.85 25.5278 0
      vertex -36 -27 0
    endloop
  endfacet
  facet normal 0 0 -1
    outer loop
      vertex -36 -27 0
      vertex -33.2021 -25.7979 0
      vertex -33.3487 -25.9651 0
    endloop
  endfacet
  facet normal 0 0 -1
    outer loop
      vertex -32.85 25.5278 0
      vertex -36 27 0
      vertex -33.0349 25.6513 0
    endloop
  endfacet
  facet normal 0 0 -1
    outer loop
      vertex -36 -27 0
      vertex -33.3487 -25.9651 0
      vertex -33.4722 -26.15 0
    endloop
  endfacet
  facet normal 0 0 -1
    outer loop
      vertex -33.0349 25.6513 0
      vertex -36 27 0
      vertex -33.2021 25.7979 0
    endloop
  endfacet
  facet normal 0 0 -1
    outer loop
      vertex -36 -27 0
      vertex -33.4722 -26.15 0
      vertex -33.5706 -26.3494 0
    endloop
  endfacet
  facet normal 0 0 -1
    outer loop
      vertex -33.2021 25.7979 0
      vertex -36 27 0
      vertex -33.3487 25.9651 0
    endloop
  endfacet
  facet normal 0 0 -1
    outer loop
      vertex -36 -27 0
      vertex -33.5706 -26.3494 0
      vertex -33.6421 -26.56 0
    endloop
  endfacet
  facet normal 0 0 -1
    outer loop
      vertex -33.3487 25.9651 0
      vertex -36 27 0
      vertex -33.4722 26.15 0
    endloop
  endfacet
  facet normal 0 0 -1
    outer loop
      vertex -36 -27 0
      vertex -33.6421 -26.56 0
      vertex -33.6855 -26.7781 0
    endloop
  endfacet
  facet normal 0 0 -1
    outer loop
      vertex -33.4722 26.15 0
      vertex -36 27 0
      vertex -33.5706 26.3494 0
    endloop
  endfacet
  facet normal 0 0 -1
    outer loop
      vertex -36 -27 0
      vertex -33.6855 -26.7781 0
      vertex -33.7 -27 0
    endloop
  endfacet
  facet normal 0 0 -1
    outer loop
      vertex -33.5706 26.3494 0
      vertex -36 27 0
      vertex -33.6421 26.56 0
    endloop
  endfacet
  facet normal 0 0 -1
    outer loop
      vertex 33.5706 -26.3494 0
      vertex 36 -27 0
      vertex 33.6421 -26.56 0
    endloop
  endfacet
  facet normal -0 0 -1
    outer loop
      vertex 36 27 0
      vertex 33.6855 26.7781 0
      vertex 33.7 27 0
    endloop
  endfacet
  facet normal 0 0 -1
    outer loop
      vertex 33.4722 -26.15 0
      vertex 36 -27 0
      vertex 33.5706 -26.3494 0
    endloop
  endfacet
  facet normal 0 0 -1
    outer loop
      vertex 36 27 0
      vertex 33.6421 26.56 0
      vertex 33.6855 26.7781 0
    endloop
  endfacet
  facet normal 0 0 -1
    outer loop
      vertex 33.3487 -25.9651 0
      vertex 36 -27 0
      vertex 33.4722 -26.15 0
    endloop
  endfacet
  facet normal 0 0 -1
    outer loop
      vertex 36 27 0
      vertex 33.5706 26.3494 0
      vertex 33.6421 26.56 0
    endloop
  endfacet
  facet normal 0 0 -1
    outer loop
      vertex 33.2021 -25.7979 0
      vertex 36 -27 0
      vertex 33.3487 -25.9651 0
    endloop
  endfacet
  facet normal 0 0 -1
    outer loop
      vertex 36 27 0
      vertex 33.4722 26.15 0
      vertex 33.5706 26.3494 0
    endloop
  endfacet
  facet normal 0 0 -1
    outer loop
      vertex 33.0349 -25.6513 0
      vertex 36 -27 0
      vertex 33.2021 -25.7979 0
    endloop
  endfacet
  facet normal 0 0 -1
    outer loop
      vertex 36 27 0
      vertex 33.3487 25.9651 0
      vertex 33.4722 26.15 0
    endloop
  endfacet
  facet normal 0 0 -1
    outer loop
      vertex 32.85 -25.5278 0
      vertex 36 -27 0
      vertex 33.0349 -25.6513 0
    endloop
  endfacet
  facet normal 0 0 -1
    outer loop
      vertex 36 27 0
      vertex 33.2021 25.7979 0
      vertex 33.3487 25.9651 0
    endloop
  endfacet
  facet normal 0 0 -1
    outer loop
      vertex 36 -27 0
      vertex 32.85 -25.5278 0
      vertex 36 27 0
    endloop
  endfacet
  facet normal 0 0 -1
    outer loop
      vertex 36 27 0
      vertex 33.0349 25.6513 0
      vertex 33.2021 25.7979 0
    endloop
  endfacet
  facet normal 0 0 -1
    outer loop
      vertex 32.85 25.5278 0
      vertex 36 27 0
      vertex 32.85 -25.5278 0
    endloop
  endfacet
  facet normal 0 0 -1
    outer loop
      vertex 36 27 0
      vertex 32.85 25.5278 0
      vertex 33.0349 25.6513 0
    endloop
  endfacet
  facet normal 0 0 -1
    outer loop
      vertex 32.6506 -25.4294 0
      vertex 32.85 25.5278 0
      vertex 32.85 -25.5278 0
    endloop
  endfacet
  facet normal 0 0 -1
    outer loop
      vertex 32.6506 -25.4294 0
      vertex 32.6506 25.4294 0
      vertex 32.85 25.5278 0
    endloop
  endfacet
  facet normal 0 0 -1
    outer loop
      vertex 15.1 0 0
      vertex 32.6506 -25.4294 0
      vertex 32.44 -25.3579 0
    endloop
  endfacet
  facet normal 0 0 -1
    outer loop
      vertex 32.6506 -25.4294 0
      vertex 15.1 0 0
      vertex 32.6506 25.4294 0
    endloop
  endfacet
  facet normal 0 0 -1
    outer loop
      vertex 15.0897 -0.156616 0
      vertex 32.44 -25.3579 0
      vertex 32.2219 -25.3145 0
    endloop
  endfacet
  facet normal 0 0 -1
    outer loop
      vertex 32.6506 25.4294 0
      vertex 15.1 0 0
      vertex 32.44 25.3579 0
    endloop
  endfacet
  facet normal 0 0 -1
    outer loop
      vertex 15.0591 -0.310577 0
      vertex 32.2219 -25.3145 0
      vertex 32 -25.3 0
    endloop
  endfacet
  facet normal 0 0 -1
    outer loop
      vertex 15.0897 0.156616 0
      vertex 32.44 25.3579 0
      vertex 15.1 0 0
    endloop
  endfacet
  facet normal 0 0 -1
    outer loop
      vertex 15.0087 -0.459213 0
      vertex 32 -25.3 0
      vertex 31.7781 -25.3145 0
    endloop
  endfacet
  facet normal 0 0 -1
    outer loop
      vertex 32.44 25.3579 0
      vertex 15.0897 0.156616 0
      vertex 32.2219 25.3145 0
    endloop
  endfacet
  facet normal 0 0 -1
    outer loop
      vertex 14.9392 -0.599991 0
      vertex 31.7781 -25.3145 0
      vertex 31.56 -25.3579 0
    endloop
  endfacet
  facet normal 0 0 -1
    outer loop
      vertex 15.0591 0.310577 0
      vertex 32.2219 25.3145 0
      vertex 15.0897 0.156616 0
    endloop
  endfacet
  facet normal 0 0 -1
    outer loop
      vertex 11.8 -6.5 0
      vertex 31.56 -25.3579 0
      vertex 31.3494 -25.4294 0
    endloop
  endfacet
  facet normal 0 0 -1
    outer loop
      vertex 32.2219 25.3145 0
      vertex 15.0591 0.310577 0
      vertex 32 25.3 0
    endloop
  endfacet
  facet normal 0 0 -1
    outer loop
      vertex 11.8 -6.5 0
      vertex 31.3494 -25.4294 0
      vertex 31.15 -25.5278 0
    endloop
  endfacet
  facet normal 0 0 -1
    outer loop
      vertex 15.0087 0.459213 0
      vertex 32 25.3 0
      vertex 15.0591 0.310577 0
    endloop
  endfacet
  facet normal 0 0 -1
    outer loop
      vertex 11.8 -6.5 0
      vertex 31.15 -25.5278 0
      vertex 30.9651 -25.6513 0
    endloop
  endfacet
  facet normal -0 0 -1
    outer loop
      vertex 32 25.3 0
      vertex 15.0087 0.459213 0
      vertex 31.7781 25.3145 0
    endloop
  endfacet
  facet normal 0 0 -1
    outer loop
      vertex 11.8 -6.5 0
      vertex 30.9651 -25.6513 0
      vertex 30.7979 -25.7979 0
    endloop
  endfacet
  facet normal 0 0 -1
    outer loop
      vertex 14.9392 0.599991 0
      vertex 31.7781 25.3145 0
      vertex 15.0087 0.459213 0
    endloop
  endfacet
  facet normal 0 0 -1
    outer loop
      vertex 11.8 -6.5 0
      vertex 30.7979 -25.7979 0
      vertex 30.6513 -25.9651 0
    endloop
  endfacet
  facet normal -0 0 -1
    outer loop
      vertex 31.7781 25.3145 0
      vertex 14.9392 0.599991 0
      vertex 31.56 25.3579 0
    endloop
  endfacet
  facet normal 0 0 -1
    outer loop
      vertex 11.8 -6.5 0
      vertex 30.6513 -25.9651 0
      vertex 30.5278 -26.15 0
    endloop
  endfacet
  facet normal 0 0 -1
    outer loop
      vertex 14.852 0.730499 0
      vertex 31.56 25.3579 0
      vertex 14.9392 0.599991 0
    endloop
  endfacet
  facet normal 0 0 -1
    outer loop
      vertex 11.8 -6.5 0
      vertex 30.5278 -26.15 0
      vertex 30.4294 -26.3494 0
    endloop
  endfacet
  facet normal 0 0 -1
    outer loop
      vertex 11.8 6.5 0
      vertex 31.56 25.3579 0
      vertex 14.852 0.730499 0
    endloop
  endfacet
  facet normal 0 0 -1
    outer loop
      vertex 11.8 -6.5 0
      vertex 30.4294 -26.3494 0
      vertex 30.3579 -26.56 0
    endloop
  endfacet
  facet normal -0 0 -1
    outer loop
      vertex 31.56 25.3579 0
      vertex 11.8 6.5 0
      vertex 31.3494 25.4294 0
    endloop
  endfacet
  facet normal 0 0 -1
    outer loop
      vertex 11.8 -6.5 0
      vertex 30.3579 -26.56 0
      vertex 30.3145 -26.7781 0
    endloop
  endfacet
  facet normal -0 0 -1
    outer loop
      vertex 31.3494 25.4294 0
      vertex 11.8 6.5 0
      vertex 31.15 25.5278 0
    endloop
  endfacet
  facet normal 0 0 -1
    outer loop
      vertex 11.8 -6.5 0
      vertex 30.3145 -26.7781 0
      vertex 30.3 -27 0
    endloop
  endfacet
  facet normal -0 0 -1
    outer loop
      vertex 31.15 25.5278 0
      vertex 11.8 6.5 0
      vertex 30.9651 25.6513 0
    endloop
  endfacet
  facet normal 0 0 -1
    outer loop
      vertex 33.7 -27 0
      vertex 36 -27 0
      vertex 35.9658 -27.5221 0
    endloop
  endfacet
  facet normal 0 0 -1
    outer loop
      vertex 33.6855 -26.7781 0
      vertex 36 -27 0
      vertex 33.7 -27 0
    endloop
  endfacet
  facet normal 0 0 -1
    outer loop
      vertex 33.6855 -27.2219 0
      vertex 35.9658 -27.5221 0
      vertex 35.8637 -28.0353 0
    endloop
  endfacet
  facet normal 0 0 -1
    outer loop
      vertex 33.6421 -26.56 0
      vertex 36 -27 0
      vertex 33.6855 -26.7781 0
    endloop
  endfacet
  facet normal 0 0 -1
    outer loop
      vertex 33.6421 -27.44 0
      vertex 35.8637 -28.0353 0
      vertex 35.6955 -28.5307 0
    endloop
  endfacet
  facet normal 0 0 -1
    outer loop
      vertex 36 27 0
      vertex 33.7 27 0
      vertex 35.9658 27.5221 0
    endloop
  endfacet
  facet normal 0 0 -1
    outer loop
      vertex 33.5706 -27.6506 0
      vertex 35.6955 -28.5307 0
      vertex 35.4641 -29 0
    endloop
  endfacet
  facet normal 0 0 -1
    outer loop
      vertex 33.6855 27.2219 0
      vertex 35.9658 27.5221 0
      vertex 33.7 27 0
    endloop
  endfacet
  facet normal 0 0 -1
    outer loop
      vertex 33.4722 -27.85 0
      vertex 35.4641 -29 0
      vertex 35.1734 -29.435 0
    endloop
  endfacet
  facet normal -0 0 -1
    outer loop
      vertex 35.9658 27.5221 0
      vertex 33.6855 27.2219 0
      vertex 35.8637 28.0353 0
    endloop
  endfacet
  facet normal 0 0 -1
    outer loop
      vertex 33.3487 -28.0349 0
      vertex 35.1734 -29.435 0
      vertex 34.8284 -29.8284 0
    endloop
  endfacet
  facet normal 0 0 -1
    outer loop
      vertex 33.6421 27.44 0
      vertex 35.8637 28.0353 0
      vertex 33.6855 27.2219 0
    endloop
  endfacet
  facet normal 0 0 -1
    outer loop
      vertex 33.2021 -28.2021 0
      vertex 34.8284 -29.8284 0
      vertex 34.435 -30.1734 0
    endloop
  endfacet
  facet normal -0 0 -1
    outer loop
      vertex 35.8637 28.0353 0
      vertex 33.6421 27.44 0
      vertex 35.6955 28.5307 0
    endloop
  endfacet
  facet normal 0 0 -1
    outer loop
      vertex 33.0349 -28.3487 0
      vertex 34.435 -30.1734 0
      vertex 34 -30.4641 0
    endloop
  endfacet
  facet normal 0 0 -1
    outer loop
      vertex 33.5706 27.6506 0
      vertex 35.6955 28.5307 0
      vertex 33.6421 27.44 0
    endloop
  endfacet
  facet normal -0 0 -1
    outer loop
      vertex 35.6955 28.5307 0
      vertex 33.5706 27.6506 0
      vertex 35.4641 29 0
    endloop
  endfacet
  facet normal 0 0 -1
    outer loop
      vertex 35.9658 -27.5221 0
      vertex 33.6855 -27.2219 0
      vertex 33.7 -27 0
    endloop
  endfacet
  facet normal 0 0 -1
    outer loop
      vertex 35.8637 -28.0353 0
      vertex 33.6421 -27.44 0
      vertex 33.6855 -27.2219 0
    endloop
  endfacet
  facet normal 0 0 -1
    outer loop
      vertex 35.6955 -28.5307 0
      vertex 33.5706 -27.6506 0
      vertex 33.6421 -27.44 0
    endloop
  endfacet
  facet normal 0 0 -1
    outer loop
      vertex 32.85 -28.4722 0
      vertex 34 -30.4641 0
      vertex 33.5307 -30.6955 0
    endloop
  endfacet
  facet normal 0 0 -1
    outer loop
      vertex 35.4641 -29 0
      vertex 33.4722 -27.85 0
      vertex 33.5706 -27.6506 0
    endloop
  endfacet
  facet normal 0 0 -1
    outer loop
      vertex 35.1734 -29.435 0
      vertex 33.3487 -28.0349 0
      vertex 33.4722 -27.85 0
    endloop
  endfacet
  facet normal 0 0 -1
    outer loop
      vertex 34.8284 -29.8284 0
      vertex 33.2021 -28.2021 0
      vertex 33.3487 -28.0349 0
    endloop
  endfacet
  facet normal 0 0 -1
    outer loop
      vertex 32.6506 -28.5706 0
      vertex 33.5307 -30.6955 0
      vertex 33.0353 -30.8637 0
    endloop
  endfacet
  facet normal 0 0 -1
    outer loop
      vertex 34.435 -30.1734 0
      vertex 33.0349 -28.3487 0
      vertex 33.2021 -28.2021 0
    endloop
  endfacet
  facet normal 0 0 -1
    outer loop
      vertex 34 -30.4641 0
      vertex 32.85 -28.4722 0
      vertex 33.0349 -28.3487 0
    endloop
  endfacet
  facet normal 0 0 -1
    outer loop
      vertex 33.5307 -30.6955 0
      vertex 32.6506 -28.5706 0
      vertex 32.85 -28.4722 0
    endloop
  endfacet
  facet normal 0 0 -1
    outer loop
      vertex 32.44 -28.6421 0
      vertex 33.0353 -30.8637 0
      vertex 32.5221 -30.9658 0
    endloop
  endfacet
  facet normal 0 0 -1
    outer loop
      vertex 33.0353 -30.8637 0
      vertex 32.44 -28.6421 0
      vertex 32.6506 -28.5706 0
    endloop
  endfacet
  facet normal 0 0 -1
    outer loop
      vertex 32.5221 -30.9658 0
      vertex 32.2219 -28.6855 0
      vertex 32.44 -28.6421 0
    endloop
  endfacet
  facet normal 0 0 -1
    outer loop
      vertex 32 -31 0
      vertex 32.2219 -28.6855 0
      vertex 32.5221 -30.9658 0
    endloop
  endfacet
  facet normal 0 0 -1
    outer loop
      vertex 32 -31 0
      vertex 32 -28.7 0
      vertex 32.2219 -28.6855 0
    endloop
  endfacet
  facet normal 0 0 -1
    outer loop
      vertex 32 -31 0
      vertex 31.7781 -28.6855 0
      vertex 32 -28.7 0
    endloop
  endfacet
  facet normal 0 0 -1
    outer loop
      vertex 32 -31 0
      vertex 31.56 -28.6421 0
      vertex 31.7781 -28.6855 0
    endloop
  endfacet
  facet normal 0 0 -1
    outer loop
      vertex 32 -31 0
      vertex 31.3494 -28.5706 0
      vertex 31.56 -28.6421 0
    endloop
  endfacet
  facet normal 0 0 -1
    outer loop
      vertex 32 -31 0
      vertex 31.15 -28.4722 0
      vertex 31.3494 -28.5706 0
    endloop
  endfacet
  facet normal 0 0 -1
    outer loop
      vertex 32 -31 0
      vertex 30.9651 -28.3487 0
      vertex 31.15 -28.4722 0
    endloop
  endfacet
  facet normal 0 0 -1
    outer loop
      vertex 32 -31 0
      vertex 30.7979 -28.2021 0
      vertex 30.9651 -28.3487 0
    endloop
  endfacet
  facet normal 0 0 -1
    outer loop
      vertex 32 -31 0
      vertex 30.6513 -28.0349 0
      vertex 30.7979 -28.2021 0
    endloop
  endfacet
  facet normal 0 0 -1
    outer loop
      vertex 32 -31 0
      vertex 30.5278 -27.85 0
      vertex 30.6513 -28.0349 0
    endloop
  endfacet
  facet normal 0 0 -1
    outer loop
      vertex -30.5278 -27.85 0
      vertex 30.5278 -27.85 0
      vertex 32 -31 0
    endloop
  endfacet
  facet normal -0 0 -1
    outer loop
      vertex 30.9651 25.6513 0
      vertex 11.8 6.5 0
      vertex 30.7979 25.7979 0
    endloop
  endfacet
  facet normal 0 0 -1
    outer loop
      vertex 11.8 -6.5 0
      vertex 30.3 -27 0
      vertex 30.3145 -27.2219 0
    endloop
  endfacet
  facet normal 0 0 -1
    outer loop
      vertex 11.8 -6.5 0
      vertex 30.3145 -27.2219 0
      vertex 30.3579 -27.44 0
    endloop
  endfacet
  facet normal 0 0 -1
    outer loop
      vertex -30.3579 -27.44 0
      vertex 30.3579 -27.44 0
      vertex 30.4294 -27.6506 0
    endloop
  endfacet
  facet normal 0 0 -1
    outer loop
      vertex 30.5278 -27.85 0
      vertex -30.5278 -27.85 0
      vertex 30.4294 -27.6506 0
    endloop
  endfacet
  facet normal 0 0 -1
    outer loop
      vertex 32.44 -25.3579 0
      vertex 15.0897 -0.156616 0
      vertex 15.1 0 0
    endloop
  endfacet
  facet normal 0 0 -1
    outer loop
      vertex 32.2219 -25.3145 0
      vertex 15.0591 -0.310577 0
      vertex 15.0897 -0.156616 0
    endloop
  endfacet
  facet normal 0 0 -1
    outer loop
      vertex 32 -25.3 0
      vertex 15.0087 -0.459213 0
      vertex 15.0591 -0.310577 0
    endloop
  endfacet
  facet normal 0 0 -1
    outer loop
      vertex 31.7781 -25.3145 0
      vertex 14.9392 -0.599991 0
      vertex 15.0087 -0.459213 0
    endloop
  endfacet
  facet normal 0 0 -1
    outer loop
      vertex 31.56 -25.3579 0
      vertex 14.852 -0.730499 0
      vertex 14.9392 -0.599991 0
    endloop
  endfacet
  facet normal 0 0 -1
    outer loop
      vertex 31.56 -25.3579 0
      vertex 11.8 -6.5 0
      vertex 14.852 -0.730499 0
    endloop
  endfacet
  facet normal 0 0 -1
    outer loop
      vertex 14.852 -0.730499 0
      vertex 11.8 -6.5 0
      vertex 14.7485 -0.848526 0
    endloop
  endfacet
  facet normal 0 0 -1
    outer loop
      vertex 14.7485 -0.848526 0
      vertex 11.8 -6.5 0
      vertex 14.6305 -0.952011 0
    endloop
  endfacet
  facet normal 0 0 -1
    outer loop
      vertex 14.6305 -0.952011 0
      vertex 11.8 -6.5 0
      vertex 14.5 -1.03923 0
    endloop
  endfacet
  facet normal 0 0 -1
    outer loop
      vertex 14.5 -1.03923 0
      vertex 11.8 -6.5 0
      vertex 14.3592 -1.10864 0
    endloop
  endfacet
  facet normal 0 0 -1
    outer loop
      vertex 14.3592 -1.10864 0
      vertex 11.8 -6.5 0
      vertex 14.2106 -1.1591 0
    endloop
  endfacet
  facet normal 0 0 -1
    outer loop
      vertex 14.2106 -1.1591 0
      vertex 11.8 -6.5 0
      vertex 14.0566 -1.18973 0
    endloop
  endfacet
  facet normal 0 0 -1
    outer loop
      vertex 14.0566 -1.18973 0
      vertex 11.8 -6.5 0
      vertex 13.9 -1.2 0
    endloop
  endfacet
  facet normal -0 0 -1
    outer loop
      vertex 13.9 -1.2 0
      vertex 11.8 -6.5 0
      vertex 13.7434 -1.18973 0
    endloop
  endfacet
  facet normal -0 0 -1
    outer loop
      vertex 13.7434 -1.18973 0
      vertex 11.8 -6.5 0
      vertex 13.5894 -1.1591 0
    endloop
  endfacet
  facet normal -0 0 -1
    outer loop
      vertex 13.5894 -1.1591 0
      vertex 11.8 -6.5 0
      vertex 13.4408 -1.10864 0
    endloop
  endfacet
  facet normal -0 0 -1
    outer loop
      vertex 13.4408 -1.10864 0
      vertex 11.8 -6.5 0
      vertex 13.3 -1.03923 0
    endloop
  endfacet
  facet normal -0 0 -1
    outer loop
      vertex 13.3 -1.03923 0
      vertex 11.8 -6.5 0
      vertex 13.1695 -0.952011 0
    endloop
  endfacet
  facet normal -0 0 -1
    outer loop
      vertex 13.1695 -0.952011 0
      vertex 11.8 -6.5 0
      vertex 13.0515 -0.848526 0
    endloop
  endfacet
  facet normal -0 0 -1
    outer loop
      vertex 13.0515 -0.848526 0
      vertex 11.8 -6.5 0
      vertex 12.948 -0.730499 0
    endloop
  endfacet
  facet normal -0 0 -1
    outer loop
      vertex 12.7103 -0.156616 0
      vertex 11.8 -6.5 0
      vertex 12.7 0 0
    endloop
  endfacet
  facet normal -0 0 -1
    outer loop
      vertex 12.7409 -0.310577 0
      vertex 11.8 -6.5 0
      vertex 12.7103 -0.156616 0
    endloop
  endfacet
  facet normal -0 0 -1
    outer loop
      vertex 12.7913 -0.459213 0
      vertex 11.8 -6.5 0
      vertex 12.7409 -0.310577 0
    endloop
  endfacet
  facet normal -0 0 -1
    outer loop
      vertex 12.8608 -0.599991 0
      vertex 11.8 -6.5 0
      vertex 12.7913 -0.459213 0
    endloop
  endfacet
  facet normal -0 0 -1
    outer loop
      vertex 12.948 -0.730499 0
      vertex 11.8 -6.5 0
      vertex 12.8608 -0.599991 0
    endloop
  endfacet
  facet normal 0 0 -1
    outer loop
      vertex 30.3579 -27.44 0
      vertex -30.3579 -27.44 0
      vertex 11.8 -6.5 0
    endloop
  endfacet
  facet normal 0 0 -1
    outer loop
      vertex -11.8 -6.5 0
      vertex -12.7 0 0
      vertex -11.8 6.5 0
    endloop
  endfacet
  facet normal 0 0 -1
    outer loop
      vertex -11.8 -6.5 0
      vertex -12.7103 -0.156616 0
      vertex -12.7 0 0
    endloop
  endfacet
  facet normal 0 0 -1
    outer loop
      vertex -11.8 -6.5 0
      vertex -12.7409 -0.310577 0
      vertex -12.7103 -0.156616 0
    endloop
  endfacet
  facet normal 0 0 -1
    outer loop
      vertex -11.8 -6.5 0
      vertex -12.7913 -0.459213 0
      vertex -12.7409 -0.310577 0
    endloop
  endfacet
  facet normal 0 0 -1
    outer loop
      vertex -11.8 -6.5 0
      vertex -12.8608 -0.599991 0
      vertex -12.7913 -0.459213 0
    endloop
  endfacet
  facet normal 0 0 -1
    outer loop
      vertex -11.8 -6.5 0
      vertex -12.948 -0.730499 0
      vertex -12.8608 -0.599991 0
    endloop
  endfacet
  facet normal 0 0 -1
    outer loop
      vertex -11.8 -6.5 0
      vertex -13.0515 -0.848526 0
      vertex -12.948 -0.730499 0
    endloop
  endfacet
  facet normal 0 0 -1
    outer loop
      vertex -11.8 -6.5 0
      vertex -13.1695 -0.952011 0
      vertex -13.0515 -0.848526 0
    endloop
  endfacet
  facet normal 0 0 -1
    outer loop
      vertex -11.8 -6.5 0
      vertex -13.3 -1.03923 0
      vertex -13.1695 -0.952011 0
    endloop
  endfacet
  facet normal 0 0 -1
    outer loop
      vertex -11.8 -6.5 0
      vertex -13.4408 -1.10864 0
      vertex -13.3 -1.03923 0
    endloop
  endfacet
  facet normal 0 0 -1
    outer loop
      vertex -11.8 -6.5 0
      vertex -13.5894 -1.1591 0
      vertex -13.4408 -1.10864 0
    endloop
  endfacet
  facet normal 0 0 -1
    outer loop
      vertex -11.8 -6.5 0
      vertex -13.7434 -1.18973 0
      vertex -13.5894 -1.1591 0
    endloop
  endfacet
  facet normal 0 0 -1
    outer loop
      vertex -11.8 -6.5 0
      vertex -13.9 -1.2 0
      vertex -13.7434 -1.18973 0
    endloop
  endfacet
  facet normal 0 0 -1
    outer loop
      vertex -11.8 -6.5 0
      vertex -14.0566 -1.18973 0
      vertex -13.9 -1.2 0
    endloop
  endfacet
  facet normal 0 0 -1
    outer loop
      vertex -11.8 -6.5 0
      vertex -14.2106 -1.1591 0
      vertex -14.0566 -1.18973 0
    endloop
  endfacet
  facet normal 0 0 -1
    outer loop
      vertex -11.8 -6.5 0
      vertex -14.3592 -1.10864 0
      vertex -14.2106 -1.1591 0
    endloop
  endfacet
  facet normal 0 0 -1
    outer loop
      vertex -11.8 -6.5 0
      vertex -14.5 -1.03923 0
      vertex -14.3592 -1.10864 0
    endloop
  endfacet
  facet normal 0 0 -1
    outer loop
      vertex -11.8 -6.5 0
      vertex -14.6305 -0.952011 0
      vertex -14.5 -1.03923 0
    endloop
  endfacet
  facet normal 0 0 -1
    outer loop
      vertex -11.8 -6.5 0
      vertex -14.7485 -0.848526 0
      vertex -14.6305 -0.952011 0
    endloop
  endfacet
  facet normal 0 0 -1
    outer loop
      vertex -11.8 -6.5 0
      vertex -14.852 -0.730499 0
      vertex -14.7485 -0.848526 0
    endloop
  endfacet
  facet normal 0 0 -1
    outer loop
      vertex -30.3145 -26.7781 0
      vertex -11.8 -6.5 0
      vertex -30.3 -27 0
    endloop
  endfacet
  facet normal 0 0 -1
    outer loop
      vertex -30.7979 -25.7979 0
      vertex -11.8 -6.5 0
      vertex -30.6513 -25.9651 0
    endloop
  endfacet
  facet normal 0 0 -1
    outer loop
      vertex -30.6513 -25.9651 0
      vertex -11.8 -6.5 0
      vertex -30.5278 -26.15 0
    endloop
  endfacet
  facet normal 0 0 -1
    outer loop
      vertex -30.5278 -26.15 0
      vertex -11.8 -6.5 0
      vertex -30.4294 -26.3494 0
    endloop
  endfacet
  facet normal 0 0 -1
    outer loop
      vertex -30.4294 -26.3494 0
      vertex -11.8 -6.5 0
      vertex -30.3579 -26.56 0
    endloop
  endfacet
  facet normal 0 0 -1
    outer loop
      vertex -30.3579 -26.56 0
      vertex -11.8 -6.5 0
      vertex -30.3145 -26.7781 0
    endloop
  endfacet
  facet normal -0 0 -1
    outer loop
      vertex 11.8 -6.5 0
      vertex -30.3579 -27.44 0
      vertex -11.8 -6.5 0
    endloop
  endfacet
  facet normal 0 0 -1
    outer loop
      vertex -11.8 -6.5 0
      vertex -30.3145 -27.2219 0
      vertex -30.3 -27 0
    endloop
  endfacet
  facet normal 0 0 -1
    outer loop
      vertex -11.8 -6.5 0
      vertex -30.3579 -27.44 0
      vertex -30.3145 -27.2219 0
    endloop
  endfacet
  facet normal 0 0 -1
    outer loop
      vertex 30.4294 -27.6506 0
      vertex -30.4294 -27.6506 0
      vertex -30.3579 -27.44 0
    endloop
  endfacet
  facet normal -0 0 -1
    outer loop
      vertex 30.4294 -27.6506 0
      vertex -30.5278 -27.85 0
      vertex -30.4294 -27.6506 0
    endloop
  endfacet
  facet normal 0 0 -1
    outer loop
      vertex -32 -31 0
      vertex -30.5278 -27.85 0
      vertex 32 -31 0
    endloop
  endfacet
  facet normal 0 0 -1
    outer loop
      vertex -30.5278 -27.85 0
      vertex -32 -31 0
      vertex -30.6513 -28.0349 0
    endloop
  endfacet
  facet normal 0 0 -1
    outer loop
      vertex -30.6513 -28.0349 0
      vertex -32 -31 0
      vertex -30.7979 -28.2021 0
    endloop
  endfacet
  facet normal 0 0 -1
    outer loop
      vertex -30.7979 -28.2021 0
      vertex -32 -31 0
      vertex -30.9651 -28.3487 0
    endloop
  endfacet
  facet normal 0 0 -1
    outer loop
      vertex -30.9651 -28.3487 0
      vertex -32 -31 0
      vertex -31.15 -28.4722 0
    endloop
  endfacet
  facet normal 0 0 -1
    outer loop
      vertex -31.15 -28.4722 0
      vertex -32 -31 0
      vertex -31.3494 -28.5706 0
    endloop
  endfacet
  facet normal 0 0 -1
    outer loop
      vertex -31.3494 -28.5706 0
      vertex -32 -31 0
      vertex -31.56 -28.6421 0
    endloop
  endfacet
  facet normal 0 0 -1
    outer loop
      vertex -31.56 -28.6421 0
      vertex -32 -31 0
      vertex -31.7781 -28.6855 0
    endloop
  endfacet
  facet normal 0 0 -1
    outer loop
      vertex -32 -31 0
      vertex -32 -28.7 0
      vertex -31.7781 -28.6855 0
    endloop
  endfacet
  facet normal 0 0 -1
    outer loop
      vertex -32 -31 0
      vertex -32.2219 -28.6855 0
      vertex -32 -28.7 0
    endloop
  endfacet
  facet normal 0 0 -1
    outer loop
      vertex -32.5221 -30.9658 0
      vertex -32.2219 -28.6855 0
      vertex -32 -31 0
    endloop
  endfacet
  facet normal -0 0 -1
    outer loop
      vertex -32.2219 -28.6855 0
      vertex -32.5221 -30.9658 0
      vertex -32.44 -28.6421 0
    endloop
  endfacet
  facet normal 0 0 -1
    outer loop
      vertex -33.0353 -30.8637 0
      vertex -32.44 -28.6421 0
      vertex -32.5221 -30.9658 0
    endloop
  endfacet
  facet normal -0 0 -1
    outer loop
      vertex -32.44 -28.6421 0
      vertex -33.0353 -30.8637 0
      vertex -32.6506 -28.5706 0
    endloop
  endfacet
  facet normal 0 0 -1
    outer loop
      vertex -33.5307 -30.6955 0
      vertex -32.6506 -28.5706 0
      vertex -33.0353 -30.8637 0
    endloop
  endfacet
  facet normal -0 0 -1
    outer loop
      vertex -32.6506 -28.5706 0
      vertex -33.5307 -30.6955 0
      vertex -32.85 -28.4722 0
    endloop
  endfacet
  facet normal 0 0 -1
    outer loop
      vertex -34 -30.4641 0
      vertex -32.85 -28.4722 0
      vertex -33.5307 -30.6955 0
    endloop
  endfacet
  facet normal -0 0 -1
    outer loop
      vertex -32.85 -28.4722 0
      vertex -34 -30.4641 0
      vertex -33.0349 -28.3487 0
    endloop
  endfacet
  facet normal 0 0 -1
    outer loop
      vertex -34.435 -30.1734 0
      vertex -33.0349 -28.3487 0
      vertex -34 -30.4641 0
    endloop
  endfacet
  facet normal -0 0 -1
    outer loop
      vertex -33.0349 -28.3487 0
      vertex -34.435 -30.1734 0
      vertex -33.2021 -28.2021 0
    endloop
  endfacet
  facet normal 0 0 -1
    outer loop
      vertex -34.8284 -29.8284 0
      vertex -33.2021 -28.2021 0
      vertex -34.435 -30.1734 0
    endloop
  endfacet
  facet normal -0 0 -1
    outer loop
      vertex -33.2021 -28.2021 0
      vertex -34.8284 -29.8284 0
      vertex -33.3487 -28.0349 0
    endloop
  endfacet
  facet normal 0 0 -1
    outer loop
      vertex -35.1734 -29.435 0
      vertex -33.3487 -28.0349 0
      vertex -34.8284 -29.8284 0
    endloop
  endfacet
  facet normal -0 0 -1
    outer loop
      vertex -33.3487 -28.0349 0
      vertex -35.1734 -29.435 0
      vertex -33.4722 -27.85 0
    endloop
  endfacet
  facet normal -0 0 -1
    outer loop
      vertex -33.4722 -27.85 0
      vertex -35.4641 -29 0
      vertex -33.5706 -27.6506 0
    endloop
  endfacet
  facet normal 0 0 -1
    outer loop
      vertex -35.4641 -29 0
      vertex -33.4722 -27.85 0
      vertex -35.1734 -29.435 0
    endloop
  endfacet
  facet normal 0 0 -1
    outer loop
      vertex 33.4722 27.85 0
      vertex 35.4641 29 0
      vertex 33.5706 27.6506 0
    endloop
  endfacet
  facet normal -0 0 -1
    outer loop
      vertex 35.4641 29 0
      vertex 33.4722 27.85 0
      vertex 35.1734 29.435 0
    endloop
  endfacet
  facet normal 0 0 -1
    outer loop
      vertex 33.3487 28.0349 0
      vertex 35.1734 29.435 0
      vertex 33.4722 27.85 0
    endloop
  endfacet
  facet normal -0 0 -1
    outer loop
      vertex 35.1734 29.435 0
      vertex 33.3487 28.0349 0
      vertex 34.8284 29.8284 0
    endloop
  endfacet
  facet normal 0 0 -1
    outer loop
      vertex 33.2021 28.2021 0
      vertex 34.8284 29.8284 0
      vertex 33.3487 28.0349 0
    endloop
  endfacet
  facet normal -0 0 -1
    outer loop
      vertex 34.8284 29.8284 0
      vertex 33.2021 28.2021 0
      vertex 34.435 30.1734 0
    endloop
  endfacet
  facet normal 0 0 -1
    outer loop
      vertex 33.0349 28.3487 0
      vertex 34.435 30.1734 0
      vertex 33.2021 28.2021 0
    endloop
  endfacet
  facet normal -0 0 -1
    outer loop
      vertex 34.435 30.1734 0
      vertex 33.0349 28.3487 0
      vertex 34 30.4641 0
    endloop
  endfacet
  facet normal 0 0 -1
    outer loop
      vertex 32.85 28.4722 0
      vertex 34 30.4641 0
      vertex 33.0349 28.3487 0
    endloop
  endfacet
  facet normal -0 0 -1
    outer loop
      vertex 34 30.4641 0
      vertex 32.85 28.4722 0
      vertex 33.5307 30.6955 0
    endloop
  endfacet
  facet normal 0 0 -1
    outer loop
      vertex 32.6506 28.5706 0
      vertex 33.5307 30.6955 0
      vertex 32.85 28.4722 0
    endloop
  endfacet
  facet normal -0 0 -1
    outer loop
      vertex 33.5307 30.6955 0
      vertex 32.6506 28.5706 0
      vertex 33.0353 30.8637 0
    endloop
  endfacet
  facet normal 0 0 -1
    outer loop
      vertex 32.44 28.6421 0
      vertex 33.0353 30.8637 0
      vertex 32.6506 28.5706 0
    endloop
  endfacet
  facet normal -0 0 -1
    outer loop
      vertex 33.0353 30.8637 0
      vertex 32.44 28.6421 0
      vertex 32.5221 30.9658 0
    endloop
  endfacet
  facet normal 0 0 -1
    outer loop
      vertex 32.2219 28.6855 0
      vertex 32.5221 30.9658 0
      vertex 32.44 28.6421 0
    endloop
  endfacet
  facet normal 0 0 -1
    outer loop
      vertex 32 28.7 0
      vertex 32.5221 30.9658 0
      vertex 32.2219 28.6855 0
    endloop
  endfacet
  facet normal 0 0 -1
    outer loop
      vertex 32 28.7 0
      vertex 32 31 0
      vertex 32.5221 30.9658 0
    endloop
  endfacet
  facet normal 0 0 -1
    outer loop
      vertex 31.7781 28.6855 0
      vertex 32 31 0
      vertex 32 28.7 0
    endloop
  endfacet
  facet normal 0 0 -1
    outer loop
      vertex 31.56 28.6421 0
      vertex 32 31 0
      vertex 31.7781 28.6855 0
    endloop
  endfacet
  facet normal 0 0 -1
    outer loop
      vertex 31.3494 28.5706 0
      vertex 32 31 0
      vertex 31.56 28.6421 0
    endloop
  endfacet
  facet normal 0 0 -1
    outer loop
      vertex 31.15 28.4722 0
      vertex 32 31 0
      vertex 31.3494 28.5706 0
    endloop
  endfacet
  facet normal 0 0 -1
    outer loop
      vertex 30.9651 28.3487 0
      vertex 32 31 0
      vertex 31.15 28.4722 0
    endloop
  endfacet
  facet normal 0 0 -1
    outer loop
      vertex 30.7979 28.2021 0
      vertex 32 31 0
      vertex 30.9651 28.3487 0
    endloop
  endfacet
  facet normal 0 0 -1
    outer loop
      vertex 30.6513 28.0349 0
      vertex 32 31 0
      vertex 30.7979 28.2021 0
    endloop
  endfacet
  facet normal 0 0 -1
    outer loop
      vertex 30.5278 27.85 0
      vertex 32 31 0
      vertex 30.6513 28.0349 0
    endloop
  endfacet
  facet normal 0 0 -1
    outer loop
      vertex -30.5278 27.85 0
      vertex 30.5278 27.85 0
      vertex 30.4294 27.6506 0
    endloop
  endfacet
  facet normal -0 0 -1
    outer loop
      vertex 30.7979 25.7979 0
      vertex 11.8 6.5 0
      vertex 30.6513 25.9651 0
    endloop
  endfacet
  facet normal -0 0 -1
    outer loop
      vertex 30.6513 25.9651 0
      vertex 11.8 6.5 0
      vertex 30.5278 26.15 0
    endloop
  endfacet
  facet normal -0 0 -1
    outer loop
      vertex 30.5278 26.15 0
      vertex 11.8 6.5 0
      vertex 30.4294 26.3494 0
    endloop
  endfacet
  facet normal -0 0 -1
    outer loop
      vertex 30.4294 26.3494 0
      vertex 11.8 6.5 0
      vertex 30.3579 26.56 0
    endloop
  endfacet
  facet normal -0 0 -1
    outer loop
      vertex 30.3579 26.56 0
      vertex 11.8 6.5 0
      vertex 30.3145 26.7781 0
    endloop
  endfacet
  facet normal -0 0 -1
    outer loop
      vertex 30.3145 26.7781 0
      vertex 11.8 6.5 0
      vertex 30.3 27 0
    endloop
  endfacet
  facet normal -0 0 -1
    outer loop
      vertex 30.3 27 0
      vertex 11.8 6.5 0
      vertex 30.3145 27.2219 0
    endloop
  endfacet
  facet normal -0 0 -1
    outer loop
      vertex 30.3145 27.2219 0
      vertex 11.8 6.5 0
      vertex 30.3579 27.44 0
    endloop
  endfacet
  facet normal 0 0 -1
    outer loop
      vertex -30.3579 27.44 0
      vertex 30.3579 27.44 0
      vertex 11.8 6.5 0
    endloop
  endfacet
  facet normal 0 0 -1
    outer loop
      vertex 11.8 6.5 0
      vertex 14.852 0.730499 0
      vertex 14.7485 0.848526 0
    endloop
  endfacet
  facet normal 0 0 -1
    outer loop
      vertex 11.8 6.5 0
      vertex 14.7485 0.848526 0
      vertex 14.6305 0.952011 0
    endloop
  endfacet
  facet normal 0 0 -1
    outer loop
      vertex 11.8 6.5 0
      vertex 14.6305 0.952011 0
      vertex 14.5 1.03923 0
    endloop
  endfacet
  facet normal 0 0 -1
    outer loop
      vertex 11.8 6.5 0
      vertex 14.5 1.03923 0
      vertex 14.3592 1.10864 0
    endloop
  endfacet
  facet normal 0 0 -1
    outer loop
      vertex 11.8 6.5 0
      vertex 14.3592 1.10864 0
      vertex 14.2106 1.1591 0
    endloop
  endfacet
  facet normal 0 0 -1
    outer loop
      vertex 11.8 6.5 0
      vertex 14.2106 1.1591 0
      vertex 14.0566 1.18973 0
    endloop
  endfacet
  facet normal 0 0 -1
    outer loop
      vertex 11.8 6.5 0
      vertex 14.0566 1.18973 0
      vertex 13.9 1.2 0
    endloop
  endfacet
  facet normal 0 0 -1
    outer loop
      vertex 11.8 6.5 0
      vertex 13.9 1.2 0
      vertex 13.7434 1.18973 0
    endloop
  endfacet
  facet normal 0 0 -1
    outer loop
      vertex 11.8 6.5 0
      vertex 13.7434 1.18973 0
      vertex 13.5894 1.1591 0
    endloop
  endfacet
  facet normal 0 0 -1
    outer loop
      vertex 11.8 6.5 0
      vertex 13.5894 1.1591 0
      vertex 13.4408 1.10864 0
    endloop
  endfacet
  facet normal 0 0 -1
    outer loop
      vertex 11.8 6.5 0
      vertex 13.4408 1.10864 0
      vertex 13.3 1.03923 0
    endloop
  endfacet
  facet normal 0 0 -1
    outer loop
      vertex 11.8 6.5 0
      vertex 13.3 1.03923 0
      vertex 13.1695 0.952011 0
    endloop
  endfacet
  facet normal 0 0 -1
    outer loop
      vertex 11.8 6.5 0
      vertex 13.1695 0.952011 0
      vertex 13.0515 0.848526 0
    endloop
  endfacet
  facet normal 0 0 -1
    outer loop
      vertex 11.8 6.5 0
      vertex 13.0515 0.848526 0
      vertex 12.948 0.730499 0
    endloop
  endfacet
  facet normal 0 0 -1
    outer loop
      vertex 11.8 6.5 0
      vertex 12.948 0.730499 0
      vertex 12.8608 0.599991 0
    endloop
  endfacet
  facet normal 0 0 -1
    outer loop
      vertex 11.8 6.5 0
      vertex 12.7 0 0
      vertex 11.8 -6.5 0
    endloop
  endfacet
  facet normal 0 0 -1
    outer loop
      vertex 12.7 0 0
      vertex 11.8 6.5 0
      vertex 12.7103 0.156616 0
    endloop
  endfacet
  facet normal 0 0 -1
    outer loop
      vertex 11.8 6.5 0
      vertex 12.7409 0.310577 0
      vertex 12.7103 0.156616 0
    endloop
  endfacet
  facet normal 0 0 -1
    outer loop
      vertex 11.8 6.5 0
      vertex 12.7913 0.459213 0
      vertex 12.7409 0.310577 0
    endloop
  endfacet
  facet normal 0 0 -1
    outer loop
      vertex 11.8 6.5 0
      vertex 12.8608 0.599991 0
      vertex 12.7913 0.459213 0
    endloop
  endfacet
  facet normal 0 0 -1
    outer loop
      vertex 30.3579 27.44 0
      vertex -30.3579 27.44 0
      vertex 30.4294 27.6506 0
    endloop
  endfacet
  facet normal 0 0 -1
    outer loop
      vertex -30.3579 27.44 0
      vertex 11.8 6.5 0
      vertex -11.8 6.5 0
    endloop
  endfacet
  facet normal 0 0 -1
    outer loop
      vertex -12.7103 0.156616 0
      vertex -11.8 6.5 0
      vertex -12.7 0 0
    endloop
  endfacet
  facet normal 0 0 -1
    outer loop
      vertex -12.7409 0.310577 0
      vertex -11.8 6.5 0
      vertex -12.7103 0.156616 0
    endloop
  endfacet
  facet normal 0 0 -1
    outer loop
      vertex -12.7913 0.459213 0
      vertex -11.8 6.5 0
      vertex -12.7409 0.310577 0
    endloop
  endfacet
  facet normal 0 0 -1
    outer loop
      vertex -12.8608 0.599991 0
      vertex -11.8 6.5 0
      vertex -12.7913 0.459213 0
    endloop
  endfacet
  facet normal 0 0 -1
    outer loop
      vertex -12.948 0.730499 0
      vertex -11.8 6.5 0
      vertex -12.8608 0.599991 0
    endloop
  endfacet
  facet normal 0 0 -1
    outer loop
      vertex -13.0515 0.848526 0
      vertex -11.8 6.5 0
      vertex -12.948 0.730499 0
    endloop
  endfacet
  facet normal 0 0 -1
    outer loop
      vertex -13.1695 0.952011 0
      vertex -11.8 6.5 0
      vertex -13.0515 0.848526 0
    endloop
  endfacet
  facet normal 0 0 -1
    outer loop
      vertex -13.3 1.03923 0
      vertex -11.8 6.5 0
      vertex -13.1695 0.952011 0
    endloop
  endfacet
  facet normal 0 0 -1
    outer loop
      vertex -13.4408 1.10864 0
      vertex -11.8 6.5 0
      vertex -13.3 1.03923 0
    endloop
  endfacet
  facet normal 0 0 -1
    outer loop
      vertex -13.5894 1.1591 0
      vertex -11.8 6.5 0
      vertex -13.4408 1.10864 0
    endloop
  endfacet
  facet normal 0 0 -1
    outer loop
      vertex -13.7434 1.18973 0
      vertex -11.8 6.5 0
      vertex -13.5894 1.1591 0
    endloop
  endfacet
  facet normal 0 0 -1
    outer loop
      vertex -13.9 1.2 0
      vertex -11.8 6.5 0
      vertex -13.7434 1.18973 0
    endloop
  endfacet
  facet normal 0 0 -1
    outer loop
      vertex -14.0566 1.18973 0
      vertex -11.8 6.5 0
      vertex -13.9 1.2 0
    endloop
  endfacet
  facet normal 0 0 -1
    outer loop
      vertex -14.2106 1.1591 0
      vertex -11.8 6.5 0
      vertex -14.0566 1.18973 0
    endloop
  endfacet
  facet normal 0 0 -1
    outer loop
      vertex -14.3592 1.10864 0
      vertex -11.8 6.5 0
      vertex -14.2106 1.1591 0
    endloop
  endfacet
  facet normal 0 0 -1
    outer loop
      vertex -14.5 1.03923 0
      vertex -11.8 6.5 0
      vertex -14.3592 1.10864 0
    endloop
  endfacet
  facet normal 0 0 -1
    outer loop
      vertex -14.6305 0.952011 0
      vertex -11.8 6.5 0
      vertex -14.5 1.03923 0
    endloop
  endfacet
  facet normal 0 0 -1
    outer loop
      vertex -14.7485 0.848526 0
      vertex -11.8 6.5 0
      vertex -14.6305 0.952011 0
    endloop
  endfacet
  facet normal 0 0 -1
    outer loop
      vertex -14.852 0.730499 0
      vertex -11.8 6.5 0
      vertex -14.7485 0.848526 0
    endloop
  endfacet
  facet normal 0 0 -1
    outer loop
      vertex -30.3 27 0
      vertex -14.852 0.730499 0
      vertex -14.9392 0.599991 0
    endloop
  endfacet
  facet normal 0 0 -1
    outer loop
      vertex -30.9651 -25.6513 0
      vertex -11.8 -6.5 0
      vertex -30.7979 -25.7979 0
    endloop
  endfacet
  facet normal 0 0 -1
    outer loop
      vertex -15.1 0 0
      vertex -30.3 27 0
      vertex -15.0897 0.156616 0
    endloop
  endfacet
  facet normal 0 0 -1
    outer loop
      vertex -15.0897 0.156616 0
      vertex -30.3 27 0
      vertex -15.0591 0.310577 0
    endloop
  endfacet
  facet normal 0 0 -1
    outer loop
      vertex -15.0591 0.310577 0
      vertex -30.3 27 0
      vertex -15.0087 0.459213 0
    endloop
  endfacet
  facet normal 0 0 -1
    outer loop
      vertex -15.0087 0.459213 0
      vertex -30.3 27 0
      vertex -14.9392 0.599991 0
    endloop
  endfacet
  facet normal 0 0 -1
    outer loop
      vertex -14.852 0.730499 0
      vertex -30.3 27 0
      vertex -11.8 6.5 0
    endloop
  endfacet
  facet normal 0 0 -1
    outer loop
      vertex -30.3145 27.2219 0
      vertex -11.8 6.5 0
      vertex -30.3 27 0
    endloop
  endfacet
  facet normal 0 0 -1
    outer loop
      vertex -30.3579 27.44 0
      vertex -11.8 6.5 0
      vertex -30.3145 27.2219 0
    endloop
  endfacet
  facet normal 0 0 -1
    outer loop
      vertex -30.4294 27.6506 0
      vertex 30.4294 27.6506 0
      vertex -30.3579 27.44 0
    endloop
  endfacet
  facet normal 0 0 -1
    outer loop
      vertex -30.5278 27.85 0
      vertex 30.4294 27.6506 0
      vertex -30.4294 27.6506 0
    endloop
  endfacet
  facet normal 0 0 -1
    outer loop
      vertex 30.5278 27.85 0
      vertex -30.5278 27.85 0
      vertex 32 31 0
    endloop
  endfacet
  facet normal 0 0 -1
    outer loop
      vertex -32 31 0
      vertex -30.5278 27.85 0
      vertex -30.6513 28.0349 0
    endloop
  endfacet
  facet normal 0 0 -1
    outer loop
      vertex -32 31 0
      vertex -30.6513 28.0349 0
      vertex -30.7979 28.2021 0
    endloop
  endfacet
  facet normal 0 0 -1
    outer loop
      vertex -32 31 0
      vertex -30.7979 28.2021 0
      vertex -30.9651 28.3487 0
    endloop
  endfacet
  facet normal 0 0 -1
    outer loop
      vertex -32 31 0
      vertex -30.9651 28.3487 0
      vertex -31.15 28.4722 0
    endloop
  endfacet
  facet normal 0 0 -1
    outer loop
      vertex -32 31 0
      vertex -31.15 28.4722 0
      vertex -31.3494 28.5706 0
    endloop
  endfacet
  facet normal 0 0 -1
    outer loop
      vertex -32 31 0
      vertex -31.3494 28.5706 0
      vertex -31.56 28.6421 0
    endloop
  endfacet
  facet normal 0 0 -1
    outer loop
      vertex -32 31 0
      vertex -31.56 28.6421 0
      vertex -31.7781 28.6855 0
    endloop
  endfacet
  facet normal 0 0 -1
    outer loop
      vertex -32 31 0
      vertex -31.7781 28.6855 0
      vertex -32 28.7 0
    endloop
  endfacet
  facet normal 0 0 -1
    outer loop
      vertex -30.5278 27.85 0
      vertex -32 31 0
      vertex 32 31 0
    endloop
  endfacet
  facet normal 0 0 -1
    outer loop
      vertex -32.2219 28.6855 0
      vertex -32 31 0
      vertex -32 28.7 0
    endloop
  endfacet
  facet normal 0 0 -1
    outer loop
      vertex -32.5221 30.9658 0
      vertex -32.2219 28.6855 0
      vertex -32.44 28.6421 0
    endloop
  endfacet
  facet normal 0 0 -1
    outer loop
      vertex -32.2219 28.6855 0
      vertex -32.5221 30.9658 0
      vertex -32 31 0
    endloop
  endfacet
  facet normal 0 0 -1
    outer loop
      vertex -33.0353 30.8637 0
      vertex -32.44 28.6421 0
      vertex -32.6506 28.5706 0
    endloop
  endfacet
  facet normal 0 0 -1
    outer loop
      vertex -33.5307 30.6955 0
      vertex -32.6506 28.5706 0
      vertex -32.85 28.4722 0
    endloop
  endfacet
  facet normal 0 0 -1
    outer loop
      vertex -34 30.4641 0
      vertex -32.85 28.4722 0
      vertex -33.0349 28.3487 0
    endloop
  endfacet
  facet normal 0 0 -1
    outer loop
      vertex -32.44 28.6421 0
      vertex -33.0353 30.8637 0
      vertex -32.5221 30.9658 0
    endloop
  endfacet
  facet normal 0 0 -1
    outer loop
      vertex -34.435 30.1734 0
      vertex -33.0349 28.3487 0
      vertex -33.2021 28.2021 0
    endloop
  endfacet
  facet normal 0 0 -1
    outer loop
      vertex -34.8284 29.8284 0
      vertex -33.2021 28.2021 0
      vertex -33.3487 28.0349 0
    endloop
  endfacet
  facet normal 0 0 -1
    outer loop
      vertex -35.1734 29.435 0
      vertex -33.3487 28.0349 0
      vertex -33.4722 27.85 0
    endloop
  endfacet
  facet normal 0 0 -1
    outer loop
      vertex -32.6506 28.5706 0
      vertex -33.5307 30.6955 0
      vertex -33.0353 30.8637 0
    endloop
  endfacet
  facet normal 0 0 -1
    outer loop
      vertex -35.4641 29 0
      vertex -33.4722 27.85 0
      vertex -33.5706 27.6506 0
    endloop
  endfacet
  facet normal 0 0 -1
    outer loop
      vertex -35.6955 28.5307 0
      vertex -33.5706 27.6506 0
      vertex -33.6421 27.44 0
    endloop
  endfacet
  facet normal 0 0 -1
    outer loop
      vertex -35.8637 28.0353 0
      vertex -33.6421 27.44 0
      vertex -33.6855 27.2219 0
    endloop
  endfacet
  facet normal 0 0 -1
    outer loop
      vertex -35.9658 27.5221 0
      vertex -33.6855 27.2219 0
      vertex -33.7 27 0
    endloop
  endfacet
  facet normal 0 0 -1
    outer loop
      vertex -32.85 28.4722 0
      vertex -34 30.4641 0
      vertex -33.5307 30.6955 0
    endloop
  endfacet
  facet normal 0 0 -1
    outer loop
      vertex -33.6421 26.56 0
      vertex -36 27 0
      vertex -33.6855 26.7781 0
    endloop
  endfacet
  facet normal 0 0 -1
    outer loop
      vertex -35.6955 -28.5307 0
      vertex -33.5706 -27.6506 0
      vertex -35.4641 -29 0
    endloop
  endfacet
  facet normal 0 0 -1
    outer loop
      vertex -33.6855 26.7781 0
      vertex -36 27 0
      vertex -33.7 27 0
    endloop
  endfacet
  facet normal -0 0 -1
    outer loop
      vertex -33.5706 -27.6506 0
      vertex -35.6955 -28.5307 0
      vertex -33.6421 -27.44 0
    endloop
  endfacet
  facet normal 0 -0 -1
    outer loop
      vertex -35.9658 27.5221 0
      vertex -33.7 27 0
      vertex -36 27 0
    endloop
  endfacet
  facet normal 0 0 -1
    outer loop
      vertex -35.8637 -28.0353 0
      vertex -33.6421 -27.44 0
      vertex -35.6955 -28.5307 0
    endloop
  endfacet
  facet normal 0 0 -1
    outer loop
      vertex -33.0349 28.3487 0
      vertex -34.435 30.1734 0
      vertex -34 30.4641 0
    endloop
  endfacet
  facet normal -0 0 -1
    outer loop
      vertex -33.6421 -27.44 0
      vertex -35.8637 -28.0353 0
      vertex -33.6855 -27.2219 0
    endloop
  endfacet
  facet normal 0 0 -1
    outer loop
      vertex -33.2021 28.2021 0
      vertex -34.8284 29.8284 0
      vertex -34.435 30.1734 0
    endloop
  endfacet
  facet normal 0 0 -1
    outer loop
      vertex -35.9658 -27.5221 0
      vertex -33.6855 -27.2219 0
      vertex -35.8637 -28.0353 0
    endloop
  endfacet
  facet normal 0 0 -1
    outer loop
      vertex -33.3487 28.0349 0
      vertex -35.1734 29.435 0
      vertex -34.8284 29.8284 0
    endloop
  endfacet
  facet normal -0 0 -1
    outer loop
      vertex -33.6855 -27.2219 0
      vertex -35.9658 -27.5221 0
      vertex -33.7 -27 0
    endloop
  endfacet
  facet normal 0 0 -1
    outer loop
      vertex -33.4722 27.85 0
      vertex -35.4641 29 0
      vertex -35.1734 29.435 0
    endloop
  endfacet
  facet normal -0 0 -1
    outer loop
      vertex -33.7 -27 0
      vertex -35.9658 -27.5221 0
      vertex -36 -27 0
    endloop
  endfacet
  facet normal 0 0 -1
    outer loop
      vertex -33.5706 27.6506 0
      vertex -35.6955 28.5307 0
      vertex -35.4641 29 0
    endloop
  endfacet
  facet normal 0 0 -1
    outer loop
      vertex -33.6421 27.44 0
      vertex -35.8637 28.0353 0
      vertex -35.6955 28.5307 0
    endloop
  endfacet
  facet normal 0 0 -1
    outer loop
      vertex -33.6855 27.2219 0
      vertex -35.9658 27.5221 0
      vertex -35.8637 28.0353 0
    endloop
  endfacet
  facet normal -0.195165 0.98077 0
    outer loop
      vertex -31.56 25.3579 0
      vertex -31.7781 25.3145 3
      vertex -31.56 25.3579 3
    endloop
  endfacet
  facet normal -0.195165 0.98077 0
    outer loop
      vertex -31.7781 25.3145 3
      vertex -31.56 25.3579 0
      vertex -31.7781 25.3145 0
    endloop
  endfacet
  facet normal -0.321484 0.946915 0
    outer loop
      vertex -31.3494 25.4294 0
      vertex -31.56 25.3579 3
      vertex -31.3494 25.4294 3
    endloop
  endfacet
  facet normal -0.321484 0.946915 0
    outer loop
      vertex -31.56 25.3579 3
      vertex -31.3494 25.4294 0
      vertex -31.56 25.3579 0
    endloop
  endfacet
  facet normal -0.44253 0.896754 0
    outer loop
      vertex -31.15 25.5278 0
      vertex -31.3494 25.4294 3
      vertex -31.15 25.5278 3
    endloop
  endfacet
  facet normal -0.44253 0.896754 0
    outer loop
      vertex -31.3494 25.4294 3
      vertex -31.15 25.5278 0
      vertex -31.3494 25.4294 0
    endloop
  endfacet
  facet normal -0.555426 0.831566 0
    outer loop
      vertex -30.9651 25.6513 0
      vertex -31.15 25.5278 3
      vertex -30.9651 25.6513 3
    endloop
  endfacet
  facet normal -0.555426 0.831566 0
    outer loop
      vertex -31.15 25.5278 3
      vertex -30.9651 25.6513 0
      vertex -31.15 25.5278 0
    endloop
  endfacet
  facet normal -0.659268 0.751908 0
    outer loop
      vertex -30.7979 25.7979 0
      vertex -30.9651 25.6513 3
      vertex -30.7979 25.7979 3
    endloop
  endfacet
  facet normal -0.659268 0.751908 0
    outer loop
      vertex -30.9651 25.6513 3
      vertex -30.7979 25.7979 0
      vertex -30.9651 25.6513 0
    endloop
  endfacet
  facet normal -0.751908 0.659268 0
    outer loop
      vertex -30.7979 25.7979 0
      vertex -30.6513 25.9651 3
      vertex -30.6513 25.9651 0
    endloop
  endfacet
  facet normal -0.751908 0.659268 0
    outer loop
      vertex -30.6513 25.9651 3
      vertex -30.7979 25.7979 0
      vertex -30.7979 25.7979 3
    endloop
  endfacet
  facet normal -0.831566 0.555426 0
    outer loop
      vertex -30.6513 25.9651 0
      vertex -30.5278 26.15 3
      vertex -30.5278 26.15 0
    endloop
  endfacet
  facet normal -0.831566 0.555426 0
    outer loop
      vertex -30.5278 26.15 3
      vertex -30.6513 25.9651 0
      vertex -30.6513 25.9651 3
    endloop
  endfacet
  facet normal -0.896754 0.44253 0
    outer loop
      vertex -30.5278 26.15 0
      vertex -30.4294 26.3494 3
      vertex -30.4294 26.3494 0
    endloop
  endfacet
  facet normal -0.896754 0.44253 0
    outer loop
      vertex -30.4294 26.3494 3
      vertex -30.5278 26.15 0
      vertex -30.5278 26.15 3
    endloop
  endfacet
  facet normal -0.946915 0.321484 0
    outer loop
      vertex -30.4294 26.3494 0
      vertex -30.3579 26.56 3
      vertex -30.3579 26.56 0
    endloop
  endfacet
  facet normal -0.946915 0.321484 0
    outer loop
      vertex -30.3579 26.56 3
      vertex -30.4294 26.3494 0
      vertex -30.4294 26.3494 3
    endloop
  endfacet
  facet normal -0.98077 0.195165 0
    outer loop
      vertex -30.3579 26.56 0
      vertex -30.3145 26.7781 3
      vertex -30.3145 26.7781 0
    endloop
  endfacet
  facet normal -0.98077 0.195165 0
    outer loop
      vertex -30.3145 26.7781 3
      vertex -30.3579 26.56 0
      vertex -30.3579 26.56 3
    endloop
  endfacet
  facet normal -0.997872 0.0652057 0
    outer loop
      vertex -30.3145 26.7781 0
      vertex -30.3 27 3
      vertex -30.3 27 0
    endloop
  endfacet
  facet normal -0.997872 0.0652057 0
    outer loop
      vertex -30.3 27 3
      vertex -30.3145 26.7781 0
      vertex -30.3145 26.7781 3
    endloop
  endfacet
  facet normal -0.997872 -0.0652057 0
    outer loop
      vertex -30.3 27 0
      vertex -30.3145 27.2219 3
      vertex -30.3145 27.2219 0
    endloop
  endfacet
  facet normal -0.997872 -0.0652057 0
    outer loop
      vertex -30.3145 27.2219 3
      vertex -30.3 27 0
      vertex -30.3 27 3
    endloop
  endfacet
  facet normal -0.98077 -0.195165 0
    outer loop
      vertex -30.3145 27.2219 0
      vertex -30.3579 27.44 3
      vertex -30.3579 27.44 0
    endloop
  endfacet
  facet normal -0.98077 -0.195165 0
    outer loop
      vertex -30.3579 27.44 3
      vertex -30.3145 27.2219 0
      vertex -30.3145 27.2219 3
    endloop
  endfacet
  facet normal -0.946915 -0.321484 0
    outer loop
      vertex -30.3579 27.44 0
      vertex -30.4294 27.6506 3
      vertex -30.4294 27.6506 0
    endloop
  endfacet
  facet normal -0.946915 -0.321484 0
    outer loop
      vertex -30.4294 27.6506 3
      vertex -30.3579 27.44 0
      vertex -30.3579 27.44 3
    endloop
  endfacet
  facet normal -0.896754 -0.44253 0
    outer loop
      vertex -30.4294 27.6506 0
      vertex -30.5278 27.85 3
      vertex -30.5278 27.85 0
    endloop
  endfacet
  facet normal -0.896754 -0.44253 0
    outer loop
      vertex -30.5278 27.85 3
      vertex -30.4294 27.6506 0
      vertex -30.4294 27.6506 3
    endloop
  endfacet
  facet normal -0.831566 -0.555426 0
    outer loop
      vertex -30.5278 27.85 0
      vertex -30.6513 28.0349 3
      vertex -30.6513 28.0349 0
    endloop
  endfacet
  facet normal -0.831566 -0.555426 0
    outer loop
      vertex -30.6513 28.0349 3
      vertex -30.5278 27.85 0
      vertex -30.5278 27.85 3
    endloop
  endfacet
  facet normal -0.751908 -0.659268 0
    outer loop
      vertex -30.6513 28.0349 0
      vertex -30.7979 28.2021 3
      vertex -30.7979 28.2021 0
    endloop
  endfacet
  facet normal -0.751908 -0.659268 0
    outer loop
      vertex -30.7979 28.2021 3
      vertex -30.6513 28.0349 0
      vertex -30.6513 28.0349 3
    endloop
  endfacet
  facet normal -0.659268 -0.751908 0
    outer loop
      vertex -30.9651 28.3487 0
      vertex -30.7979 28.2021 3
      vertex -30.9651 28.3487 3
    endloop
  endfacet
  facet normal -0.659268 -0.751908 -0
    outer loop
      vertex -30.7979 28.2021 3
      vertex -30.9651 28.3487 0
      vertex -30.7979 28.2021 0
    endloop
  endfacet
  facet normal -0.555426 -0.831566 0
    outer loop
      vertex -31.15 28.4722 0
      vertex -30.9651 28.3487 3
      vertex -31.15 28.4722 3
    endloop
  endfacet
  facet normal -0.555426 -0.831566 -0
    outer loop
      vertex -30.9651 28.3487 3
      vertex -31.15 28.4722 0
      vertex -30.9651 28.3487 0
    endloop
  endfacet
  facet normal -0.44253 -0.896754 0
    outer loop
      vertex -31.3494 28.5706 0
      vertex -31.15 28.4722 3
      vertex -31.3494 28.5706 3
    endloop
  endfacet
  facet normal -0.44253 -0.896754 -0
    outer loop
      vertex -31.15 28.4722 3
      vertex -31.3494 28.5706 0
      vertex -31.15 28.4722 0
    endloop
  endfacet
  facet normal -0.321484 -0.946915 0
    outer loop
      vertex -31.56 28.6421 0
      vertex -31.3494 28.5706 3
      vertex -31.56 28.6421 3
    endloop
  endfacet
  facet normal -0.321484 -0.946915 -0
    outer loop
      vertex -31.3494 28.5706 3
      vertex -31.56 28.6421 0
      vertex -31.3494 28.5706 0
    endloop
  endfacet
  facet normal -0.195165 -0.98077 0
    outer loop
      vertex -31.7781 28.6855 0
      vertex -31.56 28.6421 3
      vertex -31.7781 28.6855 3
    endloop
  endfacet
  facet normal -0.195165 -0.98077 -0
    outer loop
      vertex -31.56 28.6421 3
      vertex -31.7781 28.6855 0
      vertex -31.56 28.6421 0
    endloop
  endfacet
  facet normal -0.0652057 -0.997872 0
    outer loop
      vertex -32 28.7 0
      vertex -31.7781 28.6855 3
      vertex -32 28.7 3
    endloop
  endfacet
  facet normal -0.0652057 -0.997872 -0
    outer loop
      vertex -31.7781 28.6855 3
      vertex -32 28.7 0
      vertex -31.7781 28.6855 0
    endloop
  endfacet
  facet normal 0.0652057 -0.997872 0
    outer loop
      vertex -32.2219 28.6855 0
      vertex -32 28.7 3
      vertex -32.2219 28.6855 3
    endloop
  endfacet
  facet normal 0.0652057 -0.997872 0
    outer loop
      vertex -32 28.7 3
      vertex -32.2219 28.6855 0
      vertex -32 28.7 0
    endloop
  endfacet
  facet normal 0.195165 -0.98077 0
    outer loop
      vertex -32.44 28.6421 0
      vertex -32.2219 28.6855 3
      vertex -32.44 28.6421 3
    endloop
  endfacet
  facet normal 0.195165 -0.98077 0
    outer loop
      vertex -32.2219 28.6855 3
      vertex -32.44 28.6421 0
      vertex -32.2219 28.6855 0
    endloop
  endfacet
  facet normal 0.321484 -0.946915 0
    outer loop
      vertex -32.6506 28.5706 0
      vertex -32.44 28.6421 3
      vertex -32.6506 28.5706 3
    endloop
  endfacet
  facet normal 0.321484 -0.946915 0
    outer loop
      vertex -32.44 28.6421 3
      vertex -32.6506 28.5706 0
      vertex -32.44 28.6421 0
    endloop
  endfacet
  facet normal 0.44253 -0.896754 0
    outer loop
      vertex -32.85 28.4722 0
      vertex -32.6506 28.5706 3
      vertex -32.85 28.4722 3
    endloop
  endfacet
  facet normal 0.44253 -0.896754 0
    outer loop
      vertex -32.6506 28.5706 3
      vertex -32.85 28.4722 0
      vertex -32.6506 28.5706 0
    endloop
  endfacet
  facet normal 0.555426 -0.831566 0
    outer loop
      vertex -33.0349 28.3487 0
      vertex -32.85 28.4722 3
      vertex -33.0349 28.3487 3
    endloop
  endfacet
  facet normal 0.555426 -0.831566 0
    outer loop
      vertex -32.85 28.4722 3
      vertex -33.0349 28.3487 0
      vertex -32.85 28.4722 0
    endloop
  endfacet
  facet normal 0.659268 -0.751908 0
    outer loop
      vertex -33.2021 28.2021 0
      vertex -33.0349 28.3487 3
      vertex -33.2021 28.2021 3
    endloop
  endfacet
  facet normal 0.659268 -0.751908 0
    outer loop
      vertex -33.0349 28.3487 3
      vertex -33.2021 28.2021 0
      vertex -33.0349 28.3487 0
    endloop
  endfacet
  facet normal 0.751908 -0.659268 0
    outer loop
      vertex -33.3487 28.0349 3
      vertex -33.2021 28.2021 0
      vertex -33.2021 28.2021 3
    endloop
  endfacet
  facet normal 0.751908 -0.659268 0
    outer loop
      vertex -33.2021 28.2021 0
      vertex -33.3487 28.0349 3
      vertex -33.3487 28.0349 0
    endloop
  endfacet
  facet normal 0.831566 -0.555426 0
    outer loop
      vertex -33.4722 27.85 3
      vertex -33.3487 28.0349 0
      vertex -33.3487 28.0349 3
    endloop
  endfacet
  facet normal 0.831566 -0.555426 0
    outer loop
      vertex -33.3487 28.0349 0
      vertex -33.4722 27.85 3
      vertex -33.4722 27.85 0
    endloop
  endfacet
  facet normal 0.896754 -0.44253 0
    outer loop
      vertex -33.5706 27.6506 3
      vertex -33.4722 27.85 0
      vertex -33.4722 27.85 3
    endloop
  endfacet
  facet normal 0.896754 -0.44253 0
    outer loop
      vertex -33.4722 27.85 0
      vertex -33.5706 27.6506 3
      vertex -33.5706 27.6506 0
    endloop
  endfacet
  facet normal 0.946915 -0.321484 0
    outer loop
      vertex -33.6421 27.44 3
      vertex -33.5706 27.6506 0
      vertex -33.5706 27.6506 3
    endloop
  endfacet
  facet normal 0.946915 -0.321484 0
    outer loop
      vertex -33.5706 27.6506 0
      vertex -33.6421 27.44 3
      vertex -33.6421 27.44 0
    endloop
  endfacet
  facet normal 0.98077 -0.195165 0
    outer loop
      vertex -33.6855 27.2219 3
      vertex -33.6421 27.44 0
      vertex -33.6421 27.44 3
    endloop
  endfacet
  facet normal 0.98077 -0.195165 0
    outer loop
      vertex -33.6421 27.44 0
      vertex -33.6855 27.2219 3
      vertex -33.6855 27.2219 0
    endloop
  endfacet
  facet normal 0.997872 -0.0652057 0
    outer loop
      vertex -33.7 27 3
      vertex -33.6855 27.2219 0
      vertex -33.6855 27.2219 3
    endloop
  endfacet
  facet normal 0.997872 -0.0652057 0
    outer loop
      vertex -33.6855 27.2219 0
      vertex -33.7 27 3
      vertex -33.7 27 0
    endloop
  endfacet
  facet normal 0.997872 0.0652057 0
    outer loop
      vertex -33.6855 26.7781 3
      vertex -33.7 27 0
      vertex -33.7 27 3
    endloop
  endfacet
  facet normal 0.997872 0.0652057 0
    outer loop
      vertex -33.7 27 0
      vertex -33.6855 26.7781 3
      vertex -33.6855 26.7781 0
    endloop
  endfacet
  facet normal 0.98077 0.195165 0
    outer loop
      vertex -33.6421 26.56 3
      vertex -33.6855 26.7781 0
      vertex -33.6855 26.7781 3
    endloop
  endfacet
  facet normal 0.98077 0.195165 0
    outer loop
      vertex -33.6855 26.7781 0
      vertex -33.6421 26.56 3
      vertex -33.6421 26.56 0
    endloop
  endfacet
  facet normal 0.946915 0.321484 0
    outer loop
      vertex -33.5706 26.3494 3
      vertex -33.6421 26.56 0
      vertex -33.6421 26.56 3
    endloop
  endfacet
  facet normal 0.946915 0.321484 0
    outer loop
      vertex -33.6421 26.56 0
      vertex -33.5706 26.3494 3
      vertex -33.5706 26.3494 0
    endloop
  endfacet
  facet normal 0.896754 0.44253 0
    outer loop
      vertex -33.4722 26.15 3
      vertex -33.5706 26.3494 0
      vertex -33.5706 26.3494 3
    endloop
  endfacet
  facet normal 0.896754 0.44253 0
    outer loop
      vertex -33.5706 26.3494 0
      vertex -33.4722 26.15 3
      vertex -33.4722 26.15 0
    endloop
  endfacet
  facet normal 0.831566 0.555426 0
    outer loop
      vertex -33.3487 25.9651 3
      vertex -33.4722 26.15 0
      vertex -33.4722 26.15 3
    endloop
  endfacet
  facet normal 0.831566 0.555426 0
    outer loop
      vertex -33.4722 26.15 0
      vertex -33.3487 25.9651 3
      vertex -33.3487 25.9651 0
    endloop
  endfacet
  facet normal 0.751908 0.659268 0
    outer loop
      vertex -33.2021 25.7979 3
      vertex -33.3487 25.9651 0
      vertex -33.3487 25.9651 3
    endloop
  endfacet
  facet normal 0.751908 0.659268 0
    outer loop
      vertex -33.3487 25.9651 0
      vertex -33.2021 25.7979 3
      vertex -33.2021 25.7979 0
    endloop
  endfacet
  facet normal 0.659268 0.751908 -0
    outer loop
      vertex -33.0349 25.6513 0
      vertex -33.2021 25.7979 3
      vertex -33.0349 25.6513 3
    endloop
  endfacet
  facet normal 0.659268 0.751908 0
    outer loop
      vertex -33.2021 25.7979 3
      vertex -33.0349 25.6513 0
      vertex -33.2021 25.7979 0
    endloop
  endfacet
  facet normal 0.555426 0.831566 -0
    outer loop
      vertex -32.85 25.5278 0
      vertex -33.0349 25.6513 3
      vertex -32.85 25.5278 3
    endloop
  endfacet
  facet normal 0.555426 0.831566 0
    outer loop
      vertex -33.0349 25.6513 3
      vertex -32.85 25.5278 0
      vertex -33.0349 25.6513 0
    endloop
  endfacet
  facet normal 0.44253 0.896754 -0
    outer loop
      vertex -32.6506 25.4294 0
      vertex -32.85 25.5278 3
      vertex -32.6506 25.4294 3
    endloop
  endfacet
  facet normal 0.44253 0.896754 0
    outer loop
      vertex -32.85 25.5278 3
      vertex -32.6506 25.4294 0
      vertex -32.85 25.5278 0
    endloop
  endfacet
  facet normal 0.321484 0.946915 -0
    outer loop
      vertex -32.44 25.3579 0
      vertex -32.6506 25.4294 3
      vertex -32.44 25.3579 3
    endloop
  endfacet
  facet normal 0.321484 0.946915 0
    outer loop
      vertex -32.6506 25.4294 3
      vertex -32.44 25.3579 0
      vertex -32.6506 25.4294 0
    endloop
  endfacet
  facet normal 0.195165 0.98077 -0
    outer loop
      vertex -32.2219 25.3145 0
      vertex -32.44 25.3579 3
      vertex -32.2219 25.3145 3
    endloop
  endfacet
  facet normal 0.195165 0.98077 0
    outer loop
      vertex -32.44 25.3579 3
      vertex -32.2219 25.3145 0
      vertex -32.44 25.3579 0
    endloop
  endfacet
  facet normal 0.0652057 0.997872 -0
    outer loop
      vertex -32 25.3 0
      vertex -32.2219 25.3145 3
      vertex -32 25.3 3
    endloop
  endfacet
  facet normal 0.0652057 0.997872 0
    outer loop
      vertex -32.2219 25.3145 3
      vertex -32 25.3 0
      vertex -32.2219 25.3145 0
    endloop
  endfacet
  facet normal -0.0652057 0.997872 0
    outer loop
      vertex -31.7781 25.3145 0
      vertex -32 25.3 3
      vertex -31.7781 25.3145 3
    endloop
  endfacet
  facet normal -0.0652057 0.997872 0
    outer loop
      vertex -32 25.3 3
      vertex -31.7781 25.3145 0
      vertex -32 25.3 0
    endloop
  endfacet
  facet normal -0.195165 0.98077 0
    outer loop
      vertex 32.44 25.3579 0
      vertex 32.2219 25.3145 3
      vertex 32.44 25.3579 3
    endloop
  endfacet
  facet normal -0.195165 0.98077 0
    outer loop
      vertex 32.2219 25.3145 3
      vertex 32.44 25.3579 0
      vertex 32.2219 25.3145 0
    endloop
  endfacet
  facet normal -0.321484 0.946915 0
    outer loop
      vertex 32.6506 25.4294 0
      vertex 32.44 25.3579 3
      vertex 32.6506 25.4294 3
    endloop
  endfacet
  facet normal -0.321484 0.946915 0
    outer loop
      vertex 32.44 25.3579 3
      vertex 32.6506 25.4294 0
      vertex 32.44 25.3579 0
    endloop
  endfacet
  facet normal -0.44253 0.896754 0
    outer loop
      vertex 32.85 25.5278 0
      vertex 32.6506 25.4294 3
      vertex 32.85 25.5278 3
    endloop
  endfacet
  facet normal -0.44253 0.896754 0
    outer loop
      vertex 32.6506 25.4294 3
      vertex 32.85 25.5278 0
      vertex 32.6506 25.4294 0
    endloop
  endfacet
  facet normal -0.555426 0.831566 0
    outer loop
      vertex 33.0349 25.6513 0
      vertex 32.85 25.5278 3
      vertex 33.0349 25.6513 3
    endloop
  endfacet
  facet normal -0.555426 0.831566 0
    outer loop
      vertex 32.85 25.5278 3
      vertex 33.0349 25.6513 0
      vertex 32.85 25.5278 0
    endloop
  endfacet
  facet normal -0.659268 0.751908 0
    outer loop
      vertex 33.2021 25.7979 0
      vertex 33.0349 25.6513 3
      vertex 33.2021 25.7979 3
    endloop
  endfacet
  facet normal -0.659268 0.751908 0
    outer loop
      vertex 33.0349 25.6513 3
      vertex 33.2021 25.7979 0
      vertex 33.0349 25.6513 0
    endloop
  endfacet
  facet normal -0.751908 0.659268 0
    outer loop
      vertex 33.2021 25.7979 0
      vertex 33.3487 25.9651 3
      vertex 33.3487 25.9651 0
    endloop
  endfacet
  facet normal -0.751908 0.659268 0
    outer loop
      vertex 33.3487 25.9651 3
      vertex 33.2021 25.7979 0
      vertex 33.2021 25.7979 3
    endloop
  endfacet
  facet normal -0.831566 0.555426 0
    outer loop
      vertex 33.3487 25.9651 0
      vertex 33.4722 26.15 3
      vertex 33.4722 26.15 0
    endloop
  endfacet
  facet normal -0.831566 0.555426 0
    outer loop
      vertex 33.4722 26.15 3
      vertex 33.3487 25.9651 0
      vertex 33.3487 25.9651 3
    endloop
  endfacet
  facet normal -0.896754 0.44253 0
    outer loop
      vertex 33.4722 26.15 0
      vertex 33.5706 26.3494 3
      vertex 33.5706 26.3494 0
    endloop
  endfacet
  facet normal -0.896754 0.44253 0
    outer loop
      vertex 33.5706 26.3494 3
      vertex 33.4722 26.15 0
      vertex 33.4722 26.15 3
    endloop
  endfacet
  facet normal -0.946915 0.321484 0
    outer loop
      vertex 33.5706 26.3494 0
      vertex 33.6421 26.56 3
      vertex 33.6421 26.56 0
    endloop
  endfacet
  facet normal -0.946915 0.321484 0
    outer loop
      vertex 33.6421 26.56 3
      vertex 33.5706 26.3494 0
      vertex 33.5706 26.3494 3
    endloop
  endfacet
  facet normal -0.98077 0.195165 0
    outer loop
      vertex 33.6421 26.56 0
      vertex 33.6855 26.7781 3
      vertex 33.6855 26.7781 0
    endloop
  endfacet
  facet normal -0.98077 0.195165 0
    outer loop
      vertex 33.6855 26.7781 3
      vertex 33.6421 26.56 0
      vertex 33.6421 26.56 3
    endloop
  endfacet
  facet normal -0.997872 0.0652057 0
    outer loop
      vertex 33.6855 26.7781 0
      vertex 33.7 27 3
      vertex 33.7 27 0
    endloop
  endfacet
  facet normal -0.997872 0.0652057 0
    outer loop
      vertex 33.7 27 3
      vertex 33.6855 26.7781 0
      vertex 33.6855 26.7781 3
    endloop
  endfacet
  facet normal -0.997872 -0.0652057 0
    outer loop
      vertex 33.7 27 0
      vertex 33.6855 27.2219 3
      vertex 33.6855 27.2219 0
    endloop
  endfacet
  facet normal -0.997872 -0.0652057 0
    outer loop
      vertex 33.6855 27.2219 3
      vertex 33.7 27 0
      vertex 33.7 27 3
    endloop
  endfacet
  facet normal -0.98077 -0.195165 0
    outer loop
      vertex 33.6855 27.2219 0
      vertex 33.6421 27.44 3
      vertex 33.6421 27.44 0
    endloop
  endfacet
  facet normal -0.98077 -0.195165 0
    outer loop
      vertex 33.6421 27.44 3
      vertex 33.6855 27.2219 0
      vertex 33.6855 27.2219 3
    endloop
  endfacet
  facet normal -0.946915 -0.321484 0
    outer loop
      vertex 33.6421 27.44 0
      vertex 33.5706 27.6506 3
      vertex 33.5706 27.6506 0
    endloop
  endfacet
  facet normal -0.946915 -0.321484 0
    outer loop
      vertex 33.5706 27.6506 3
      vertex 33.6421 27.44 0
      vertex 33.6421 27.44 3
    endloop
  endfacet
  facet normal -0.896754 -0.44253 0
    outer loop
      vertex 33.5706 27.6506 0
      vertex 33.4722 27.85 3
      vertex 33.4722 27.85 0
    endloop
  endfacet
  facet normal -0.896754 -0.44253 0
    outer loop
      vertex 33.4722 27.85 3
      vertex 33.5706 27.6506 0
      vertex 33.5706 27.6506 3
    endloop
  endfacet
  facet normal -0.831566 -0.555426 0
    outer loop
      vertex 33.4722 27.85 0
      vertex 33.3487 28.0349 3
      vertex 33.3487 28.0349 0
    endloop
  endfacet
  facet normal -0.831566 -0.555426 0
    outer loop
      vertex 33.3487 28.0349 3
      vertex 33.4722 27.85 0
      vertex 33.4722 27.85 3
    endloop
  endfacet
  facet normal -0.751908 -0.659268 0
    outer loop
      vertex 33.3487 28.0349 0
      vertex 33.2021 28.2021 3
      vertex 33.2021 28.2021 0
    endloop
  endfacet
  facet normal -0.751908 -0.659268 0
    outer loop
      vertex 33.2021 28.2021 3
      vertex 33.3487 28.0349 0
      vertex 33.3487 28.0349 3
    endloop
  endfacet
  facet normal -0.659268 -0.751908 0
    outer loop
      vertex 33.0349 28.3487 0
      vertex 33.2021 28.2021 3
      vertex 33.0349 28.3487 3
    endloop
  endfacet
  facet normal -0.659268 -0.751908 -0
    outer loop
      vertex 33.2021 28.2021 3
      vertex 33.0349 28.3487 0
      vertex 33.2021 28.2021 0
    endloop
  endfacet
  facet normal -0.555426 -0.831566 0
    outer loop
      vertex 32.85 28.4722 0
      vertex 33.0349 28.3487 3
      vertex 32.85 28.4722 3
    endloop
  endfacet
  facet normal -0.555426 -0.831566 -0
    outer loop
      vertex 33.0349 28.3487 3
      vertex 32.85 28.4722 0
      vertex 33.0349 28.3487 0
    endloop
  endfacet
  facet normal -0.44253 -0.896754 0
    outer loop
      vertex 32.6506 28.5706 0
      vertex 32.85 28.4722 3
      vertex 32.6506 28.5706 3
    endloop
  endfacet
  facet normal -0.44253 -0.896754 -0
    outer loop
      vertex 32.85 28.4722 3
      vertex 32.6506 28.5706 0
      vertex 32.85 28.4722 0
    endloop
  endfacet
  facet normal -0.321484 -0.946915 0
    outer loop
      vertex 32.44 28.6421 0
      vertex 32.6506 28.5706 3
      vertex 32.44 28.6421 3
    endloop
  endfacet
  facet normal -0.321484 -0.946915 -0
    outer loop
      vertex 32.6506 28.5706 3
      vertex 32.44 28.6421 0
      vertex 32.6506 28.5706 0
    endloop
  endfacet
  facet normal -0.195165 -0.98077 0
    outer loop
      vertex 32.2219 28.6855 0
      vertex 32.44 28.6421 3
      vertex 32.2219 28.6855 3
    endloop
  endfacet
  facet normal -0.195165 -0.98077 -0
    outer loop
      vertex 32.44 28.6421 3
      vertex 32.2219 28.6855 0
      vertex 32.44 28.6421 0
    endloop
  endfacet
  facet normal -0.0652057 -0.997872 0
    outer loop
      vertex 32 28.7 0
      vertex 32.2219 28.6855 3
      vertex 32 28.7 3
    endloop
  endfacet
  facet normal -0.0652057 -0.997872 -0
    outer loop
      vertex 32.2219 28.6855 3
      vertex 32 28.7 0
      vertex 32.2219 28.6855 0
    endloop
  endfacet
  facet normal 0.0652057 -0.997872 0
    outer loop
      vertex 31.7781 28.6855 0
      vertex 32 28.7 3
      vertex 31.7781 28.6855 3
    endloop
  endfacet
  facet normal 0.0652057 -0.997872 0
    outer loop
      vertex 32 28.7 3
      vertex 31.7781 28.6855 0
      vertex 32 28.7 0
    endloop
  endfacet
  facet normal 0.195165 -0.98077 0
    outer loop
      vertex 31.56 28.6421 0
      vertex 31.7781 28.6855 3
      vertex 31.56 28.6421 3
    endloop
  endfacet
  facet normal 0.195165 -0.98077 0
    outer loop
      vertex 31.7781 28.6855 3
      vertex 31.56 28.6421 0
      vertex 31.7781 28.6855 0
    endloop
  endfacet
  facet normal 0.321484 -0.946915 0
    outer loop
      vertex 31.3494 28.5706 0
      vertex 31.56 28.6421 3
      vertex 31.3494 28.5706 3
    endloop
  endfacet
  facet normal 0.321484 -0.946915 0
    outer loop
      vertex 31.56 28.6421 3
      vertex 31.3494 28.5706 0
      vertex 31.56 28.6421 0
    endloop
  endfacet
  facet normal 0.44253 -0.896754 0
    outer loop
      vertex 31.15 28.4722 0
      vertex 31.3494 28.5706 3
      vertex 31.15 28.4722 3
    endloop
  endfacet
  facet normal 0.44253 -0.896754 0
    outer loop
      vertex 31.3494 28.5706 3
      vertex 31.15 28.4722 0
      vertex 31.3494 28.5706 0
    endloop
  endfacet
  facet normal 0.555426 -0.831566 0
    outer loop
      vertex 30.9651 28.3487 0
      vertex 31.15 28.4722 3
      vertex 30.9651 28.3487 3
    endloop
  endfacet
  facet normal 0.555426 -0.831566 0
    outer loop
      vertex 31.15 28.4722 3
      vertex 30.9651 28.3487 0
      vertex 31.15 28.4722 0
    endloop
  endfacet
  facet normal 0.659268 -0.751908 0
    outer loop
      vertex 30.7979 28.2021 0
      vertex 30.9651 28.3487 3
      vertex 30.7979 28.2021 3
    endloop
  endfacet
  facet normal 0.659268 -0.751908 0
    outer loop
      vertex 30.9651 28.3487 3
      vertex 30.7979 28.2021 0
      vertex 30.9651 28.3487 0
    endloop
  endfacet
  facet normal 0.751908 -0.659268 0
    outer loop
      vertex 30.6513 28.0349 3
      vertex 30.7979 28.2021 0
      vertex 30.7979 28.2021 3
    endloop
  endfacet
  facet normal 0.751908 -0.659268 0
    outer loop
      vertex 30.7979 28.2021 0
      vertex 30.6513 28.0349 3
      vertex 30.6513 28.0349 0
    endloop
  endfacet
  facet normal 0.831566 -0.555426 0
    outer loop
      vertex 30.5278 27.85 3
      vertex 30.6513 28.0349 0
      vertex 30.6513 28.0349 3
    endloop
  endfacet
  facet normal 0.831566 -0.555426 0
    outer loop
      vertex 30.6513 28.0349 0
      vertex 30.5278 27.85 3
      vertex 30.5278 27.85 0
    endloop
  endfacet
  facet normal 0.896754 -0.44253 0
    outer loop
      vertex 30.4294 27.6506 3
      vertex 30.5278 27.85 0
      vertex 30.5278 27.85 3
    endloop
  endfacet
  facet normal 0.896754 -0.44253 0
    outer loop
      vertex 30.5278 27.85 0
      vertex 30.4294 27.6506 3
      vertex 30.4294 27.6506 0
    endloop
  endfacet
  facet normal 0.946915 -0.321484 0
    outer loop
      vertex 30.3579 27.44 3
      vertex 30.4294 27.6506 0
      vertex 30.4294 27.6506 3
    endloop
  endfacet
  facet normal 0.946915 -0.321484 0
    outer loop
      vertex 30.4294 27.6506 0
      vertex 30.3579 27.44 3
      vertex 30.3579 27.44 0
    endloop
  endfacet
  facet normal 0.98077 -0.195165 0
    outer loop
      vertex 30.3145 27.2219 3
      vertex 30.3579 27.44 0
      vertex 30.3579 27.44 3
    endloop
  endfacet
  facet normal 0.98077 -0.195165 0
    outer loop
      vertex 30.3579 27.44 0
      vertex 30.3145 27.2219 3
      vertex 30.3145 27.2219 0
    endloop
  endfacet
  facet normal 0.997872 -0.0652057 0
    outer loop
      vertex 30.3 27 3
      vertex 30.3145 27.2219 0
      vertex 30.3145 27.2219 3
    endloop
  endfacet
  facet normal 0.997872 -0.0652057 0
    outer loop
      vertex 30.3145 27.2219 0
      vertex 30.3 27 3
      vertex 30.3 27 0
    endloop
  endfacet
  facet normal 0.997872 0.0652057 0
    outer loop
      vertex 30.3145 26.7781 3
      vertex 30.3 27 0
      vertex 30.3 27 3
    endloop
  endfacet
  facet normal 0.997872 0.0652057 0
    outer loop
      vertex 30.3 27 0
      vertex 30.3145 26.7781 3
      vertex 30.3145 26.7781 0
    endloop
  endfacet
  facet normal 0.98077 0.195165 0
    outer loop
      vertex 30.3579 26.56 3
      vertex 30.3145 26.7781 0
      vertex 30.3145 26.7781 3
    endloop
  endfacet
  facet normal 0.98077 0.195165 0
    outer loop
      vertex 30.3145 26.7781 0
      vertex 30.3579 26.56 3
      vertex 30.3579 26.56 0
    endloop
  endfacet
  facet normal 0.946915 0.321484 0
    outer loop
      vertex 30.4294 26.3494 3
      vertex 30.3579 26.56 0
      vertex 30.3579 26.56 3
    endloop
  endfacet
  facet normal 0.946915 0.321484 0
    outer loop
      vertex 30.3579 26.56 0
      vertex 30.4294 26.3494 3
      vertex 30.4294 26.3494 0
    endloop
  endfacet
  facet normal 0.896754 0.44253 0
    outer loop
      vertex 30.5278 26.15 3
      vertex 30.4294 26.3494 0
      vertex 30.4294 26.3494 3
    endloop
  endfacet
  facet normal 0.896754 0.44253 0
    outer loop
      vertex 30.4294 26.3494 0
      vertex 30.5278 26.15 3
      vertex 30.5278 26.15 0
    endloop
  endfacet
  facet normal 0.831566 0.555426 0
    outer loop
      vertex 30.6513 25.9651 3
      vertex 30.5278 26.15 0
      vertex 30.5278 26.15 3
    endloop
  endfacet
  facet normal 0.831566 0.555426 0
    outer loop
      vertex 30.5278 26.15 0
      vertex 30.6513 25.9651 3
      vertex 30.6513 25.9651 0
    endloop
  endfacet
  facet normal 0.751908 0.659268 0
    outer loop
      vertex 30.7979 25.7979 3
      vertex 30.6513 25.9651 0
      vertex 30.6513 25.9651 3
    endloop
  endfacet
  facet normal 0.751908 0.659268 0
    outer loop
      vertex 30.6513 25.9651 0
      vertex 30.7979 25.7979 3
      vertex 30.7979 25.7979 0
    endloop
  endfacet
  facet normal 0.659268 0.751908 -0
    outer loop
      vertex 30.9651 25.6513 0
      vertex 30.7979 25.7979 3
      vertex 30.9651 25.6513 3
    endloop
  endfacet
  facet normal 0.659268 0.751908 0
    outer loop
      vertex 30.7979 25.7979 3
      vertex 30.9651 25.6513 0
      vertex 30.7979 25.7979 0
    endloop
  endfacet
  facet normal 0.555426 0.831566 -0
    outer loop
      vertex 31.15 25.5278 0
      vertex 30.9651 25.6513 3
      vertex 31.15 25.5278 3
    endloop
  endfacet
  facet normal 0.555426 0.831566 0
    outer loop
      vertex 30.9651 25.6513 3
      vertex 31.15 25.5278 0
      vertex 30.9651 25.6513 0
    endloop
  endfacet
  facet normal 0.44253 0.896754 -0
    outer loop
      vertex 31.3494 25.4294 0
      vertex 31.15 25.5278 3
      vertex 31.3494 25.4294 3
    endloop
  endfacet
  facet normal 0.44253 0.896754 0
    outer loop
      vertex 31.15 25.5278 3
      vertex 31.3494 25.4294 0
      vertex 31.15 25.5278 0
    endloop
  endfacet
  facet normal 0.321484 0.946915 -0
    outer loop
      vertex 31.56 25.3579 0
      vertex 31.3494 25.4294 3
      vertex 31.56 25.3579 3
    endloop
  endfacet
  facet normal 0.321484 0.946915 0
    outer loop
      vertex 31.3494 25.4294 3
      vertex 31.56 25.3579 0
      vertex 31.3494 25.4294 0
    endloop
  endfacet
  facet normal 0.195165 0.98077 -0
    outer loop
      vertex 31.7781 25.3145 0
      vertex 31.56 25.3579 3
      vertex 31.7781 25.3145 3
    endloop
  endfacet
  facet normal 0.195165 0.98077 0
    outer loop
      vertex 31.56 25.3579 3
      vertex 31.7781 25.3145 0
      vertex 31.56 25.3579 0
    endloop
  endfacet
  facet normal 0.0652057 0.997872 -0
    outer loop
      vertex 32 25.3 0
      vertex 31.7781 25.3145 3
      vertex 32 25.3 3
    endloop
  endfacet
  facet normal 0.0652057 0.997872 0
    outer loop
      vertex 31.7781 25.3145 3
      vertex 32 25.3 0
      vertex 31.7781 25.3145 0
    endloop
  endfacet
  facet normal -0.0652057 0.997872 0
    outer loop
      vertex 32.2219 25.3145 0
      vertex 32 25.3 3
      vertex 32.2219 25.3145 3
    endloop
  endfacet
  facet normal -0.0652057 0.997872 0
    outer loop
      vertex 32 25.3 3
      vertex 32.2219 25.3145 0
      vertex 32 25.3 0
    endloop
  endfacet
  facet normal 0 -1 0
    outer loop
      vertex -11.8 6.5 0
      vertex 11.8 6.5 3
      vertex -11.8 6.5 3
    endloop
  endfacet
  facet normal 0 -1 -0
    outer loop
      vertex 11.8 6.5 3
      vertex -11.8 6.5 0
      vertex 11.8 6.5 0
    endloop
  endfacet
  facet normal 1 -0 0
    outer loop
      vertex -11.8 -6.5 3
      vertex -11.8 6.5 0
      vertex -11.8 6.5 3
    endloop
  endfacet
  facet normal 1 0 0
    outer loop
      vertex -11.8 6.5 0
      vertex -11.8 -6.5 3
      vertex -11.8 -6.5 0
    endloop
  endfacet
  facet normal 0 1 -0
    outer loop
      vertex 11.8 -6.5 0
      vertex -11.8 -6.5 3
      vertex 11.8 -6.5 3
    endloop
  endfacet
  facet normal 0 1 0
    outer loop
      vertex -11.8 -6.5 3
      vertex 11.8 -6.5 0
      vertex -11.8 -6.5 0
    endloop
  endfacet
  facet normal -1 0 0
    outer loop
      vertex 11.8 -6.5 0
      vertex 11.8 6.5 3
      vertex 11.8 6.5 0
    endloop
  endfacet
  facet normal -1 -0 0
    outer loop
      vertex 11.8 6.5 3
      vertex 11.8 -6.5 0
      vertex 11.8 -6.5 3
    endloop
  endfacet
  facet normal -0.195075 0.980788 0
    outer loop
      vertex -13.5894 -1.1591 0
      vertex -13.7434 -1.18973 3
      vertex -13.5894 -1.1591 3
    endloop
  endfacet
  facet normal -0.195075 0.980788 0
    outer loop
      vertex -13.7434 -1.18973 3
      vertex -13.5894 -1.1591 0
      vertex -13.7434 -1.18973 0
    endloop
  endfacet
  facet normal -0.321537 0.946897 0
    outer loop
      vertex -13.4408 -1.10864 0
      vertex -13.5894 -1.1591 3
      vertex -13.4408 -1.10864 3
    endloop
  endfacet
  facet normal -0.321537 0.946897 0
    outer loop
      vertex -13.5894 -1.1591 3
      vertex -13.4408 -1.10864 0
      vertex -13.5894 -1.1591 0
    endloop
  endfacet
  facet normal -0.442161 0.896936 0
    outer loop
      vertex -13.3 -1.03923 0
      vertex -13.4408 -1.10864 3
      vertex -13.3 -1.03923 3
    endloop
  endfacet
  facet normal -0.442161 0.896936 0
    outer loop
      vertex -13.4408 -1.10864 3
      vertex -13.3 -1.03923 0
      vertex -13.4408 -1.10864 0
    endloop
  endfacet
  facet normal -0.555666 0.831406 0
    outer loop
      vertex -13.1695 -0.952011 0
      vertex -13.3 -1.03923 3
      vertex -13.1695 -0.952011 3
    endloop
  endfacet
  facet normal -0.555666 0.831406 0
    outer loop
      vertex -13.3 -1.03923 3
      vertex -13.1695 -0.952011 0
      vertex -13.3 -1.03923 0
    endloop
  endfacet
  facet normal -0.659352 0.751834 0
    outer loop
      vertex -13.0515 -0.848526 0
      vertex -13.1695 -0.952011 3
      vertex -13.0515 -0.848526 3
    endloop
  endfacet
  facet normal -0.659352 0.751834 0
    outer loop
      vertex -13.1695 -0.952011 3
      vertex -13.0515 -0.848526 0
      vertex -13.1695 -0.952011 0
    endloop
  endfacet
  facet normal -0.751862 0.659321 0
    outer loop
      vertex -13.0515 -0.848526 0
      vertex -12.948 -0.730499 3
      vertex -12.948 -0.730499 0
    endloop
  endfacet
  facet normal -0.751862 0.659321 0
    outer loop
      vertex -12.948 -0.730499 3
      vertex -13.0515 -0.848526 0
      vertex -13.0515 -0.848526 3
    endloop
  endfacet
  facet normal -0.831477 0.555559 0
    outer loop
      vertex -12.948 -0.730499 0
      vertex -12.8608 -0.599991 3
      vertex -12.8608 -0.599991 0
    endloop
  endfacet
  facet normal -0.831477 0.555559 0
    outer loop
      vertex -12.8608 -0.599991 3
      vertex -12.948 -0.730499 0
      vertex -12.948 -0.730499 3
    endloop
  endfacet
  facet normal -0.896681 0.442678 0
    outer loop
      vertex -12.8608 -0.599991 0
      vertex -12.7913 -0.459213 3
      vertex -12.7913 -0.459213 0
    endloop
  endfacet
  facet normal -0.896681 0.442678 0
    outer loop
      vertex -12.7913 -0.459213 3
      vertex -12.8608 -0.599991 0
      vertex -12.8608 -0.599991 3
    endloop
  endfacet
  facet normal -0.947037 0.321125 0
    outer loop
      vertex -12.7913 -0.459213 0
      vertex -12.7409 -0.310577 3
      vertex -12.7409 -0.310577 0
    endloop
  endfacet
  facet normal -0.947037 0.321125 0
    outer loop
      vertex -12.7409 -0.310577 3
      vertex -12.7913 -0.459213 0
      vertex -12.7913 -0.459213 3
    endloop
  endfacet
  facet normal -0.980815 0.194939 0
    outer loop
      vertex -12.7409 -0.310577 0
      vertex -12.7103 -0.156616 3
      vertex -12.7103 -0.156616 0
    endloop
  endfacet
  facet normal -0.980815 0.194939 0
    outer loop
      vertex -12.7103 -0.156616 3
      vertex -12.7409 -0.310577 0
      vertex -12.7409 -0.310577 3
    endloop
  endfacet
  facet normal -0.997844 0.0656242 0
    outer loop
      vertex -12.7103 -0.156616 0
      vertex -12.7 0 3
      vertex -12.7 0 0
    endloop
  endfacet
  facet normal -0.997844 0.0656242 0
    outer loop
      vertex -12.7 0 3
      vertex -12.7103 -0.156616 0
      vertex -12.7103 -0.156616 3
    endloop
  endfacet
  facet normal -0.997844 -0.0656242 0
    outer loop
      vertex -12.7 0 0
      vertex -12.7103 0.156616 3
      vertex -12.7103 0.156616 0
    endloop
  endfacet
  facet normal -0.997844 -0.0656242 0
    outer loop
      vertex -12.7103 0.156616 3
      vertex -12.7 0 0
      vertex -12.7 0 3
    endloop
  endfacet
  facet normal -0.980815 -0.194939 0
    outer loop
      vertex -12.7103 0.156616 0
      vertex -12.7409 0.310577 3
      vertex -12.7409 0.310577 0
    endloop
  endfacet
  facet normal -0.980815 -0.194939 0
    outer loop
      vertex -12.7409 0.310577 3
      vertex -12.7103 0.156616 0
      vertex -12.7103 0.156616 3
    endloop
  endfacet
  facet normal -0.947037 -0.321125 0
    outer loop
      vertex -12.7409 0.310577 0
      vertex -12.7913 0.459213 3
      vertex -12.7913 0.459213 0
    endloop
  endfacet
  facet normal -0.947037 -0.321125 0
    outer loop
      vertex -12.7913 0.459213 3
      vertex -12.7409 0.310577 0
      vertex -12.7409 0.310577 3
    endloop
  endfacet
  facet normal -0.896681 -0.442678 0
    outer loop
      vertex -12.7913 0.459213 0
      vertex -12.8608 0.599991 3
      vertex -12.8608 0.599991 0
    endloop
  endfacet
  facet normal -0.896681 -0.442678 0
    outer loop
      vertex -12.8608 0.599991 3
      vertex -12.7913 0.459213 0
      vertex -12.7913 0.459213 3
    endloop
  endfacet
  facet normal -0.831477 -0.555559 0
    outer loop
      vertex -12.8608 0.599991 0
      vertex -12.948 0.730499 3
      vertex -12.948 0.730499 0
    endloop
  endfacet
  facet normal -0.831477 -0.555559 0
    outer loop
      vertex -12.948 0.730499 3
      vertex -12.8608 0.599991 0
      vertex -12.8608 0.599991 3
    endloop
  endfacet
  facet normal -0.751862 -0.659321 0
    outer loop
      vertex -12.948 0.730499 0
      vertex -13.0515 0.848526 3
      vertex -13.0515 0.848526 0
    endloop
  endfacet
  facet normal -0.751862 -0.659321 0
    outer loop
      vertex -13.0515 0.848526 3
      vertex -12.948 0.730499 0
      vertex -12.948 0.730499 3
    endloop
  endfacet
  facet normal -0.659352 -0.751834 0
    outer loop
      vertex -13.1695 0.952011 0
      vertex -13.0515 0.848526 3
      vertex -13.1695 0.952011 3
    endloop
  endfacet
  facet normal -0.659352 -0.751834 -0
    outer loop
      vertex -13.0515 0.848526 3
      vertex -13.1695 0.952011 0
      vertex -13.0515 0.848526 0
    endloop
  endfacet
  facet normal -0.555666 -0.831406 0
    outer loop
      vertex -13.3 1.03923 0
      vertex -13.1695 0.952011 3
      vertex -13.3 1.03923 3
    endloop
  endfacet
  facet normal -0.555666 -0.831406 -0
    outer loop
      vertex -13.1695 0.952011 3
      vertex -13.3 1.03923 0
      vertex -13.1695 0.952011 0
    endloop
  endfacet
  facet normal -0.442161 -0.896936 0
    outer loop
      vertex -13.4408 1.10864 0
      vertex -13.3 1.03923 3
      vertex -13.4408 1.10864 3
    endloop
  endfacet
  facet normal -0.442161 -0.896936 -0
    outer loop
      vertex -13.3 1.03923 3
      vertex -13.4408 1.10864 0
      vertex -13.3 1.03923 0
    endloop
  endfacet
  facet normal -0.321537 -0.946897 0
    outer loop
      vertex -13.5894 1.1591 0
      vertex -13.4408 1.10864 3
      vertex -13.5894 1.1591 3
    endloop
  endfacet
  facet normal -0.321537 -0.946897 -0
    outer loop
      vertex -13.4408 1.10864 3
      vertex -13.5894 1.1591 0
      vertex -13.4408 1.10864 0
    endloop
  endfacet
  facet normal -0.195075 -0.980788 0
    outer loop
      vertex -13.7434 1.18973 0
      vertex -13.5894 1.1591 3
      vertex -13.7434 1.18973 3
    endloop
  endfacet
  facet normal -0.195075 -0.980788 -0
    outer loop
      vertex -13.5894 1.1591 3
      vertex -13.7434 1.18973 0
      vertex -13.5894 1.1591 0
    endloop
  endfacet
  facet normal -0.0654405 -0.997856 0
    outer loop
      vertex -13.9 1.2 0
      vertex -13.7434 1.18973 3
      vertex -13.9 1.2 3
    endloop
  endfacet
  facet normal -0.0654405 -0.997856 -0
    outer loop
      vertex -13.7434 1.18973 3
      vertex -13.9 1.2 0
      vertex -13.7434 1.18973 0
    endloop
  endfacet
  facet normal 0.0654405 -0.997856 0
    outer loop
      vertex -14.0566 1.18973 0
      vertex -13.9 1.2 3
      vertex -14.0566 1.18973 3
    endloop
  endfacet
  facet normal 0.0654405 -0.997856 0
    outer loop
      vertex -13.9 1.2 3
      vertex -14.0566 1.18973 0
      vertex -13.9 1.2 0
    endloop
  endfacet
  facet normal 0.195075 -0.980788 0
    outer loop
      vertex -14.2106 1.1591 0
      vertex -14.0566 1.18973 3
      vertex -14.2106 1.1591 3
    endloop
  endfacet
  facet normal 0.195075 -0.980788 0
    outer loop
      vertex -14.0566 1.18973 3
      vertex -14.2106 1.1591 0
      vertex -14.0566 1.18973 0
    endloop
  endfacet
  facet normal 0.321537 -0.946897 0
    outer loop
      vertex -14.3592 1.10864 0
      vertex -14.2106 1.1591 3
      vertex -14.3592 1.10864 3
    endloop
  endfacet
  facet normal 0.321537 -0.946897 0
    outer loop
      vertex -14.2106 1.1591 3
      vertex -14.3592 1.10864 0
      vertex -14.2106 1.1591 0
    endloop
  endfacet
  facet normal 0.442161 -0.896936 0
    outer loop
      vertex -14.5 1.03923 0
      vertex -14.3592 1.10864 3
      vertex -14.5 1.03923 3
    endloop
  endfacet
  facet normal 0.442161 -0.896936 0
    outer loop
      vertex -14.3592 1.10864 3
      vertex -14.5 1.03923 0
      vertex -14.3592 1.10864 0
    endloop
  endfacet
  facet normal 0.555666 -0.831406 0
    outer loop
      vertex -14.6305 0.952011 0
      vertex -14.5 1.03923 3
      vertex -14.6305 0.952011 3
    endloop
  endfacet
  facet normal 0.555666 -0.831406 0
    outer loop
      vertex -14.5 1.03923 3
      vertex -14.6305 0.952011 0
      vertex -14.5 1.03923 0
    endloop
  endfacet
  facet normal 0.659352 -0.751834 0
    outer loop
      vertex -14.7485 0.848526 0
      vertex -14.6305 0.952011 3
      vertex -14.7485 0.848526 3
    endloop
  endfacet
  facet normal 0.659352 -0.751834 0
    outer loop
      vertex -14.6305 0.952011 3
      vertex -14.7485 0.848526 0
      vertex -14.6305 0.952011 0
    endloop
  endfacet
  facet normal 0.751862 -0.659321 0
    outer loop
      vertex -14.852 0.730499 3
      vertex -14.7485 0.848526 0
      vertex -14.7485 0.848526 3
    endloop
  endfacet
  facet normal 0.751862 -0.659321 0
    outer loop
      vertex -14.7485 0.848526 0
      vertex -14.852 0.730499 3
      vertex -14.852 0.730499 0
    endloop
  endfacet
  facet normal 0.831477 -0.555559 0
    outer loop
      vertex -14.9392 0.599991 3
      vertex -14.852 0.730499 0
      vertex -14.852 0.730499 3
    endloop
  endfacet
  facet normal 0.831477 -0.555559 0
    outer loop
      vertex -14.852 0.730499 0
      vertex -14.9392 0.599991 3
      vertex -14.9392 0.599991 0
    endloop
  endfacet
  facet normal 0.896681 -0.442678 0
    outer loop
      vertex -15.0087 0.459213 3
      vertex -14.9392 0.599991 0
      vertex -14.9392 0.599991 3
    endloop
  endfacet
  facet normal 0.896681 -0.442678 0
    outer loop
      vertex -14.9392 0.599991 0
      vertex -15.0087 0.459213 3
      vertex -15.0087 0.459213 0
    endloop
  endfacet
  facet normal 0.947037 -0.321125 0
    outer loop
      vertex -15.0591 0.310577 3
      vertex -15.0087 0.459213 0
      vertex -15.0087 0.459213 3
    endloop
  endfacet
  facet normal 0.947037 -0.321125 0
    outer loop
      vertex -15.0087 0.459213 0
      vertex -15.0591 0.310577 3
      vertex -15.0591 0.310577 0
    endloop
  endfacet
  facet normal 0.980815 -0.194939 0
    outer loop
      vertex -15.0897 0.156616 3
      vertex -15.0591 0.310577 0
      vertex -15.0591 0.310577 3
    endloop
  endfacet
  facet normal 0.980815 -0.194939 0
    outer loop
      vertex -15.0591 0.310577 0
      vertex -15.0897 0.156616 3
      vertex -15.0897 0.156616 0
    endloop
  endfacet
  facet normal 0.997844 -0.0656242 0
    outer loop
      vertex -15.1 0 3
      vertex -15.0897 0.156616 0
      vertex -15.0897 0.156616 3
    endloop
  endfacet
  facet normal 0.997844 -0.0656242 0
    outer loop
      vertex -15.0897 0.156616 0
      vertex -15.1 0 3
      vertex -15.1 0 0
    endloop
  endfacet
  facet normal 0.997844 0.0656242 0
    outer loop
      vertex -15.0897 -0.156616 3
      vertex -15.1 0 0
      vertex -15.1 0 3
    endloop
  endfacet
  facet normal 0.997844 0.0656242 0
    outer loop
      vertex -15.1 0 0
      vertex -15.0897 -0.156616 3
      vertex -15.0897 -0.156616 0
    endloop
  endfacet
  facet normal 0.980815 0.194939 0
    outer loop
      vertex -15.0591 -0.310577 3
      vertex -15.0897 -0.156616 0
      vertex -15.0897 -0.156616 3
    endloop
  endfacet
  facet normal 0.980815 0.194939 0
    outer loop
      vertex -15.0897 -0.156616 0
      vertex -15.0591 -0.310577 3
      vertex -15.0591 -0.310577 0
    endloop
  endfacet
  facet normal 0.947037 0.321125 0
    outer loop
      vertex -15.0087 -0.459213 3
      vertex -15.0591 -0.310577 0
      vertex -15.0591 -0.310577 3
    endloop
  endfacet
  facet normal 0.947037 0.321125 0
    outer loop
      vertex -15.0591 -0.310577 0
      vertex -15.0087 -0.459213 3
      vertex -15.0087 -0.459213 0
    endloop
  endfacet
  facet normal 0.896681 0.442678 0
    outer loop
      vertex -14.9392 -0.599991 3
      vertex -15.0087 -0.459213 0
      vertex -15.0087 -0.459213 3
    endloop
  endfacet
  facet normal 0.896681 0.442678 0
    outer loop
      vertex -15.0087 -0.459213 0
      vertex -14.9392 -0.599991 3
      vertex -14.9392 -0.599991 0
    endloop
  endfacet
  facet normal 0.831477 0.555559 0
    outer loop
      vertex -14.852 -0.730499 3
      vertex -14.9392 -0.599991 0
      vertex -14.9392 -0.599991 3
    endloop
  endfacet
  facet normal 0.831477 0.555559 0
    outer loop
      vertex -14.9392 -0.599991 0
      vertex -14.852 -0.730499 3
      vertex -14.852 -0.730499 0
    endloop
  endfacet
  facet normal 0.751862 0.659321 0
    outer loop
      vertex -14.7485 -0.848526 3
      vertex -14.852 -0.730499 0
      vertex -14.852 -0.730499 3
    endloop
  endfacet
  facet normal 0.751862 0.659321 0
    outer loop
      vertex -14.852 -0.730499 0
      vertex -14.7485 -0.848526 3
      vertex -14.7485 -0.848526 0
    endloop
  endfacet
  facet normal 0.659352 0.751834 -0
    outer loop
      vertex -14.6305 -0.952011 0
      vertex -14.7485 -0.848526 3
      vertex -14.6305 -0.952011 3
    endloop
  endfacet
  facet normal 0.659352 0.751834 0
    outer loop
      vertex -14.7485 -0.848526 3
      vertex -14.6305 -0.952011 0
      vertex -14.7485 -0.848526 0
    endloop
  endfacet
  facet normal 0.555666 0.831406 -0
    outer loop
      vertex -14.5 -1.03923 0
      vertex -14.6305 -0.952011 3
      vertex -14.5 -1.03923 3
    endloop
  endfacet
  facet normal 0.555666 0.831406 0
    outer loop
      vertex -14.6305 -0.952011 3
      vertex -14.5 -1.03923 0
      vertex -14.6305 -0.952011 0
    endloop
  endfacet
  facet normal 0.442161 0.896936 -0
    outer loop
      vertex -14.3592 -1.10864 0
      vertex -14.5 -1.03923 3
      vertex -14.3592 -1.10864 3
    endloop
  endfacet
  facet normal 0.442161 0.896936 0
    outer loop
      vertex -14.5 -1.03923 3
      vertex -14.3592 -1.10864 0
      vertex -14.5 -1.03923 0
    endloop
  endfacet
  facet normal 0.321537 0.946897 -0
    outer loop
      vertex -14.2106 -1.1591 0
      vertex -14.3592 -1.10864 3
      vertex -14.2106 -1.1591 3
    endloop
  endfacet
  facet normal 0.321537 0.946897 0
    outer loop
      vertex -14.3592 -1.10864 3
      vertex -14.2106 -1.1591 0
      vertex -14.3592 -1.10864 0
    endloop
  endfacet
  facet normal 0.195075 0.980788 -0
    outer loop
      vertex -14.0566 -1.18973 0
      vertex -14.2106 -1.1591 3
      vertex -14.0566 -1.18973 3
    endloop
  endfacet
  facet normal 0.195075 0.980788 0
    outer loop
      vertex -14.2106 -1.1591 3
      vertex -14.0566 -1.18973 0
      vertex -14.2106 -1.1591 0
    endloop
  endfacet
  facet normal 0.0654405 0.997856 -0
    outer loop
      vertex -13.9 -1.2 0
      vertex -14.0566 -1.18973 3
      vertex -13.9 -1.2 3
    endloop
  endfacet
  facet normal 0.0654405 0.997856 0
    outer loop
      vertex -14.0566 -1.18973 3
      vertex -13.9 -1.2 0
      vertex -14.0566 -1.18973 0
    endloop
  endfacet
  facet normal -0.0654405 0.997856 0
    outer loop
      vertex -13.7434 -1.18973 0
      vertex -13.9 -1.2 3
      vertex -13.7434 -1.18973 3
    endloop
  endfacet
  facet normal -0.0654405 0.997856 0
    outer loop
      vertex -13.9 -1.2 3
      vertex -13.7434 -1.18973 0
      vertex -13.9 -1.2 0
    endloop
  endfacet
  facet normal -0.195075 0.980788 0
    outer loop
      vertex 14.2106 -1.1591 0
      vertex 14.0566 -1.18973 3
      vertex 14.2106 -1.1591 3
    endloop
  endfacet
  facet normal -0.195075 0.980788 0
    outer loop
      vertex 14.0566 -1.18973 3
      vertex 14.2106 -1.1591 0
      vertex 14.0566 -1.18973 0
    endloop
  endfacet
  facet normal -0.321537 0.946897 0
    outer loop
      vertex 14.3592 -1.10864 0
      vertex 14.2106 -1.1591 3
      vertex 14.3592 -1.10864 3
    endloop
  endfacet
  facet normal -0.321537 0.946897 0
    outer loop
      vertex 14.2106 -1.1591 3
      vertex 14.3592 -1.10864 0
      vertex 14.2106 -1.1591 0
    endloop
  endfacet
  facet normal -0.442161 0.896936 0
    outer loop
      vertex 14.5 -1.03923 0
      vertex 14.3592 -1.10864 3
      vertex 14.5 -1.03923 3
    endloop
  endfacet
  facet normal -0.442161 0.896936 0
    outer loop
      vertex 14.3592 -1.10864 3
      vertex 14.5 -1.03923 0
      vertex 14.3592 -1.10864 0
    endloop
  endfacet
  facet normal -0.555666 0.831406 0
    outer loop
      vertex 14.6305 -0.952011 0
      vertex 14.5 -1.03923 3
      vertex 14.6305 -0.952011 3
    endloop
  endfacet
  facet normal -0.555666 0.831406 0
    outer loop
      vertex 14.5 -1.03923 3
      vertex 14.6305 -0.952011 0
      vertex 14.5 -1.03923 0
    endloop
  endfacet
  facet normal -0.659352 0.751834 0
    outer loop
      vertex 14.7485 -0.848526 0
      vertex 14.6305 -0.952011 3
      vertex 14.7485 -0.848526 3
    endloop
  endfacet
  facet normal -0.659352 0.751834 0
    outer loop
      vertex 14.6305 -0.952011 3
      vertex 14.7485 -0.848526 0
      vertex 14.6305 -0.952011 0
    endloop
  endfacet
  facet normal -0.751862 0.659321 0
    outer loop
      vertex 14.7485 -0.848526 0
      vertex 14.852 -0.730499 3
      vertex 14.852 -0.730499 0
    endloop
  endfacet
  facet normal -0.751862 0.659321 0
    outer loop
      vertex 14.852 -0.730499 3
      vertex 14.7485 -0.848526 0
      vertex 14.7485 -0.848526 3
    endloop
  endfacet
  facet normal -0.831477 0.555559 0
    outer loop
      vertex 14.852 -0.730499 0
      vertex 14.9392 -0.599991 3
      vertex 14.9392 -0.599991 0
    endloop
  endfacet
  facet normal -0.831477 0.555559 0
    outer loop
      vertex 14.9392 -0.599991 3
      vertex 14.852 -0.730499 0
      vertex 14.852 -0.730499 3
    endloop
  endfacet
  facet normal -0.896681 0.442678 0
    outer loop
      vertex 14.9392 -0.599991 0
      vertex 15.0087 -0.459213 3
      vertex 15.0087 -0.459213 0
    endloop
  endfacet
  facet normal -0.896681 0.442678 0
    outer loop
      vertex 15.0087 -0.459213 3
      vertex 14.9392 -0.599991 0
      vertex 14.9392 -0.599991 3
    endloop
  endfacet
  facet normal -0.947037 0.321125 0
    outer loop
      vertex 15.0087 -0.459213 0
      vertex 15.0591 -0.310577 3
      vertex 15.0591 -0.310577 0
    endloop
  endfacet
  facet normal -0.947037 0.321125 0
    outer loop
      vertex 15.0591 -0.310577 3
      vertex 15.0087 -0.459213 0
      vertex 15.0087 -0.459213 3
    endloop
  endfacet
  facet normal -0.980815 0.194939 0
    outer loop
      vertex 15.0591 -0.310577 0
      vertex 15.0897 -0.156616 3
      vertex 15.0897 -0.156616 0
    endloop
  endfacet
  facet normal -0.980815 0.194939 0
    outer loop
      vertex 15.0897 -0.156616 3
      vertex 15.0591 -0.310577 0
      vertex 15.0591 -0.310577 3
    endloop
  endfacet
  facet normal -0.997844 0.0656242 0
    outer loop
      vertex 15.0897 -0.156616 0
      vertex 15.1 0 3
      vertex 15.1 0 0
    endloop
  endfacet
  facet normal -0.997844 0.0656242 0
    outer loop
      vertex 15.1 0 3
      vertex 15.0897 -0.156616 0
      vertex 15.0897 -0.156616 3
    endloop
  endfacet
  facet normal -0.997844 -0.0656242 0
    outer loop
      vertex 15.1 0 0
      vertex 15.0897 0.156616 3
      vertex 15.0897 0.156616 0
    endloop
  endfacet
  facet normal -0.997844 -0.0656242 0
    outer loop
      vertex 15.0897 0.156616 3
      vertex 15.1 0 0
      vertex 15.1 0 3
    endloop
  endfacet
  facet normal -0.980815 -0.194939 0
    outer loop
      vertex 15.0897 0.156616 0
      vertex 15.0591 0.310577 3
      vertex 15.0591 0.310577 0
    endloop
  endfacet
  facet normal -0.980815 -0.194939 0
    outer loop
      vertex 15.0591 0.310577 3
      vertex 15.0897 0.156616 0
      vertex 15.0897 0.156616 3
    endloop
  endfacet
  facet normal -0.947037 -0.321125 0
    outer loop
      vertex 15.0591 0.310577 0
      vertex 15.0087 0.459213 3
      vertex 15.0087 0.459213 0
    endloop
  endfacet
  facet normal -0.947037 -0.321125 0
    outer loop
      vertex 15.0087 0.459213 3
      vertex 15.0591 0.310577 0
      vertex 15.0591 0.310577 3
    endloop
  endfacet
  facet normal -0.896681 -0.442678 0
    outer loop
      vertex 15.0087 0.459213 0
      vertex 14.9392 0.599991 3
      vertex 14.9392 0.599991 0
    endloop
  endfacet
  facet normal -0.896681 -0.442678 0
    outer loop
      vertex 14.9392 0.599991 3
      vertex 15.0087 0.459213 0
      vertex 15.0087 0.459213 3
    endloop
  endfacet
  facet normal -0.831477 -0.555559 0
    outer loop
      vertex 14.9392 0.599991 0
      vertex 14.852 0.730499 3
      vertex 14.852 0.730499 0
    endloop
  endfacet
  facet normal -0.831477 -0.555559 0
    outer loop
      vertex 14.852 0.730499 3
      vertex 14.9392 0.599991 0
      vertex 14.9392 0.599991 3
    endloop
  endfacet
  facet normal -0.751862 -0.659321 0
    outer loop
      vertex 14.852 0.730499 0
      vertex 14.7485 0.848526 3
      vertex 14.7485 0.848526 0
    endloop
  endfacet
  facet normal -0.751862 -0.659321 0
    outer loop
      vertex 14.7485 0.848526 3
      vertex 14.852 0.730499 0
      vertex 14.852 0.730499 3
    endloop
  endfacet
  facet normal -0.659352 -0.751834 0
    outer loop
      vertex 14.6305 0.952011 0
      vertex 14.7485 0.848526 3
      vertex 14.6305 0.952011 3
    endloop
  endfacet
  facet normal -0.659352 -0.751834 -0
    outer loop
      vertex 14.7485 0.848526 3
      vertex 14.6305 0.952011 0
      vertex 14.7485 0.848526 0
    endloop
  endfacet
  facet normal -0.555666 -0.831406 0
    outer loop
      vertex 14.5 1.03923 0
      vertex 14.6305 0.952011 3
      vertex 14.5 1.03923 3
    endloop
  endfacet
  facet normal -0.555666 -0.831406 -0
    outer loop
      vertex 14.6305 0.952011 3
      vertex 14.5 1.03923 0
      vertex 14.6305 0.952011 0
    endloop
  endfacet
  facet normal -0.442161 -0.896936 0
    outer loop
      vertex 14.3592 1.10864 0
      vertex 14.5 1.03923 3
      vertex 14.3592 1.10864 3
    endloop
  endfacet
  facet normal -0.442161 -0.896936 -0
    outer loop
      vertex 14.5 1.03923 3
      vertex 14.3592 1.10864 0
      vertex 14.5 1.03923 0
    endloop
  endfacet
  facet normal -0.321537 -0.946897 0
    outer loop
      vertex 14.2106 1.1591 0
      vertex 14.3592 1.10864 3
      vertex 14.2106 1.1591 3
    endloop
  endfacet
  facet normal -0.321537 -0.946897 -0
    outer loop
      vertex 14.3592 1.10864 3
      vertex 14.2106 1.1591 0
      vertex 14.3592 1.10864 0
    endloop
  endfacet
  facet normal -0.195075 -0.980788 0
    outer loop
      vertex 14.0566 1.18973 0
      vertex 14.2106 1.1591 3
      vertex 14.0566 1.18973 3
    endloop
  endfacet
  facet normal -0.195075 -0.980788 -0
    outer loop
      vertex 14.2106 1.1591 3
      vertex 14.0566 1.18973 0
      vertex 14.2106 1.1591 0
    endloop
  endfacet
  facet normal -0.0654405 -0.997856 0
    outer loop
      vertex 13.9 1.2 0
      vertex 14.0566 1.18973 3
      vertex 13.9 1.2 3
    endloop
  endfacet
  facet normal -0.0654405 -0.997856 -0
    outer loop
      vertex 14.0566 1.18973 3
      vertex 13.9 1.2 0
      vertex 14.0566 1.18973 0
    endloop
  endfacet
  facet normal 0.0654405 -0.997856 0
    outer loop
      vertex 13.7434 1.18973 0
      vertex 13.9 1.2 3
      vertex 13.7434 1.18973 3
    endloop
  endfacet
  facet normal 0.0654405 -0.997856 0
    outer loop
      vertex 13.9 1.2 3
      vertex 13.7434 1.18973 0
      vertex 13.9 1.2 0
    endloop
  endfacet
  facet normal 0.195075 -0.980788 0
    outer loop
      vertex 13.5894 1.1591 0
      vertex 13.7434 1.18973 3
      vertex 13.5894 1.1591 3
    endloop
  endfacet
  facet normal 0.195075 -0.980788 0
    outer loop
      vertex 13.7434 1.18973 3
      vertex 13.5894 1.1591 0
      vertex 13.7434 1.18973 0
    endloop
  endfacet
  facet normal 0.321537 -0.946897 0
    outer loop
      vertex 13.4408 1.10864 0
      vertex 13.5894 1.1591 3
      vertex 13.4408 1.10864 3
    endloop
  endfacet
  facet normal 0.321537 -0.946897 0
    outer loop
      vertex 13.5894 1.1591 3
      vertex 13.4408 1.10864 0
      vertex 13.5894 1.1591 0
    endloop
  endfacet
  facet normal 0.442161 -0.896936 0
    outer loop
      vertex 13.3 1.03923 0
      vertex 13.4408 1.10864 3
      vertex 13.3 1.03923 3
    endloop
  endfacet
  facet normal 0.442161 -0.896936 0
    outer loop
      vertex 13.4408 1.10864 3
      vertex 13.3 1.03923 0
      vertex 13.4408 1.10864 0
    endloop
  endfacet
  facet normal 0.555666 -0.831406 0
    outer loop
      vertex 13.1695 0.952011 0
      vertex 13.3 1.03923 3
      vertex 13.1695 0.952011 3
    endloop
  endfacet
  facet normal 0.555666 -0.831406 0
    outer loop
      vertex 13.3 1.03923 3
      vertex 13.1695 0.952011 0
      vertex 13.3 1.03923 0
    endloop
  endfacet
  facet normal 0.659352 -0.751834 0
    outer loop
      vertex 13.0515 0.848526 0
      vertex 13.1695 0.952011 3
      vertex 13.0515 0.848526 3
    endloop
  endfacet
  facet normal 0.659352 -0.751834 0
    outer loop
      vertex 13.1695 0.952011 3
      vertex 13.0515 0.848526 0
      vertex 13.1695 0.952011 0
    endloop
  endfacet
  facet normal 0.751862 -0.659321 0
    outer loop
      vertex 12.948 0.730499 3
      vertex 13.0515 0.848526 0
      vertex 13.0515 0.848526 3
    endloop
  endfacet
  facet normal 0.751862 -0.659321 0
    outer loop
      vertex 13.0515 0.848526 0
      vertex 12.948 0.730499 3
      vertex 12.948 0.730499 0
    endloop
  endfacet
  facet normal 0.831477 -0.555559 0
    outer loop
      vertex 12.8608 0.599991 3
      vertex 12.948 0.730499 0
      vertex 12.948 0.730499 3
    endloop
  endfacet
  facet normal 0.831477 -0.555559 0
    outer loop
      vertex 12.948 0.730499 0
      vertex 12.8608 0.599991 3
      vertex 12.8608 0.599991 0
    endloop
  endfacet
  facet normal 0.896681 -0.442678 0
    outer loop
      vertex 12.7913 0.459213 3
      vertex 12.8608 0.599991 0
      vertex 12.8608 0.599991 3
    endloop
  endfacet
  facet normal 0.896681 -0.442678 0
    outer loop
      vertex 12.8608 0.599991 0
      vertex 12.7913 0.459213 3
      vertex 12.7913 0.459213 0
    endloop
  endfacet
  facet normal 0.947037 -0.321125 0
    outer loop
      vertex 12.7409 0.310577 3
      vertex 12.7913 0.459213 0
      vertex 12.7913 0.459213 3
    endloop
  endfacet
  facet normal 0.947037 -0.321125 0
    outer loop
      vertex 12.7913 0.459213 0
      vertex 12.7409 0.310577 3
      vertex 12.7409 0.310577 0
    endloop
  endfacet
  facet normal 0.980815 -0.194939 0
    outer loop
      vertex 12.7103 0.156616 3
      vertex 12.7409 0.310577 0
      vertex 12.7409 0.310577 3
    endloop
  endfacet
  facet normal 0.980815 -0.194939 0
    outer loop
      vertex 12.7409 0.310577 0
      vertex 12.7103 0.156616 3
      vertex 12.7103 0.156616 0
    endloop
  endfacet
  facet normal 0.997844 -0.0656242 0
    outer loop
      vertex 12.7 0 3
      vertex 12.7103 0.156616 0
      vertex 12.7103 0.156616 3
    endloop
  endfacet
  facet normal 0.997844 -0.0656242 0
    outer loop
      vertex 12.7103 0.156616 0
      vertex 12.7 0 3
      vertex 12.7 0 0
    endloop
  endfacet
  facet normal 0.997844 0.0656242 0
    outer loop
      vertex 12.7103 -0.156616 3
      vertex 12.7 0 0
      vertex 12.7 0 3
    endloop
  endfacet
  facet normal 0.997844 0.0656242 0
    outer loop
      vertex 12.7 0 0
      vertex 12.7103 -0.156616 3
      vertex 12.7103 -0.156616 0
    endloop
  endfacet
  facet normal 0.980815 0.194939 0
    outer loop
      vertex 12.7409 -0.310577 3
      vertex 12.7103 -0.156616 0
      vertex 12.7103 -0.156616 3
    endloop
  endfacet
  facet normal 0.980815 0.194939 0
    outer loop
      vertex 12.7103 -0.156616 0
      vertex 12.7409 -0.310577 3
      vertex 12.7409 -0.310577 0
    endloop
  endfacet
  facet normal 0.947037 0.321125 0
    outer loop
      vertex 12.7913 -0.459213 3
      vertex 12.7409 -0.310577 0
      vertex 12.7409 -0.310577 3
    endloop
  endfacet
  facet normal 0.947037 0.321125 0
    outer loop
      vertex 12.7409 -0.310577 0
      vertex 12.7913 -0.459213 3
      vertex 12.7913 -0.459213 0
    endloop
  endfacet
  facet normal 0.896681 0.442678 0
    outer loop
      vertex 12.8608 -0.599991 3
      vertex 12.7913 -0.459213 0
      vertex 12.7913 -0.459213 3
    endloop
  endfacet
  facet normal 0.896681 0.442678 0
    outer loop
      vertex 12.7913 -0.459213 0
      vertex 12.8608 -0.599991 3
      vertex 12.8608 -0.599991 0
    endloop
  endfacet
  facet normal 0.831477 0.555559 0
    outer loop
      vertex 12.948 -0.730499 3
      vertex 12.8608 -0.599991 0
      vertex 12.8608 -0.599991 3
    endloop
  endfacet
  facet normal 0.831477 0.555559 0
    outer loop
      vertex 12.8608 -0.599991 0
      vertex 12.948 -0.730499 3
      vertex 12.948 -0.730499 0
    endloop
  endfacet
  facet normal 0.751862 0.659321 0
    outer loop
      vertex 13.0515 -0.848526 3
      vertex 12.948 -0.730499 0
      vertex 12.948 -0.730499 3
    endloop
  endfacet
  facet normal 0.751862 0.659321 0
    outer loop
      vertex 12.948 -0.730499 0
      vertex 13.0515 -0.848526 3
      vertex 13.0515 -0.848526 0
    endloop
  endfacet
  facet normal 0.659352 0.751834 -0
    outer loop
      vertex 13.1695 -0.952011 0
      vertex 13.0515 -0.848526 3
      vertex 13.1695 -0.952011 3
    endloop
  endfacet
  facet normal 0.659352 0.751834 0
    outer loop
      vertex 13.0515 -0.848526 3
      vertex 13.1695 -0.952011 0
      vertex 13.0515 -0.848526 0
    endloop
  endfacet
  facet normal 0.555666 0.831406 -0
    outer loop
      vertex 13.3 -1.03923 0
      vertex 13.1695 -0.952011 3
      vertex 13.3 -1.03923 3
    endloop
  endfacet
  facet normal 0.555666 0.831406 0
    outer loop
      vertex 13.1695 -0.952011 3
      vertex 13.3 -1.03923 0
      vertex 13.1695 -0.952011 0
    endloop
  endfacet
  facet normal 0.442161 0.896936 -0
    outer loop
      vertex 13.4408 -1.10864 0
      vertex 13.3 -1.03923 3
      vertex 13.4408 -1.10864 3
    endloop
  endfacet
  facet normal 0.442161 0.896936 0
    outer loop
      vertex 13.3 -1.03923 3
      vertex 13.4408 -1.10864 0
      vertex 13.3 -1.03923 0
    endloop
  endfacet
  facet normal 0.321537 0.946897 -0
    outer loop
      vertex 13.5894 -1.1591 0
      vertex 13.4408 -1.10864 3
      vertex 13.5894 -1.1591 3
    endloop
  endfacet
  facet normal 0.321537 0.946897 0
    outer loop
      vertex 13.4408 -1.10864 3
      vertex 13.5894 -1.1591 0
      vertex 13.4408 -1.10864 0
    endloop
  endfacet
  facet normal 0.195075 0.980788 -0
    outer loop
      vertex 13.7434 -1.18973 0
      vertex 13.5894 -1.1591 3
      vertex 13.7434 -1.18973 3
    endloop
  endfacet
  facet normal 0.195075 0.980788 0
    outer loop
      vertex 13.5894 -1.1591 3
      vertex 13.7434 -1.18973 0
      vertex 13.5894 -1.1591 0
    endloop
  endfacet
  facet normal 0.0654405 0.997856 -0
    outer loop
      vertex 13.9 -1.2 0
      vertex 13.7434 -1.18973 3
      vertex 13.9 -1.2 3
    endloop
  endfacet
  facet normal 0.0654405 0.997856 0
    outer loop
      vertex 13.7434 -1.18973 3
      vertex 13.9 -1.2 0
      vertex 13.7434 -1.18973 0
    endloop
  endfacet
  facet normal -0.0654405 0.997856 0
    outer loop
      vertex 14.0566 -1.18973 0
      vertex 13.9 -1.2 3
      vertex 14.0566 -1.18973 3
    endloop
  endfacet
  facet normal -0.0654405 0.997856 0
    outer loop
      vertex 13.9 -1.2 3
      vertex 14.0566 -1.18973 0
      vertex 13.9 -1.2 0
    endloop
  endfacet
  facet normal -0.195165 0.98077 0
    outer loop
      vertex -31.56 -28.6421 0
      vertex -31.7781 -28.6855 3
      vertex -31.56 -28.6421 3
    endloop
  endfacet
  facet normal -0.195165 0.98077 0
    outer loop
      vertex -31.7781 -28.6855 3
      vertex -31.56 -28.6421 0
      vertex -31.7781 -28.6855 0
    endloop
  endfacet
  facet normal -0.321484 0.946915 0
    outer loop
      vertex -31.3494 -28.5706 0
      vertex -31.56 -28.6421 3
      vertex -31.3494 -28.5706 3
    endloop
  endfacet
  facet normal -0.321484 0.946915 0
    outer loop
      vertex -31.56 -28.6421 3
      vertex -31.3494 -28.5706 0
      vertex -31.56 -28.6421 0
    endloop
  endfacet
  facet normal -0.44253 0.896754 0
    outer loop
      vertex -31.15 -28.4722 0
      vertex -31.3494 -28.5706 3
      vertex -31.15 -28.4722 3
    endloop
  endfacet
  facet normal -0.44253 0.896754 0
    outer loop
      vertex -31.3494 -28.5706 3
      vertex -31.15 -28.4722 0
      vertex -31.3494 -28.5706 0
    endloop
  endfacet
  facet normal -0.555426 0.831566 0
    outer loop
      vertex -30.9651 -28.3487 0
      vertex -31.15 -28.4722 3
      vertex -30.9651 -28.3487 3
    endloop
  endfacet
  facet normal -0.555426 0.831566 0
    outer loop
      vertex -31.15 -28.4722 3
      vertex -30.9651 -28.3487 0
      vertex -31.15 -28.4722 0
    endloop
  endfacet
  facet normal -0.659268 0.751908 0
    outer loop
      vertex -30.7979 -28.2021 0
      vertex -30.9651 -28.3487 3
      vertex -30.7979 -28.2021 3
    endloop
  endfacet
  facet normal -0.659268 0.751908 0
    outer loop
      vertex -30.9651 -28.3487 3
      vertex -30.7979 -28.2021 0
      vertex -30.9651 -28.3487 0
    endloop
  endfacet
  facet normal -0.751908 0.659268 0
    outer loop
      vertex -30.7979 -28.2021 0
      vertex -30.6513 -28.0349 3
      vertex -30.6513 -28.0349 0
    endloop
  endfacet
  facet normal -0.751908 0.659268 0
    outer loop
      vertex -30.6513 -28.0349 3
      vertex -30.7979 -28.2021 0
      vertex -30.7979 -28.2021 3
    endloop
  endfacet
  facet normal -0.831566 0.555426 0
    outer loop
      vertex -30.6513 -28.0349 0
      vertex -30.5278 -27.85 3
      vertex -30.5278 -27.85 0
    endloop
  endfacet
  facet normal -0.831566 0.555426 0
    outer loop
      vertex -30.5278 -27.85 3
      vertex -30.6513 -28.0349 0
      vertex -30.6513 -28.0349 3
    endloop
  endfacet
  facet normal -0.896754 0.44253 0
    outer loop
      vertex -30.5278 -27.85 0
      vertex -30.4294 -27.6506 3
      vertex -30.4294 -27.6506 0
    endloop
  endfacet
  facet normal -0.896754 0.44253 0
    outer loop
      vertex -30.4294 -27.6506 3
      vertex -30.5278 -27.85 0
      vertex -30.5278 -27.85 3
    endloop
  endfacet
  facet normal -0.946915 0.321484 0
    outer loop
      vertex -30.4294 -27.6506 0
      vertex -30.3579 -27.44 3
      vertex -30.3579 -27.44 0
    endloop
  endfacet
  facet normal -0.946915 0.321484 0
    outer loop
      vertex -30.3579 -27.44 3
      vertex -30.4294 -27.6506 0
      vertex -30.4294 -27.6506 3
    endloop
  endfacet
  facet normal -0.98077 0.195165 0
    outer loop
      vertex -30.3579 -27.44 0
      vertex -30.3145 -27.2219 3
      vertex -30.3145 -27.2219 0
    endloop
  endfacet
  facet normal -0.98077 0.195165 0
    outer loop
      vertex -30.3145 -27.2219 3
      vertex -30.3579 -27.44 0
      vertex -30.3579 -27.44 3
    endloop
  endfacet
  facet normal -0.997872 0.0652057 0
    outer loop
      vertex -30.3145 -27.2219 0
      vertex -30.3 -27 3
      vertex -30.3 -27 0
    endloop
  endfacet
  facet normal -0.997872 0.0652057 0
    outer loop
      vertex -30.3 -27 3
      vertex -30.3145 -27.2219 0
      vertex -30.3145 -27.2219 3
    endloop
  endfacet
  facet normal -0.997872 -0.0652057 0
    outer loop
      vertex -30.3 -27 0
      vertex -30.3145 -26.7781 3
      vertex -30.3145 -26.7781 0
    endloop
  endfacet
  facet normal -0.997872 -0.0652057 0
    outer loop
      vertex -30.3145 -26.7781 3
      vertex -30.3 -27 0
      vertex -30.3 -27 3
    endloop
  endfacet
  facet normal -0.98077 -0.195165 0
    outer loop
      vertex -30.3145 -26.7781 0
      vertex -30.3579 -26.56 3
      vertex -30.3579 -26.56 0
    endloop
  endfacet
  facet normal -0.98077 -0.195165 0
    outer loop
      vertex -30.3579 -26.56 3
      vertex -30.3145 -26.7781 0
      vertex -30.3145 -26.7781 3
    endloop
  endfacet
  facet normal -0.946915 -0.321484 0
    outer loop
      vertex -30.3579 -26.56 0
      vertex -30.4294 -26.3494 3
      vertex -30.4294 -26.3494 0
    endloop
  endfacet
  facet normal -0.946915 -0.321484 0
    outer loop
      vertex -30.4294 -26.3494 3
      vertex -30.3579 -26.56 0
      vertex -30.3579 -26.56 3
    endloop
  endfacet
  facet normal -0.896754 -0.44253 0
    outer loop
      vertex -30.4294 -26.3494 0
      vertex -30.5278 -26.15 3
      vertex -30.5278 -26.15 0
    endloop
  endfacet
  facet normal -0.896754 -0.44253 0
    outer loop
      vertex -30.5278 -26.15 3
      vertex -30.4294 -26.3494 0
      vertex -30.4294 -26.3494 3
    endloop
  endfacet
  facet normal -0.831566 -0.555426 0
    outer loop
      vertex -30.5278 -26.15 0
      vertex -30.6513 -25.9651 3
      vertex -30.6513 -25.9651 0
    endloop
  endfacet
  facet normal -0.831566 -0.555426 0
    outer loop
      vertex -30.6513 -25.9651 3
      vertex -30.5278 -26.15 0
      vertex -30.5278 -26.15 3
    endloop
  endfacet
  facet normal -0.751908 -0.659268 0
    outer loop
      vertex -30.6513 -25.9651 0
      vertex -30.7979 -25.7979 3
      vertex -30.7979 -25.7979 0
    endloop
  endfacet
  facet normal -0.751908 -0.659268 0
    outer loop
      vertex -30.7979 -25.7979 3
      vertex -30.6513 -25.9651 0
      vertex -30.6513 -25.9651 3
    endloop
  endfacet
  facet normal -0.659268 -0.751908 0
    outer loop
      vertex -30.9651 -25.6513 0
      vertex -30.7979 -25.7979 3
      vertex -30.9651 -25.6513 3
    endloop
  endfacet
  facet normal -0.659268 -0.751908 -0
    outer loop
      vertex -30.7979 -25.7979 3
      vertex -30.9651 -25.6513 0
      vertex -30.7979 -25.7979 0
    endloop
  endfacet
  facet normal -0.555426 -0.831566 0
    outer loop
      vertex -31.15 -25.5278 0
      vertex -30.9651 -25.6513 3
      vertex -31.15 -25.5278 3
    endloop
  endfacet
  facet normal -0.555426 -0.831566 -0
    outer loop
      vertex -30.9651 -25.6513 3
      vertex -31.15 -25.5278 0
      vertex -30.9651 -25.6513 0
    endloop
  endfacet
  facet normal -0.44253 -0.896754 0
    outer loop
      vertex -31.3494 -25.4294 0
      vertex -31.15 -25.5278 3
      vertex -31.3494 -25.4294 3
    endloop
  endfacet
  facet normal -0.44253 -0.896754 -0
    outer loop
      vertex -31.15 -25.5278 3
      vertex -31.3494 -25.4294 0
      vertex -31.15 -25.5278 0
    endloop
  endfacet
  facet normal -0.321484 -0.946915 0
    outer loop
      vertex -31.56 -25.3579 0
      vertex -31.3494 -25.4294 3
      vertex -31.56 -25.3579 3
    endloop
  endfacet
  facet normal -0.321484 -0.946915 -0
    outer loop
      vertex -31.3494 -25.4294 3
      vertex -31.56 -25.3579 0
      vertex -31.3494 -25.4294 0
    endloop
  endfacet
  facet normal -0.195165 -0.98077 0
    outer loop
      vertex -31.7781 -25.3145 0
      vertex -31.56 -25.3579 3
      vertex -31.7781 -25.3145 3
    endloop
  endfacet
  facet normal -0.195165 -0.98077 -0
    outer loop
      vertex -31.56 -25.3579 3
      vertex -31.7781 -25.3145 0
      vertex -31.56 -25.3579 0
    endloop
  endfacet
  facet normal -0.0652057 -0.997872 0
    outer loop
      vertex -32 -25.3 0
      vertex -31.7781 -25.3145 3
      vertex -32 -25.3 3
    endloop
  endfacet
  facet normal -0.0652057 -0.997872 -0
    outer loop
      vertex -31.7781 -25.3145 3
      vertex -32 -25.3 0
      vertex -31.7781 -25.3145 0
    endloop
  endfacet
  facet normal 0.0652057 -0.997872 0
    outer loop
      vertex -32.2219 -25.3145 0
      vertex -32 -25.3 3
      vertex -32.2219 -25.3145 3
    endloop
  endfacet
  facet normal 0.0652057 -0.997872 0
    outer loop
      vertex -32 -25.3 3
      vertex -32.2219 -25.3145 0
      vertex -32 -25.3 0
    endloop
  endfacet
  facet normal 0.195165 -0.98077 0
    outer loop
      vertex -32.44 -25.3579 0
      vertex -32.2219 -25.3145 3
      vertex -32.44 -25.3579 3
    endloop
  endfacet
  facet normal 0.195165 -0.98077 0
    outer loop
      vertex -32.2219 -25.3145 3
      vertex -32.44 -25.3579 0
      vertex -32.2219 -25.3145 0
    endloop
  endfacet
  facet normal 0.321484 -0.946915 0
    outer loop
      vertex -32.6506 -25.4294 0
      vertex -32.44 -25.3579 3
      vertex -32.6506 -25.4294 3
    endloop
  endfacet
  facet normal 0.321484 -0.946915 0
    outer loop
      vertex -32.44 -25.3579 3
      vertex -32.6506 -25.4294 0
      vertex -32.44 -25.3579 0
    endloop
  endfacet
  facet normal 0.44253 -0.896754 0
    outer loop
      vertex -32.85 -25.5278 0
      vertex -32.6506 -25.4294 3
      vertex -32.85 -25.5278 3
    endloop
  endfacet
  facet normal 0.44253 -0.896754 0
    outer loop
      vertex -32.6506 -25.4294 3
      vertex -32.85 -25.5278 0
      vertex -32.6506 -25.4294 0
    endloop
  endfacet
  facet normal 0.555426 -0.831566 0
    outer loop
      vertex -33.0349 -25.6513 0
      vertex -32.85 -25.5278 3
      vertex -33.0349 -25.6513 3
    endloop
  endfacet
  facet normal 0.555426 -0.831566 0
    outer loop
      vertex -32.85 -25.5278 3
      vertex -33.0349 -25.6513 0
      vertex -32.85 -25.5278 0
    endloop
  endfacet
  facet normal 0.659268 -0.751908 0
    outer loop
      vertex -33.2021 -25.7979 0
      vertex -33.0349 -25.6513 3
      vertex -33.2021 -25.7979 3
    endloop
  endfacet
  facet normal 0.659268 -0.751908 0
    outer loop
      vertex -33.0349 -25.6513 3
      vertex -33.2021 -25.7979 0
      vertex -33.0349 -25.6513 0
    endloop
  endfacet
  facet normal 0.751908 -0.659268 0
    outer loop
      vertex -33.3487 -25.9651 3
      vertex -33.2021 -25.7979 0
      vertex -33.2021 -25.7979 3
    endloop
  endfacet
  facet normal 0.751908 -0.659268 0
    outer loop
      vertex -33.2021 -25.7979 0
      vertex -33.3487 -25.9651 3
      vertex -33.3487 -25.9651 0
    endloop
  endfacet
  facet normal 0.831566 -0.555426 0
    outer loop
      vertex -33.4722 -26.15 3
      vertex -33.3487 -25.9651 0
      vertex -33.3487 -25.9651 3
    endloop
  endfacet
  facet normal 0.831566 -0.555426 0
    outer loop
      vertex -33.3487 -25.9651 0
      vertex -33.4722 -26.15 3
      vertex -33.4722 -26.15 0
    endloop
  endfacet
  facet normal 0.896754 -0.44253 0
    outer loop
      vertex -33.5706 -26.3494 3
      vertex -33.4722 -26.15 0
      vertex -33.4722 -26.15 3
    endloop
  endfacet
  facet normal 0.896754 -0.44253 0
    outer loop
      vertex -33.4722 -26.15 0
      vertex -33.5706 -26.3494 3
      vertex -33.5706 -26.3494 0
    endloop
  endfacet
  facet normal 0.946915 -0.321484 0
    outer loop
      vertex -33.6421 -26.56 3
      vertex -33.5706 -26.3494 0
      vertex -33.5706 -26.3494 3
    endloop
  endfacet
  facet normal 0.946915 -0.321484 0
    outer loop
      vertex -33.5706 -26.3494 0
      vertex -33.6421 -26.56 3
      vertex -33.6421 -26.56 0
    endloop
  endfacet
  facet normal 0.98077 -0.195165 0
    outer loop
      vertex -33.6855 -26.7781 3
      vertex -33.6421 -26.56 0
      vertex -33.6421 -26.56 3
    endloop
  endfacet
  facet normal 0.98077 -0.195165 0
    outer loop
      vertex -33.6421 -26.56 0
      vertex -33.6855 -26.7781 3
      vertex -33.6855 -26.7781 0
    endloop
  endfacet
  facet normal 0.997872 -0.0652057 0
    outer loop
      vertex -33.7 -27 3
      vertex -33.6855 -26.7781 0
      vertex -33.6855 -26.7781 3
    endloop
  endfacet
  facet normal 0.997872 -0.0652057 0
    outer loop
      vertex -33.6855 -26.7781 0
      vertex -33.7 -27 3
      vertex -33.7 -27 0
    endloop
  endfacet
  facet normal 0.997872 0.0652057 0
    outer loop
      vertex -33.6855 -27.2219 3
      vertex -33.7 -27 0
      vertex -33.7 -27 3
    endloop
  endfacet
  facet normal 0.997872 0.0652057 0
    outer loop
      vertex -33.7 -27 0
      vertex -33.6855 -27.2219 3
      vertex -33.6855 -27.2219 0
    endloop
  endfacet
  facet normal 0.98077 0.195165 0
    outer loop
      vertex -33.6421 -27.44 3
      vertex -33.6855 -27.2219 0
      vertex -33.6855 -27.2219 3
    endloop
  endfacet
  facet normal 0.98077 0.195165 0
    outer loop
      vertex -33.6855 -27.2219 0
      vertex -33.6421 -27.44 3
      vertex -33.6421 -27.44 0
    endloop
  endfacet
  facet normal 0.946915 0.321484 0
    outer loop
      vertex -33.5706 -27.6506 3
      vertex -33.6421 -27.44 0
      vertex -33.6421 -27.44 3
    endloop
  endfacet
  facet normal 0.946915 0.321484 0
    outer loop
      vertex -33.6421 -27.44 0
      vertex -33.5706 -27.6506 3
      vertex -33.5706 -27.6506 0
    endloop
  endfacet
  facet normal 0.896754 0.44253 0
    outer loop
      vertex -33.4722 -27.85 3
      vertex -33.5706 -27.6506 0
      vertex -33.5706 -27.6506 3
    endloop
  endfacet
  facet normal 0.896754 0.44253 0
    outer loop
      vertex -33.5706 -27.6506 0
      vertex -33.4722 -27.85 3
      vertex -33.4722 -27.85 0
    endloop
  endfacet
  facet normal 0.831566 0.555426 0
    outer loop
      vertex -33.3487 -28.0349 3
      vertex -33.4722 -27.85 0
      vertex -33.4722 -27.85 3
    endloop
  endfacet
  facet normal 0.831566 0.555426 0
    outer loop
      vertex -33.4722 -27.85 0
      vertex -33.3487 -28.0349 3
      vertex -33.3487 -28.0349 0
    endloop
  endfacet
  facet normal 0.751908 0.659268 0
    outer loop
      vertex -33.2021 -28.2021 3
      vertex -33.3487 -28.0349 0
      vertex -33.3487 -28.0349 3
    endloop
  endfacet
  facet normal 0.751908 0.659268 0
    outer loop
      vertex -33.3487 -28.0349 0
      vertex -33.2021 -28.2021 3
      vertex -33.2021 -28.2021 0
    endloop
  endfacet
  facet normal 0.659268 0.751908 -0
    outer loop
      vertex -33.0349 -28.3487 0
      vertex -33.2021 -28.2021 3
      vertex -33.0349 -28.3487 3
    endloop
  endfacet
  facet normal 0.659268 0.751908 0
    outer loop
      vertex -33.2021 -28.2021 3
      vertex -33.0349 -28.3487 0
      vertex -33.2021 -28.2021 0
    endloop
  endfacet
  facet normal 0.555426 0.831566 -0
    outer loop
      vertex -32.85 -28.4722 0
      vertex -33.0349 -28.3487 3
      vertex -32.85 -28.4722 3
    endloop
  endfacet
  facet normal 0.555426 0.831566 0
    outer loop
      vertex -33.0349 -28.3487 3
      vertex -32.85 -28.4722 0
      vertex -33.0349 -28.3487 0
    endloop
  endfacet
  facet normal 0.44253 0.896754 -0
    outer loop
      vertex -32.6506 -28.5706 0
      vertex -32.85 -28.4722 3
      vertex -32.6506 -28.5706 3
    endloop
  endfacet
  facet normal 0.44253 0.896754 0
    outer loop
      vertex -32.85 -28.4722 3
      vertex -32.6506 -28.5706 0
      vertex -32.85 -28.4722 0
    endloop
  endfacet
  facet normal 0.321484 0.946915 -0
    outer loop
      vertex -32.44 -28.6421 0
      vertex -32.6506 -28.5706 3
      vertex -32.44 -28.6421 3
    endloop
  endfacet
  facet normal 0.321484 0.946915 0
    outer loop
      vertex -32.6506 -28.5706 3
      vertex -32.44 -28.6421 0
      vertex -32.6506 -28.5706 0
    endloop
  endfacet
  facet normal 0.195165 0.98077 -0
    outer loop
      vertex -32.2219 -28.6855 0
      vertex -32.44 -28.6421 3
      vertex -32.2219 -28.6855 3
    endloop
  endfacet
  facet normal 0.195165 0.98077 0
    outer loop
      vertex -32.44 -28.6421 3
      vertex -32.2219 -28.6855 0
      vertex -32.44 -28.6421 0
    endloop
  endfacet
  facet normal 0.0652057 0.997872 -0
    outer loop
      vertex -32 -28.7 0
      vertex -32.2219 -28.6855 3
      vertex -32 -28.7 3
    endloop
  endfacet
  facet normal 0.0652057 0.997872 0
    outer loop
      vertex -32.2219 -28.6855 3
      vertex -32 -28.7 0
      vertex -32.2219 -28.6855 0
    endloop
  endfacet
  facet normal -0.0652057 0.997872 0
    outer loop
      vertex -31.7781 -28.6855 0
      vertex -32 -28.7 3
      vertex -31.7781 -28.6855 3
    endloop
  endfacet
  facet normal -0.0652057 0.997872 0
    outer loop
      vertex -32 -28.7 3
      vertex -31.7781 -28.6855 0
      vertex -32 -28.7 0
    endloop
  endfacet
  facet normal -0.195165 0.98077 0
    outer loop
      vertex 32.44 -28.6421 0
      vertex 32.2219 -28.6855 3
      vertex 32.44 -28.6421 3
    endloop
  endfacet
  facet normal -0.195165 0.98077 0
    outer loop
      vertex 32.2219 -28.6855 3
      vertex 32.44 -28.6421 0
      vertex 32.2219 -28.6855 0
    endloop
  endfacet
  facet normal -0.321484 0.946915 0
    outer loop
      vertex 32.6506 -28.5706 0
      vertex 32.44 -28.6421 3
      vertex 32.6506 -28.5706 3
    endloop
  endfacet
  facet normal -0.321484 0.946915 0
    outer loop
      vertex 32.44 -28.6421 3
      vertex 32.6506 -28.5706 0
      vertex 32.44 -28.6421 0
    endloop
  endfacet
  facet normal -0.44253 0.896754 0
    outer loop
      vertex 32.85 -28.4722 0
      vertex 32.6506 -28.5706 3
      vertex 32.85 -28.4722 3
    endloop
  endfacet
  facet normal -0.44253 0.896754 0
    outer loop
      vertex 32.6506 -28.5706 3
      vertex 32.85 -28.4722 0
      vertex 32.6506 -28.5706 0
    endloop
  endfacet
  facet normal -0.555426 0.831566 0
    outer loop
      vertex 33.0349 -28.3487 0
      vertex 32.85 -28.4722 3
      vertex 33.0349 -28.3487 3
    endloop
  endfacet
  facet normal -0.555426 0.831566 0
    outer loop
      vertex 32.85 -28.4722 3
      vertex 33.0349 -28.3487 0
      vertex 32.85 -28.4722 0
    endloop
  endfacet
  facet normal -0.659268 0.751908 0
    outer loop
      vertex 33.2021 -28.2021 0
      vertex 33.0349 -28.3487 3
      vertex 33.2021 -28.2021 3
    endloop
  endfacet
  facet normal -0.659268 0.751908 0
    outer loop
      vertex 33.0349 -28.3487 3
      vertex 33.2021 -28.2021 0
      vertex 33.0349 -28.3487 0
    endloop
  endfacet
  facet normal -0.751908 0.659268 0
    outer loop
      vertex 33.2021 -28.2021 0
      vertex 33.3487 -28.0349 3
      vertex 33.3487 -28.0349 0
    endloop
  endfacet
  facet normal -0.751908 0.659268 0
    outer loop
      vertex 33.3487 -28.0349 3
      vertex 33.2021 -28.2021 0
      vertex 33.2021 -28.2021 3
    endloop
  endfacet
  facet normal -0.831566 0.555426 0
    outer loop
      vertex 33.3487 -28.0349 0
      vertex 33.4722 -27.85 3
      vertex 33.4722 -27.85 0
    endloop
  endfacet
  facet normal -0.831566 0.555426 0
    outer loop
      vertex 33.4722 -27.85 3
      vertex 33.3487 -28.0349 0
      vertex 33.3487 -28.0349 3
    endloop
  endfacet
  facet normal -0.896754 0.44253 0
    outer loop
      vertex 33.4722 -27.85 0
      vertex 33.5706 -27.6506 3
      vertex 33.5706 -27.6506 0
    endloop
  endfacet
  facet normal -0.896754 0.44253 0
    outer loop
      vertex 33.5706 -27.6506 3
      vertex 33.4722 -27.85 0
      vertex 33.4722 -27.85 3
    endloop
  endfacet
  facet normal -0.946915 0.321484 0
    outer loop
      vertex 33.5706 -27.6506 0
      vertex 33.6421 -27.44 3
      vertex 33.6421 -27.44 0
    endloop
  endfacet
  facet normal -0.946915 0.321484 0
    outer loop
      vertex 33.6421 -27.44 3
      vertex 33.5706 -27.6506 0
      vertex 33.5706 -27.6506 3
    endloop
  endfacet
  facet normal -0.98077 0.195165 0
    outer loop
      vertex 33.6421 -27.44 0
      vertex 33.6855 -27.2219 3
      vertex 33.6855 -27.2219 0
    endloop
  endfacet
  facet normal -0.98077 0.195165 0
    outer loop
      vertex 33.6855 -27.2219 3
      vertex 33.6421 -27.44 0
      vertex 33.6421 -27.44 3
    endloop
  endfacet
  facet normal -0.997872 0.0652057 0
    outer loop
      vertex 33.6855 -27.2219 0
      vertex 33.7 -27 3
      vertex 33.7 -27 0
    endloop
  endfacet
  facet normal -0.997872 0.0652057 0
    outer loop
      vertex 33.7 -27 3
      vertex 33.6855 -27.2219 0
      vertex 33.6855 -27.2219 3
    endloop
  endfacet
  facet normal -0.997872 -0.0652057 0
    outer loop
      vertex 33.7 -27 0
      vertex 33.6855 -26.7781 3
      vertex 33.6855 -26.7781 0
    endloop
  endfacet
  facet normal -0.997872 -0.0652057 0
    outer loop
      vertex 33.6855 -26.7781 3
      vertex 33.7 -27 0
      vertex 33.7 -27 3
    endloop
  endfacet
  facet normal -0.98077 -0.195165 0
    outer loop
      vertex 33.6855 -26.7781 0
      vertex 33.6421 -26.56 3
      vertex 33.6421 -26.56 0
    endloop
  endfacet
  facet normal -0.98077 -0.195165 0
    outer loop
      vertex 33.6421 -26.56 3
      vertex 33.6855 -26.7781 0
      vertex 33.6855 -26.7781 3
    endloop
  endfacet
  facet normal -0.946915 -0.321484 0
    outer loop
      vertex 33.6421 -26.56 0
      vertex 33.5706 -26.3494 3
      vertex 33.5706 -26.3494 0
    endloop
  endfacet
  facet normal -0.946915 -0.321484 0
    outer loop
      vertex 33.5706 -26.3494 3
      vertex 33.6421 -26.56 0
      vertex 33.6421 -26.56 3
    endloop
  endfacet
  facet normal -0.896754 -0.44253 0
    outer loop
      vertex 33.5706 -26.3494 0
      vertex 33.4722 -26.15 3
      vertex 33.4722 -26.15 0
    endloop
  endfacet
  facet normal -0.896754 -0.44253 0
    outer loop
      vertex 33.4722 -26.15 3
      vertex 33.5706 -26.3494 0
      vertex 33.5706 -26.3494 3
    endloop
  endfacet
  facet normal -0.831566 -0.555426 0
    outer loop
      vertex 33.4722 -26.15 0
      vertex 33.3487 -25.9651 3
      vertex 33.3487 -25.9651 0
    endloop
  endfacet
  facet normal -0.831566 -0.555426 0
    outer loop
      vertex 33.3487 -25.9651 3
      vertex 33.4722 -26.15 0
      vertex 33.4722 -26.15 3
    endloop
  endfacet
  facet normal -0.751908 -0.659268 0
    outer loop
      vertex 33.3487 -25.9651 0
      vertex 33.2021 -25.7979 3
      vertex 33.2021 -25.7979 0
    endloop
  endfacet
  facet normal -0.751908 -0.659268 0
    outer loop
      vertex 33.2021 -25.7979 3
      vertex 33.3487 -25.9651 0
      vertex 33.3487 -25.9651 3
    endloop
  endfacet
  facet normal -0.659268 -0.751908 0
    outer loop
      vertex 33.0349 -25.6513 0
      vertex 33.2021 -25.7979 3
      vertex 33.0349 -25.6513 3
    endloop
  endfacet
  facet normal -0.659268 -0.751908 -0
    outer loop
      vertex 33.2021 -25.7979 3
      vertex 33.0349 -25.6513 0
      vertex 33.2021 -25.7979 0
    endloop
  endfacet
  facet normal -0.555426 -0.831566 0
    outer loop
      vertex 32.85 -25.5278 0
      vertex 33.0349 -25.6513 3
      vertex 32.85 -25.5278 3
    endloop
  endfacet
  facet normal -0.555426 -0.831566 -0
    outer loop
      vertex 33.0349 -25.6513 3
      vertex 32.85 -25.5278 0
      vertex 33.0349 -25.6513 0
    endloop
  endfacet
  facet normal -0.44253 -0.896754 0
    outer loop
      vertex 32.6506 -25.4294 0
      vertex 32.85 -25.5278 3
      vertex 32.6506 -25.4294 3
    endloop
  endfacet
  facet normal -0.44253 -0.896754 -0
    outer loop
      vertex 32.85 -25.5278 3
      vertex 32.6506 -25.4294 0
      vertex 32.85 -25.5278 0
    endloop
  endfacet
  facet normal -0.321484 -0.946915 0
    outer loop
      vertex 32.44 -25.3579 0
      vertex 32.6506 -25.4294 3
      vertex 32.44 -25.3579 3
    endloop
  endfacet
  facet normal -0.321484 -0.946915 -0
    outer loop
      vertex 32.6506 -25.4294 3
      vertex 32.44 -25.3579 0
      vertex 32.6506 -25.4294 0
    endloop
  endfacet
  facet normal -0.195165 -0.98077 0
    outer loop
      vertex 32.2219 -25.3145 0
      vertex 32.44 -25.3579 3
      vertex 32.2219 -25.3145 3
    endloop
  endfacet
  facet normal -0.195165 -0.98077 -0
    outer loop
      vertex 32.44 -25.3579 3
      vertex 32.2219 -25.3145 0
      vertex 32.44 -25.3579 0
    endloop
  endfacet
  facet normal -0.0652057 -0.997872 0
    outer loop
      vertex 32 -25.3 0
      vertex 32.2219 -25.3145 3
      vertex 32 -25.3 3
    endloop
  endfacet
  facet normal -0.0652057 -0.997872 -0
    outer loop
      vertex 32.2219 -25.3145 3
      vertex 32 -25.3 0
      vertex 32.2219 -25.3145 0
    endloop
  endfacet
  facet normal 0.0652057 -0.997872 0
    outer loop
      vertex 31.7781 -25.3145 0
      vertex 32 -25.3 3
      vertex 31.7781 -25.3145 3
    endloop
  endfacet
  facet normal 0.0652057 -0.997872 0
    outer loop
      vertex 32 -25.3 3
      vertex 31.7781 -25.3145 0
      vertex 32 -25.3 0
    endloop
  endfacet
  facet normal 0.195165 -0.98077 0
    outer loop
      vertex 31.56 -25.3579 0
      vertex 31.7781 -25.3145 3
      vertex 31.56 -25.3579 3
    endloop
  endfacet
  facet normal 0.195165 -0.98077 0
    outer loop
      vertex 31.7781 -25.3145 3
      vertex 31.56 -25.3579 0
      vertex 31.7781 -25.3145 0
    endloop
  endfacet
  facet normal 0.321484 -0.946915 0
    outer loop
      vertex 31.3494 -25.4294 0
      vertex 31.56 -25.3579 3
      vertex 31.3494 -25.4294 3
    endloop
  endfacet
  facet normal 0.321484 -0.946915 0
    outer loop
      vertex 31.56 -25.3579 3
      vertex 31.3494 -25.4294 0
      vertex 31.56 -25.3579 0
    endloop
  endfacet
  facet normal 0.44253 -0.896754 0
    outer loop
      vertex 31.15 -25.5278 0
      vertex 31.3494 -25.4294 3
      vertex 31.15 -25.5278 3
    endloop
  endfacet
  facet normal 0.44253 -0.896754 0
    outer loop
      vertex 31.3494 -25.4294 3
      vertex 31.15 -25.5278 0
      vertex 31.3494 -25.4294 0
    endloop
  endfacet
  facet normal 0.555426 -0.831566 0
    outer loop
      vertex 30.9651 -25.6513 0
      vertex 31.15 -25.5278 3
      vertex 30.9651 -25.6513 3
    endloop
  endfacet
  facet normal 0.555426 -0.831566 0
    outer loop
      vertex 31.15 -25.5278 3
      vertex 30.9651 -25.6513 0
      vertex 31.15 -25.5278 0
    endloop
  endfacet
  facet normal 0.659268 -0.751908 0
    outer loop
      vertex 30.7979 -25.7979 0
      vertex 30.9651 -25.6513 3
      vertex 30.7979 -25.7979 3
    endloop
  endfacet
  facet normal 0.659268 -0.751908 0
    outer loop
      vertex 30.9651 -25.6513 3
      vertex 30.7979 -25.7979 0
      vertex 30.9651 -25.6513 0
    endloop
  endfacet
  facet normal 0.751908 -0.659268 0
    outer loop
      vertex 30.6513 -25.9651 3
      vertex 30.7979 -25.7979 0
      vertex 30.7979 -25.7979 3
    endloop
  endfacet
  facet normal 0.751908 -0.659268 0
    outer loop
      vertex 30.7979 -25.7979 0
      vertex 30.6513 -25.9651 3
      vertex 30.6513 -25.9651 0
    endloop
  endfacet
  facet normal 0.831566 -0.555426 0
    outer loop
      vertex 30.5278 -26.15 3
      vertex 30.6513 -25.9651 0
      vertex 30.6513 -25.9651 3
    endloop
  endfacet
  facet normal 0.831566 -0.555426 0
    outer loop
      vertex 30.6513 -25.9651 0
      vertex 30.5278 -26.15 3
      vertex 30.5278 -26.15 0
    endloop
  endfacet
  facet normal 0.896754 -0.44253 0
    outer loop
      vertex 30.4294 -26.3494 3
      vertex 30.5278 -26.15 0
      vertex 30.5278 -26.15 3
    endloop
  endfacet
  facet normal 0.896754 -0.44253 0
    outer loop
      vertex 30.5278 -26.15 0
      vertex 30.4294 -26.3494 3
      vertex 30.4294 -26.3494 0
    endloop
  endfacet
  facet normal 0.946915 -0.321484 0
    outer loop
      vertex 30.3579 -26.56 3
      vertex 30.4294 -26.3494 0
      vertex 30.4294 -26.3494 3
    endloop
  endfacet
  facet normal 0.946915 -0.321484 0
    outer loop
      vertex 30.4294 -26.3494 0
      vertex 30.3579 -26.56 3
      vertex 30.3579 -26.56 0
    endloop
  endfacet
  facet normal 0.98077 -0.195165 0
    outer loop
      vertex 30.3145 -26.7781 3
      vertex 30.3579 -26.56 0
      vertex 30.3579 -26.56 3
    endloop
  endfacet
  facet normal 0.98077 -0.195165 0
    outer loop
      vertex 30.3579 -26.56 0
      vertex 30.3145 -26.7781 3
      vertex 30.3145 -26.7781 0
    endloop
  endfacet
  facet normal 0.997872 -0.0652057 0
    outer loop
      vertex 30.3 -27 3
      vertex 30.3145 -26.7781 0
      vertex 30.3145 -26.7781 3
    endloop
  endfacet
  facet normal 0.997872 -0.0652057 0
    outer loop
      vertex 30.3145 -26.7781 0
      vertex 30.3 -27 3
      vertex 30.3 -27 0
    endloop
  endfacet
  facet normal 0.997872 0.0652057 0
    outer loop
      vertex 30.3145 -27.2219 3
      vertex 30.3 -27 0
      vertex 30.3 -27 3
    endloop
  endfacet
  facet normal 0.997872 0.0652057 0
    outer loop
      vertex 30.3 -27 0
      vertex 30.3145 -27.2219 3
      vertex 30.3145 -27.2219 0
    endloop
  endfacet
  facet normal 0.98077 0.195165 0
    outer loop
      vertex 30.3579 -27.44 3
      vertex 30.3145 -27.2219 0
      vertex 30.3145 -27.2219 3
    endloop
  endfacet
  facet normal 0.98077 0.195165 0
    outer loop
      vertex 30.3145 -27.2219 0
      vertex 30.3579 -27.44 3
      vertex 30.3579 -27.44 0
    endloop
  endfacet
  facet normal 0.946915 0.321484 0
    outer loop
      vertex 30.4294 -27.6506 3
      vertex 30.3579 -27.44 0
      vertex 30.3579 -27.44 3
    endloop
  endfacet
  facet normal 0.946915 0.321484 0
    outer loop
      vertex 30.3579 -27.44 0
      vertex 30.4294 -27.6506 3
      vertex 30.4294 -27.6506 0
    endloop
  endfacet
  facet normal 0.896754 0.44253 0
    outer loop
      vertex 30.5278 -27.85 3
      vertex 30.4294 -27.6506 0
      vertex 30.4294 -27.6506 3
    endloop
  endfacet
  facet normal 0.896754 0.44253 0
    outer loop
      vertex 30.4294 -27.6506 0
      vertex 30.5278 -27.85 3
      vertex 30.5278 -27.85 0
    endloop
  endfacet
  facet normal 0.831566 0.555426 0
    outer loop
      vertex 30.6513 -28.0349 3
      vertex 30.5278 -27.85 0
      vertex 30.5278 -27.85 3
    endloop
  endfacet
  facet normal 0.831566 0.555426 0
    outer loop
      vertex 30.5278 -27.85 0
      vertex 30.6513 -28.0349 3
      vertex 30.6513 -28.0349 0
    endloop
  endfacet
  facet normal 0.751908 0.659268 0
    outer loop
      vertex 30.7979 -28.2021 3
      vertex 30.6513 -28.0349 0
      vertex 30.6513 -28.0349 3
    endloop
  endfacet
  facet normal 0.751908 0.659268 0
    outer loop
      vertex 30.6513 -28.0349 0
      vertex 30.7979 -28.2021 3
      vertex 30.7979 -28.2021 0
    endloop
  endfacet
  facet normal 0.659268 0.751908 -0
    outer loop
      vertex 30.9651 -28.3487 0
      vertex 30.7979 -28.2021 3
      vertex 30.9651 -28.3487 3
    endloop
  endfacet
  facet normal 0.659268 0.751908 0
    outer loop
      vertex 30.7979 -28.2021 3
      vertex 30.9651 -28.3487 0
      vertex 30.7979 -28.2021 0
    endloop
  endfacet
  facet normal 0.555426 0.831566 -0
    outer loop
      vertex 31.15 -28.4722 0
      vertex 30.9651 -28.3487 3
      vertex 31.15 -28.4722 3
    endloop
  endfacet
  facet normal 0.555426 0.831566 0
    outer loop
      vertex 30.9651 -28.3487 3
      vertex 31.15 -28.4722 0
      vertex 30.9651 -28.3487 0
    endloop
  endfacet
  facet normal 0.44253 0.896754 -0
    outer loop
      vertex 31.3494 -28.5706 0
      vertex 31.15 -28.4722 3
      vertex 31.3494 -28.5706 3
    endloop
  endfacet
  facet normal 0.44253 0.896754 0
    outer loop
      vertex 31.15 -28.4722 3
      vertex 31.3494 -28.5706 0
      vertex 31.15 -28.4722 0
    endloop
  endfacet
  facet normal 0.321484 0.946915 -0
    outer loop
      vertex 31.56 -28.6421 0
      vertex 31.3494 -28.5706 3
      vertex 31.56 -28.6421 3
    endloop
  endfacet
  facet normal 0.321484 0.946915 0
    outer loop
      vertex 31.3494 -28.5706 3
      vertex 31.56 -28.6421 0
      vertex 31.3494 -28.5706 0
    endloop
  endfacet
  facet normal 0.195165 0.98077 -0
    outer loop
      vertex 31.7781 -28.6855 0
      vertex 31.56 -28.6421 3
      vertex 31.7781 -28.6855 3
    endloop
  endfacet
  facet normal 0.195165 0.98077 0
    outer loop
      vertex 31.56 -28.6421 3
      vertex 31.7781 -28.6855 0
      vertex 31.56 -28.6421 0
    endloop
  endfacet
  facet normal 0.0652057 0.997872 -0
    outer loop
      vertex 32 -28.7 0
      vertex 31.7781 -28.6855 3
      vertex 32 -28.7 3
    endloop
  endfacet
  facet normal 0.0652057 0.997872 0
    outer loop
      vertex 31.7781 -28.6855 3
      vertex 32 -28.7 0
      vertex 31.7781 -28.6855 0
    endloop
  endfacet
  facet normal -0.0652057 0.997872 0
    outer loop
      vertex 32.2219 -28.6855 0
      vertex 32 -28.7 3
      vertex 32.2219 -28.6855 3
    endloop
  endfacet
  facet normal -0.0652057 0.997872 0
    outer loop
      vertex 32 -28.7 3
      vertex 32.2219 -28.6855 0
      vertex 32 -28.7 0
    endloop
  endfacet
endsolid OpenSCAD_Model
